ticker;date;open;high;low;close;volume;return;abs_Return;range;Volume_Mean_20;Volume_Std_20;Relative_Volume;Volume_Z;Volatility_20
ANV;05/05/2025;14.76;14.81;14.76;14.81;426000;;;0.0033875338753388017;;;;;
ANV;06/05/2025;13.99;15.2;13.79;15.2;3802000;0.026333558406482105;0.026333558406482105;0.10078627591136527;;;;;
ANV;07/05/2025;15.1;15.3;14.76;15.25;686800;0.00328947368421062;0.00328947368421062;0.03576158940397357;;;;;
ANV;08/05/2025;15.25;15.25;14.76;15.1;1323000;-0.00983606557377048;0.00983606557377048;0.03213114754098362;;;;;
ANV;09/05/2025;15.0;15.0;14.09;14.62;1977000;-0.03178807947019868;0.03178807947019868;0.060666666666666674;;;;;
ANV;12/05/2025;14.71;14.76;14.23;14.52;1478100;-0.0068399452804377425;0.0068399452804377425;0.036029911624745024;;;;;
ANV;13/05/2025;14.91;15.15;14.71;14.71;2421800;0.013085399449035862;0.013085399449035862;0.02951039570757877;;;;;
ANV;14/05/2025;14.71;14.81;14.47;14.62;1240000;-0.006118286879673751;0.006118286879673751;0.023113528212100602;;;;;
ANV;15/05/2025;14.67;14.67;13.6;14.23;3104100;-0.026675786593707174;0.026675786593707174;0.07293796864349014;;;;;
ANV;16/05/2025;14.23;14.62;14.23;14.62;1264800;0.027406886858749147;0.027406886858749147;0.027406886858749036;;;;;
ANV;19/05/2025;14.57;14.57;14.23;14.23;669300;-0.026675786593707174;0.026675786593707174;0.023335621139327373;;;;;
ANV;20/05/2025;14.28;14.91;14.13;14.81;2078300;0.04075895994378076;0.04075895994378076;0.05462184873949576;;;;;
ANV;21/05/2025;14.81;14.86;14.42;14.67;897000;-0.009453072248480798;0.009453072248480798;0.029709655638082342;;;;;
ANV;22/05/2025;14.62;14.62;14.33;14.33;1135600;-0.023176550783912786;0.023176550783912786;0.019835841313269438;;;;;
ANV;23/05/2025;14.33;14.42;14.23;14.38;465300;0.0034891835310537633;0.0034891835310537633;0.013258897418004153;;;;;
ANV;26/05/2025;14.42;15.34;14.04;15.34;3942100;0.06675938803894299;0.06675938803894299;0.09015256588072126;;;;;
ANV;27/05/2025;15.83;15.88;15.49;15.54;2682100;0.01303780964797907;0.01303780964797907;0.024636765634870536;;;;;
ANV;28/05/2025;15.78;15.78;15.25;15.25;1849500;-0.01866151866151866;0.01866151866151866;0.03358681875792138;;;;;
ANV;29/05/2025;15.49;15.78;15.25;15.34;1484100;0.005901639344262355;0.005901639344262355;0.03421562298256936;;;;;
ANV;30/05/2025;15.34;15.54;15.25;15.34;1070800;0.0;0.0;0.018904823989569698;;;;;
ANV;02/06/2025;15.34;15.73;15.05;15.73;2241600;0.025423728813559254;0.025423728813559254;0.04432855280312906;1699885.0;10.356.621.331.175.900;13.186.774.399.444.600;0.5230615107740849;
ANV;03/06/2025;15.97;15.97;15.54;15.68;1445500;-0.0031786395422759295;0.0031786395422759295;0.026925485284909297;1790665.0;9.969.737.631.954.010;0.8072420022728987;-0.34621272168057;0.025108174820710167
ANV;04/06/2025;15.59;16.02;15.54;15.68;1481700;0.0;0.0;0.030788967286722285;1672840.0;8.790.303.505.927.180;0.8857392219220009;-0.21744414157158143;0.02454495119934828
ANV;05/06/2025;15.68;15.92;15.54;15.88;1666200;0.012755102040816313;0.012755102040816313;0.02423469387755107;1712585.0;8.495.775.763.190.850;0.9729152129675316;-0.054597721612391854;0.024545730349876616
ANV;06/06/2025;16.02;16.02;15.54;15.54;1387400;-0.021410579345088276;0.021410579345088276;0.02996254681647943;1729745.0;8.447.467.664.616.230;0.8020835441062122;-0.4052634630777868;0.02450800374639303
ANV;09/06/2025;15.49;15.54;15.25;15.25;1528000;-0.01866151866151866;0.01866151866151866;0.018721755971594523;1700265.0;8.459.509.922.815.300;0.8986834405225068;-0.20363472774634525;0.023837810142015154
ANV;10/06/2025;15.25;15.68;15.25;15.54;1142700;0.019016393442622848;0.019016393442622848;0.02819672131147539;1702760.0;8.453.346.266.108.870;0.6710869412013437;-0.6625305321342276;0.024246096668366957
ANV;11/06/2025;15.54;15.88;15.49;15.63;553700;0.005791505791505891;0.005791505791505891;0.025096525096525133;1638805.0;8.364.104.327.893.970;0.3378681417252205;-1.297.335.563.332.480;0.02441509517682694
ANV;12/06/2025;15.78;15.92;15.59;15.78;980300;0.00959692898272535;0.00959692898272535;0.020912547528517116;1604490.0;8.671.466.481.330.710;0.6109729571390285;-0.7198205763048885;0.024325379634357925
ANV;13/06/2025;15.54;15.73;15.44;15.54;1209000;-0.01520912547528519;0.01520912547528519;0.018661518661518724;1498300.0;8.013.862.844.110.230;0.8069145031035173;-0.36099944012970003;0.02327715198364503
ANV;16/06/2025;15.59;16.26;15.59;16.07;2070800;0.034105534105534074;0.034105534105534074;0.0429762668377166;1495510.0;8.023.385.595.278.730;13.846.781.365.554.200;0.7170165177384997;0.023110016969205897
ANV;17/06/2025;16.17;16.36;16.02;16.02;1100900;-0.0031113876789048422;0.0031113876789048422;0.021026592455163872;1565585.0;7.874.449.563.219.270;0.7031876263505336;-0.5901174377578017;0.02295587105372364
ANV;18/06/2025;16.12;16.21;15.83;16.07;1182800;0.003121098626716723;0.003121098626716723;0.023573200992555877;1516715.0;7.842.734.339.736.630;0.7798432797196573;-0.425763497187657;0.02154710323123929
ANV;19/06/2025;16.12;16.12;15.83;15.83;679000;-0.014934660858743065;0.014934660858743065;0.0179900744416874;1531005.0;7.749.356.519.805.540;0.443499531353588;-10.994.525.775.430.100;0.021311433098673983
ANV;20/06/2025;15.88;16.89;15.78;16.89;3665900;0.06696146557169924;0.06696146557169924;0.06989924433249378;1508175.0;7.936.963.245.838.390;24.306.860.941.203.700;27.185.775.379.914.500;0.020816337447359032
ANV;23/06/2025;16.99;17.18;16.6;17.09;3944500;0.011841326228537508;0.011841326228537508;0.03413772807533834;1668205.0;8.892.670.000.298.590;2.364.517.550.301.070;25.597.430.242.250.800;0.024967628332620076
ANV;24/06/2025;17.38;17.86;17.23;17.47;3937400;0.022235225277940307;0.022235225277940307;0.036248561565017205;1668325.0;8.895.900.983.184.980;2.360.091.708.749.790;25.506.972.304.311.800;0.020895308989535517
ANV;25/06/2025;17.47;17.86;17.23;17.67;3203700;0.011448196908987018;0.011448196908987018;0.036061820263308474;1731090.0;10.020.561.234.938.700;18.506.836.732.925.400;1.469.588.344.877.760;0.021166620578925606
ANV;26/06/2025;17.81;18.39;17.57;18.25;3619400;0.032823995472552214;0.032823995472552214;0.04604154969118475;1798800.0;10.548.404.573.803.100;2.012.119.190.571.490;17.259.482.107.099.200;0.02037011276807437
ANV;27/06/2025;18.59;19.51;18.34;19.17;6540800;0.05041095890410974;0.05041095890410974;0.06293706293706303;1905565.0;1.126.911.297.716.480;34.324.727.836.625.800;4.113.220.809.297.590;0.02112848143214282
ANV;30/06/2025;19.26;20.47;19.26;20.47;6576300;0.06781429316640564;0.06781429316640564;0.06282450674974024;2179065.0;15.117.291.995.992.700;3.017.945.770.318.920;2.908.745.164.918.170;0.02293656020828669
ANV;01/07/2025;21.3;21.88;20.43;21.88;8833600;0.06888128969223262;0.06888128969223262;0.06807511737089199;2395800.0;1.803.701.779.820.130;3.687.119.125.135.650;35.692.153.060.036.200;0.026043831714897703
ANV;02/07/2025;22.17;23.38;21.88;22.85;8076400;0.044332723948811825;0.044332723948811825;0.06765899864682003;2765205.0;22.898.685.295.460.200;29.207.237.799.729.100;2.319.432.286.819.090;0.028475674104545556
ANV;03/07/2025;22.31;23.72;21.25;21.88;6746100;-0.04245076586433272;0.04245076586433272;0.11071268489466603;3094940.0;255.480.315.039.401;21.797.191.544.908.700;1.429.135.547.854.990;0.028792190401662674
ANV;04/07/2025;21.64;23.14;21.3;23.14;3668300;0.05758683729433289;0.05758683729433289;0.08502772643253234;3348935.0;265.580.561.437.431;10.953.631.527.634.900;0.12025164728603087;0.031936397967665085
ANV;07/07/2025;24.49;24.49;22.75;22.85;2706500;-0.012532411408815891;0.012532411408815891;0.0710494079216006;3462980.0;2.615.812.392.395.620;0.7815523046624584;-0.28919505167845655;0.03186902566919489
ANV;08/07/2025;23.14;23.23;22.46;22.8;3519200;-0.002188183807439903;0.002188183807439903;0.03327571305099393;3521905.0;25.829.979.139.863.600;0.9992319497544653;-0.0010472327466286458;0.03149913754595431
ANV;09/07/2025;22.94;22.94;21.83;22.46;4647600;-0.014912280701754432;0.014912280701754432;0.04838709677419368;3640730.0;25.217.234.031.928.400;12.765.571.739.733.500;0.39927852464912045;0.03191945328375943
ANV;10/07/2025;22.56;22.6;21.15;21.49;6884000;-0.043187889581478345;0.043187889581478345;0.0642730496453902;3845425.0;2.422.142.609.968.760;1.790.179.238.965.780;12.544.988.009.765.300;0.03272415595079635
ANV;11/07/2025;21.49;21.88;20.81;21.83;3649400;0.01582131223825045;0.01582131223825045;0.04979060027919965;4140610.0;2.414.321.684.383.460;0.8813677211811786;-0.2034567320408416;0.0355143283287153
ANV;14/07/2025;21.97;22.6;21.78;21.78;2616300;-0.0022904260192394554;0.0022904260192394554;0.037323623122439704;4262630.0;231.811.183.579.722;0.6137760021395242;-0.710203008576509;0.03474155652380667
ANV;15/07/2025;21.97;21.97;21.49;21.59;3616400;-0.008723599632690648;0.008723599632690648;0.021847974510696425;4289905.0;229.404.965.290.067;0.8430023508679096;-0.29358780406012513;0.034790367852552205
ANV;16/07/2025;21.73;22.27;21.59;21.88;3785600;0.013432144511347888;0.013432144511347888;0.03129314312011043;4415680.0;2.175.921.843.023.630;0.8573085006159866;-0.28956922419807535;0.0349737897062146
ANV;17/07/2025;22.07;23.09;21.93;22.27;7485400;0.01782449725776969;0.01782449725776969;0.05256003624830086;4545820.0;20.463.682.951.949.100;16.466.556.088.890.400;14.364.862.898.347.400;0.034855909240913745
ANV;18/07/2025;22.7;22.7;21.97;22.22;3082800;-0.0022451728783116076;0.0022451728783116076;0.032158590308370066;4886140.0;19.322.378.682.161.300;0.6309274805879488;-0.9332908901453567;0.03408094756085944
ANV;21/07/2025;22.22;23.09;22.07;22.56;5480000;0.015301530153015275;0.015301530153015275;0.04590459045904589;4856985.0;1.955.873.336.033.100;1.128.271.962.956.440;0.3185354534581452;0.03228830662998245
ANV;22/07/2025;23.14;24.1;22.51;23.09;8501200;0.02349290780141855;0.02349290780141855;0.06871218668971477;4933760.0;19.482.921.053.552.100;17.230.671.941.886.100;18.310.601.322.020.800;0.03228373099810104
ANV;23/07/2025;23.38;23.38;22.22;23.04;4048500;-0.002165439584235651;0.002165439584235651;0.049615055603079564;5161950.0;20.877.270.668.814.600;0.7842966320867114;-0.5333312086925297;0.032300874795516764
ANV;24/07/2025;23.14;23.14;22.27;22.56;3548400;-0.02083333333333337;0.02083333333333337;0.03759723422644775;5204190.0;20.543.000.510.866.800;0.6818352135490826;-0.8060117601243902;0.03251203159712363
ANV;25/07/2025;22.6;24.06;22.6;23.77;11451800;0.05363475177304977;0.05363475177304977;0.0646017699115043;5200640.0;20.572.420.785.835.400;22.019.982.156.042.300;3.038.611.773.051.060;0.03307306000541629
ANV;28/07/2025;24.35;24.54;23.48;24.06;5487800;0.012200252419015456;0.012200252419015456;0.043531827515400356;5446190.0;24.760.721.324.626.000;10.076.402.035.184.200;0.01680484160960867;0.033281582789104
ANV;29/07/2025;24.39;24.39;22.41;22.41;7925700;-0.06857855361595999;0.06857855361595999;0.08118081180811809;5391765.0;2.461.846.462.200.140;1.469.963.917.195.940;10.292.823.045.249.600;0.030522818960808964
ANV;30/07/2025;22.36;22.46;20.91;21.68;9480000;-0.03257474341811695;0.03257474341811695;0.06932021466905192;5346370.0;24.027.008.526.809.300;17.731.657.180.479.400;17.204.097.611.184.900;0.03167690818328364
ANV;31/07/2025;21.97;22.7;21.73;22.7;3786600;0.04704797047970488;0.04704797047970488;0.04415111515703227;5416550.0;25.049.612.339.683.400;0.6990796724852535;-0.6506887124228438;0.030884227516420434
ANV;01/08/2025;22.7;22.8;21.97;22.17;2654200;-0.023348017621145245;0.023348017621145245;0.03656387665198246;5268575.0;2.509.695.794.917.440;0.5037794849650997;-10.417.099.177.097.600;0.0312225792760218
ANV;04/08/2025;21.88;23.72;21.88;23.72;10860700;0.06991429860171383;0.06991429860171383;0.08409506398537477;5217870.0;2.553.589.252.116.770;2.081.443.194.253.590;2.209.764.156.597.390;0.02883409461041121
ANV;05/08/2025;24.88;24.88;22.75;23.52;7868200;-0.00843170320404718;0.00843170320404718;0.08561093247588421;5625580.0;27.730.426.530.020.000;13.986.468.950.757.000;0.8087217834793163;0.032827209599737464
ANV;06/08/2025;23.77;25.17;23.62;25.17;6804300;0.07015306122448983;0.07015306122448983;0.06520824568784185;5843030.0;27.696.889.741.971.800;11.645.156.708.077.800;0.3470678509230915;0.03290254942091978
ANV;07/08/2025;26.14;26.91;25.8;26.91;8892300;0.06912991656734202;0.06912991656734202;0.04246365723029837;5950865.0;2.762.672.072.711.870;14.942.869.650.042.400;10.647.065.314.243.500;0.03594898432062354
ANV;08/08/2025;27.3;27.3;25.65;26.52;7239700;-0.01449275362318847;0.01449275362318847;0.060439560439560516;6051280.0;2.833.952.216.400.640;11.963.915.072.513.500;0.4193507544419341;0.036575126379019926
ANV;11/08/2025;26.91;27.01;25.51;25.7;5460900;-0.03092006033182504;0.03092006033182504;0.055741360089186176;6230795.0;2.787.124.720.921.840;0.8764371159699524;-0.27623270470126493;0.03703101120752108
ANV;12/08/2025;25.6;26.62;25.6;26.23;4497400;0.020622568093385363;0.020622568093385363;0.03984374999999998;6373025.0;2.662.772.563.142.840;0.7056931363049729;-0.7043879849003017;0.038086618131281516
ANV;13/08/2025;26.28;26.28;25.36;26.23;6388300;0.0;0.0;0.035007610350076164;6417075.0;26.217.408.483.024.900;0.9955158697693264;-0.010975531780202838;0.037933218046980494
ANV;14/08/2025;26.33;26.38;25.41;25.9;4419700;-0.012581014105985555;0.012581014105985555;0.036840106342574966;6547210.0;25.478.003.040.600.300;0.6750508995434696;-0.8350379724069089;0.03799664821468829
ANV;15/08/2025;26.04;27.25;25.56;25.75;6276800;-0.00579150579150578;0.00579150579150578;0.06490015360983108;6393925.0;25.803.979.078.867.400;0.98168183080033;-0.04539028637483319;0.03826544254986807
ANV;18/08/2025;25.7;26.86;25.41;26.23;4462800;0.018640776699029082;0.018640776699029082;0.05642023346303499;6553625.0;24.607.519.346.896.600;0.6809666405996682;-0.8496691480865092;0.03832488538795424
ANV;19/08/2025;26.23;27.11;25.75;26.72;7449700;0.01868089973313003;0.01868089973313003;0.05184902783072815;6502765.0;24.943.920.823.097.300;1.145.620.363.030.180;0.37962556356543886;0.038365212990059794
ANV;20/08/2025;27.01;27.01;25.17;26.38;7662500;-0.012724550898203568;0.012724550898203568;0.06812291743798592;6450190.0;24.609.102.528.386.300;1.187.949.502.262.720;0.4926266606438055;0.03827962141159339
ANV;21/08/2025;26.38;26.48;25.17;25.22;4936600;-0.04397270659590602;0.04397270659590602;0.04965883244882482;6630890.0;24.073.794.122.721.000;0.7444852802564965;-0.7037901841990565;0.0384996100839501
ANV;22/08/2025;24.69;24.83;23.48;23.48;7345300;-0.06899286280729577;0.06899286280729577;0.054678007290400885;6700300.0;23.326.803.659.039.200;10.962.643.463.725.500;0.27650594973394843;0.039723708459075434
ANV;25/08/2025;23.52;25.07;23.52;24.2;4678300;0.030664395229982988;0.030664395229982988;0.06590136054421772;6494975.0;20.568.583.828.831.800;0.7202953052167252;-0.883228040937601;0.04146368973413495
ANV;26/08/2025;24.69;25.9;24.39;25.9;4656100;0.0702479338842974;0.0702479338842974;0.061158363710003966;6454500.0;20.854.862.338.502.600;0.7213726857231388;-0.8623408636362765;0.04194769639941493
ANV;27/08/2025;25.9;26.48;25.7;25.94;3440200;0.001544401544401719;0.001544401544401719;0.03011583011583016;6291020.0;2.092.230.020.462.930;0.5468429602830701;-13.625.748.469.899.200;0.04128787775539717
ANV;28/08/2025;25.94;27.69;25.9;27.11;6927000;0.04510408635312246;0.04510408635312246;0.06900539707016201;5989030.0;20.430.205.288.146.000;1.156.614.677.168.080;0.45910943466839643;0.04021122366585709
ANV;29/08/2025;27.59;27.59;26.23;26.28;3017400;-0.030616008852821786;0.030616008852821786;0.04929322218194996;6146050.0;198.468.755.263.365;0.49094947161184826;-15.763.942.268.133.400;0.04011861857181918
ANV;03/09/2025;26.33;26.86;25.9;25.99;2500300;-0.011035007610350145;0.011035007610350145;0.03646031143182685;6164210.0;19.524.552.375.487.500;0.4056156425559804;-18.765.654.287.674.800;0.04046488645528002
ANV;04/09/2025;26.52;27.11;26.14;26.67;2486600;0.02616390919584477;0.02616390919584477;0.036576168929110066;5746190.0;17.815.125.359.323.700;0.4327389104780733;-18.296.755.898.459.300;0.03806086807532843
ANV;05/09/2025;27.59;28.51;26.48;26.48;12775000;-0.007124109486314256;0.007124109486314256;0.07357738310982244;5477110.0;18.492.654.444.684.900;2.332.434.440.790.850;3.946.372.340.341.600;0.03819171061612007
ANV;08/09/2025;26.43;28.12;26.28;26.91;5442600;0.016238670694864066;0.016238670694864066;0.06961785849413545;5775645.0;24.569.040.555.941;0.9423363104899972;-0.13555474388252695;0.03526200657758666
ANV;09/09/2025;26.91;28.07;26.52;27.2;3303000;0.010776662950575888;0.010776662950575888;0.05759940542549241;5603160.0;234.513.530.423.255;0.5894887884693637;-0.9808218723451149;0.03187184346062745
ANV;10/09/2025;27.3;27.35;26.72;26.77;2099400;-0.01580882352941171;0.01580882352941171;0.02307692307692317;5406325.0;23.656.658.661.769.400;0.38832293656041766;-13.978.833.812.841.700;0.03174755710578449
ANV;11/09/2025;26.72;27.98;26.57;27.4;4193200;0.02353380649981318;0.02353380649981318;0.05276946107784432;5238250.0;2.478.315.591.283.720;0.8004963489715077;-0.42167753117296974;0.03110247352684316
ANV;12/09/2025;27.83;28.9;27.59;27.64;3915000;0.008759124087591275;0.008759124087591275;0.04707150556952924;5223040.0;2.484.028.552.340.350;0.7495634726136503;-0.5265800985933182;0.031198407623620708
ANV;15/09/2025;27.78;28.65;27.2;28.27;5379100;0.02279305354558603;0.02279305354558603;0.052195824334053245;5099375.0;24.845.293.555.954.900;10.548.547.616.129.400;0.11258671561679119;0.031220758633797994
ANV;16/09/2025;28.65;28.7;27.4;27.49;3713800;-0.027591085956844785;0.027591085956844785;0.045375218150087285;5147345.0;24.799.734.910.457.100;0.7214981704160106;-0.5780485175248893;0.03128844430614809
ANV;17/09/2025;27.49;27.49;26.91;27.3;4210500;-0.00691160421971615;0.00691160421971615;0.021098581302291683;5019195.0;2.484.753.890.486.830;0.8388795414404102;-0.32546281669833815;0.03204927833572582
ANV;18/09/2025;27.25;27.44;26.67;26.77;2166500;-0.019413919413919456;0.019413919413919456;0.028256880733944938;5006580.0;24.883.651.943.859.800;0.43273052662695893;-11.413.437.249.514.300;0.03193412543636047
ANV;19/09/2025;26.77;27.01;26.43;26.62;1410400;-0.0056032872618602125;0.0056032872618602125;0.021666044079193196;4742420.0;2.495.774.053.875.870;0.29740090502317384;-133.506.476.470.715;0.032053235903526336
ANV;22/09/2025;26.62;26.82;25.31;25.31;4013600;-0.04921111945905343;0.04921111945905343;0.056724267468069176;4429815.0;25.023.139.479.237.300;0.906042351655769;-0.1663320465225193;0.03193698554534758
ANV;23/09/2025;25.31;26.82;25.31;26.82;1936500;0.05966021335440552;0.05966021335440552;0.05966021335440544;4383665.0;25.009.864.814.287.700;0.44175364677729706;-0.978479899100444;0.03234358202796856
ANV;24/09/2025;26.82;27.3;26.52;27.25;1679500;0.016032811334824704;0.016032811334824704;0.029082774049217046;4113225.0;2.455.909.232.609.330;0.4083170748014028;-0.9909669981631333;0.03049923891117485
ANV;25/09/2025;27.3;27.59;26.91;27.25;1631300;0.0;0.0;0.024908424908424896;3963285.0;25.105.292.015.565.900;0.41160300104584957;-0.9288818463271021;0.030077031601461454
ANV;26/09/2025;27.25;27.35;26.72;26.77;1876400;-0.017614678899082636;0.017614678899082636;0.023119266055045964;3812045.0;25.572.710.704.711.000;0.49222923653839346;-0.7569181939102819;0.02605899989849452
ANV;29/09/2025;27.01;27.35;26.67;26.82;1354600;0.0018677624206200338;0.0018677624206200338;0.025175860792299137;3733855.0;2.592.897.693.898.910;0.3627885924868534;-0.9176046573678488;0.02645916618324884
ANV;30/09/2025;26.91;28.36;26.91;27.93;5219100;0.04138702460850108;0.04138702460850108;0.05388331475287994;3455235.0;25.303.562.038.148.300;1.510.490.603.388.770;0.6970816983556505;0.024432694575964056
ANV;01/10/2025;28.07;29.53;27.93;27.98;7086900;0.001790189760114691;0.001790189760114691;0.057000356252226624;3565320.0;2.558.047.095.899.930;19.877.318.164.989.300;1.376.667.382.568.680;0.025021302898063227
ANV;02/10/2025;28.27;28.85;27.59;27.93;2712900;-0.0017869907076483171;0.0017869907076483171;0.04457021577644151;3794650.0;2.661.063.371.444.220;0.7149275954304086;-0.40651042421921263;0.024796705716149964
ANV;03/10/2025;28.07;29.86;27.88;29.86;8222300;0.06910132474042241;0.06910132474042241;0.0705379408621304;3805965.0;26.556.844.171.413.400;21.603.719.424.640.000;16.629.743.246.201.900;0.024262895275970364
ANV;06/10/2025;30.2;31.66;30.2;30.59;2643000;0.024447421299397254;0.024447421299397254;0.04834437086092718;3578330.0;19.469.896.720.997.600;0.7386127048092267;-0.4803980285068879;0.028306732211308694
ANV;07/10/2025;30.35;30.88;29.04;29.19;3639500;-0.04576659038901598;0.04576659038901598;0.06062602965403623;3438350.0;19.061.128.597.778.500;10.585.018.977.125.600;0.10552890347922125;0.02851563946401322
ANV;08/10/2025;29.43;31.22;29.43;31.22;3813200;0.0695443645083933;0.0695443645083933;0.06082229018008831;3455175.0;19.063.403.702.478.800;11.036.199.324.202.100;0.18780748998849847;0.03081220130768228
ANV;09/10/2025;31.9;32.43;30.74;31.66;3141700;0.014093529788597126;0.014093529788597126;0.05297805642633233;3540865.0;188.053.378.572.065;0.8872690712580118;-0.2122615413937026;0.033702039300498456
ANV;10/10/2025;31.46;32.38;31.17;31.75;2744300;0.002842703727100382;0.002842703727100382;0.038461538461538484;3488290.0;18.760.295.166.289.700;0.786717847426676;-0.3965769159841736;0.03354245902208412
ANV;13/10/2025;32.28;33.4;31.56;32.28;2928700;0.016692913385826902;0.016692913385826902;0.05700123915737298;3429755.0;1.880.273.789.827.030;0.853909390029317;-0.26647980879746846;0.0335594439687231
ANV;14/10/2025;32.48;32.48;30.69;30.78;5446200;-0.04646840148698883;0.04646840148698883;0.055110837438423516;3307235.0;18.256.080.190.547.000;1.646.753.254.606.940;11.716.452.697.811.600;0.03344048458375186
ANV;15/10/2025;30.88;31.46;30.3;30.35;2573200;-0.013970110461338558;0.013970110461338558;0.03756476683937825;3393855.0;18.860.131.136.104.300;0.7581938533025129;-0.43512687906448483;0.03471560049117843
ANV;16/10/2025;30.4;30.78;29.43;29.62;4178300;-0.024052718286655672;0.024052718286655672;0.04440789473684215;3311990.0;18.842.336.406.418.100;1.261.567.818.743.410;0.45976782354066953;0.03489170921273259
ANV;17/10/2025;29.86;31.36;29.72;30.93;3409200;0.0442268737339635;0.0442268737339635;0.05492297387809781;3412580.0;1.873.532.696.777.590;0.9990095470289341;-0.0018040784694142076;0.03508359721512182
ANV;20/10/2025;31.7;31.7;28.8;28.8;3861600;-0.0688651794374393;0.0688651794374393;0.09148264984227125;3512520.0;18.134.569.655.480.400;10.993.816.405.315.800;0.19249422877509745;0.03599983296864779
ANV;21/10/2025;28.85;30.01;28.12;30.01;3025300;0.04201388888888902;0.04201388888888902;0.06551126516464473;3504920.0;1.811.563.988.904.260;0.8631580749346632;-0.26475465561119965;0.037867592469504635
ANV;22/10/2025;29.91;30.45;29.62;30.3;1743600;0.009663445518160563;0.009663445518160563;0.02774991641591435;3559360.0;17.779.991.327.923.900;0.4898633462195451;-10.212.378.434.337.500;0.03676956830997631
ANV;23/10/2025;30.65;31.0;29.95;30.3;1693200;0.0;0.0;0.034257748776508994;3562565.0;17.744.864.746.485.100;0.4752755388322739;-10.534.681.592.150.600;0.036708145116148144
ANV;24/10/2025;30.3;30.4;28.4;29.1;2260200;-0.03960396039603953;0.03960396039603953;0.066006600660066;3565660.0;1.770.991.279.778.820;0.6338798427219645;-0.7371351936656843;0.036708145116148144
ANV;27/10/2025;29.8;30.65;28.8;28.8;2039300;-0.010309278350515538;0.010309278350515538;0.0620805369127516;3584850.0;17.537.186.578.960.200;0.5688662008173285;-0.8812987151851551;0.0377654018585744
ANV;28/10/2025;28.8;29.2;27.2;28.95;2616700;0.005208333333333259;0.005208333333333259;0.06944444444444445;3619085.0;17.141.258.709.155.800;0.7230280581970304;-0.5847791092871065;0.03791401193141811
ANV;29/10/2025;29.6;29.75;28.95;29.6;2302200;0.022452504317789446;0.022452504317789446;0.02702702702702705;3488965.0;16.847.993.153.254.300;0.6598518471810408;-0.704395466691394;0.03689830826754488
ANV;30/10/2025;30.1;31.05;30.0;30.6;3602100;0.03378378378378377;0.03378378378378377;0.03488372093023258;3249730.0;14.734.676.808.199.900;11.084.305.465.377.100;0.2391433518269664;0.03716743466067609
ANV;31/10/2025;30.65;30.65;29.8;29.8;1620700;-0.02614379084967322;0.02614379084967322;0.0277324632952691;3294190.0;14.698.277.281.440.300;0.4919874081337142;-11.385.620.014.892.000;0.037748993299050834
ANV;03/11/2025;29.75;30.8;29.3;29.3;2243900;-0.016778523489932917;0.016778523489932917;0.05042016806722689;2964110.0;9.564.936.497.436.860;0.7570231873985783;-0.7529689300007334;0.03519126098876902
ANV;04/11/2025;29.3;29.3;27.25;29.1;4706100;-0.0068259385665528916;0.0068259385665528916;0.06996587030716726;2944155.0;9.676.436.030.922.030;15.984.552.443.740.200;1.820.861.517.990.220;0.034920431934551674
ANV;05/11/2025;29.1;29.1;28.1;28.1;1359900;-0.03436426116838487;0.03436426116838487;0.034364261168384876;2997485.0;103.502.892.015.278;0.4536803353477999;-15.821.635.203.761.000;0.03337813919470329
ANV;06/11/2025;28.1;28.8;28.1;28.15;2184400;0.00177935943060481;0.00177935943060481;0.024911032028469723;2874820.0;10.777.601.547.458.900;0.7598388768688127;-0.6406063510139527;0.029956560333564572
ANV;07/11/2025;28.2;28.35;26.6;27.2;2065100;-0.03374777975133214;0.03374777975133214;0.06205673758865248;2826955.0;1.086.505.885.601.800;0.7305033154047376;-0.7011973060578632;0.029672561731842222
ANV;10/11/2025;27.3;28.85;27.3;27.6;1593400;0.014705882352941346;0.014705882352941346;0.056776556776556804;2792995.0;10.997.590.958.573.800;0.5704986940542321;-10.907.797.939.736.800;0.030257526468810043
ANV;11/11/2025;28.05;28.9;27.7;27.9;756800;0.01086956521739113;0.01086956521739113;0.04278074866310158;2726230.0;11.311.706.168.018.100;0.2775994688635955;-17.410.547.717.091.700;0.030177875425415175
ANV;12/11/2025;28.1;28.35;27.95;28.35;1050200;0.016129032258064724;0.016129032258064724;0.014234875444839933;2491760.0;10.180.550.710.985.400;0.42146916235913573;-14.159.941.253.909.300;0.02896676562315317
ANV;13/11/2025;28.5;29.1;28.1;28.75;2502600;0.014109347442680775;0.014109347442680775;0.03508771929824561;2415610.0;10.674.064.173.943.900;1.036.011.607.834.040;0.08149660577491005;0.029229442670734077
ANV;14/11/2025;28.75;28.8;28.35;28.4;1224600;-0.012173913043478257;0.012173913043478257;0.015652173913043455;2331825.0;9.842.941.750.443.880;0.5251680550641665;-11.248.923.625.399.500;0.029027212932708206
ANV;17/11/2025;28.7;29.0;28.65;28.8;1413400;0.014084507042253502;0.014084507042253502;0.012195121951219561;2222595.0;9.796.468.721.862.020;0.6359233238624221;-0.8260068224320282;0.027066941394149644
ANV;18/11/2025;29.0;30.8;29.0;30.8;6633500;0.06944444444444442;0.06944444444444442;0.062068965517241406;2100185.0;9.148.835.670.958.920;31.585.312.722.450.600;4.955.073.151.428.510;0.02257095368700117
ANV;19/11/2025;31.05;31.25;30.3;30.6;1902900;-0.00649350649350644;0.00649350649350644;0.030595813204508833;2280595.0;13.562.211.170.729.900;0.8343875172926364;-0.2784907234117859;0.0258395284981659
ANV;20/11/2025;30.6;30.6;29.15;30.2;2290000;-0.013071895424836666;0.013071895424836666;0.04738562091503277;2288560.0;13.533.661.679.795.200;10.006.292.166.253.000;0.0010640135937119038;0.02582719254377595
ANV;21/11/2025;29.95;30.4;29.15;30.4;2165700;0.0066225165562914245;0.0066225165562914245;0.041736227045075125;2318400.0;13.461.082.254.918.500;0.9341356107660456;-0.1134381300910664;0.026013401236181136
ANV;24/11/2025;30.4;30.7;29.65;30.0;1318300;-0.013157894736842035;0.013157894736842035;0.03453947368421055;2313675.0;13.464.890.657.108.700;0.5697861627065167;-0.7392373435089831;0.024291720878838647
ANV;25/11/2025;30.0;30.0;29.15;29.15;1691700;-0.028333333333333433;0.028333333333333433;0.02833333333333338;2277625.0;13.637.626.158.903.100;0.7427473793973987;-0.4296385552536105;0.024378752285825356
ANV;26/11/2025;29.2;30.0;29.0;30.0;1334400;0.029159519725557415;0.029159519725557415;0.03424657534246575;2231375.0;13.673.384.822.828.500;0.59801691781973;-0.6560006988923814;0.025305799702315616
ANV;27/11/2025;30.0;30.1;29.3;29.3;1254000;-0.023333333333333317;0.023333333333333317;0.02666666666666669;2182985.0;13.817.493.128.087.100;0.5744427927814437;-0.6723252846144916;0.02565207952651081
ANV;28/11/2025;29.2;29.8;29.15;29.25;1116600;-0.0017064846416382506;0.0017064846416382506;0.022260273972602815;2065580.0;13.543.077.309.479.000;0.5405745601719614;-0.700712237192792;0.02497837986060714
ANV;01/12/2025;29.45;29.95;29.25;29.5;945500;0.008547008547008517;0.008547008547008517;0.023769100169779265;2040375.0;13.676.483.496.460.100;0.4633952092139925;-0.8005530078571607;0.024317757973499315
ANV;02/12/2025;29.5;29.5;28.25;28.8;2539200;-0.023728813559321993;0.023728813559321993;0.0423728813559322;1975455.0;13.881.417.884.029.400;12.853.747.617.637.400;0.40611485419554155;0.02409226747263608
ANV;03/12/2025;28.8;28.85;28.35;28.8;1627900;0.0;0.0;0.017361111111111112;1867110.0;12.405.098.357.233.200;0.8718822136885347;-0.19283200593127062;0.024656782356808373
ANV;04/12/2025;28.8;29.15;28.75;28.85;1014300;0.0017361111111111605;0.0017361111111111605;0.01388888888888884;1880510.0;12.361.825.073.481.900;0.5393749567936358;-0.7007136849542974;0.02331393043810017
ANV;05/12/2025;28.95;29.15;28.35;28.35;2020200;-0.017331022530329254;0.017331022530329254;0.02763385146804826;1822005.0;12.486.689.875.623.500;11.087.785.159.755.300;0.15872501197208008;0.023313903724988018
ANV;08/12/2025;28.35;28.45;27.7;27.7;1835300;-0.022927689594356315;0.022927689594356315;0.026455026455026454;1819760.0;12.482.492.128.029.300;10.085.395.876.379.300;0.012449437052001012;0.022274019002083246
ANV;09/12/2025;27.7;28.1;27.05;28.0;2084500;0.010830324909747224;0.010830324909747224;0.03790613718411555;1831855.0;12.471.118.784.383.700;11.379.175.753.539.400;0.20258406993633915;0.022755583699272334
ANV;10/12/2025;28.05;28.05;27.3;27.95;817800;-0.0017857142857142794;0.0017857142857142794;0.026737967914438502;1898240.0;12.219.574.371.948.400;0.43082012811867837;-0.8841879161358405;0.022754637177147083
ANV;11/12/2025;27.9;27.9;27.45;27.65;725100;-0.01073345259391778;0.01073345259391778;0.01612903225806449;1886620.0;1.231.513.785.037.270;0.38433812850494536;-0.9431644323533428;0.02245433980522324
ANV;12/12/2025;27.65;27.65;26.65;26.7;1771900;-0.03435804701627487;0.03435804701627487;0.03616636528028933;1797745.0;12.487.387.297.737.000;0.9856236563027571;-0.02069688349033881;0.02229160825192123
ANV;15/12/2025;26.85;27.1;26.3;26.55;609900;-0.00561797752808979;0.00561797752808979;0.029795158286778423;1825110.0;1.241.493.493.592.120;0.3341716389697059;-0.9788291330338948;0.023365354808803158
ANV;16/12/2025;26.65;27.4;25.8;27.25;1444900;0.026365348399246757;0.026365348399246757;0.06003752345215752;1784935.0;1.268.230.541.168.530;0.8094972646062741;-0.2681176560270309;0.023027722177207305
ANV;17/12/2025;27.5;27.5;27.05;27.05;287300;-0.007339449541284404;0.007339449541284404;0.016363636363636337;1525505.0;5.534.926.495.732.140;0.18833107724982875;-22.370.757.786.119.600;0.01705505379287102
ANV;18/12/2025;27.1;27.5;27.05;27.3;407600;0.009242144177449063;0.009242144177449063;0.01660516605166049;1444725.0;6.104.762.859.095.290;0.28212981709321844;-16.988.784.395.692.300;0.01705747991199856
ANV;19/12/2025;27.35;27.35;27.05;27.1;505200;-0.0073260073260073;0.0073260073260073;0.010968921389396735;1350605.0;6.183.556.960.324.590;0.37405459035025046;-13.671.823.602.893.100;0.017299188917092624
ANV;22/12/2025;27.6;27.9;27.3;27.8;1116600;0.025830258302582898;0.025830258302582898;0.021739130434782532;1267580.0;6.146.191.936.989.570;0.8808911469098597;-0.24564803954682635;0.017090432470493824
ANV;23/12/2025;28.0;28.0;27.3;27.3;856500;-0.017985611510791366;0.017985611510791366;0.024999999999999974;1257495.0;6.153.974.586.224.300;0.6811160282943471;-0.6516032758692714;0.018358313380670295
ANV;24/12/2025;27.35;27.35;26.85;26.85;1115100;-0.016483516483516425;0.016483516483516425;0.018281535648994516;1215735.0;6.127.140.513.408.550;0.9172229145331836;-0.16424464198229438;0.017761903056652144
ANV;25/12/2025;26.85;27.1;26.7;26.7;1027100;-0.005586592178770999;0.005586592178770999;0.014897579143389277;1204770.0;6.124.408.913.261.910;0.8525278683898171;-0.29010146532715997;0.016264885657881836
ANV;26/12/2025;26.6;27.05;26.35;27.0;918600;0.011235955056179803;0.011235955056179803;0.02631578947368418;1193425.0;6.135.814.584.749.190;0.7697174099754908;-0.4479030391222843;0.015709960997632576
ANV;29/12/2025;27.0;27.05;26.4;26.45;708700;-0.020370370370370372;0.020370370370370372;0.024074074074074154;1183525.0;6.164.767.642.993.940;0.5988044190025559;-0.7702236767019484;0.016093739716975395
ANV;30/12/2025;26.55;26.7;26.4;26.45;450500;0.0;0.0;0.011299435028248614;1171685.0;6.235.225.731.574.120;0.3844890051507018;-11.566.301.382.611.400;0.016217894058520976
ANV;31/12/2025;26.65;26.65;25.7;25.7;1489200;-0.02835538752362954;0.02835538752362954;0.03564727954971855;1067250.0;5.533.964.377.988.160;13.953.619.114.546.700;0.762473285296782;0.01565834316119797
ANV;05/01/2026;25.7;26.05;24.85;25.35;1864500;-0.013618677042801508;0.013618677042801508;0.046692607003891023;1060315.0;5.468.308.805.000.120;17.584.397.089.544.100;147.062.835.819.489;0.016524442099393712
ANV;06/01/2026;25.35;25.7;25.25;25.4;904000;0.001972386587770991;0.001972386587770991;0.0177514792899408;1102825.0;5.753.676.333.898.440;0.8197130097703624;-0.34556166955134376;0.016524900756153385
ANV;07/01/2026;25.65;26.0;25.45;25.65;770400;0.009842519685039353;0.009842519685039353;0.021442495126705683;1047015.0;534.374.682.542.225;0.7358060772768299;-0.5176424127805541;0.0164110062387758
ANV;08/01/2026;25.95;25.95;25.0;25.0;1372600;-0.025341130604288442;0.025341130604288442;0.03660886319845855;993770.0;503.879.253.602.016;13.812.049.065.679.100;0.7518269452292534;0.016198252201977986
ANV;09/01/2026;25.15;25.4;24.8;24.95;1589100;-0.0020000000000000018;0.0020000000000000018;0.023856858846918405;958175.0;4.444.080.567.688.330;16.584.653.116.601.800;14.196.974.838.558.900;0.016505499450625738
ANV;12/01/2026;24.95;25.55;24.4;25.2;1214300;0.01002004008016022;0.01002004008016022;0.04609218436873756;996740.0;46.459.308.330.261.400;12.182.715.653.028.800;0.46828075539448244;0.016503016724217355
ANV;13/01/2026;25.45;26.75;25.4;26.6;1923600;0.05555555555555558;0.05555555555555558;0.05304518664047157;1021200.0;46.241.165.073.648.400;18.836.662.749.706.200;19.515.079.227.842.600;0.016808349129796774
ANV;14/01/2026;26.6;27.35;26.3;26.9;2013600;0.011278195488721776;0.011278195488721776;0.03947368421052634;1028785.0;4.764.059.958.911.630;19.572.602.633.203.200;20.671.759.140.180.600;0.02010198146184356
ANV;15/01/2026;27.1;27.15;26.4;26.4;952400;-0.018587360594795488;0.018587360594795488;0.027675276752767528;1098970.0;5.134.080.167.704.910;0.8666296623201726;-0.28548443968984843;0.020208126016452208
ANV;16/01/2026;26.65;26.7;26.15;26.25;1181000;-0.005681818181818121;0.005681818181818121;0.0206378986866792;1074345.0;50.772.223.184.584.300;1.099.274.441.636.530;0.21006564871554198;0.01971434188491216
ANV;19/01/2026;26.35;27.75;26.25;27.6;1815600;0.05142857142857138;0.05142857142857138;0.056925996204933584;1119030.0;4.729.446.335.682.970;16.224.766.092.061.800;14.728.362.488.109.400;0.019691532495120727
ANV;20/01/2026;27.8;27.95;26.9;27.0;1526900;-0.021739130434782705;0.021739130434782705;0.03776978417266189;1189430.0;46.621.712.933.375.600;12.837.241.367.713.900;0.7238472779459182;0.02288307757684564
ANV;21/01/2026;26.8;27.1;26.0;26.2;1300800;-0.029629629629629672;0.029629629629629672;0.041044776119403034;1240515.0;4.426.791.392.074.760;10.485.967.521.553.500;0.1361821569182763;0.023373864977892914
ANV;22/01/2026;26.75;27.6;26.4;26.8;1414500;0.022900763358778775;0.022900763358778775;0.04485981308411226;1249725.0;44.188.081.612.341.200;1.131.849.006.781.490;0.37289466749328193;0.02344666721746251
ANV;23/01/2026;27.9;28.45;26.9;26.9;2829000;0.003731343283581934;0.003731343283581934;0.05555555555555559;1277625.0;4.332.782.719.235.420;22.142.647.490.460.800;35.805.511.158.283.000;0.02382339665052166
ANV;26/01/2026;27.1;27.3;26.6;27.15;1064100;0.009293680297397744;0.009293680297397744;0.025830258302583;1363320.0;552.522.850.777.755;0.7805210808907667;-0.5415522626418166;0.023543819067836966
ANV;27/01/2026;27.15;27.15;26.45;26.7;1180900;-0.016574585635359074;0.016574585635359074;0.025782688766114156;1365170.0;5.513.986.418.286.900;0.8650204736406455;-0.33418653224983685;0.023581337274204507
ANV;28/01/2026;26.85;27.4;26.75;27.05;1480200;0.013108614232209881;0.013108614232209881;0.024208566108007396;1378285.0;5.432.775.478.277.030;10.739.433.426.323.200;0.18759288030125182;0.023771181810711847
ANV;29/01/2026;27.1;28.9;27.1;28.55;5703600;0.055452865064695045;0.055452865064695045;0.06642066420664196;1416860.0;5.201.285.958.400.330;402.552.122.298.604;8.241.692.601.185.870;0.023459734018961724
ANV;30/01/2026;28.6;29.25;28.4;28.55;1923800;0.0;0.0;0.02972027972027977;1679515.0;10.563.760.436.287.000;11.454.497.280.464.800;0.23124814451572506;0.026382830045367713
ANV;02/02/2026;28.75;29.5;28.4;29.3;3270100;0.02626970227670755;0.02626970227670755;0.03826086956521744;1701245.0;10.567.250.319.414.100;19.221.805.207.362.800;1.484.638.815.754.840;0.025282905065424677
ANV;03/02/2026;29.4;29.4;28.0;28.5;3947600;-0.027303754266211677;0.027303754266211677;0.047619047619047575;1771525.0;11.133.769.475.055.700;222.836.256.897.306;19.544.818.175.688.800;0.025262776876064753
ANV;04/02/2026;28.75;30.0;28.5;29.2;3331500;0.024561403508772006;0.024561403508772006;0.05217391304347826;1923705.0;11.936.693.549.392.300;17.318.143.894.204.100;11.793.843.866.182.300;0.02642531660624826
ANV;05/02/2026;29.2;29.4;28.0;28.0;2108300;-0.041095890410958846;0.041095890410958846;0.04794520547945201;2051760.0;12.007.869.509.091.400;10.275.568.292.587.800;0.04708578816349742;0.026738104596564186
ANV;06/02/2026;28.1;28.7;27.3;27.3;2996000;-0.025000000000000022;0.025000000000000022;0.049822064056939445;2088545.0;1.190.107.745.442.880;14.344.914.761.233.200;0.7624981884831764;0.027941030969253277
ANV;09/02/2026;27.6;27.6;26.7;26.7;1235700;-0.02197802197802201;0.02197802197802201;0.03260869565217399;2158890.0;12.005.663.873.443.400;0.5723774717563193;-0.7689620580183809;0.028751335640682413
ANV;10/02/2026;26.7;27.0;25.0;25.55;2325500;-0.04307116104868913;0.04307116104868913;0.0749063670411985;2159960.0;11.996.894.327.941.200;10.766.403.081.538.500;0.1379857115307338;0.029335742156122904
ANV;11/02/2026;25.85;26.5;25.65;26.4;1334300;0.03326810176125239;0.03326810176125239;0.032882011605415915;2180055.0;1.198.887.669.324.310;0.6120487785858614;-0.7054497444924598;0.02836261063268858
ANV;12/02/2026;26.6;26.6;26.2;26.4;774700;0.0;0.0;0.015037593984962485;2146090.0;12.133.863.674.596.100;0.3609820650578494;-11.302.170.823.553.800;0.02930014710361455
ANV;13/02/2026;26.4;26.5;26.2;26.5;885400;0.0037878787878788955;0.0037878787878788955;0.011363636363636392;2137205.0;12.231.981.142.953.800;0.41427939762446747;-10.233.869.602.726.500;0.028990468476873074
ANV;23/02/2026;27.25;27.3;27.0;27.05;1223700;0.020754716981132182;0.020754716981132182;0.011009174311926632;2122425.0;12.370.673.661.080.300;0.5765574755291707;-0.7264964096720927;0.028963279165488225
ANV;24/02/2026;27.2;27.7;27.1;27.25;1509800;0.007393715341959206;0.007393715341959206;0.022058823529411686;2092830.0;12.517.866.276.478.100;0.721415499586684;-0.4657582906885249;0.026882571925978756
ANV;25/02/2026;27.4;28.35;27.2;28.1;3200600;0.031192660550458662;0.031192660550458662;0.04197080291970811;2091975.0;12.521.992.875.169.200;15.299.418.014.077.600;0.8853423021812862;0.02646652412805734
ANV;26/02/2026;28.2;28.4;27.5;27.75;1610300;-0.01245551601423489;0.01245551601423489;0.031914893617021226;2186965.0;12.610.498.459.512.500;0.736317225012746;-0.4572896161491548;0.026280508341676664
ANV;27/02/2026;27.75;27.75;27.05;27.05;1946900;-0.02522522522522519;0.02522522522522519;0.0252252252252252;2196755.0;12.554.850.400.395.600;0.8862617815823794;-0.19901073452227316;0.026119143351324422
ANV;02/03/2026;25.65;27.75;25.65;27.0;4394700;-0.001848428835489857;0.001848428835489857;0.08187134502923983;2152650.0;12.475.744.844.339.000;20.415.302.069.542.100;17.971.271.679.360.600;0.026815296514738098
ANV;03/03/2026;26.8;27.0;26.05;26.05;1888400;-0.03518518518518521;0.03518518518518521;0.03544776119402982;2319180.0;1.315.086.590.545.110;0.8142533136712113;-0.32756778382284135;0.02674122807905631
ANV;04/03/2026;26.1;26.4;25.5;26.2;1929300;0.0057581573896352545;0.0057581573896352545;0.0344827586206896;2354555.0;12.921.720.658.907.600;0.8193905005404418;-0.3291009078631079;0.027658668786714895
ANV;05/03/2026;26.35;26.4;25.55;25.55;1592500;-0.024809160305343414;0.024809160305343414;0.03225806451612895;2377010.0;12.800.231.272.170.500;0.6699593186398037;-0.6128873637663351;0.02751161098086065
ANV;06/03/2026;25.5;25.55;24.55;24.65;1811700;-0.03522504892367917;0.03522504892367917;0.0392156862745098;2171455.0;1.021.735.434.637.910;0.8343253716977787;-0.3521019119078411;0.024495779346851192
ANV;09/03/2026;23.0;23.3;22.95;22.95;1056300;-0.06896551724137934;0.06896551724137934;0.015217391304347887;2165850.0;10.234.715.178.717.600;0.4877069049103123;-10.841.044.236.455.400;0.025349941405874214
ANV;10/03/2026;23.1;23.5;21.85;22.35;2281400;-0.02614379084967311;0.02614379084967311;0.07142857142857137;2055160.0;10.174.548.387.236.100;11.100.838.864.127.300;0.22235876364184842;0.027613046067438866
ANV;11/03/2026;22.8;23.9;22.8;23.9;1298700;0.06935123042505587;0.06935123042505587;0.048245614035087626;1971850.0;9.176.662.875.267.650;0.6586200775921089;-0.7335455264617273;0.02757990533083833
ANV;12/03/2026;24.0;24.35;23.55;24.1;1314600;0.008368200836820217;0.008368200836820217;0.03333333333333336;1870210.0;8.705.106.153.710.490;0.7029157153474743;-0.638257581457723;0.03212456094925568
ANV;13/03/2026;23.8;24.4;23.6;24.0;1189800;-0.004149377593361092;0.004149377593361092;0.03361344537815114;1830525.0;8.771.515.963.767.680;0.6499774654812144;-0.7304609632435589;0.031459169702736114
ANV;16/03/2026;24.0;24.25;23.65;24.15;652200;0.006249999999999867;0.006249999999999867;0.02500000000000006;1740215.0;8.431.639.088.170.080;0.3747812770261146;-12.903.956.023.527.200;0.03117553357262998
ANV;17/03/2026;24.25;24.25;23.5;24.1;1057600;-0.0020703933747411307;0.0020703933747411307;0.030927835051546393;1711040.0;8.711.698.066.393.240;0.6181036095006546;-0.7500719090813628;0.031050873817174765
ANV;18/03/2026;24.1;24.15;23.6;23.65;664700;-0.018672199170124637;0.018672199170124637;0.022821576763485358;1647645.0;8.702.342.101.411.540;0.4034242813227364;-11.295.177.649.251.000;0.02969760255460375
ANV;19/03/2026;23.35;23.5;23.1;23.3;894100;-0.014799154334038;0.014799154334038;0.017130620985010645;1614165.0;8.954.393.689.398.330;0.5539086772417937;-0.8041471315389338;0.028658186804328578
ANV;20/03/2026;23.45;23.45;23.0;23.05;674800;-0.010729613733905574;0.010729613733905574;0.019189765458422145;1620135.0;8.899.290.600.201.900;0.41650850083480695;-1.062.258.827.662.680;0.028710728351211866
ANV;23/03/2026;22.9;22.9;21.45;21.45;1982400;-0.06941431670282006;0.06941431670282006;0.06331877729257639;1609605.0;900.266.218.798.931;12.316.065.121.567.000;0.41409417816138394;0.02863807097537728
ANV;24/03/2026;21.8;22.45;21.8;22.1;716400;0.030303030303030498;0.030303030303030498;0.029816513761467822;1647540.0;8.991.334.479.726.330;0.4348301103463345;-10.355.971.097.499.800;0.031103056353523333
ANV;25/03/2026;22.45;23.15;22.4;23.1;1193100;0.045248868778280604;0.045248868778280604;0.0334075723830735;1607870.0;9.227.234.689.251.490;0.7420376025424941;-0.44950628651848645;0.032220564696817756
ANV;26/03/2026;23.1;23.1;22.75;22.75;612600;-0.015151515151515249;0.015151515151515249;0.015151515151515213;1507495.0;8.463.760.483.596.160;0.40636950702987407;-105.732.552.537.896;0.0332998366300419
ANV;27/03/2026;22.75;23.55;22.75;23.45;813600;0.03076923076923066;0.03076923076923066;0.0351648351648352;1457610.0;8.690.949.260.127.170;0.558173997159734;-0.7410122654318386;0.033319071934026515
ANV;30/03/2026;22.95;23.5;22.6;23.45;845800;0.0;0.0;0.03921568627450974;1400945.0;8.724.532.727.496.510;0.6037353357911981;-0.6363034185778083;0.03425479165862535
ANV;31/03/2026;23.45;24.1;23.45;23.55;968100;0.004264392324093924;0.004264392324093924;0.0277185501066099;1223500.0;52.205.071.139.033.600;0.7912545974662852;-0.48922450334338863;0.034270650653321764
ANV;01/04/2026;24.0;24.2;23.7;23.85;873700;0.01273885350318471;0.01273885350318471;0.020833333333333332;1177485.0;5.004.730.133.899.100;0.742005206011117;-0.6069957657503625;0.03366037640071844
ANV;02/04/2026;23.8;24.0;23.55;23.75;708100;-0.004192872117400492;0.004192872117400492;0.018907563025210055;1124705.0;4.718.572.748.919.090;0.629587314006784;-0.8829046878538288;0.03380811320984137
ANV;03/04/2026;23.75;24.0;23.55;23.6;469800;-0.0063157894736841635;0.0063157894736841635;0.0189473684210526;1080485.0;4.671.276.093.824.540;0.4348047404637732;-13.073.194.299.247.800;0.033457273377267026
ANV;06/04/2026;23.5;23.7;22.8;22.8;662100;-0.03389830508474578;0.03389830508474578;0.03829787234042547;1013390.0;45.272.170.364.073.200;0.6533516217843082;-0.775951312196807;0.03261059316572413
ANV;07/04/2026;22.75;23.7;22.75;23.7;736500;0.03947368421052633;0.03947368421052633;0.04175824175824173;993680.0;4.592.886.715.231.190;0.7411842846791724;-0.5599528487108659;0.029605959081916412
ANV;08/04/2026;24.35;24.65;23.85;24.65;1540700;0.040084388185654074;0.040084388185654074;0.0328542094455851;916435.0;34.766.579.123.453.400;16.811.885.185.528.700;17.955.893.727.228.100;0.03017633193285998
ANV;09/04/2026;24.2;25.4;24.1;25.0;1688200;0.014198782961460488;0.014198782961460488;0.05371900826446269;928535.0;36.542.769.502.252.000;18.181.328.652.124.000;20.788.380.583.830.200;0.02738913448703033
ANV;10/04/2026;25.2;25.4;24.9;24.9;638500;-0.0040000000000000036;0.0040000000000000036;0.01984126984126984;947215.0;3.945.868.249.127.620;0.6740813859577814;-0.7823753367037846;0.027492381025202257
ANV;13/04/2026;24.8;24.8;24.35;24.35;633200;-0.02208835341365456;0.02208835341365456;0.01814516129032255;919650.0;3.960.022.175.642.300;0.688522807589844;-0.7233545351385283;0.027490586420832876
ANV;14/04/2026;24.7;25.0;24.25;24.9;761900;0.022587268993839782;0.022587268993839782;0.03036437246963563;918700.0;3.966.997.684.846.660;0.829324044845978;-0.39526113312077926;0.027996738286250447
ANV;15/04/2026;25.3;25.3;24.45;24.45;636400;-0.01807228915662651;0.01807228915662651;0.03359683794466409;903915.0;3.967.608.669.622.420;0.7040485001355216;-0.6742474429199645;0.028404220643203623
ANV;16/04/2026;24.4;24.75;24.15;24.75;877100;0.012269938650306678;0.012269938650306678;0.024590163934426288;902500.0;39.770.823.344.176.100;0.9718559556786703;-0.06386591441718152;0.028381526475277658
ANV;17/04/2026;24.9;25.25;24.6;25.0;1111600;0.010101010101010166;0.010101010101010166;0.026104417670682674;901650.0;3.977.452.960.454.890;1.232.850.884.489.540;0.5278503657677156;0.02818044224931726
ANV;20/04/2026;24.95;25.6;24.9;25.4;1550100;0.016000000000000014;0.016000000000000014;0.028056112224449013;923490.0;39.662.413.985.508.700;16.785.238.605.723.900;15.798.584.529.649.100;0.028015046671724844
ANV;21/04/2026;25.4;25.45;24.95;24.95;588800;-0.017716535433070835;0.017716535433070835;0.01968503937007874;901875.0;34.419.310.656.267.000;0.6528620928620928;-0.9095911394814524;0.022035260896156362
ANV;22/04/2026;24.8;25.05;24.6;24.9;515400;-0.002004008016032066;0.002004008016032066;0.01814516129032255;895495.0;34.896.160.922.159.400;0.5755476021641662;-10.892.172.375.289.400;0.02217500775243122
ANV;23/04/2026;24.65;24.95;24.0;24.15;1105500;-0.030120481927710885;0.030120481927710885;0.03853955375253547;861610.0;35.143.686.248.853.800;12.830.631.027.959.200;0.6939795622832653;0.020241450476515835
ANV;24/04/2026;24.2;24.85;24.2;24.3;789900;0.006211180124223725;0.006211180124223725;0.026859504132231492;886255.0;35.033.655.469.081.400;0.8912784695149816;-0.2750355300063878;0.021237266233084397
ANV;28/04/2026;24.6;24.6;24.2;24.3;413000;0.0;0.0;0.0162601626016261;885070.0;3.506.351.966.900.820;0.46662975809822954;-13.463.280.482.285.600;0.020246444381859352
ANV;29/04/2026;24.3;24.4;23.5;23.9;720100;-0.016460905349794275;0.016460905349794275;0.03703703703703698;863430.0;3.661.965.205.790.580;0.8339992819336831;-0.3914018619656882;0.020246444381859352
ANV;04/05/2026;23.95;24.25;23.9;23.95;218200;0.0020920502092049986;0.0020920502092049986;0.014613778705636803;851030.0;366.664.224.856.301;0.25639519170887043;-17.259.114.936.779.300;0.02064953080245759
ANV;05/05/2026;23.9;23.95;23.3;23.45;432500;-0.02087682672233826;0.02087682672233826;0.027196652719665215;818255.0;39.288.985.261.708.100;0.5285638340126244;-0.9818400689924783;0.020465762371594677
ANV;06/05/2026;23.7;23.85;23.3;23.85;356400;0.017057569296375252;0.017057569296375252;0.023206751054852353;804475.0;4.016.912.481.194.820;0.44302184654588395;-11.154.711.537.721.100;0.02099629105075323
ANV;07/05/2026;23.85;24.05;23.6;23.65;471100;-0.008385744234800985;0.008385744234800985;0.018867924528301855;798805.0;4.074.233.663.492.640;0.5897559479472462;-0.8043353108006928;0.021299550164459096
ANV;08/05/2026;23.65;23.85;23.0;23.3;408500;-0.014799154334038;0.014799154334038;0.03594080338266391;789255.0;41.299.677.897.940.800;0.5175767020798094;-0.9219321296909765;0.019828967409750584
ANV;11/05/2026;23.3;23.5;23.15;23.25;426300;-0.0021459227467811592;0.0021459227467811592;0.015021459227467872;772855.0;42.162.421.092.347.200;0.55159117816408;-0.8219523239449413;0.018068775120946665
ANV;12/05/2026;23.3;23.3;22.85;22.95;499400;-0.012903225806451646;0.012903225806451646;0.019313304721030013;717135.0;38.702.594.673.660.600;0.6963821316767415;-0.562585020037897;0.015309122494546707
ANV;13/05/2026;22.95;23.2;22.7;22.8;535800;-0.006535947712418277;0.006535947712418277;0.02178649237472767;657695.0;3.145.398.986.908.010;0.8146633317875307;-0.3875343017129448;0.014919067477466224
ANV;14/05/2026;22.8;23.1;22.8;22.9;303200;0.004385964912280604;0.004385964912280604;0.013157894736842136;652560.0;31.570.590.811.869.600;0.4646316047566507;-1.106.599.499.774.480;0.014928385336657026
ANV;15/05/2026;23.0;23.0;22.75;22.8;379900;-0.004366812227074135;0.004366812227074135;0.010869565217391304;636060.0;32.525.025.085.956.300;0.5972706977329183;-0.78757817810448;0.01443259855117135
ANV;18/05/2026;22.8;22.9;22.65;22.7;411700;-0.004385964912280715;0.004385964912280715;0.010964912280701754;616960.0;3.286.697.933.376.740;0.6673042012448133;-0.6245173854145949;0.013119642433226221
ANV;19/05/2026;22.9;22.9;22.55;22.55;460900;-0.0066079295154184425;0.0066079295154184425;0.015283842794759733;605725.0;33.179.591.678.430.100;0.7609063518923604;-0.4364881925118741;0.01271491193462368
ANV;20/05/2026;22.5;22.55;21.65;22.3;661900;-0.011086474501108667;0.011086474501108667;0.0400000000000001;584915.0;3.268.953.514.747.300;11.316.174.144.961.200;0.2355035018170057;0.012161160341297545
ANV;21/05/2026;22.45;22.55;22.05;22.5;289600;0.008968609865470878;0.008968609865470878;0.022271714922048998;562430.0;3.033.817.242.873.690;0.5149085219493982;-0.899296095178001;0.011730823836853078
ANV;22/05/2026;22.5;22.5;22.0;22.35;394000;-0.006666666666666599;0.006666666666666599;0.022222222222222223;499405.0;20.108.522.800.308.000;0.7889388372162874;-0.5241807220090037;0.011138808981516308
ANV;25/05/2026;22.45;22.45;22.1;22.1;249800;-0.01118568232662187;0.01118568232662187;0.015590200445434204;489665.0;20.124.500.719.533.600;0.5101446907579672;-11.919.053.463.382.400;0.010794973315663854
ANV;26/05/2026;22.1;22.4;22.05;22.2;279300;0.004524886877828038;0.004524886877828038;0.015837104072398092;476385.0;20.810.387.910.848.300;0.5862905003306149;-0.9470510633646598;0.010836693637441126
ANV;27/05/2026;22.3;22.3;22.0;22.1;294400;-0.0045045045045044585;0.0045045045045044585;0.01345291479820631;435075.0;1.507.461.717.241.000;0.6766649428259496;-0.9331911941184609;0.009438515783237404
ANV;28/05/2026;22.2;22.4;22.05;22.05;328800;-0.002262443438914019;0.002262443438914019;0.01576576576576567;410300.0;12.842.700.568.600.000;0.8013648549841579;-0.6346017301007904;0.009117586826512791
ANV;29/05/2026;22.1;22.1;21.7;21.7;455400;-0.015873015873015928;0.015873015873015928;0.018099547511312312;406090.0;12.970.754.512.809.200;11.214.262.848.137.100;0.3801629269238259;0.009070193213313404
ANV;01/06/2026;21.5;22.0;21.4;21.6;368200;-0.004608294930875445;0.004608294930875445;0.027906976744186112;392855.0;10.760.130.832.211.000;0.9372414758625957;-0.22913290167619385;0.009031307859863384
ANV;02/06/2026;21.7;21.7;21.05;21.1;562400;-0.02314814814814814;0.02314814814814814;0.02995391705069118;400355.0;9.972.628.051.980.140;1.404.753.281.462.700;1.624.897.661.432.630;0.00888616382594771
ANV;03/06/2026;20.8;21.45;20.8;21.3;320800;0.009478672985781866;0.009478672985781866;0.03124999999999993;406850.0;1.059.649.569.681.480;0.788496989062308;-0.8120609158164015;0.00910992860277607
ANV;04/06/2026;21.3;21.4;21.15;21.2;183000;-0.0046948356807512415;0.0046948356807512415;0.011737089201877934;405070.0;1.071.494.043.012.070;0.45177376749697584;-20.725.266.878.361.600;0.00825136799329139
ANV;05/06/2026;21.4;21.4;20.95;21.0;322700;-0.009433962264150941;0.009433962264150941;0.021028037383177538;390665.0;11.674.171.795.260.100;0.8260274147927252;-0.5821826266733101;0.008227150173706467
ANV;08/06/2026;20.9;20.9;20.15;20.3;557600;-0.033333333333333326;0.033333333333333326;0.03588516746411483;386375.0;11.762.496.546.226.200;14.431.575.541.895.800;1.455.685.868.447.150;0.007989292681543162
ANV;09/06/2026;20.15;20.5;20.15;20.35;616900;0.0024630541871921707;0.0024630541871921707;0.017369727047146472;392940.0;12.348.855.220.753.900;15.699.597.902.987.700;18.136.094.074.826.000;0.010128721522179727
ANV;10/06/2026;20.4;20.65;20.35;20.65;245000;0.014742014742014531;0.014742014742014531;0.014705882352941037;398815.0;1.313.639.110.698.870;0.6143199227712097;-11.709.075.860.124.800;0.010216786589807793
ANV;11/06/2026;20.45;20.65;20.35;20.6;312400;-0.002421307506053183;0.002421307506053183;0.01466992665036661;384275.0;13.149.724.781.990.200;0.8129594691301802;-0.5465893864063175;0.011211318983089911
ANV;12/06/2026;20.6;20.85;20.4;20.4;379500;-0.009708737864077777;0.009708737864077777;0.021844660194174893;384735.0;13.121.449.404.454.800;0.9863932317049398;-0.03989650715128075;0.011016861250182215
ANV;15/06/2026;20.8;20.8;20.55;20.75;336100;0.0171568627450982;0.0171568627450982;0.012019230769230768;384715.0;1.312.153.002.752.120;0.8736337288642242;-0.3704979518244778;0.011059757045989266
ANV;16/06/2026;20.8;20.85;20.6;20.8;291400;0.002409638554216942;0.002409638554216942;0.012019230769230768;380935.0;13.148.566.171.579.400;0.7649599012954966;-0.6809487729052096;0.01216635268492796
ANV;17/06/2026;20.8;22.05;20.8;21.9;1243100;0.0528846153846152;0.0528846153846152;0.06009615384615384;372460.0;13.152.280.330.601.200;33.375.396.015.679.500;6.619.688.587.189.650;0.012247436849770178
ANV;18/06/2026;22.0;22.1;21.55;21.8;558100;-0.004566210045662045;0.004566210045662045;0.025000000000000033;401520.0;22.780.595.759.502.800;13.899.681.211.396.600;0.6873393551820669;0.01751059624654258
ANV;19/06/2026;21.8;21.9;21.4;21.45;432500;-0.016055045871559703;0.016055045871559703;0.02293577981651376;414945.0;22.877.271.293.624.300;1.042.306.811.746.130;0.07673555020913876;0.017375820210505207
ANV;22/06/2026;21.45;21.75;21.15;21.5;300600;0.002331002331002363;0.002331002331002363;0.027972027972028038;416870.0;22.874.917.336.634.800;0.7210881090028066;-0.5082859897980488;0.017649194488162042
ANV;23/06/2026;21.4;21.75;21.0;21.0;337200;-0.023255813953488413;0.023255813953488413;0.03504672897196262;419410.0;22.707.230.450.603.700;0.8039865525380893;-0.3620432715422334;0.017533596662203162
ANV;24/06/2026;21.0;21.8;20.85;21.7;514300;0.033333333333333215;0.033333333333333215;0.0452380952380952;422305.0;22.555.602.052.424.800;12.178.401.865.949.900;0.4078587651359546;0.01814341924891471
ANV;25/06/2026;21.6;23.2;21.55;22.45;1428000;0.034562211981566726;0.034562211981566726;0.07638888888888881;433300.0;2.243.494.032.460.090;3.295.638.126.009.690;4.433.709.141.224.080;0.019830856492824084
ANV;26/06/2026;22.4;22.45;21.95;21.95;353800;-0.022271714922049046;0.022271714922049046;0.022321428571428572;488260.0;31.409.152.605.067.200;0.7246139351984598;-0.42809177850378366;0.021333496636627466
ANV;29/06/2026;21.9;22.35;21.55;21.6;559600;-0.015945330296127436;0.015945330296127436;0.036529680365296836;483180.0;3.154.695.607.970.310;11.581.605.198.890.600;0.24224207180853013;0.021647314423891836
ANV;30/06/2026;21.65;21.75;21.15;21.25;1005800;-0.01620370370370372;0.01620370370370372;0.027713625866050876;492750.0;31.470.017.058.848.100;2.041.197.361.745.300;16.302.819.253.024.500;0.02194262140215463
ANV;01/07/2026;21.3;21.45;21.2;21.35;449800;0.004705882352941337;0.004705882352941337;0.011737089201877934;514920.0;3.348.390.620.487.430;0.8735337528159715;-0.19448149090359182;0.021605630729201634
ANV;02/07/2026;21.3;21.9;21.3;21.5;679800;0.007025761124121788;0.007025761124121788;0.028169014084506942;521370.0;3.321.344.640.511.190;1.303.872.489.786.520;0.47700560209137316;0.021528314867629218
ANV;03/07/2026;21.4;21.55;20.95;20.95;740300;-0.025581395348837188;0.025581395348837188;0.028037383177570162;546210.0;323.973.523.772.023;13.553.395.214.294.800;0.5990921657430848;0.021543711397711017
ANV;06/07/2026;21.05;21.1;20.3;20.4;832700;-0.026252983293556076;0.026252983293556076;0.03800475059382426;567090.0;3.222.627.857.085.420;14.683.736.267.611.800;0.8242031403533521;0.02224340468372986
ANV;07/07/2026;20.4;20.5;20.2;20.25;387200;-0.007352941176470562;0.007352941176470562;0.014705882352941213;580845.0;3.276.621.631.064.180;0.6666150177758265;-0.5909898114696498;0.021733559953638057
ANV;08/07/2026;20.3;20.55;19.65;19.75;1378700;-0.024691358024691357;0.024691358024691357;0.044334975369458234;569360.0;33.034.652.364.480.600;2.421.490.796.683.990;2.449.972.807.554.690;0.021796868928944974
ANV;09/07/2026;19.7;20.2;19.7;20.0;445700;0.012658227848101333;0.012658227848101333;0.025380710659898477;626045.0;3.669.938.856.152.040;0.7119296536191487;-0.4914114568903008;0.02217125196829357
ANV;10/07/2026;20.2;20.2;19.4;19.6;832400;-0.019999999999999907;0.019999999999999907;0.03960396039603964;632710.0;3.621.767.828.008.830;13.156.106.273.016.000;0.551360577162631;0.022411093847332142
ANV;13/07/2026;19.6;19.6;18.6;18.85;779400;-0.03826530612244894;0.03826530612244894;0.0510204081632653;655355.0;35.966.163.114.940.500;11.892.790.930.106.500;0.3448936145998599;0.022731603067178113
ANV;14/07/2026;18.6;19.2;18.6;18.8;336700;-0.0026525198938992522;0.0026525198938992522;0.03225806451612891;677520.0;3.525.404.756.157.320;0.49695949935057265;-0.9667542412108514;0.02366376663853344
ANV;15/07/2026;18.9;19.05;18.35;18.35;486300;-0.02393617021276595;0.02393617021276595;0.037037037037037;679785.0;35.006.600.621.957.600;0.7153732430106577;-0.5527100505686856;0.023612689628088317
ANV;16/07/2026;18.35;18.7;17.8;18.35;860700;0.0;0.0;0.04904632152588548;641945.0;3.260.491.817.518.500;13.407.690.690.012.300;0.6709263885424817;0.019655391670349763
ANV;17/07/2026;18.15;18.5;18.1;18.1;297500;-0.013623978201634857;0.013623978201634857;0.022038567493112872;657075.0;32.896.158.290.340.500;0.45276414412357796;-10.930.607.666.293.400;0.019731339101881077
ANV;20/07/2026;18.35;18.4;17.0;17.15;570800;-0.05248618784530401;0.05248618784530401;0.07629427792915523;650325.0;33.513.922.774.525.000;0.8777149886595164;-0.2372894409736167;0.019689092416389976
ANV;21/07/2026;17.0;18.15;17.0;17.55;994000;0.023323615160349975;0.023323615160349975;0.06764705882352932;663835.0;32.560.987.194.881.600;14.973.600.367.561.200;10.139.895.268.651.400;0.02183418200379022
ANV;22/07/2026;17.6;17.9;17.0;17.15;647300;-0.02279202279202286;0.02279202279202286;0.05113636363636355;696675.0;3.240.502.866.677.820;0.9291276420138516;-0.15236832686594542;0.022916796745005564
ANV;23/07/2026;17.15;17.45;16.45;17.1;872100;-0.002915451895043608;0.002915451895043608;0.05830903790087464;703325.0;32.146.506.542.620.100;12.399.672.981.907.300;0.5250181688521471;0.020843567621971794
ANV;24/07/2026;17.2;17.25;16.75;16.9;411600;-0.011695906432748648;0.011695906432748648;0.029069767441860465;675530.0;2.763.803.521.465.110;0.6092993649430817;-0.9549521083904262;0.0179724863923769
ANV;27/07/2026;17.0;17.1;16.15;16.15;621200;-0.044378698224852076;0.044378698224852076;0.05588235294117664;678420.0;27.312.207.527.037.800;0.9156569676601515;-0.20950338760920287;0.017851749326396466
ANV;28/07/2026;15.7;16.85;15.7;16.85;565800;0.04334365325077427;0.04334365325077427;0.07324840764331224;681500.0;2.720.568.729.241.390;0.8302274394717535;-0.4252787248358242;0.01919426159637538
ANV;29/07/2026;16.85;17.05;16.8;16.95;396900;0.005934718100890191;0.005934718100890191;0.014836795252225518;659500.0;2.620.586.414.887.810;0.601819560272934;-1.002.065.791.489.040;0.023097706704893098
ANV;30/07/2026;17.0;17.7;17.0;17.6;585900;0.038348082595870414;0.038348082595870414;0.04117647058823525;656855.0;2.645.417.735.891.300;0.8919776815278867;-0.26821850869648634;0.023144051945841133
ANV;31/07/2026;17.8;17.8;17.05;17.05;452300;-0.03125;0.03125;0.042134831460674156;652160.0;26.494.606.481.915.500;0.6935414622178606;-0.7543422097490616;0.02539388348386394
ANV;03/08/2026;17.2;17.4;17.0;17.35;532300;0.017595307917888547;0.017595307917888547;0.023255813953488292;637760.0;2.677.154.899.869.360;0.8346399899648771;-0.3939256559459667;0.025611748553216754
ANV;04/08/2026;17.5;17.55;17.25;17.4;572900;0.0028818443804032867;0.0028818443804032867;0.017142857142857182;622740.0;2.646.117.600.919.230;0.9199665992227896;-0.18835141712025974;0.02601488893722428
ANV;05/08/2026;17.55;17.8;17.4;17.5;627800;0.005747126436781658;0.005747126436781658;0.02279202279202291;632025.0;2.591.127.571.561.280;0.9933151378505597;-0.0163056425564343;0.0261233798357311
ANV;06/08/2026;17.5;17.5;17.2;17.3;339300;-0.011428571428571344;0.011428571428571344;0.017142857142857182;594480.0;19.056.022.007.145.800;0.5707509083568834;-13.391.042.469.635.500;0.025938567882326027
ANV;07/08/2026;17.15;17.65;17.15;17.35;507800;0.0028901734104047616;0.0028901734104047616;0.02915451895043732;589160.0;19.633.028.669.485.100;0.8619050852060561;-0.4144037141169905;0.0255978677761447
ANV;10/08/2026;17.2;17.75;17.2;17.55;454500;0.011527377521613813;0.011527377521613813;0.031976744186046555;572930.0;18.842.163.553.276.000;0.7932906288726371;-0.6285371616966396;0.02549342399385963
ANV;11/08/2026;17.7;17.95;17.6;17.6;327000;0.002849002849002913;0.002849002849002913;0.01977401129943491;556685.0;18.362.853.600.908.600;0.587405804000467;-12.508.132.177.704.300;0.02456727576931793
ANV;12/08/2026;17.5;18.3;17.45;18.05;1232400;0.02556818181818188;0.02556818181818188;0.048571428571428654;556200.0;184.251.892.798.957;2.215.749.730.312.830;36.699.758.668.847.000;0.02460542251143101
ANV;13/08/2026;18.15;18.15;17.6;17.6;723700;-0.024930747922437657;0.024930747922437657;0.030303030303030148;593505.0;23.725.997.394.596.500;12.193.663.069.392.800;0.548744054189481;0.02487729933261734
ANV;14/08/2026;17.35;17.7;17.0;17.15;855700;-0.02556818181818199;0.02556818181818199;0.04034582132564837;586655.0;23.103.573.766.615.700;14.586.085.518.746.100;11.645.168.090.348.200;0.025467062640052305
ANV;17/08/2026;17.05;17.15;16.85;17.0;288500;-0.008746355685131157;0.008746355685131157;0.017595307917888395;614565.0;2.279.621.350.714.060;0.46943773237981334;-14.303.471.929.575.600;0.02589599370338668
ANV;18/08/2026;17.0;17.15;16.85;16.85;384200;-0.008823529411764675;0.008823529411764675;0.017647058823529245;600450.0;23.927.371.575.797.800;0.6398534432508952;-0.9037766614479851;0.02314141280867627
ANV;19/08/2026;16.9;16.95;16.55;16.75;290500;-0.005934718100890302;0.005934718100890302;0.023668639053254354;569960.0;2.249.065.265.487.170;0.5096848901677311;-12.425.606.508.109.300;0.02253101035505387
ANV;20/08/2026;16.75;16.95;16.55;16.7;343500;-0.0029850746268657025;0.0029850746268657025;0.023880597014925287;552120.0;23.247.264.377.827.600;0.622147359269724;-0.8973959112323497;0.022013442762758947
ANV;21/08/2026;16.55;17.15;16.45;17.15;620800;0.026946107784431073;0.026946107784431073;0.04229607250755282;525690.0;22.407.603.009.504.600;11.809.241.187.772.200;0.4244541460309568;0.02201377554478159
ANV;24/08/2026;17.35;17.4;17.15;17.2;412500;0.00291545189504383;0.00291545189504383;0.01440922190201729;536150.0;22.335.155.555.406.200;0.7693742422829432;-0.5536115461263061;0.02270612673665185
ANV;25/08/2026;17.15;17.8;17.15;17.55;912600;0.02034883720930236;0.02034883720930236;0.03790087463556864;525715.0;2.240.430.486.712.160;17.359.215.544.544.000;17.268.333.130.377.700;0.02003990874799162
ANV;26/08/2026;17.55;17.6;17.35;17.5;360100;-0.002849002849002913;0.002849002849002913;0.014245014245014245;543055.0;24.015.018.869.777.500;0.6631004226091279;-0.7618357536676569;0.018199356137723006
ANV;27/08/2026;17.5;17.5;17.2;17.25;393200;-0.014285714285714235;0.014285714285714235;0.017142857142857182;541215.0;24.146.631.948.859.100;0.726513492789372;-0.6129840398175819;0.018210321468369782
ANV;28/08/2026;17.25;17.3;17.05;17.2;397500;-0.0028985507246377384;0.0028985507246377384;0.014492753623188406;531580.0;2.434.260.626.966.600;0.7477707964934723;-0.5508037985525022;0.016352115989413447
ANV;03/09/2026;17.2;17.2;16.9;17.15;337000;-0.0029069767441860517;0.0029069767441860517;0.01744186046511632;528840.0;24.467.063.661.389.900;0.6372437788366991;-0.7840744711133089;0.014728772856739262
ANV;04/09/2026;17.1;17.2;16.85;16.95;470000;-0.011661807580174877;0.011661807580174877;0.020467836257309815;519075.0;24.839.423.223.026.200;0.9054568222318548;-0.19756899972825173;0.014182676730168169
DBC;05/05/2025;21.48;21.51;21.48;21.51;5337900;;;0.0013966480446927904;;;;;
DBC;06/05/2025;21.51;21.64;21.1;21.1;5604300;-0.019060901906090222;0.019060901906090222;0.02510460251046021;;;;;
DBC;07/05/2025;21.06;21.33;21.02;21.1;4073700;0.0;0.0;0.014719848053181326;;;;;
DBC;08/05/2025;21.25;21.25;20.91;21.14;5542700;0.0018957345971564177;0.0018957345971564177;0.015999999999999993;;;;;
DBC;09/05/2025;21.29;21.64;21.21;21.44;7269000;0.014191106906338735;0.014191106906338735;0.02019727571629872;;;;;
DBC;12/05/2025;21.51;22.02;21.33;21.9;9397600;0.021455223880596952;0.021455223880596952;0.03207810320781038;;;;;
DBC;13/05/2025;22.13;22.28;21.9;22.1;7200700;0.009132420091324311;0.009132420091324311;0.017171260732038073;;;;;
DBC;14/05/2025;22.13;22.28;21.94;22.25;8578700;0.006787330316742057;0.006787330316742057;0.015363759602349746;;;;;
DBC;15/05/2025;22.36;22.36;21.94;22.25;7064400;0.0;0.0;0.01878354203935591;;;;;
DBC;16/05/2025;22.21;22.25;21.75;21.82;6430700;-0.01932584269662918;0.01932584269662918;0.022512381809995496;;;;;
DBC;19/05/2025;21.64;21.79;20.83;20.91;16596200;-0.04170485792850598;0.04170485792850598;0.04436229205175605;;;;;
DBC;20/05/2025;20.99;21.33;20.83;21.21;5330600;0.01434720229555242;0.01434720229555242;0.023820867079561697;;;;;
DBC;21/05/2025;21.21;21.56;20.91;21.36;7898600;0.007072135785006983;0.007072135785006983;0.030645921735030578;;;;;
DBC;22/05/2025;21.36;21.56;21.1;21.14;7134400;-0.010299625468164764;0.010299625468164764;0.021535580524344445;;;;;
DBC;23/05/2025;21.1;21.51;21.1;21.36;5257100;0.010406811731314969;0.010406811731314969;0.019431279620853087;;;;;
DBC;26/05/2025;21.51;21.82;20.99;21.82;8795200;0.021535580524344677;0.021535580524344677;0.03858670385867047;;;;;
DBC;27/05/2025;21.98;22.02;21.79;21.82;5526300;0.0;0.0;0.010464058234758891;;;;;
DBC;28/05/2025;21.87;22.17;21.51;21.67;8277000;-0.006874427131072336;0.006874427131072336;0.030178326474622777;;;;;
DBC;29/05/2025;21.71;21.9;21.51;21.59;6161200;-0.003691739732348931;0.003691739732348931;0.017964071856287286;;;;;
DBC;30/05/2025;21.51;21.56;20.99;20.99;10233800;-0.027790643816581806;0.027790643816581806;0.026499302649930275;;;;;
DBC;02/06/2025;20.91;21.17;20.83;21.02;6064000;0.0014292520247738416;0.0014292520247738416;0.016260162601626178;7385505.0;2.695.321.548.140.110;0.8210677536607178;-0.4902958613275267;
DBC;03/06/2025;21.21;21.56;21.17;21.25;4538300;0.010941960038058918;0.010941960038058918;0.018387553041018245;7421810.0;2.671.070.501.719.840;0.6114815658175028;-10.795.334.672.534.300;0.016253173636575514
DBC;04/06/2025;21.44;22.7;21.4;22.7;26858300;0.06823529411764695;0.06823529411764695;0.060634328358208985;7368510.0;27.194.446.452.983.900;36.450.109.995.100.700;7.166.827.254.121.750;0.01588120193136956
DBC;05/06/2025;23.05;23.09;22.52;22.52;9227600;-0.007929515418502175;0.007929515418502175;0.024728850325379623;8507740.0;5.044.806.844.395.840;10.846.123.647.408.100;0.1426932729445678;0.02194540592337035
DBC;06/06/2025;22.59;23.13;22.44;22.82;12864200;0.013321492007104752;0.013321492007104752;0.03054448871181929;8691985.0;499.789.038.477.078;14.800.071.560.178.700;0.8347952193416006;0.022101746737487413
DBC;09/06/2025;23.13;23.78;23.13;23.16;12118300;0.014899211218229569;0.014899211218229569;0.02810203199308267;8971745.0;5.070.121.124.938.990;1.350.718.282.786.680;0.6206074613331575;0.022080236473827824
DBC;10/06/2025;23.05;23.32;22.75;22.82;7303000;-0.014680483592400706;0.014680483592400706;0.024728850325379623;9107780.0;5.118.417.630.026.720;0.8018419417245476;-0.35260506868615477;0.021844748371665192
DBC;11/06/2025;22.86;23.63;22.59;23.51;10759300;0.030236634531113138;0.030236634531113138;0.04549431321084861;9112895.0;5.116.462.260.141.020;1.180.667.614.407.930;0.32178581924195043;0.022141268312277636
DBC;12/06/2025;23.74;24.35;23.43;23.43;11456400;-0.0034028073160358163;0.0034028073160358163;0.03875315922493689;9221925.0;5.127.701.185.139.290;12.423.002.789.547.700;0.4357654471902109;0.023020771159506938
DBC;13/06/2025;23.05;23.58;22.93;23.24;12421500;-0.008109261630388498;0.008109261630388498;0.028199566160520544;9441525.0;5.124.484.829.755.540;1.315.624.329.756.050;0.5815169912683991;0.023056706847725518
DBC;16/06/2025;23.21;23.74;23.13;23.55;8681100;0.013339070567986333;0.013339070567986333;0.02628177509694095;9741065.0;5.114.310.419.254.970;0.8911859226891515;-0.20725472509633272;0.022621575009424202
DBC;17/06/2025;23.55;23.78;23.24;23.32;6185500;-0.009766454352441611;0.009766454352441611;0.022929936305732597;9345310.0;4.855.628.637.050.750;0.6618828053858031;-0.6507519903579833;0.02004749723263691
DBC;18/06/2025;23.51;24.01;23.28;23.32;7643300;0.0;0.0;0.031050616758826047;9388055.0;4.822.073.259.662.550;0.8141516000918189;-0.36182673013186395;0.020252580488781858
DBC;19/06/2025;23.35;23.35;22.52;22.93;12083000;-0.01672384219554035;0.01672384219554035;0.03554603854389729;9375290.0;4.826.559.496.097.440;1.288.813.466.036.780;0.5610020972888331;0.020275187605251047
DBC;20/06/2025;23.05;23.74;22.78;23.43;11158600;0.021805494984736162;0.021805494984736162;0.041648590021691856;9622720.0;4.832.475.273.833.330;11.596.097.569.086.400;0.31782469913843403;0.02057220536039843
DBC;23/06/2025;23.35;24.58;23.28;24.39;19779500;0.04097311139564663;0.04097311139564663;0.05567451820128467;9917795.0;4.730.986.502.497.730;19.943.445.090.365.300;20.844.923.135.573.200;0.020906383900891383
DBC;24/06/2025;24.58;24.58;24.16;24.35;7282800;-0.0016400164001639794;0.0016400164001639794;0.017087062652562986;10467010.0;5.207.397.047.005.140;0.6957860936408774;-0.6114782435941368;0.02213888965971865
DBC;25/06/2025;24.51;24.97;24.09;24.2;9379200;-0.006160164271047264;0.006160164271047264;0.035903712770297795;10554835.0;5.133.978.704.902.730;0.8886164492386665;-0.228991016047129;0.022164566860700584
DBC;26/06/2025;24.39;24.43;23.86;24.43;6650200;0.009504132231404894;0.009504132231404894;0.023370233702337033;10609945.0;51.141.179.855.351.000;0.6267893000387844;-0.774277208934138;0.022143756812035172
DBC;27/06/2025;24.62;24.85;24.28;24.51;9281700;0.0032746623004502595;0.0032746623004502595;0.02315190901705931;10634395.0;5.092.854.359.267.550;0.8728000041375179;-0.2656064565322741;0.02204354025644066
DBC;30/06/2025;24.81;26.19;24.62;26.04;17772800;0.062423500611995086;0.062423500611995086;0.06328093510681178;10586790.0;510.123.889.832.553;16.787.713.745.148.400;1.408.679.370.487.580;0.020549621373226894
DBC;01/07/2025;26.16;26.68;25.85;26.57;11995800;0.02035330261136714;0.02035330261136714;0.03172782874617731;11172230.0;5.225.234.510.587.210;1.073.715.811.436.030;0.15761397853652456;0.02379621591587813
DBC;02/07/2025;26.8;27.11;26.34;26.5;9327400;-0.0026345502446367686;0.0026345502446367686;0.028731343283582074;11545105.0;49.876.002.198.584.000;0.8079094993072822;-0.4446436968163742;0.023887323291423564
DBC;03/07/2025;26.34;27.04;26.19;26.27;12363400;-0.008679245283018888;0.008679245283018888;0.03227031131359141;10668560.0;34.618.569.304.257.500;1.158.863.051.808.300;0.4895754024680507;0.019961693195681977
DBC;04/07/2025;26.27;26.68;26.23;26.5;6785900;0.00875523410734691;0.00875523410734691;0.0171298058622002;10825350.0;34.641.705.132.306.600;0.6268527114596757;-1.166.065.580.366.830;0.01999376962833393
DBC;07/07/2025;26.65;26.73;26.19;26.61;8002300;0.0041509433962263476;0.0041509433962263476;0.02026266416510316;10521435.0;3.541.647.178.373.210;0.7605711578316076;-0.7112890903935597;0.019954836354989722
DBC;08/07/2025;26.8;27.15;26.42;26.61;7344000;0.0;0.0;0.027238805970149136;10315635.0;3.563.491.933.966.920;0.7119290281209057;-0.8339109657228645;0.019895060768846312
DBC;09/07/2025;26.8;26.88;25.8;26.04;18140300;-0.021420518602029315;0.021420518602029315;0.040298507462686504;10317685.0;35.616.789.460.907.700;17.581.754.046.571.400;219.632.794.488.283;0.01930939748900351
DBC;10/07/2025;25.88;26.27;25.46;25.69;12854000;-0.01344086021505364;0.01344086021505364;0.03129829984544045;10686735.0;39.689.578.704.153.000;12.027.995.454.177.500;0.5460539191294622;0.01961470616411092
DBC;11/07/2025;25.8;26.16;25.42;25.8;7533000;0.004281821720513834;0.004281821720513834;0.028682170542635596;10756615.0;3.995.437.490.342.800;0.7003132491029939;-0.8068240356135353;0.019974303064437825
DBC;14/07/2025;25.73;26.23;25.5;26.11;7487400;0.012015503875968836;0.012015503875968836;0.02837155071900507;10512190.0;4.037.533.601.215.890;0.7122588157177524;-0.7491677590222638;0.01974364624848182
DBC;15/07/2025;26.31;26.38;25.73;25.73;8583200;-0.014553810800459588;0.014553810800459588;0.02470543519574301;10452505.0;40.746.784.956.122.900;0.8211620085328828;-0.4587613481684287;0.019717906099982776
DBC;16/07/2025;25.85;25.96;25.65;25.73;7084400;0.0;0.0;0.01199226305609293;10572390.0;39.766.199.165.808.300;0.6700850044313538;-0.8771243098835136;0.0199389379001154
DBC;17/07/2025;25.77;26.68;25.54;26.04;18269200;0.012048192771084265;0.012048192771084265;0.0442374854481956;10544445.0;40.001.809.222.866.700;1.732.590.003.551.630;19.311.014.051.794.900;0.0199389379001154
DBC;18/07/2025;26.11;26.23;25.73;25.8;7215400;-0.009216589861751112;0.009216589861751112;0.019149751053236307;10853755.0;4.349.341.968.435.530;0.6647837545623612;-0.8365299915262167;0.019308370565922724
DBC;21/07/2025;25.96;26.23;25.12;25.2;11192300;-0.023255813953488413;0.023255813953488413;0.04275808936825884;10656595.0;4.423.537.468.263.550;10.502.698.094.466.300;0.1211033033727843;0.019264588521052207
DBC;22/07/2025;25.16;25.92;24.69;25.92;15282100;0.028571428571428692;0.028571428571428692;0.0488871224165342;10227235.0;38.740.606.667.633.800;14.942.552.899.195.100;13.047.975.844.485.400;0.01828091344595418
DBC;23/07/2025;26.08;26.96;25.65;26.45;18467800;0.020447530864197372;0.020447530864197372;0.05023006134969334;10627200.0;3.965.914.626.174.550;17.377.860.584.161.300;19.769.966.676.168.400;0.019207276817850692
DBC;24/07/2025;26.68;26.68;26.04;26.27;8119500;-0.00680529300567112;0.00680529300567112;0.02398800599700152;11081630.0;4.320.261.136.612.720;0.732699070443608;-0.6856367951689231;0.0194375777194779
DBC;25/07/2025;26.53;27.92;26.45;27.45;22797900;0.044918157594213914;0.044918157594213914;0.055408970976253386;11155095.0;4.252.907.176.889.330;2.043.720.828.912.700;27.376.108.896.211.000;0.019564089780530897
DBC;28/07/2025;27.64;27.64;27.15;27.53;12233200;0.0029143897996357637;0.0029143897996357637;0.017727930535455932;11830905.0;4.955.422.792.358.510;1.034.003.738.513.660;0.08118278033114686;0.021612280672432455
DBC;29/07/2025;28.22;28.22;25.62;25.62;24868800;-0.06937885942608069;0.06937885942608069;0.09213323883770369;11553925.0;4.756.654.356.281.470;2.152.411.409.975.390;27.992.101.175.938.500;0.0170315797944406
DBC;30/07/2025;26.04;26.31;25.62;26.16;12440900;0.021077283372365363;0.021077283372365363;0.026497695852534475;12197575.0;561.339.745.579.364;10.199.486.373.316.000;0.0433471889201186;0.022978798649859612
DBC;31/07/2025;26.5;26.5;25.27;25.73;9898800;-0.016437308868501477;0.016437308868501477;0.04641509433962266;12353250.0;55.726.351.951.676.300;0.8013113957865339;-0.4404469185652776;0.02352585720585912
DBC;01/08/2025;26.0;26.5;25.65;26.19;8686700;0.017877963466770286;0.017877963466770286;0.03269230769230775;12230020.0;5.599.584.131.513.220;0.7102768433739274;-0.6327827061404392;0.023732973274806165
DBC;04/08/2025;26.19;26.57;26.19;26.42;7062800;0.00878197785414292;0.00878197785414292;0.014509354715540244;12325060.0;551.785.393.297.831;0.5730438634781494;-0.9536787424816172;0.024011638045596893
DBC;05/08/2025;26.61;26.96;25.0;25.92;17117800;-0.018925056775170312;0.018925056775170312;0.07365652010522364;12278085.0;5.560.426.534.971.550;1.394.175.068.831.980;0.8703855665678276;0.02407915772321626
DBC;06/08/2025;26.08;26.42;25.8;26.31;10894000;0.01504629629629628;0.01504629629629628;0.023773006134969365;12766775.0;55.333.905.563.715.700;0.8533086860228993;-0.3384498131698914;0.0244449762944319
DBC;07/08/2025;27.17;27.39;26.46;26.64;12180800;0.012542759407069726;0.012542759407069726;0.03422892896577106;12404460.0;53.986.201.064.814;0.9819693884296454;-0.04142910513956731;0.024202433442454215
DBC;08/08/2025;26.9;27.7;26.46;27.26;12764400;0.02327327327327322;0.02327327327327322;0.04609665427509288;12370800.0;539.776.834.831.815;10.318.168.590.551.900;0.07291902404864019;0.024095005649703297
DBC;11/08/2025;27.74;27.87;27.26;27.3;10999400;0.0014673514306675628;0.0014673514306675628;0.021989906272530623;12632370.0;5.276.384.300.885.550;0.8707313037854337;-0.30948655497400596;0.024555440934898656
DBC;12/08/2025;27.52;27.65;26.95;27.52;9870500;0.00805860805860803;0.00805860805860803;0.025436046511627883;12807970.0;5.153.147.030.504.750;0.7706529606174906;-0.5700341912643374;0.024465791475460755
DBC;13/08/2025;27.65;27.7;26.86;27.26;11014300;-0.009447674418604612;0.009447674418604612;0.030379746835443033;12872335.0;5.105.418.965.361.060;0.8556567242850656;-0.3639338931057929;0.02415578065762394
DBC;14/08/2025;27.3;28.49;27.08;27.52;14884600;0.009537784299339602;0.009537784299339602;0.05164835164835165;13068830.0;4.944.005.675.254.360;113.893.898.688.712;0.3672669732335169;0.02432272344017076
DBC;15/08/2025;27.56;27.65;26.68;26.73;10771800;-0.028706395348837233;0.028706395348837233;0.03519593613933233;12899600.0;4.812.817.573.499.890;0.8350491488108158;-0.44211108513981257;0.024280979904215415
DBC;18/08/2025;26.73;26.73;25.85;25.94;12576500;-0.029554807332585087;0.029554807332585087;0.03292181069958844;13077420.0;4.654.856.270.447.700;0.9616958085004534;-0.10761234523613371;0.02517397827990058
DBC;19/08/2025;25.98;26.29;25.72;25.8;10969400;-0.005397070161912154;0.005397070161912154;0.021939953810623566;13146630.0;4.635.603.032.491.250;0.8343887368854224;-0.4696756785988035;0.025544287614035474
DBC;20/08/2025;25.8;26.33;24.97;25.01;11135100;-0.0306201550387597;0.0306201550387597;0.05271317829457362;12930995.0;4.631.344.145.627.360;0.8611170292773294;-0.3877697151259159;0.024786012369300347
DBC;21/08/2025;25.05;25.27;24.09;24.17;14693300;-0.03358656537385041;0.03358656537385041;0.04710578842315368;12564360.0;4.456.917.911.268.890;11.694.427.730.501.100;0.4776709022657066;0.025202622152435045
DBC;22/08/2025;23.73;24.92;23.69;24.22;10282700;0.0020686801820437584;0.0020686801820437584;0.051833122629582826;12893050.0;4.353.057.551.398.720;0.7975382085697333;-0.5996589682489362;0.02613814121643397
DBC;25/08/2025;24.53;24.61;23.12;23.12;7302800;-0.045417010734929764;0.045417010734929764;0.06074194863432525;12267290.0;37.056.816.470.614.900;0.5953067058820652;-1.339.696.841.993.070;0.023561379566749436
DBC;26/08/2025;23.12;24.17;23.12;24.17;5195800;0.04541522491349492;0.04541522491349492;0.04541522491349484;12020770.0;38.684.895.021.863.900;0.4322352062305493;-17.642.467.418.207.200;0.025034644651551717
DBC;27/08/2025;24.26;24.39;23.82;24.04;6621100;-0.005378568473314083;0.005378568473314083;0.023495465787304215;11037120.0;2.776.745.574.380.570;0.599893812878722;-15.903.581.663.167.300;0.023422561427243034
DBC;28/08/2025;24.22;24.53;24.0;24.31;4798100;0.011231281198003318;0.011231281198003318;0.021882741535920774;10746130.0;29.229.863.465.658.700;0.4464956221449024;-2.034.915.423.737.140;0.02274957804559107
DBC;29/08/2025;24.66;25.19;24.39;24.44;9002900;0.005347593582887722;0.005347593582887722;0.032441200324412035;10491095.0;32.093.069.442.802.200;0.8581468378658281;-0.463712267426564;0.022792764616047363
DBC;03/09/2025;24.75;25.01;24.44;24.83;4275000;0.01595744680851041;0.01595744680851041;0.023030303030303043;10506905.0;3.200.717.469.810.890;0.40687528820332913;-1.947.033.769.390.520;0.022368910156322256
DBC;04/09/2025;24.92;25.14;24.57;24.66;7831700;-0.006846556584776398;0.006846556584776398;0.02287319422150884;10367515.0;34.123.108.649.765.200;0.7554076362561327;-0.743137158465615;0.022627473559511363
DBC;05/09/2025;24.97;25.05;24.44;24.44;9759200;-0.008921330089213253;0.008921330089213253;0.024429315178213836;9903210.0;3.058.946.075.968.680;0.9854582504056766;-0.047078306195507534;0.022335273292477177
DBC;08/09/2025;24.31;24.61;23.69;23.69;8359300;-0.030687397708674347;0.030687397708674347;0.03784450843274365;9846470.0;30.501.126.495.331.400;0.8489641465418571;-0.4875787129461031;0.021998835219996155
DBC;09/09/2025;24.0;25.1;23.87;25.05;12498200;0.05740818910932877;0.05740818910932877;0.05125000000000002;9655395.0;3.015.686.543.719.960;12.944.265.874.156.300;0.942672575145455;0.022463765694784272
DBC;10/09/2025;25.23;25.98;24.66;25.89;15924600;0.033532934131736525;0.033532934131736525;0.05231866825208087;9642085.0;3.001.797.937.776.100;16.515.722.481.185.300;20.929.173.549.417.600;0.02581982626290859
DBC;11/09/2025;25.94;26.02;25.27;25.89;11296100;0.0;0.0;0.028912875867386275;9888345.0;33.056.557.378.744.200;11.423.650.772.702.600;0.42586255545933;0.027133044536700214
DBC;12/09/2025;25.98;25.98;25.54;25.67;7358000;-0.008497489378138212;0.008497489378138212;0.01693610469591999;9959625.0;3.320.587.108.974.770;0.7387828356991353;-0.7834834366996154;0.027030759794764922
DBC;15/09/2025;25.76;26.16;25.67;25.8;7673400;0.005064277366575665;0.005064277366575665;0.01902173913043472;9776810.0;33.598.822.270.869.400;0.784857228482501;-0.6260368244584805;0.027019114360727462
DBC;16/09/2025;25.89;26.2;25.54;25.54;10504200;-0.010077519379845024;0.010077519379845024;0.025492468134414838;9416250.0;31.641.254.523.834.900;11.155.396.256.471.500;0.34383908488219417;0.026931232659901782
DBC;17/09/2025;25.41;25.67;24.83;24.83;9749800;-0.027799530148786222;0.027799530148786222;0.033057851239669554;9402870.0;31.586.526.658.154.600;10.368.961.816.977.100;0.10983480512265602;0.02630585437974672
DBC;18/09/2025;24.88;25.05;24.48;24.57;5996300;-0.010471204188481575;0.010471204188481575;0.022909967845659178;9261535.0;30.712.038.442.475.700;0.6474412718841963;-1.063.177.556.942.640;0.02621166179320299
DBC;19/09/2025;24.88;24.88;24.53;24.53;4021100;-0.0016280016280015852;0.0016280016280015852;0.014067524115755542;9012880.0;3.126.473.871.985.900;0.4461503980969457;-1.596.616.573.299.320;0.026272184496734803
DBC;22/09/2025;24.57;24.61;23.6;23.95;7287900;-0.023644516918059577;0.023644516918059577;0.041107041107041026;8657180.0;3.273.542.573.356.720;0.8418330218385202;-0.4182869076286141;0.025401955259364048
DBC;23/09/2025;24.0;24.35;23.95;23.95;2884500;0.0;0.0;0.016666666666666757;8286910.0;2.958.517.802.958.270;0.3480790789329195;-1.826.052.895.337.660;0.024814256761492275
DBC;24/09/2025;24.0;24.26;23.82;24.26;3879300;0.012943632567849805;0.012943632567849805;0.018333333333333385;7917000.0;315.202.451.349.672;0.48999621068586585;-12.809.862.305.038.800;0.024808757326382103
DBC;25/09/2025;24.35;24.53;24.22;24.39;3869600;0.005358615004122047;0.005358615004122047;0.012731006160164364;7745825.0;32.775.927.798.301.500;0.4995723502661111;-11.826.438.671.252.000;0.02254835121386363
DBC;26/09/2025;24.39;24.61;23.95;23.95;3893100;-0.018040180401804107;0.018040180401804107;0.027060270602706032;7679515.0;3.344.628.266.697.920;0.5069460766728107;-1.132.088.440.948.990;0.02020705167335686
DBC;29/09/2025;24.22;24.75;24.04;24.48;5280600;0.022129436325678542;0.022129436325678542;0.029314616019818367;7543115.0;34.442.081.333.091.100;0.7000556136291174;-0.6569042614234314;0.020600204732490017
DBC;30/09/2025;24.53;24.57;23.91;24.0;4761100;-0.019607843137254943;0.019607843137254943;0.02690582959641256;7567240.0;3.425.608.283.348.720;0.6291725913278817;-0.8191654643177241;0.021051792182873157
DBC;01/10/2025;24.17;24.26;24.04;24.13;2591600;0.005416666666666625;0.005416666666666625;0.009102192800993066;7355150.0;3.463.149.682.996.980;0.3523517535332386;-13.754.964.226.315.600;0.021487921450217023
DBC;02/10/2025;24.13;24.22;23.69;23.73;3962600;-0.016576875259013635;0.016576875259013635;0.02196435971819302;7270980.0;3.561.025.145.213.400;0.5449884334711415;-0.9290526927188372;0.02118521652694191
DBC;03/10/2025;23.47;24.13;23.47;23.69;4219200;-0.001685630004214067;0.001685630004214067;0.028121005538985947;7077525.0;36.333.222.159.796.900;0.5961405999978806;-0.786697361282414;0.02143156479778314
DBC;06/10/2025;23.87;24.31;23.82;24.31;2752200;0.026171380329252703;0.026171380329252703;0.02052785923753659;6800525.0;3.629.293.371.685.890;0.4047040485844843;-11.154.581.857.678.400;0.02136430035490903
DBC;07/10/2025;24.48;24.48;23.95;23.95;3115500;-0.01480872069107364;0.01480872069107364;0.021650326797385665;6520170.0;37.180.273.098.711.100;0.4778249646865036;-0.9157194706345572;0.021034493645879605
DBC;08/10/2025;24.22;24.61;23.91;24.22;4913400;0.01127348643006254;0.01127348643006254;0.028901734104046214;6051035.0;35.101.656.627.984.800;0.8119933201510154;-0.32409723907247706;0.01667965475175988
DBC;09/10/2025;24.39;24.79;24.31;24.48;6098400;0.01073492981007429;0.01073492981007429;0.019680196801968038;5500475.0;26.342.740.729.558.500;11.087.042.482.694.600;0.22697903993303303;0.014814441372028192
DBC;10/10/2025;24.57;24.66;24.22;24.35;4753600;-0.00531045751633985;0.00531045751633985;0.01790801790801796;5240590.0;22.625.793.250.182.500;0.9070734402042518;-0.21523665252977217;0.015128539459428445
DBC;13/10/2025;23.91;24.22;23.91;24.17;4859500;-0.007392197125256628;0.007392197125256628;0.012965286491007894;5110370.0;22.086.031.310.834.500;0.9509096210254835;-0.11358763214146726;0.015080827707256153
DBC;14/10/2025;24.17;24.44;23.82;23.95;6612700;-0.009102192800993114;0.009102192800993114;0.025651634257343854;4969675.0;21.247.729.208.392.200;13.306.101.505.631.600;0.7732708676233766;0.015007818831800144
DBC;15/10/2025;24.0;24.09;23.78;23.78;4175300;-0.007098121085594933;0.007098121085594933;0.012916666666666613;4775100.0;17.334.163.848.187.000;0.8743900651295261;-0.3460218821357986;0.01498569462422086
DBC;16/10/2025;23.82;24.04;23.65;23.78;4034800;0.0;0.0;0.016372795969773323;4496375.0;1.280.384.036.498.850;0.8973450835395179;-0.36049730927773227;0.013862903441815459
DBC;17/10/2025;23.87;24.09;23.69;23.69;4073200;-0.003784693019344032;0.003784693019344032;0.016757436112274763;4398300.0;12.337.189.115.157.600;0.9260850783257167;-0.2635122125189589;0.013725847629203829
DBC;20/10/2025;23.69;23.78;22.06;22.06;7965600;-0.068805403123681;0.068805403123681;0.07260447446179832;4400905.0;12.329.352.898.352.400;18.099.913.540.510.400;28.912.263.517.709.400;0.013735016611323063
DBC;21/10/2025;22.1;22.81;21.93;22.63;6700100;0.025838621940163176;0.025838621940163176;0.039819004524886834;4434790.0;132.251.366.718.639;15.108.043.447.378.500;17.128.821.094.298.200;0.019879071140516465
DBC;22/10/2025;22.72;22.81;22.24;22.54;2619000;-0.00397702165267344;0.00397702165267344;0.0250880281690141;4625570.0;13.617.344.926.696.800;0.5662004898855708;-14.735.398.205.755.200;0.020956900253822477
DBC;23/10/2025;22.85;23.21;22.63;22.63;2874700;0.003992901508429458;0.003992901508429458;0.02538293216630205;4562555.0;1.425.742.321.693.670;0.6300636375890263;-11.838.429.527.678.900;0.020634709210823932
DBC;24/10/2025;22.63;22.76;22.24;22.5;1878600;-0.0057445868316393645;0.0057445868316393645;0.022978347326557805;4512810.0;1.467.924.757.106.560;0.416281651565211;-17.945.129.593.646.900;0.02060621869701693
DBC;27/10/2025;22.72;22.81;22.37;22.5;3022200;0.0;0.0;0.019366197183098493;4412085.0;15.776.960.231.116.000;0.6849822702871772;-0.8809586762212964;0.020332173037314532
DBC;28/10/2025;22.46;22.72;22.32;22.72;2196500;0.009777777777777663;0.009777777777777663;0.017809439002671353;4299165.0;15.930.079.717.893.000;0.5109131656961293;-13.199.337.587.986.000;0.019481780168400006
DBC;29/10/2025;22.81;23.69;22.81;23.56;4158600;0.0369718309859155;0.0369718309859155;0.03857957036387561;4170935.0;16.558.472.321.077.800;0.9970426295303092;-0.007449358709437446;0.019352234633615507
DBC;30/10/2025;23.6;23.6;23.16;23.25;2747200;-0.013157894736842035;0.013157894736842035;0.018644067796610223;4249285.0;16.137.215.850.244.200;0.6465087655923291;-0.9308204178091013;0.02123136274243096
DBC;31/10/2025;23.38;23.73;23.29;23.38;3035300;0.005591397849462387;0.005591397849462387;0.018819503849444023;4188515.0;16.476.148.778.014.500;0.7246721093275301;-0.6999299505833733;0.021112571700791505
DBC;03/11/2025;23.43;23.51;22.72;22.72;3479800;-0.028229255774165907;0.028229255774165907;0.03371745625266764;4129320.0;16.676.005.963.817.200;0.8427053364718646;-0.38949374413111565;0.021159255771067736
DBC;04/11/2025;22.72;23.21;22.02;23.21;5071400;0.021566901408450745;0.021566901408450745;0.052376760563380344;4165700.0;16.437.423.584.773.500;12.174.184.410.783.300;0.550998759220987;0.021054460896361704
DBC;05/11/2025;23.21;23.21;22.72;22.72;2198600;-0.021111589831969035;0.021111589831969035;0.021111589831969063;4263495.0;16.361.377.031.466.300;0.51568021071914;-12.620.545.300.244.400;0.021560430958525136
DBC;06/11/2025;22.72;22.9;22.5;22.68;1684600;-0.0017605633802816323;0.0017605633802816323;0.01760563380281684;4127755.0;16.910.739.812.242.800;0.40811530723117045;-14.447.357.283.749.500;0.0217780584220145
DBC;07/11/2025;22.59;22.72;22.06;22.1;2769600;-0.025573192239858877;0.025573192239858877;0.02921646746347942;3907065.0;17.082.828.575.333.000;0.7088697014254945;-0.6658528445590408;0.021542399593343593
DBC;10/11/2025;22.1;22.28;22.02;22.15;1610500;0.002262443438913797;0.002262443438913797;0.01176470588235301;3807865.0;17.141.327.164.963.600;0.4229404141165719;-1.281.910.658.873.210;0.022097069464564544
DBC;11/11/2025;22.28;22.32;22.06;22.15;1369700;0.0;0.0;0.011669658886894144;3645415.0;1.762.495.914.821.710;0.3757322554496539;-12.911.888.083.611.200;0.022138276729544767
DBC;12/11/2025;22.28;22.5;22.15;22.37;1680100;0.009932279909706576;0.009932279909706576;0.015709156193895932;3383265.0;16.861.836.571.241.800;0.4965913104648912;-10.100.708.738.363.500;0.02212395710674099
DBC;13/11/2025;22.41;23.07;22.41;22.94;4028500;0.025480554313813242;0.025480554313813242;0.02945113788487283;3258505.0;17.165.332.506.246.600;12.363.031.512.917.700;0.44857563913765863;0.022311687560635524
DBC;14/11/2025;22.76;23.16;22.72;23.03;2875800;0.0039232781168265785;0.0039232781168265785;0.01933216168717053;3258190.0;1.716.383.866.983.770;0.8826372924844775;-0.2227881579148024;0.023190786126826294
DBC;17/11/2025;23.07;23.43;23.03;23.29;3091200;0.011289622231871466;0.011289622231871466;0.01733853489380141;3198320.0;17.073.184.649.126.300;0.9665074163936066;-0.06274166314102465;0.023215492144507258
DBC;18/11/2025;23.34;23.69;23.16;23.38;4083900;0.0038643194504079936;0.0038643194504079936;0.022707797772065174;2954600.0;12.871.902.856.916.700;13.822.175.590.604.400;0.8773372612839199;0.01700947843641935
DBC;19/11/2025;23.43;24.39;23.43;23.95;9044100;0.024379811804961626;0.024379811804961626;0.04097311139564665;2823790.0;9.836.730.553.872.070;3.202.823.156.112.880;6.323.554.321.157.520;0.016133807110716613
DBC;20/11/2025;23.95;24.04;23.51;23.69;2818200;-0.01085594989561578;0.01085594989561578;0.022129436325678396;3145045.0;17.009.418.903.020.300;0.8960762087664882;-0.19215530046235824;0.016834359762978944
DBC;21/11/2025;23.69;24.0;23.34;23.78;3472100;0.003799071338117299;0.003799071338117299;0.027859856479527233;3142220.0;17.014.613.624.764.000;11.049.831.011.195.900;0.19388039439219093;0.017121280380007604
DBC;24/11/2025;24.04;24.35;23.82;23.95;5125000;0.007148864592094073;0.007148864592094073;0.022046589018302875;3221895.0;16.762.986.762.743.100;15.906.787.775.517.200;11.353.018.569.636.800;0.017014105841808735
DBC;25/11/2025;24.04;24.09;23.34;23.34;4237400;-0.025469728601252628;0.025469728601252628;0.03119800332778702;3327035.0;1.728.254.518.681.250;12.736.265.173.044.400;0.5267540111479965;0.017024897953092928
DBC;26/11/2025;23.6;23.95;23.38;23.91;2472400;0.024421593830334265;0.024421593830334265;0.024152542372881367;3429080.0;17.182.120.657.057.700;0.7210097168919943;-0.5567880816894585;0.018105311582625027
DBC;27/11/2025;23.95;23.95;23.47;23.51;2594100;-0.01672940192388117;0.01672940192388117;0.020041753653444693;3344770.0;17.218.972.862.269.800;0.7755690226831741;-0.4359551559807993;0.01699470908940989
DBC;28/11/2025;23.56;23.69;23.34;23.47;2021000;-0.0017014036580179637;0.0017014036580179637;0.014855687606112115;3337115.0;17.250.311.756.984.600;0.6056129321285002;-0.7629514286703265;0.01716780701172395
DBC;01/12/2025;23.47;24.35;23.47;24.22;8047400;0.03195568811248406;0.03195568811248406;0.03749467405198136;3286400.0;17.491.132.303.632.100;24.486.976.630.963.900;2.721.950.710.424.470;0.017135787968254032
DBC;02/12/2025;24.31;24.39;23.95;24.26;3416900;0.0016515276630884035;0.0016515276630884035;0.01809954751131227;3514780.0;204.829.985.613.231;0.9721518843284643;-0.047785972208591244;0.017140724688445803
DBC;03/12/2025;24.39;24.48;24.26;24.31;5642600;0.002061005770816138;0.002061005770816138;0.009020090200901961;3432055.0;2.015.267.513.514.360;1.644.087.871.552.170;10.968.990.395.449.200;0.01659601936919666
DBC;04/12/2025;24.39;24.57;24.13;24.13;5633900;-0.00740436034553682;0.00740436034553682;0.01804018040180407;3604255.0;20.511.460.343.389.100;15.631.246.956.721.900;0.989517550686805;0.0156543808617852
DBC;05/12/2025;24.17;24.97;24.17;24.61;7561500;0.01989225031081654;0.01989225031081654;0.03309888291270158;3801720.0;20.467.089.888.018.100;19.889.681.512.578.500;18.369.880.723.497.600;0.01580442499276998
DBC;08/12/2025;24.7;24.79;24.31;24.31;3271000;-0.012190166598943564;0.012190166598943564;0.01943319838056682;4041315.0;21.946.573.247.140.600;0.8093900129042155;-0.35099557061846126;0.014674026536601154
DBC;09/12/2025;24.22;24.31;23.69;24.04;4750100;-0.011106540518305175;0.011106540518305175;0.025598678777869425;4124340.0;21.282.628.857.703.200;11.517.236.697.265.500;0.2940238276877654;0.015188444290634501
DBC;10/12/2025;23.91;24.04;23.6;23.6;2766000;-0.01830282861896826;0.01830282861896826;0.01840234211626925;4293360.0;20.299.434.027.370.900;0.6442506568282185;-0.7524150663218346;0.015570359997735827
DBC;11/12/2025;23.73;24.22;23.69;24.04;2435100;0.018644067796609987;0.018644067796609987;0.022334597555836392;4347655.0;19.700.050.220.280.700;0.5600950397398138;-0.9708376266122745;0.016288371419678073
DBC;12/12/2025;24.22;24.44;23.43;23.43;4625200;-0.02537437603993342;0.02537437603993342;0.04170107349298107;4267985.0;2.015.290.712.808.360;10.836.964.047.436.900;0.177252342666836;0.01585339608602343
DBC;15/12/2025;23.6;24.39;23.56;24.39;7423200;0.04097311139564663;0.04097311139564663;0.035169491525423806;4355455.0;19.894.847.250.045.300;17.043.454.702.206.700;15.419.796.701.344.300;0.017021927123567725
DBC;16/12/2025;24.53;24.83;23.95;24.61;5439400;0.009020090200901887;0.009020090200901887;0.035874439461883366;4572055.0;20.784.273.841.119.300;11.897.057.231.376.200;0.4173083008000291;0.019129987257481627
DBC;17/12/2025;24.7;25.23;24.35;25.23;10725500;0.02519301097115001;0.02519301097115001;0.03562753036437243;4639830.0;2.083.765.196.162.200;23.116.148.651.998.000;29.205.161.940.550.400;0.019184245206806845
DBC;18/12/2025;25.27;25.27;24.83;25.19;3953100;-0.0015854141894570128;0.0015854141894570128;0.01741195092995652;4723900.0;22.941.103.112.100.000;0.8368297381400961;-0.3359908179800867;0.01923332113890922
DBC;19/12/2025;25.23;25.23;24.57;24.57;8333300;-0.024612941643509356;0.024612941643509356;0.026159334126040434;4780645.0;2.258.247.347.059.230;17.431.329.872.851.800;15.731.912.647.329.700;0.018997630191164513
DBC;22/12/2025;24.79;24.97;24.61;24.83;4823100;0.01058201058201047;0.01058201058201047;0.01452198467123838;5023705.0;23.688.931.991.377.500;0.9600683161133068;-0.08468300726812737;0.019990357817945798
DBC;23/12/2025;24.83;25.19;24.61;24.66;5236900;-0.006846556584776398;0.006846556584776398;0.023358840112766892;5008610.0;23.691.756.205.371.100;10.455.795.120.801.900;0.09635841177035433;0.020053128854240168
DBC;24/12/2025;24.79;25.23;24.75;25.01;7294200;0.014193025141930216;0.014193025141930216;0.01936264622831789;5058585.0;2.362.584.119.866.930;14.419.447.335.569.100;0.9462583707393724;0.01912138540640906
DBC;25/12/2025;25.1;25.14;24.48;24.48;4774200;-0.021191523390643785;0.021191523390643785;0.02629482071713148;5299675.0;2.330.590.670.076.450;0.9008476934906385;-0.2254685933256404;0.018647132092086866
DBC;26/12/2025;24.48;24.7;23.87;24.26;6835800;-0.008986928104575131;0.008986928104575131;0.03390522875816986;5408680.0;22.468.662.463.646.300;12.638.573.552.142.100;0.6351601935847504;0.01891304858589784
DBC;29/12/2025;24.22;24.48;24.0;24.04;3197700;-0.00906842539159125;0.00906842539159125;0.0198183319570603;5649420.0;2.119.097.764.963.600;0.5660227067557377;-11.569.640.818.540.100;0.019061572914293806
DBC;30/12/2025;24.17;24.39;23.95;24.17;3911000;0.005407653910149968;0.005407653910149968;0.018204385601985985;5406935.0;21.076.998.536.131.900;0.723330315603942;-0.7097476414564152;0.017815502284142578
DBC;31/12/2025;24.22;24.26;23.82;23.82;3294800;-0.014480761274307086;0.014480761274307086;0.018166804293971977;5431640.0;20.859.296.837.823.300;0.6065939568896319;-10.244.065.351.835.600;0.017856054968819337
DBC;05/01/2026;23.91;24.04;23.25;23.34;7597100;-0.02015113350125941;0.02015113350125941;0.033040568799665375;5314250.0;213.882.558.883.929;14.295.714.352.919.000;1.067.338.081.193.830;0.018134779341240706
DBC;06/01/2026;23.51;23.69;23.29;23.51;4233700;0.007283633247643584;0.007283633247643584;0.017014036580178738;5412410.0;21.984.856.436.096.900;0.7822208590997356;-0.5361463257338692;0.018594950153706224
DBC;07/01/2026;23.6;23.91;23.47;23.65;4849200;0.005954912803062484;0.005954912803062484;0.018644067796610223;5246020.0;21.527.277.698.673.200;0.9243578941750127;-0.1843335722957931;0.018036885956276127
DBC;08/01/2026;23.78;23.95;23.38;23.38;5049200;-0.011416490486257924;0.011416490486257924;0.02396972245584526;5324930.0;2.104.915.631.788.460;0.9482190376211518;-0.13099337371813013;0.01796041599829296
DBC;09/01/2026;23.56;23.6;22.68;22.9;8728200;-0.020530367835757124;0.020530367835757124;0.039049235993208906;5339885.0;21.016.766.613.136.700;16.345.295.825.659.100;16.121.961.395.727.200;0.01796952465783232
DBC;12/01/2026;23.21;24.13;23.16;24.04;4728900;0.049781659388646426;0.049781659388646426;0.04179233089185691;5637995.0;2.139.875.231.108.240;0.8387556214576282;-0.42483551694234856;0.018087375926846453
DBC;13/01/2026;24.22;24.57;24.09;24.22;5858900;0.0074875207986688785;0.0074875207986688785;0.0198183319570603;5752685.0;20.171.253.060.455.900;10.184.635.522.369.100;0.05265661963669761;0.02100387935518527
DBC;14/01/2026;24.48;25.76;24.31;25.32;19023900;0.045417010734929875;0.045417010734929875;0.059232026143790965;5814370.0;1.999.619.094.280.350;3.271.876.402.774.500;6.606.023.135.998.310;0.020166003459033698
DBC;15/01/2026;25.58;25.58;24.75;24.92;5287000;-0.01579778830963663;0.01579778830963663;0.03244722439405779;6394405.0;35.625.655.358.662.700;0.8268165685470344;-0.310844808004556;0.02063869982281113
DBC;16/01/2026;25.14;25.27;24.66;24.66;5276700;-0.010433386837881309;0.010433386837881309;0.024264120922832116;6386785.0;35.648.779.468.698.400;0.826190328937016;-0.3113949527990749;0.02094283507781721
DBC;19/01/2026;24.79;24.83;24.48;24.66;3958700;0.0;0.0;0.014118596208148362;6114345.0;34.211.579.336.265.400;0.6474446567866223;-0.6300922207689322;0.02026587023917816
DBC;20/01/2026;24.88;25.14;24.48;24.53;5767600;-0.005271695052716963;0.005271695052716963;0.026527331189710616;6114625.0;34.209.719.638.961.000;0.9432467240427663;-0.1014404688674434;0.020266353502205917
DBC;21/01/2026;24.61;24.88;24.26;24.88;6051000;0.014268242967794498;0.014268242967794498;0.025193010971149836;5986340.0;3.381.269.624.112.720;10.108.012.575.296.400;0.01912299437432983;0.01952156327387743
DBC;22/01/2026;25.1;26.07;25.1;25.19;12470600;0.012459807073954998;0.012459807073954998;0.03864541832669318;6047735.0;3.370.166.073.102.260;2.062.028.180.798.260;19.058.007.411.746.600;0.019642796051916385
DBC;23/01/2026;25.45;25.45;24.75;24.79;5156700;-0.015879317189360975;0.015879317189360975;0.027504911591355572;6409420.0;36.547.142.481.141.300;0.8045501777071873;-0.3427682480638301;0.019748199773509025
DBC;26/01/2026;24.97;25.36;24.0;24.26;10440100;-0.021379588543767536;0.021379588543767536;0.05446535843011612;6302545.0;3.658.730.114.106.320;16.564.895.609.630.700;11.308.718.793.024.800;0.019855113573494253
DBC;27/01/2026;24.39;25.72;24.22;25.14;12497000;0.036273701566364336;0.036273701566364336;0.06150061500615006;6585840.0;37.523.201.012.875.100;1.897.555.968.562.850;15.753.346.837.258.700;0.01986559143125336
DBC;28/01/2026;25.36;25.58;24.66;24.88;6870600;-0.010342084327764622;0.010342084327764622;0.03627760252365923;6868900.0;39.788.591.989.744;1.000.247.492.320.450;0.00042725814485674587;0.02134297813612576
DBC;29/01/2026;25.05;25.98;24.92;24.92;12944900;0.001607717041800738;0.001607717041800738;0.04231536926147699;7052545.0;38.841.301.519.570.800;18.354.934.282.588.700;15.170.333.561.121.800;0.021379599184768054
DBC;30/01/2026;25.19;25.19;24.75;24.79;8545700;-0.00521669341894071;0.00521669341894071;0.017467248908296994;7504240.0;4.022.390.286.410.620;11.387.828.747.481.400;0.2589157008255768;0.02136397035720432
DBC;02/02/2026;24.97;25.05;24.44;24.57;6926600;-0.008874546187979004;0.008874546187979004;0.024429315178213836;7766785.0;3.902.762.213.352.700;0.8918233220051798;-0.2152795774042894;0.02109241432983685
DBC;03/02/2026;24.7;25.32;24.61;24.75;7586000;0.0073260073260073;0.0073260073260073;0.028744939271255095;7733260.0;39.071.738.629.293.000;0.9809575780459987;-0.03768964606289504;0.02060849698448605
DBC;04/02/2026;24.83;25.54;24.83;25.54;13612300;0.0319191919191919;0.0319191919191919;0.02859444220700769;7900875.0;38.200.786.286.858.200;17.228.851.234.831.500;14.951.066.601.382.500;0.02060898765608537
DBC;05/02/2026;25.89;26.11;25.01;25.01;9521800;-0.02075176194205164;0.02075176194205164;0.042487446890691304;8339030.0;39.519.154.116.906.300;11.418.354.412.923.300;0.299290312869832;0.0216133629597704
DBC;06/02/2026;24.79;24.92;23.91;23.91;10880500;-0.043982407037185145;0.043982407037185145;0.040742234772085585;8562660.0;38.818.798.275.008.300;12.706.915.841.572.500;0.5970921571501172;0.022061566721050294
DBC;09/02/2026;24.17;24.22;23.38;23.56;6501500;-0.014638226683396094;0.014638226683396094;0.034753827058336774;8670275.0;39.163.905.772.474.500;0.7498608752317545;-0.5537688229053683;0.023953905209985377
DBC;10/02/2026;23.6;23.65;23.03;23.25;5484000;-0.013157894736842035;0.013157894736842035;0.026271186440677857;8758905.0;3.841.848.722.257.360;0.6261056604678324;-0.85242945174472;0.02145218086448158
DBC;11/02/2026;23.34;23.82;23.34;23.47;3344400;0.009462365591397903;0.009462365591397903;0.02056555269922881;8740160.0;3.857.625.235.870.000;0.3826474572547871;-13.987.258.144.797.700;0.02152947049471886
DBC;12/02/2026;23.51;23.73;23.51;23.6;1580400;0.005538985939497421;0.005538985939497421;0.009357720119098207;7956185.0;3.193.832.529.682.470;0.19863791503088477;-19.962.803.123.662.400;0.018691358181039147
DBC;13/02/2026;23.56;23.6;23.43;23.51;2657700;-0.003813559322033866;0.003813559322033866;0.007215619694397356;7770855.0;3.453.830.062.786.130;0.3420086978845957;-14.804.303.938.090.400;0.018568243931960163
DBC;23/02/2026;23.73;23.78;23.51;23.69;3126500;0.007656316461080337;0.007656316461080337;0.011378002528444987;7639905.0;35.999.304.583.159.000;0.4092328373193122;-12.537.478.299.265.300;0.01847917611276882
DBC;24/02/2026;23.69;24.04;23.65;24.0;4371100;0.013085690164626351;0.013085690164626351;0.016462642465175203;7598295.0;36.491.917.878.772.200;0.575273794976373;-0.8843588354881439;0.018606508396339087
DBC;25/02/2026;24.04;24.26;23.82;23.82;3775400;-0.007499999999999951;0.007499999999999951;0.01830282861896844;7528470.0;3.699.084.141.001.730;0.5014830370579946;-1.014.594.385.242.510;0.018879092560278914
DBC;26/02/2026;23.87;24.0;23.65;23.65;2735100;-0.007136859781696092;0.007136859781696092;0.014662756598240527;7414690.0;37.810.117.360.722.100;0.36887583971818105;-12.376.555.077.454.500;0.018582420388095322
DBC;27/02/2026;23.65;23.69;23.34;23.38;6056100;-0.011416490486257924;0.011416490486257924;0.014799154334038117;6927915.0;37.220.699.097.304.800;0.8741591084763598;-0.2342285398027701;0.018293680488267128
DBC;02/03/2026;22.72;23.21;22.68;22.68;9756200;-0.029940119760479056;0.029940119760479056;0.023327464788732447;6972885.0;37.049.376.487.792.800;13.991.626.134.663.000;0.7512447614110477;0.01815487885120209
DBC;03/03/2026;22.63;23.07;22.06;22.1;7825500;-0.025573192239858877;0.025573192239858877;0.044631020768890924;6938690.0;3.674.281.692.908.440;11.278.065.456.159.500;0.24135601843255222;0.01870924149578091
DBC;04/03/2026;22.24;22.46;21.09;21.97;13217700;-0.005882352941176561;0.005882352941176561;0.06160071942446048;6705115.0;34.435.832.739.313.900;19.712.861.002.384.000;18.912.233.223.170.600;0.01686233371991929
DBC;05/03/2026;22.19;22.5;22.02;22.06;4272900;0.004096495220755614;0.004096495220755614;0.02163136547994594;7022470.0;3.739.400.062.365.760;0.6084611255014262;-0.7352970942243763;0.016835358488842343
DBC;06/03/2026;21.93;22.02;21.62;21.66;7243600;-0.01813236627379866;0.01813236627379866;0.018239854081167284;6588870.0;3.512.413.494.585.650;10.993.690.875.673.600;0.18640459074914117;0.01690410925153066
DBC;09/03/2026;20.21;20.7;20.17;20.17;6559000;-0.06879039704524459;0.06879039704524459;0.026224641266699534;6523765.0;34.862.031.607.730.800;10.054.010.222.624.500;0.010106984124294815;0.017120348618192865
DBC;10/03/2026;20.65;20.65;20.03;20.34;6104500;0.008428358948934012;0.008428358948934012;0.03002421307506041;6505385.0;34.849.363.511.933.000;0.9383764373668891;-0.11503366477919469;0.022068918504562416
DBC;11/03/2026;20.56;21.27;20.43;21.27;4502900;0.04572271386430682;0.04572271386430682;0.04085603112840466;6431310.0;34.764.931.207.816.500;0.7001528459987156;-0.5546997888396272;0.022114696988702234
DBC;12/03/2026;21.05;21.27;20.65;20.78;3044500;-0.023037141513869264;0.023037141513869264;0.029453681710213824;5975840.0;30.576.665.792.552.900;0.509468124983266;-0.9586852994004122;0.02363910406252612
DBC;13/03/2026;20.52;20.92;20.52;20.7;2508600;-0.0038498556304139564;0.0038498556304139564;0.019493177387914333;5651975.0;3.004.893.591.228.360;0.44384485069378404;-10.460.852.953.914.400;0.023705165317365256
DBC;16/03/2026;20.78;20.83;20.48;20.52;2522700;-0.008695652173912993;0.008695652173912993;0.016843118383060532;5233380.0;2.815.345.371.278.450;0.4820402875388372;-0.9628232570162699;0.02223678045794004
DBC;17/03/2026;20.83;21.14;20.65;20.78;2168500;0.012670565302144388;0.012670565302144388;0.023523763802208452;5034440.0;2.861.222.934.046.880;0.4307331103360056;-10.016.486.188.115.500;0.022168153641236886
DBC;18/03/2026;20.87;21.09;20.61;20.7;2158600;-0.0038498556304139564;0.0038498556304139564;0.022999520843315784;4868665.0;29.290.488.645.319.400;0.4433658918820662;-0.925237210213994;0.022518438952492975
DBC;19/03/2026;20.65;20.65;20.26;20.43;3375000;-0.01304347826086949;0.01304347826086949;0.018886198547215353;4809375.0;29.731.958.722.232.400;0.7017543859649122;-0.4824354202158329;0.022252573466679672
DBC;20/03/2026;20.43;20.83;20.3;20.48;2945700;0.0024473813020069457;0.0024473813020069457;0.025942241801272522;4899105.0;28.967.141.351.020.500;0.6012730896765838;-0.6743520102066187;0.022132118127573767
DBC;23/03/2026;20.56;20.56;19.29;19.37;4156000;-0.05419921875;0.05419921875;0.061770428015564184;4913505.0;2.885.680.165.644.620;0.8458320486088851;-0.26250483647441303;0.02222290981143616
DBC;24/03/2026;19.81;19.95;19.64;19.64;2202200;0.013939081053174984;0.013939081053174984;0.015648662291771767;4964980.0;28.612.040.508.554.500;0.4435466003891254;-0.9656004782930374;0.024333057000655068
DBC;25/03/2026;19.9;20.61;19.86;20.52;3045100;0.044806517311609007;0.044806517311609007;0.03768844221105528;4856535.0;2.925.283.047.982.850;0.6270108215013379;-0.6192340947140433;0.024375881633566635
DBC;26/03/2026;20.34;20.56;20.08;20.17;1442700;-0.01705653021442488;0.01705653021442488;0.02359882005899707;4820020.0;2.943.986.862.384.880;0.299314110729831;-11.471.926.193.529.500;0.027258473186986275
DBC;27/03/2026;20.26;20.52;20.12;20.43;1756100;0.012890431333663743;0.012890431333663743;0.019743336623889364;4755400.0;30.056.963.319.670.300;0.3692854439163898;-0.9978719300752363;0.027349813424055958
DBC;30/03/2026;19.99;20.61;19.99;20.39;2219800;-0.0019579050416054233;0.0019579050416054233;0.03101550775387699;4540400.0;3.061.041.088.463.730;0.48889965641793676;-0.758108085757404;0.027707511766503663
DBC;31/03/2026;20.52;20.56;20.26;20.43;1943800;0.0019617459538989745;0.0019617459538989745;0.014619883040935535;4163580.0;28.411.471.629.755.900;0.4668578482940162;-0.78129708623582;0.02715472288757415
DBC;01/04/2026;20.7;20.83;20.52;20.52;2944400;0.004405286343612369;0.004405286343612369;0.014975845410627959;3869495.0;27.449.309.477.413.900;0.7609261673680933;-0.3370194069039122;0.026749255666581727
DBC;02/04/2026;20.61;20.61;20.26;20.39;1729400;-0.006335282651072083;0.006335282651072083;0.016982047549733037;3355830.0;16.439.378.532.561.600;0.5153419571313207;-0.9893500516327361;0.026801445935291955
DBC;03/04/2026;20.56;20.56;20.08;20.08;2301300;-0.015203531142717108;0.015203531142717108;0.023346303501945546;3228655.0;16.674.734.936.660.900;0.7127735852855136;-0.5561437729130684;0.026756266179234628
DBC;06/04/2026;19.99;20.17;19.64;19.64;2165200;-0.02191235059760943;0.02191235059760943;0.026513256628314216;2981540.0;13.831.272.093.568.400;0.7262018956646565;-0.5902132460972995;0.026680355643527782
DBC;07/04/2026;19.81;19.95;19.64;19.73;852100;0.0045824847250508505;0.0045824847250508505;0.015648662291771767;2761850.0;11.062.191.105.411.200;0.3085250828249181;-17.263.758.886.481.400;0.022343505357018595
DBC;08/04/2026;20.21;20.61;19.99;20.61;3170900;0.04460212873796254;0.04460212873796254;0.030677882236516622;2499230.0;8.689.117.344.187.570;12.687.507.752.387.700;0.7730014147516392;0.02227368563157341
DBC;09/04/2026;20.61;20.61;20.26;20.3;3184400;-0.01504124211547786;0.01504124211547786;0.016982047549733037;2432630.0;7.501.887.608.778.570;13.090.358.994.175.000;10.021.077.883.388.800;0.022150280217729523
DBC;10/04/2026;20.52;20.65;20.34;20.48;2144000;0.008866995073891548;0.008866995073891548;0.015107212475633467;2439625.0;7.568.172.621.508.840;0.8788235896910386;-0.39061609028291694;0.021807595073902664
DBC;13/04/2026;20.26;20.39;20.17;20.3;2480500;-0.0087890625;0.0087890625;0.010858835143139133;2421395.0;7.594.549.613.998.340;10.244.094.829.633.300;0.07782554990628687;0.02190352865733466
DBC;14/04/2026;20.56;21.4;20.3;21.31;5644000;0.04975369458128065;0.04975369458128065;0.05350194552529173;2419285.0;7.592.172.764.901.620;23.329.206.769.768.700;4.247.420.468.232.430;0.021905421597623122
DBC;15/04/2026;21.31;21.36;20.83;20.87;3364400;-0.020647583294228;0.020647583294228;0.02487095260441113;2593060.0;10.433.686.659.339.100;12.974.632.287.721.800;0.7392784786282389;0.02448015486980585
DBC;16/04/2026;20.78;20.92;20.39;20.52;3252400;-0.01677048394825109;0.01677048394825109;0.02550529355149187;2653350.0;10.517.468.554.242.600;12.257.711.949.045.500;0.5695762216073854;0.024958412592510533
DBC;17/04/2026;20.61;20.96;20.43;20.52;2013800;0.0;0.0;0.025715672003881668;2647220.0;10.476.687.943.892.000;0.7607225693368893;-0.6045994720777066;0.02508007264686822
DBC;20/04/2026;20.52;20.65;20.48;20.48;1595600;-0.0019493177387913674;0.0019493177387913674;0.008284600389863457;2600625.0;10.543.967.309.245.100;0.6135448209565009;-0.953175375571184;0.025076129238705083
DBC;21/04/2026;20.65;20.65;20.34;20.34;1698100;-0.0068359375;0.0068359375;0.015012106537530205;2472605.0;10.101.171.977.209.700;0.6867655771949017;-0.7667476622984348;0.021564984535849686
DBC;22/04/2026;20.34;20.43;20.21;20.21;1720200;-0.006391347099311662;0.006391347099311662;0.010816125860373593;2447400.0;10.234.212.900.082.700;0.7028683500858054;-0.7105578192477541;0.021510983853307717
DBC;23/04/2026;20.21;20.39;20.03;20.34;3003800;0.00643245917862445;0.00643245917862445;0.01781296387926766;2381155.0;10.255.739.894.656.500;12.614.886.473.161.100;0.6071185564333667;0.019050427048922416
DBC;24/04/2026;20.39;20.39;20.03;20.12;1521500;-0.010816125860373615;0.010816125860373615;0.0176557135850907;2459210.0;1.009.673.618.395.710;0.6186946214434716;-0.9287258604319484;0.01870280536895528
DBC;28/04/2026;20.12;20.21;19.77;19.81;1860600;-0.015407554671968304;0.015407554671968304;0.021868787276342012;2447480.0;10.195.860.876.381.800;0.7602105022308661;-0.5756061279332209;0.01863284255115033
DBC;29/04/2026;19.9;19.99;19.46;19.9;2059400;0.004543160020191728;0.004543160020191728;0.02663316582914561;2429520.0;10.269.448.489.266.200;0.8476571503836149;-0.36040883830018106;0.018924764751428652
DBC;04/05/2026;20.08;20.12;19.86;19.86;1058800;-0.0020100502512562235;0.0020100502512562235;0.01294820717131482;2435300.0;10.243.893.035.673.700;0.4347718966862399;-13.437.274.239.455.800;0.01895677588813536
DBC;05/05/2026;19.86;20.26;19.81;20.03;2321600;0.008559919436052388;0.008559919436052388;0.022658610271903468;2341020.0;10.611.783.552.656.400;0.9917044707008056;-0.01830041095696736;0.01891212889026644
DBC;06/05/2026;20.08;20.21;19.86;20.17;1527500;0.006989515726410378;0.006989515726410378;0.017430278884462223;2370630.0;10.514.314.453.714.400;0.6443434867524667;-0.8018877537965838;0.019003369348947946
DBC;07/05/2026;20.08;20.3;19.99;19.99;1539400;-0.008924144769459796;0.008924144769459796;0.015438247011952306;2331940.0;10.682.197.888.371.300;0.660137053268952;-0.7419259671858003;0.018759622328019136
DBC;08/05/2026;19.99;20.03;19.77;19.81;2068300;-0.00900450225112559;0.00900450225112559;0.013006503251625893;2300650.0;1.082.431.788.783.250;0.8990068024254015;-0.21465555835271793;0.01816231176381106
DBC;11/05/2026;19.99;19.99;19.77;19.77;1611500;-0.002019182231196348;0.002019182231196348;0.011005502751375632;2361460.0;10.296.459.603.082.100;0.6824168099396136;-0.7283668648352716;0.018276477547043642
DBC;12/05/2026;19.95;19.95;19.73;19.77;1369000;0.0;0.0;0.011027568922305707;2283490.0;10.241.531.993.233.700;0.5995209087843608;-0.8929230515553501;0.015019279123851712
DBC;13/05/2026;19.81;20.17;19.77;19.9;1926500;0.006575619625695417;0.006575619625695417;0.020191822311963762;2192720.0;10.205.461.647.156.700;0.878589149549418;-0.2608603208794269;0.014703739552947095
DBC;14/05/2026;20.08;20.12;19.81;19.9;1211100;0.0;0.0;0.015438247011952306;2181845.0;10.222.500.762.508.200;0.5550806771333435;-0.9496159722093372;0.014629739711375184
DBC;15/05/2026;19.95;19.95;19.77;19.86;1222100;-0.0020100502512562235;0.0020100502512562235;0.00902255639097743;2118375.0;10.419.488.667.497.700;0.5769044668672921;-0.8601909638769641;0.014525699174164557
DBC;18/05/2026;19.73;19.81;19.55;19.64;2094700;-0.011077542799597162;0.011077542799597162;0.013177901672579727;1897280.0;649.822.187.500.944;11.040.542.249.957.800;0.3038061854416339;0.00830595361241189
DBC;19/05/2026;19.64;19.77;19.59;19.59;1493200;-0.002545824847250522;0.002545824847250522;0.009164969450101819;1833795.0;5.538.874.714.474.110;0.8142676798660701;-0.6149173208593461;0.007501886866744667
DBC;20/05/2026;19.51;19.64;18.71;19.2;3178800;-0.019908116385911168;0.019908116385911168;0.047667862634546365;1745835.0;44.590.893.957.716.100;18.207.906.245.435.500;3.213.582.130.375.820;0.006766462237668407
DBC;21/05/2026;19.24;19.29;19.02;19.15;1430800;-0.0026041666666667407;0.0026041666666667407;0.014033264033264011;1804085.0;5.473.180.094.309.520;0.7930890174243453;-0.6820257940865222;0.007797001805209598
DBC;22/05/2026;19.11;19.24;18.93;19.11;1762000;-0.002088772845952991;0.002088772845952991;0.01622187336473044;1795845.0;5.518.438.380.128.230;0.981153718722941;-0.061330756399989965;0.007792449337722226
DBC;25/05/2026;19.33;19.59;19.33;19.33;1745600;0.011512297226582868;0.011512297226582868;0.013450594930160455;1799040.0;551.432.968.107.531;0.9702952685876912;-0.09691114440146975;0.007751997928756601
DBC;26/05/2026;19.46;19.46;19.29;19.42;929500;0.004655975168132542;0.004655975168132542;0.008735868448098752;1800310.0;5.512.710.613.234.860;0.5162999705606257;-15.796.403.277.715.400;0.008360024253643916
DBC;27/05/2026;19.42;19.51;19.29;19.33;1238400;-0.00463439752832151;0.00463439752832151;0.011328527291452235;1696595.0;5.062.182.662.959.440;0.7299326002964762;-0.9051332804575863;0.0082725683015843
DBC;28/05/2026;19.33;19.46;19.02;19.07;1627800;-0.01345059493016032;0.01345059493016032;0.022762545266425314;1682440.0;515.249.497.458.922;0.9675233589310763;-0.10604571235774209;0.008049278329284528
DBC;29/05/2026;19.02;19.24;18.93;18.93;1050500;-0.007341373885684344;0.007341373885684344;0.016298633017875853;1670800.0;51.363.993.122.367.400;0.6287407230069428;-1.207.655.328.747.940;0.00788760194258826
DBC;01/06/2026;19.02;19.29;18.98;19.2;891400;0.014263074484944571;0.014263074484944571;0.016298633017875853;1620355.0;52.292.506.102.448.500;0.5501263611986262;-13.939.951.521.387.600;0.007826297331990653
DBC;02/06/2026;19.07;19.33;19.07;19.07;1945800;-0.0067708333333332815;0.0067708333333332815;0.013633980073413635;1611985.0;5.336.168.547.356.680;12.070.831.924.614.600;0.6255705700401046;0.008676009746725359
DBC;03/06/2026;19.07;19.64;19.07;19.46;2903000;0.020450970110120537;0.020450970110120537;0.02988987939171475;1593195.0;5.135.536.526.832.450;18.221.247.242.176.800;25.504.735.350.560.700;0.008399055420377475
DBC;04/06/2026;19.59;19.59;19.29;19.33;2139700;-0.0066803699897226565;0.0066803699897226565;0.015313935681470174;1661970.0;5.906.144.446.342.460;12.874.480.285.444.300;0.8088694821811327;0.009640368523526894
DBC;05/06/2026;19.6;19.6;19.3;19.3;975200;-0.0015519917227106994;0.0015519917227106994;0.015306122448979626;1691985.0;599.248.106.314.192;0.5763644476753635;-1.196.140.617.629.550;0.009565200826349946
DBC;08/06/2026;19.7;19.7;19.0;19.05;1612300;-0.012953367875647714;0.012953367875647714;0.035532994923857836;1637330.0;6.128.145.569.077.050;0.9847129167608241;-0.040844330014454436;0.009406806187603233
DBC;09/06/2026;19.0;19.15;18.85;19.05;1014600;0.0;0.0;0.015789473684210378;1637370.0;6.128.128.082.865.860;0.6196522472013045;-10.162.483.413.838.100;0.009764126289375584
DBC;10/06/2026;19.05;19.1;18.8;18.8;1463700;-0.013123359580052507;0.013123359580052507;0.01574803149606303;1619650.0;6.259.641.519.079.000;0.9037137653196678;-0.2491356725855209;0.009764126289375584
DBC;11/06/2026;18.6;18.7;18.45;18.5;1956400;-0.015957446808510634;0.015957446808510634;0.013440860215053762;1596510.0;6.225.687.684.696.180;12.254.229.538.180.100;0.5780726856643833;0.009866946224264995
DBC;12/06/2026;18.65;18.65;18.4;18.5;1242000;0.0;0.0;0.013404825737265416;1633775.0;6.205.876.628.139.930;0.7602025982769965;-0.6312967908893562;0.010266317470615322
DBC;15/06/2026;18.6;18.85;18.55;18.85;1033100;0.018918918918918948;0.018918918918918948;0.016129032258064554;1634770.0;6.199.084.585.222.730;0.6319543422010435;-0.9705787874458914;0.010292412258545009
DBC;16/06/2026;18.9;19.25;18.9;19.25;1532100;0.021220159151193574;0.021220159151193574;0.018518518518518594;1581690.0;6.238.912.227.220.110;0.9686474593630863;-0.07948500987662699;0.011267928946342489
DBC;17/06/2026;19.25;19.3;19.15;19.2;1128100;-0.0025974025974025983;0.0025974025974025983;0.007792207792207903;1583635.0;6.236.614.265.981.250;0.7123484893930735;-0.7304203540129112;0.01240233843084116
DBC;18/06/2026;19.2;19.25;19.0;19.05;1153900;-0.007812499999999889;0.007812499999999889;0.013020833333333334;1481100.0;5.048.611.148.259.010;0.7790831139018297;-0.6480990323701858;0.011575256274580541
DBC;19/06/2026;19.0;19.1;18.9;18.9;751000;-0.007874015748031593;0.007874015748031593;0.010526315789473833;1467255.0;51.008.287.404.580.700;0.5118401368541937;-14.041.933.898.288.000;0.011696382245738924
DBC;22/06/2026;18.8;18.9;18.75;18.75;657100;-0.007936507936507908;0.007936507936507908;0.007978723404255244;1416705.0;5.290.779.859.689.270;0.4638227436198785;-14.357.146.208.018.700;0.011816548435965598
DBC;23/06/2026;18.75;18.95;18.75;18.75;881800;0.0;0.0;0.010666666666666628;1362280.0;5.490.725.679.199.420;0.6472971782599759;-0.8750755875861859;0.011574953631877122
DBC;24/06/2026;18.9;18.9;18.6;18.75;852000;0.0;0.0;0.015873015873015723;1359895.0;5.511.510.323.859.460;0.6265189591843487;-0.9215169166994202;0.011492023853223962
DBC;25/06/2026;18.75;18.85;18.6;18.6;749900;-0.007999999999999896;0.007999999999999896;0.013333333333333334;1340575.0;5.622.938.357.862.840;0.5593868302780524;-10.504.739.024.464.400;0.011476274745438565
DBC;26/06/2026;18.6;18.7;18.5;18.5;974300;-0.005376344086021612;0.005376344086021612;0.010752688172042972;1296680.0;5.728.587.651.788.180;0.7513804485300922;-0.5627565110212963;0.01123880194059642
DBC;29/06/2026;18.6;18.65;18.5;18.55;808300;0.002702702702702675;0.002702702702702675;0.008064516129032182;1292870.0;5.748.322.447.280.100;0.6251982024488154;-0.842976371705246;0.011190656627167988
DBC;30/06/2026;18.6;18.65;18.5;18.55;873300;0.0;0.0;0.008064516129032182;1288715.0;5.781.774.780.108.980;0.6776517693981989;-0.7184904563027091;0.010641014623415348
DBC;01/07/2026;18.5;18.65;18.5;18.5;1039500;-0.0026954177897574594;0.0026954177897574594;0.00810810810810803;1235090.0;5.635.783.622.719.630;0.841639070836943;-0.34705022955727843;0.010577610807572869
DBC;02/07/2026;18.6;18.7;18.55;18.6;595600;0.005405405405405572;0.005405405405405572;0.008064516129032182;1141915.0;40.506.600.537.520.100;0.5215799774939466;-13.487.061.188.804.500;0.009252496829919602
DBC;03/07/2026;18.6;18.7;18.5;18.5;993600;-0.005376344086021612;0.005376344086021612;0.010752688172042972;1064710.0;34.801.420.403.573.100;0.9332118605066169;-0.20433074045649863;0.009358193149090211
DBC;06/07/2026;18.5;18.55;18.15;18.2;2347400;-0.016216216216216273;0.016216216216216273;0.021621621621621737;1065630.0;34.778.937.228.411.900;2.202.828.373.825.810;36.854.777.694.382.300;0.00939012199505205
DBC;07/07/2026;18.2;18.2;17.95;18.0;1870200;-0.01098901098901095;0.01098901098901095;0.013736263736263736;1102385.0;43.620.728.688.511.800;16.965.034.901.599.700;17.602.067.252.998.800;0.009614765900399606
DBC;08/07/2026;18.05;18.1;17.85;17.95;1397800;-0.002777777777777768;0.002777777777777768;0.013850415512465374;1145165.0;46.794.569.216.511.200;12.206.101.304.178.800;0.5398810251486595;0.009792613013438051
DBC;09/07/2026;17.9;18.1;17.8;17.8;1193400;-0.00835654596100266;0.00835654596100266;0.01675977653631289;1141870.0;4.658.118.550.615.540;10.451.277.290.759.800;0.11062406299897763;0.009486235396304008
DBC;10/07/2026;17.8;17.8;17.35;17.35;2716100;-0.0252808988764045;0.0252808988764045;0.025280898876404452;1103720.0;4.250.523.665.572.120;24.608.596.383.140.600;3.793.367.892.666.400;0.009051218870326557
DBC;13/07/2026;17.35;17.35;16.85;16.9;3318600;-0.025936599423631246;0.025936599423631246;0.02881844380403458;1177425.0;5.574.717.428.525.350;28.185.234.728.326.600;38.408.673.218.911.200;0.0104334265740697
DBC;14/07/2026;16.8;17.4;16.8;17.25;1585400;0.020710059171597628;0.020710059171597628;0.03571428571428559;1291700.0;7.329.588.665.130.500;12.273.747.774.250.900;0.40070461443114375;0.010258949850316904
DBC;15/07/2026;17.4;17.4;17.15;17.2;1277500;-0.0028985507246377384;0.0028985507246377384;0.014367816091954025;1294365.0;7.339.751.460.549.670;0.9869704449672233;-0.02297761728124915;0.010189699477015783
DBC;16/07/2026;17.2;17.85;17.1;17.75;3137100;0.03197674418604657;0.03197674418604657;0.0436046511627907;1301835.0;7.329.534.754.209.670;24.097.523.879.754.300;25.039.310.973.263.700;0.010185530050465758
DBC;17/07/2026;17.7;17.75;17.45;17.45;1238600;-0.016901408450704314;0.016901408450704314;0.016949152542372923;1400995.0;8.384.463.667.842.910;0.8840859531975489;-0.19368561476727061;0.013150978338235992
DBC;20/07/2026;16.3;17.2;16.25;16.25;7689000;-0.06876790830945556;0.06876790830945556;0.05828220858895701;1425375.0;8.255.411.251.671.230;5.394.369.902.657.190;7.587.296.149.216.050;0.013462194650782888
DBC;21/07/2026;16.4;16.55;16.2;16.3;1739500;0.0030769230769231992;0.0030769230769231992;0.021341463414634235;1776970.0;16.078.625.173.945.000;0.978913543841483;-0.023304231297535963;0.019801962084338
DBC;22/07/2026;16.45;16.55;16.0;16.0;1657900;-0.018404907975460127;0.018404907975460127;0.0334346504559271;1819855.0;15.941.093.508.932.600;0.9110066461338953;-0.10159591618306968;0.019870543373946434
DBC;23/07/2026;15.85;16.2;15.45;16.1;2295300;0.006250000000000089;0.006250000000000089;0.04731861198738171;1860150.0;15.784.656.142.163.000;1.233.932.747.359.080;0.2756791127287553;0.019965731435380853
DBC;24/07/2026;16.0;16.25;15.95;16.1;951300;0.0;0.0;0.018750000000000044;1937420.0;15.589.606.458.690.700;0.4910138225062196;-0.6325496430028671;0.020207461838613286
DBC;27/07/2026;16.0;16.15;15.7;15.7;1549500;-0.024844720496894568;0.024844720496894568;0.028124999999999956;1936270.0;15.597.168.042.882.100;0.8002499651391594;-0.24797450340769064;0.020265773434708884
DBC;28/07/2026;15.5;16.1;15.5;16.0;1877400;0.019108280254777066;0.019108280254777066;0.03870967741935493;1973330.0;1.540.188.292.009.190;0.9513867422073348;-0.062284592408411464;0.020525831388431014
DBC;29/07/2026;16.15;16.35;16.0;16.15;1407700;0.009374999999999911;0.009374999999999911;0.021671826625387088;2023535.0;15.186.584.322.927.100;0.6956637765099195;-0.40551251479918;0.02135090464304535
DBC;30/07/2026;16.15;16.5;16.0;16.45;2452400;0.018575851393188847;0.018575851393188847;0.030959752321981428;2041945.0;15.082.980.047.147.100;12.010.117.804.348.300;0.27213123581479093;0.02165180328986623
DBC;31/07/2026;16.5;16.65;16.25;16.3;1953900;-0.009118541033434568;0.009118541033434568;0.024242424242424156;2134785.0;14.712.770.801.604.100;0.915267813854791;-0.12294421114769088;0.022226957581791103
DBC;03/08/2026;16.0;16.7;15.95;16.55;2373700;0.015337423312883347;0.015337423312883347;0.046875;2182800.0;14.475.528.544.118.400;108.745.647.791.827;0.13187774071128108;0.022238208347399202
DBC;04/08/2026;16.45;17.1;16.45;16.6;1997200;0.0030211480362538623;0.0030211480362538623;0.03951367781155028;2184115.0;1.447.722.187.756.040;0.9144207150264524;-0.12910971564904783;0.02259696601402439
DBC;05/08/2026;16.85;17.05;16.6;16.75;2396500;0.009036144578313143;0.009036144578313143;0.02670623145400589;2190465.0;14.465.508.753.674.700;10.940.599.370.453.300;0.14243190717205853;0.02260215855161185
DBC;06/08/2026;16.85;16.95;16.6;16.6;1311100;-0.008955223880596885;0.008955223880596885;0.020771513353115598;2240400.0;14.349.388.727.124.000;0.5852079985716836;-0.6476234058969946;0.022783728578671964
DBC;07/08/2026;16.5;16.75;16.5;16.65;1158800;0.0030120481927708997;0.0030120481927708997;0.015151515151515152;2246285.0;1.430.653.855.401.000;0.5158739874949083;-0.760131457301515;0.022791249060567856
DBC;10/08/2026;16.65;16.8;16.6;16.8;1349500;0.009009009009009139;0.009009009009009139;0.01201201201201197;2168420.0;14.460.340.854.976.900;0.6223425351177355;-0.566321366980881;0.02222160239582557
DBC;11/08/2026;16.9;16.95;16.7;16.7;1160800;-0.005952380952381042;0.005952380952381042;0.014792899408284025;2069965.0;14.305.524.355.352.600;0.5607824286884078;-0.6355342016245777;0.021590213491435296
DBC;12/08/2026;16.65;16.8;16.5;16.7;976500;0.0;0.0;0.018018018018018063;2048735.0;14.412.328.174.079.900;0.4766355824447769;-0.7439707083053932;0.02105612712805224
DBC;13/08/2026;16.7;16.8;16.55;16.55;1225100;-0.008982035928143617;0.008982035928143617;0.014970059880239521;2033685.0;14.512.470.692.749.100;0.6024040104539297;-0.5571656385180443;0.02105526866148453
DBC;14/08/2026;16.45;16.6;16.25;16.25;1004900;-0.01812688821752273;0.01812688821752273;0.021276595744680937;1938085.0;14.376.468.511.809.900;0.5185015105116648;-0.6491058629825623;0.01959372503601773
DBC;17/08/2026;16.25;16.4;16.1;16.1;645000;-0.009230769230769154;0.009230769230769154;0.018461538461538286;1926400.0;14.445.644.963.831.100;0.33482142857142855;-0.8870493516962041;0.01964033847405472
DBC;18/08/2026;16.2;16.3;16.0;16.05;737700;-0.0031055900621118626;0.0031055900621118626;0.018518518518518563;1574200.0;5.429.982.795.359.850;0.4686189810697497;-1.540.520.534.825.310;0.0123736788178588
DBC;19/08/2026;16.1;16.15;15.9;15.95;744300;-0.006230529595015688;0.006230529595015688;0.015527950310558895;1524110.0;5.723.600.034.759.940;0.4883505783703276;-1.362.446.703.585.400;0.012359709351312281
DBC;20/08/2026;16.0;16.1;15.85;15.9;543400;-0.0031347962382444194;0.0031347962382444194;0.01562500000000011;1478430.0;5.970.450.975.650.070;0.3675520653666389;-15.660.961.019.752.600;0.011725351353686393
DBC;21/08/2026;15.9;16.5;15.85;16.45;1843300;0.03459119496855334;0.03459119496855334;0.04088050314465411;1390835.0;599.400.619.281.321;13.253.189.630.689.400;0.7548624166296388;0.011645745670131597
DBC;24/08/2026;16.8;16.8;16.55;16.6;1145000;0.00911854103343468;0.00911854103343468;0.01488095238095238;1435435.0;5.981.590.751.939.950;0.7976676059870353;-0.485548095890388;0.014053155762256749
DBC;25/08/2026;16.5;17.75;16.5;17.7;8747300;0.06626506024096379;0.06626506024096379;0.07575757575757576;1415210.0;6.009.313.805.297.210;6.180.920.146.126.720;12.201.210.050.865.900;0.012734377916659295
DBC;26/08/2026;17.65;17.7;17.35;17.7;1625100;0.0;0.0;0.01983002832861178;1758705.0;1.747.891.960.853.380;0.9240321713988418;-0.07643779077441913;0.01881409440103137
DBC;27/08/2026;17.7;17.75;17.3;17.4;1816000;-0.016949152542372947;0.016949152542372947;0.025423728813559282;1769575.0;17.462.694.444.157.400;10.262.351.129.508.400;0.026585244418299053;0.018822048635999854
DBC;28/08/2026;17.4;17.4;17.15;17.2;826800;-0.011494252873563204;0.011494252873563204;0.014367816091954025;1737755.0;17.389.551.843.367.500;0.4757862874801108;-0.5238519130367603;0.019123117972116153
DBC;03/09/2026;17.15;17.3;17.0;17.05;1994700;-0.008720930232558044;0.008720930232558044;0.017492711370262433;1681400.0;17.498.111.200.325.400;11.863.328.178.898.500;0.17904789632047374;0.019209410230666062
DBC;04/09/2026;16.9;17.15;16.8;16.8;2305900;-0.014662756598240456;0.014662756598240456;0.02071005917159751;1662450.0;17.439.615.475.903.600;13.870.492.345.634.400;0.36895882302511573;0.019140187356949025
DGW;05/05/2025;31.45;31.68;31.4;31.68;539200;;;0.008903020667726587;;;;;
DGW;06/05/2025;31.73;32.45;31.73;31.93;1180600;0.007891414141414144;0.007891414141414144;0.022691459186889456;;;;;
DGW;07/05/2025;31.83;32.02;31.5;31.68;664500;-0.007829627309740017;0.007829627309740017;0.01633678919258571;;;;;
DGW;08/05/2025;32.07;32.88;31.83;32.55;1781700;0.027462121212121104;0.027462121212121104;0.032740879326473474;;;;;
DGW;09/05/2025;32.55;32.79;32.21;32.21;970000;-0.010445468509984512;0.010445468509984512;0.01781874039938551;;;;;
DGW;12/05/2025;32.5;32.55;31.73;32.02;958900;-0.00589878919590181;0.00589878919590181;0.02523076923076913;;;;;
DGW;13/05/2025;32.83;32.88;32.21;32.5;2066800;0.01499063085571506;0.01499063085571506;0.020408163265306176;;;;;
DGW;14/05/2025;32.79;33.56;32.65;33.27;2592200;0.02369230769230768;0.02369230769230768;0.027752363525465194;;;;;
DGW;15/05/2025;33.65;33.65;32.93;33.08;1227300;-0.005710850616170826;0.005710850616170826;0.021396731054977677;;;;;
DGW;16/05/2025;33.08;33.18;32.4;32.4;1342700;-0.02055622732769047;0.02055622732769047;0.023579201934703784;;;;;
DGW;19/05/2025;32.26;32.6;31.78;31.78;1063600;-0.01913580246913571;0.01913580246913571;0.02541847489150652;;;;;
DGW;20/05/2025;31.83;32.21;31.78;32.07;1338300;0.009125235997482717;0.009125235997482717;0.013509267986176555;;;;;
DGW;21/05/2025;32.02;32.21;31.78;31.83;914400;-0.00748362956033688;0.00748362956033688;0.013429106808244837;;;;;
DGW;22/05/2025;31.83;32.6;31.63;31.88;1189900;0.0015708451146716484;0.0015708451146716484;0.03047439522463093;;;;;
DGW;23/05/2025;31.83;32.12;31.14;31.24;1200800;-0.020075282308657516;0.020075282308657516;0.030788564247565094;;;;;
DGW;26/05/2025;31.24;31.83;30.27;31.73;950700;0.015685019206145956;0.015685019206145956;0.049935979513444265;;;;;
DGW;27/05/2025;31.73;33.15;31.58;32.9;2554900;0.03687362117869508;0.03687362117869508;0.049479987393633795;;;;;
DGW;28/05/2025;33.24;33.34;32.56;32.61;1594000;-0.008814589665653516;0.008814589665653516;0.023465703971119165;;;;;
DGW;29/05/2025;32.71;33.29;32.66;32.71;1177700;0.0030665440049064685;0.0030665440049064685;0.019260165087129397;;;;;
DGW;30/05/2025;32.76;32.8;31.83;31.83;1491500;-0.02690308774075212;0.02690308774075212;0.029609279609279577;;;;;
DGW;02/06/2025;31.63;32.46;31.49;32.46;663800;0.019792648444863392;0.019792648444863392;0.030667088207398118;1339985.0;5.501.179.254.200.140;0.4953786796120852;-12.291.637.279.111.200;
DGW;03/06/2025;32.71;33.59;32.71;33.34;3061500;0.0271102895871842;0.0271102895871842;0.026903087740752143;1346215.0;5.412.051.943.530.630;2.274.153.831.297.370;3.169.380.149.890.070;0.017688618207015835
DGW;04/06/2025;33.34;34.81;33.34;34.42;3059800;0.03239352129574069;0.03239352129574069;0.04409118176364723;1440260.0;6.610.614.768.767.920;2.124.477.524.891.330;24.499.083.014.965.100;0.018562299603842772
DGW;05/06/2025;34.22;34.51;33.88;34.12;1340300;-0.008715862870424251;0.008715862870424251;0.01841028638223248;1560025.0;7.268.271.486.942.040;0.8591528981907341;-0.3023070896495146;0.019556478006884148
DGW;06/06/2025;34.17;34.17;32.9;32.9;1563000;-0.035756154747948354;0.035756154747948354;0.03716710564822953;1537955.0;7.264.431.715.919.910;1.016.284.611.708.400;0.03447619990028151;0.018969256386376532
DGW;09/06/2025;32.95;34.46;32.95;33.88;2228800;0.029787234042553346;0.029787234042553346;0.04582701062215472;1567605.0;7.140.376.618.955.490;14.217.867.383.684.000;0.9259945732340383;0.02065016613034457
DGW;10/06/2025;34.07;36.22;34.07;36.22;6761700;0.0690672963400234;0.0690672963400234;0.06310537129439385;1631100.0;7.135.224.195.201.540;4.145.484.642.265.950;7.190.523.884.940.210;0.021522152918776606
DGW;11/06/2025;36.51;38.27;36.22;37.88;6536000;0.045831032578685926;0.045831032578685926;0.05614900027389768;1865845.0;13.514.960.168.856.900;350.297.050.398.077;34.555.447.753.087.900;0.02602700277459412
DGW;12/06/2025;38.08;39.49;37.49;39.35;6800600;0.03880675818373813;0.03880675818373813;0.052521008403361345;2063035.0;17.046.278.557.518.800;32.964.055.384.421.400;27.792.371.126.719.200;0.02727126910920618
DGW;13/06/2025;38.66;39.69;38.37;39.35;4847400;0.0;0.0;0.03414381789963788;2341700.0;1.992.120.688.322.390;2.070.034.590.254.940;12.578.053.200.733.000;0.027998508446175012
DGW;16/06/2025;39.44;39.83;38.66;39.49;2911000;0.0035578144853876115;0.0035578144853876115;0.029665314401622764;2516935.0;2.052.838.051.980.200;11.565.654.258.055.900;0.19196107536095075;0.027219655103756762
DGW;17/06/2025;39.64;40.27;39.64;40.03;4381800;0.01367434793618627;0.01367434793618627;0.015893037336024284;2609305.0;20.253.810.239.258.500;16.792.977.440.352.800;0.875141506245734;0.026396858701734548
DGW;18/06/2025;39.79;40.86;39.49;40.03;2743200;0.0;0.0;0.03443076149786372;2761480.0;20.391.476.257.443.800;0.9933803612555586;-0.008964529967920774;0.02639722243103952
DGW;19/06/2025;40.03;42.81;39.25;42.81;7322300;0.06944791406445172;0.06944791406445172;0.08893330002498132;2852920.0;19.924.296.449.574.400;256.659.843.248.321;22.431.808.376.829.500;0.026166393792631307
DGW;20/06/2025;42.96;43.74;42.71;43.45;3014000;0.014949778089231591;0.014949778089231591;0.02397579143389202;3159540.0;21.855.403.702.276.300;0.9539363325040987;-0.06659222679324905;0.029010653956321044
DGW;23/06/2025;42.76;43.45;40.81;41.98;3702800;-0.03383199079401622;0.03383199079401622;0.06173994387277831;3250200.0;21.370.821.509.712.700;11.392.529.690.480.500;0.21178409065571013;0.02779835127734028
DGW;24/06/2025;42.28;42.57;41.01;41.98;2508700;0.0;0.0;0.03689687795648066;3387805.0;20.687.362.792.612.200;0.7405089726238671;-0.42494783352179655;0.030035997182649724
DGW;25/06/2025;42.57;43.93;42.28;42.86;3228800;0.02096236303001442;0.02096236303001442;0.038759689922480585;3385495.0;20.697.408.204.067.200;0.9537157786379835;-0.07570754678801185;0.02972150767381904
DGW;26/06/2025;43.15;45.01;42.52;44.91;3680400;0.047830144657022844;0.047830144657022844;0.057705677867902545;3467235.0;20.271.081.897.424.800;10.614.798.247.018.100;0.10515718947742972;0.029331719521900942
DGW;27/06/2025;44.91;45.01;43.64;43.74;2098800;-0.02605210420841675;0.02605210420841675;0.030505455355154698;3592370.0;19.542.730.251.803.000;0.5842382605355239;-0.7642586172739108;0.0301373081078092
DGW;30/06/2025;43.93;44.37;42.13;42.96;3646400;-0.017832647462277085;0.017832647462277085;0.05099021170043239;3622735.0;1.924.401.944.084.110;10.065.323.574.592.100;0.012297327007359103;0.030073486006034884
DGW;01/07/2025;43.3;43.45;42.18;42.76;1657900;-0.004655493482309203;0.004655493482309203;0.029330254041570514;3771865.0;17.941.953.564.569.200;0.43954383309052686;-11.782.245.408.184.200;0.0310150003358777
DGW;02/07/2025;43.45;44.57;43.06;43.64;2777000;0.020579981290926197;0.020579981290926197;0.034752589182968883;3701685.0;18.500.259.956.281.600;0.7501988959082148;-0.4998227063755537;0.031151616749661756
DGW;03/07/2025;43.25;43.3;41.1;42.71;3925700;-0.021310724106324508;0.021310724106324508;0.050867052023121286;3687545.0;1.856.260.455.713.950;10.645.836.186.405.800;0.12829826723233254;0.030874770397203388
DGW;04/07/2025;42.71;42.76;41.74;42.76;3314100;0.001170686022008871;0.001170686022008871;0.02388199484898141;3816815.0;17.723.207.914.082.200;0.868289398359627;-0.2836478601599875;0.03145082956041394
DGW;07/07/2025;42.96;43.2;42.08;43.01;2353100;0.005846585594013076;0.005846585594013076;0.026070763500931203;3904370.0;16.967.619.552.361.600;0.6026836595916882;-0.9142531721746958;0.02954090951041897
DGW;08/07/2025;43.15;43.74;42.71;43.11;2141900;0.0023250406882120433;0.0023250406882120433;0.023870220162224825;3910585.0;16.905.177.155.549.900;0.5477185638465856;-10.462.386.662.534.000;0.029334756068224877
DGW;09/07/2025;43.25;43.35;42.67;43.15;2335200;0.0009278589654371228;0.0009278589654371228;0.015722543352601148;3679595.0;15.932.656.809.125.300;0.6346350617391316;-0.843798379709029;0.026175425247855415
DGW;10/07/2025;43.15;44.52;42.96;43.64;4696100;0.011355735805330225;0.011355735805330225;0.036152954808806544;3469555.0;14.689.313.593.203.500;13.535.165.172.478.800;0.8349913644484385;0.024742420113460332
DGW;11/07/2025;43.64;43.69;42.76;42.96;2631500;-0.015582034830430747;0.015582034830430747;0.021310724106324466;3364330.0;1.281.128.886.691.650;0.7821765403512735;-0.5720189495472531;0.023610091347978614
DGW;14/07/2025;42.57;43.89;42.18;43.54;2649800;0.013500931098696434;0.013500931098696434;0.040169133192389024;3253535.0;12.413.186.071.673.900;0.8144372198239761;-0.4863658665180913;0.02405225736857237
DGW;15/07/2025;44.18;45.06;42.96;42.96;4052400;-0.013321084060633814;0.013321084060633814;0.04753282028067002;3240475.0;12.464.754.575.137.800;1.250.557.402.849.890;0.6513766437242653;0.024130731934555696
DGW;16/07/2025;43.01;43.4;42.76;43.15;1565100;0.00442271880819356;0.00442271880819356;0.014880260404557094;3224005.0;12.327.012.377.509.100;0.48545210072565026;-13.457.478.172.299.900;0.02438340471764867
DGW;17/07/2025;43.25;44.67;43.11;43.45;3659700;0.006952491309385911;0.006952491309385911;0.03606936416184976;3165100.0;12.839.677.578.342.400;11.562.667.846.197.500;0.38521216516704104;0.024367029410251727
DGW;18/07/2025;43.89;45.89;43.4;45.5;6776600;0.04718066743383198;0.04718066743383198;0.0567327409432673;2981970.0;846.493.580.104.359;22.725.245.391.469.300;44.827.628.811.221.200;0.018940181755355452
DGW;21/07/2025;46.38;46.38;44.42;44.91;2533600;-0.012967032967033054;0.012967032967033054;0.04225959465286763;3170100.0;11.987.890.648.922.600;0.7992176902936816;-0.5309524574760814;0.021407910194241223
DGW;22/07/2025;44.72;45.45;44.13;45.35;2757300;0.009797372522823533;0.009797372522823533;0.02951699463327371;3111640.0;11.999.522.084.342.800;0.886124358858994;-0.2952950938457359;0.02000545078404351
DGW;23/07/2025;45.55;47.35;45.25;46.86;4547500;0.033296582138919506;0.033296582138919506;0.04610318331503845;3124070.0;11.946.536.789.952.300;14.556.331.964.392.600;11.915.001.184.252.600;0.020033450427078606
DGW;24/07/2025;46.96;47.35;45.59;45.89;2101300;-0.020699957319675555;0.020699957319675555;0.03747870528109025;3190005.0;12.363.994.191.433.000;0.6587137010757036;-0.8805447359028693;0.020758016002605177
DGW;25/07/2025;45.89;46.72;45.35;45.35;2969900;-0.01176726955763785;0.01176726955763785;0.029853998692525547;3111050.0;12.537.333.811.670.700;0.954629465935938;-0.11258374557165103;0.01882534310248378
DGW;28/07/2025;45.2;46.38;44.86;45.4;5029100;0.0011025358324145973;0.0011025358324145973;0.033628318584070865;3154605.0;12.316.534.229.174.200;159.420.910.066.395;1.521.933.820.928.180;0.01798743850527185
DGW;29/07/2025;45.89;45.89;42.23;42.23;6569200;-0.0698237885462556;0.0698237885462556;0.0797559381128787;3223740.0;12.977.451.933.013.800;20.377.573.873.823.500;25.779.020.544.775.500;0.017378800736641276
DGW;30/07/2025;41.98;42.96;41.01;41.98;3177300;-0.005919962112242438;0.005919962112242438;0.04645069080514538;3469305.0;14.424.561.193.635.900;0.9158318452831331;-0.20243596743090655;0.023796023718867083
DGW;31/07/2025;42.76;42.76;41.05;41.54;1534600;-0.010481181515007099;0.010481181515007099;0.039990645463049604;3489320.0;14.351.028.236.038.600;0.4397991585753098;-13.620.766.176.818.300;0.0233018843801134
DGW;01/08/2025;41.59;42.57;41.49;42.37;1651400;0.01998074145402029;0.01998074145402029;0.02596778071651835;3369765.0;14.951.767.539.500.500;0.4900638471822219;-11.492.721.482.328.400;0.022944687971527912
DGW;04/08/2025;42.47;43.64;42.47;43.64;1587800;0.029974038234600098;0.029974038234600098;0.027548858017424106;3286630.0;15.438.667.808.290.200;0.4831088379282122;-11.003.734.396.615.200;0.023424628375174443
DGW;05/08/2025;43.93;44.28;40.66;42.67;3413400;-0.022227314390467434;0.022227314390467434;0.08240382426587764;3248365.0;15.773.433.528.946.800;10.508.055.591.043.400;0.10462845625661235;0.024354886533868223
DGW;06/08/2025;43.01;45.64;42.47;45.59;6392100;0.06843215373798928;0.06843215373798928;0.07370378981632184;3311940.0;1.555.877.906.656.250;19.300.168.481.313.000;19.796.926.139.401.100;0.02489798721273646
DGW;07/08/2025;45.99;45.99;44.62;45.35;2920800;-0.00526431234919944;0.00526431234919944;0.02978908458360523;3514785.0;1.681.240.266.894.150;0.8310038878622732;-0.35330167358964204;0.02925527919053597
DGW;08/08/2025;45.4;46.38;44.28;44.72;5560200;-0.013891951488423482;0.013891951488423482;0.04625550660792955;3426020.0;16.623.467.307.584.000;16.229.327.324.417.200;12.838.356.526.416.900;0.029246280955799196
DGW;11/08/2025;45.06;46.28;44.76;46.18;5947400;0.032647584973166444;0.032647584973166444;0.033732800710164296;3572455.0;17.167.768.832.366.600;1.664.793.538.337.080;13.833.742.888.723.400;0.029194199370385674
DGW;12/08/2025;47.35;48.33;46.33;47.01;4161800;0.017973148549155438;0.017973148549155438;0.042238648363252376;3737335.0;17.806.636.504.626.400;11.135.742.447.492.600;0.23837460819156808;0.029882710277017967
DGW;13/08/2025;46.91;47.16;45.01;45.5;5614500;-0.032120825356307114;0.032120825356307114;0.04583244510765293;3742805.0;1.781.850.071.215.160;1.500.078.149.943.690;10.504.222.719.050.400;0.029781813798896474
DGW;14/08/2025;45.89;45.99;44.52;45.25;4477900;-0.005494505494505475;0.005494505494505475;0.03203312268468073;3945275.0;17.511.765.208.672.800;1.135.003.263.397.350;0.30415266174092687;0.030914428202968445
DGW;15/08/2025;45.69;45.69;43.3;44.33;3866400;-0.020331491712707206;0.020331491712707206;0.05230903917706283;3986185.0;17.537.092.822.372.900;0.96994996469055;-0.06830379539713902;0.030958230969199
DGW;18/08/2025;44.28;44.91;43.54;43.54;2831700;-0.01782088878863075;0.01782088878863075;0.03093947606142722;3840675.0;16.260.850.313.996.800;0.7372922728426644;-0.620493381660064;0.029473453419718562
DGW;19/08/2025;44.13;44.13;42.96;43.89;3606500;0.008038585209003246;0.008038585209003246;0.02651257647858603;3855580.0;1.614.800.629.245.140;0.9353975277390172;-0.15424814400551387;0.029597860890642418
DGW;20/08/2025;43.79;44.81;41.49;42.03;4009300;-0.04237867395762129;0.04237867395762129;0.07581639643754283;3898040.0;15.954.508.557.309.500;10.285.425.495.890.200;0.06973577380985915;0.029566275172631648
DGW;21/08/2025;42.03;42.42;40.08;40.52;5161200;-0.0359267190102307;0.0359267190102307;0.05567451820128488;3871130.0;15.884.435.076.348.600;13.332.541.144.317.000;0.812159824255169;0.02975818971327298
DGW;22/08/2025;40.52;41.4;39.35;41.01;2946400;0.01209279368213223;0.01209279368213223;0.05059230009871661;4024125.0;1.556.036.390.751.220;0.7321840151585749;-0.6926091230293742;0.030369406485791627
DGW;25/08/2025;41.79;41.79;39.54;39.54;1689900;-0.03584491587417704;0.03584491587417704;0.05384063173007897;4022950.0;15.568.830.018.915.800;0.42006487776383;-14.985.390.663.045.200;0.030589063069470013
DGW;26/08/2025;39.15;41.59;39.15;41.59;1548900;0.05184623166413771;0.05184623166413771;0.06232439335887624;3855990.0;16.210.308.708.057.500;0.4016867263659916;-14.232.239.752.801.400;0.031334917373068566
DGW;27/08/2025;41.64;41.79;40.57;40.57;2734700;-0.024525126232267436;0.024525126232267436;0.029298751200768466;3604975.0;15.665.595.182.050.800;0.758590558880436;-0.555532675194578;0.030166420225477497
DGW;28/08/2025;40.71;41.45;40.62;41.1;1474900;0.013063840276066108;0.013063840276066108;0.02038811102923128;3582845.0;1.576.016.692.562.880;0.4116561001103871;-13.375.143.867.112.900;0.030630974674639627
DGW;29/08/2025;40.71;41.45;40.22;41.01;3454700;-0.0021897810218979297;0.0021897810218979297;0.030213706705969148;3579860.0;1.580.151.392.280.590;0.9650377389059908;-0.0792076003675567;0.030710522900374473
DGW;03/09/2025;41.01;42.18;40.71;42.13;2958400;0.02731041209461127;0.02731041209461127;0.03584491587417701;3670025.0;15.144.010.894.965.700;0.8060980511031941;-0.4699052351029151;0.030345931471587012
DGW;04/09/2025;42.57;42.96;42.18;42.96;2595200;0.019700925706147565;0.019700925706147565;0.018322762508809046;3738555.0;14.446.202.289.055.600;0.6941719461128698;-0.7914571436301988;0.03020745602437835
DGW;05/09/2025;43.69;43.69;42.08;42.08;2950000;-0.020484171322160183;0.020484171322160183;0.036850537880521846;3697645.0;14.657.436.917.734.500;0.7978050894555859;-0.5100789477697815;0.03013571940752738
DGW;08/09/2025;41.74;41.93;40.22;40.32;2236000;-0.041825095057034134;0.041825095057034134;0.04096789650215622;3525540.0;13.283.580.982.789.000;0.6342290826369861;-0.9707773842541382;0.025886995941678842
DGW;09/09/2025;40.42;40.91;40.13;40.76;967600;0.010912698412698374;0.010912698412698374;0.01929737753587318;3491300.0;13.533.569.354.523.000;0.27714604874974935;-18.647.704.340.884.400;0.02725928030462773
DGW;10/09/2025;41.05;41.74;40.86;41.59;1702100;0.020363101079489798;0.020363101079489798;0.021437271619975704;3261670.0;13.733.179.307.984.800;0.5218492367406881;-11.356.219.597.986.400;0.027421548958604883
DGW;11/09/2025;41.64;42.81;39.59;42.71;2977500;0.02692955037268563;0.02692955037268563;0.07732949087415944;3049405.0;12.597.415.146.203.100;0.976419990129222;-0.05707916994517077;0.02667866863677515
DGW;12/09/2025;42.96;44.28;42.71;44.13;4335600;0.03324748302505265;0.03324748302505265;0.03654562383612663;2990190.0;12.322.346.913.764.300;1.449.941.308.077.410;10.918.455.789.433.600;0.027153445375127334
DGW;15/09/2025;44.42;44.72;43.98;44.42;2345000;0.0065714933152050126;0.0065714933152050126;0.016659162539396713;2926245.0;11.166.441.781.068.800;0.8013683064815147;-0.5205283933736352;0.027576297894439994
DGW;16/09/2025;44.42;45.11;43.98;44.28;3713200;-0.0031517334533993635;0.0031517334533993635;0.02543899144529497;2819600.0;10.611.250.132.214.400;13.169.243.864.377.900;0.8421250925818259;0.027608580093292815
DGW;17/09/2025;44.28;45.16;43.93;43.93;2870000;-0.007904245709123736;0.007904245709123736;0.027777777777777707;2811940.0;10.536.976.693.130.600;10.206.476.667.354.200;0.055101194290247256;0.02722573633409927
DGW;18/09/2025;44.13;44.18;42.47;42.47;2664900;-0.03323469155474623;0.03323469155474623;0.0387491502379334;2813855.0;10.537.702.723.154.500;0.9470637257427977;-0.14135433871435782;0.026967494188059566
DGW;19/09/2025;42.86;42.96;41.98;42.18;1190900;-0.00682834942312216;0.00682834942312216;0.02286514232384517;2766775.0;10.373.999.613.786.400;0.43042892898772034;-151.906.213.482.575;0.027945270897389143
DGW;22/09/2025;42.52;42.52;40.52;40.76;2593200;-0.03366524419156003;0.03366524419156003;0.047036688617121354;2625855.0;10.510.676.183.741.600;0.987564050566387;-0.031068410280313027;0.026273561543785403
DGW;23/09/2025;40.76;41.49;40.57;40.91;778600;0.003680078508341511;0.003680078508341511;0.022571148184494644;2497455.0;8.655.232.828.362.150;0.3117573690016437;-19.859.142.256.318.200;0.026112887574856164
DGW;24/09/2025;40.76;41.98;40.22;41.93;1376600;0.024932779271571892;0.024932779271571892;0.04317958783120702;2389065.0;9.389.642.548.406.300;0.576208684150494;-10.782.785.337.998.200;0.025985788603968295
DGW;25/09/2025;41.93;42.03;41.3;41.4;936800;-0.01264011447650848;0.01264011447650848;0.01740996899594572;2373400.0;953.739.714.023.309;0.3947080138198365;-15.062.809.893.275.400;0.025087120154023347
DGW;26/09/2025;41.49;41.79;40.47;40.52;1957300;-0.021256038647342934;0.021256038647342934;0.031814895155459155;2342795.0;9.906.950.082.883.060;0.835455086766021;-0.3891157185358658;0.022523992780576083
DGW;29/09/2025;40.57;40.62;40.03;40.03;996900;-0.012092793682132341;0.012092793682132341;0.014542765590337597;2303925.0;9.897.595.326.643.730;0.4326963768351834;-13.205.480.289.556.400;0.022347720405023357
DGW;30/09/2025;40.22;40.52;39.54;40.22;1098000;0.004746440169872468;0.004746440169872468;0.024365987071109;2280025.0;10.162.485.817.300.900;0.4815736669554062;-11.631.258.544.909.200;0.02229208975065667
DGW;01/10/2025;40.32;40.81;40.32;40.66;385800;0.010939830929885597;0.010939830929885597;0.012152777777777827;2162190.0;10.094.835.161.449.700;0.1784302027111401;-1.759.701.839.197.620;0.022327861684720122
DGW;02/10/2025;41.01;41.01;39.74;39.88;614000;-0.019183472700442517;0.019183472700442517;0.030968056571567815;2033560.0;10.650.618.946.185.300;0.301933554947973;-13.328.427.269.557.200;0.021531509248541605
DGW;03/10/2025;39.64;40.03;39.0;39.05;1063500;-0.02081243731193594;0.02081243731193594;0.0259838546922301;1934500.0;1.101.583.391.018.770;0.5497544585164125;-0.7906800402958833;0.021265271550721845
DGW;06/10/2025;39.1;40.81;39.1;40.76;745100;0.043790012804097334;0.043790012804097334;0.043734015345268565;1840175.0;10.907.672.340.219.000;0.4049071419837787;-10.039.492.990.289.100;0.021279194952042137
DGW;07/10/2025;41.01;41.01;40.03;40.08;683800;-0.016683022571148176;0.016683022571148176;0.02389661058278461;1765630.0;11.130.106.799.979.300;0.3872838590191603;-0.971985282299361;0.021772304725066312
DGW;08/10/2025;40.52;41.3;40.03;40.27;2047600;0.004740518962075946;0.004740518962075946;0.03134254689042438;1751440.0;1.125.459.902.439.880;11.690.951.445.667.500;0.26314575877643803;0.021969040061846738
DGW;09/10/2025;41.01;41.01;39.93;39.93;1734400;-0.008443009684628855;0.008443009684628855;0.026335040234089207;1768715.0;11.273.127.723.064.500;0.9805989093777121;-0.0304396444739931;0.021455718504542587
DGW;10/10/2025;40.03;41.01;39.98;40.13;1716100;0.0050087653393440235;0.0050087653393440235;0.025730701973519888;1706560.0;10.908.374.163.192.700;1.005.590.193.137.070;0.00874557459918278;0.020431573584759236
DGW;13/10/2025;39.44;39.83;38.96;39.1;2623400;-0.025666583603289328;0.025666583603289328;0.0220588235294117;1575585.0;8.989.394.273.106.970;16.650.323.530.625.100;11.656.124.630.495.700;0.018684015227710626
DGW;14/10/2025;39.25;39.39;37.3;39.05;5151900;-0.0012787723785167016;0.0012787723785167016;0.053248407643312186;1589505.0;913.518.106.567.306;32.411.977.313.692;38.996.435.586.660.400;0.019058703749287847
DGW;15/10/2025;39.05;40.03;38.57;39.93;1872100;0.022535211267605604;0.022535211267605604;0.037387964148527554;1661440.0;11.223.301.908.365.200;1.126.793.624.807.390;0.18769877324870382;0.019078989427467653
DGW;16/10/2025;40.18;40.91;39.69;39.83;1354300;-0.0025043826696720117;0.0025043826696720117;0.03036336485813835;1611545.0;1.087.412.337.168.520;0.840373678674812;-0.23656619591960035;0.02011295128959745
DGW;17/10/2025;40.13;40.13;39.25;39.25;1324700;-0.01456188802410241;0.01456188802410241;0.02192873162222782;1546015.0;10.597.313.672.888;0.8568480900896822;-0.20884066172940488;0.018947994610228735
DGW;20/10/2025;39.35;39.74;36.51;36.51;2284700;-0.0698089171974523;0.0698089171974523;0.08208386277001281;1552705.0;10.577.921.243.773.400;14.714.321.136.339.400;0.6920026942258422;0.019107738549873913
DGW;21/10/2025;36.12;37.1;35.64;36.66;1529300;0.004108463434675302;0.004108463434675302;0.04042081949058696;1537280.0;10.439.799.254.976.600;0.9948090133222315;-0.0076438251398329845;0.023355774681242274
DGW;22/10/2025;37.39;38.08;36.81;38.08;1231400;0.03873431533006011;0.03873431533006011;0.03396630115004001;1574815.0;10.286.495.599.238.700;0.7819331159533025;-0.333850334826775;0.02336456879539826
DGW;23/10/2025;37.64;38.52;37.64;38.08;683900;0.0;0.0;0.023379383634431525;1567555.0;1.030.632.635.288.170;0.436284532281164;-0.8573908585311968;0.024478833594346477
DGW;24/10/2025;37.78;38.91;37.78;38.66;1114600;0.015231092436974736;0.015231092436974736;0.029910005293806125;1554910.0;10.402.850.145.386.500;0.7168260542410815;-0.4232590048365443;0.024421158791475817
DGW;27/10/2025;38.76;39.05;38.08;38.13;617800;-0.013709260217278696;0.013709260217278696;0.025025799793601623;1512775.0;10.401.951.572.332.800;0.408388557452364;-0.8603914311430344;0.024417992447207968
DGW;28/10/2025;38.13;39.15;37.54;39.1;1185800;0.02543928665093098;0.02543928665093098;0.042223970626803026;1493820.0;105.345.998.180.432;0.7938038050099744;-0.2923888949938439;0.024455594895889304
DGW;29/10/2025;39.44;39.54;38.86;38.86;797100;-0.006138107416879812;0.006138107416879812;0.01724137931034482;1498210.0;105.190.549.250.296;0.5320348949746698;-0.6665142496135671;0.025189038956561032
DGW;30/10/2025;39.05;39.74;38.61;39.69;1287600;0.021358723623262854;0.021358723623262854;0.028937259923175484;1518775.0;10.328.610.997.841.700;0.8477885137693206;-0.22382002773490717;0.025048264982608336
DGW;31/10/2025;39.93;40.32;38.86;38.91;947100;-0.019652305366591127;0.019652305366591127;0.03656398697721014;1552455.0;10.125.885.590.770.200;0.6100659922509831;-0.5978291918997998;0.025220956447455502
DGW;03/11/2025;38.96;40.47;38.71;39.15;2068600;0.006168080185042557;0.006168080185042557;0.04517453798767962;1546635.0;10.158.759.882.226.600;13.374.842.803.893.600;0.5138077935213436;0.025171693629862827
DGW;04/11/2025;38.61;39.74;37.64;39.59;1219000;0.011238825031928634;0.011238825031928634;0.054390054390054426;1612810.0;10.039.522.671.081.400;0.755823686609086;-0.39225968494932445;0.023053467095534477
DGW;05/11/2025;39.44;39.44;38.81;38.86;782100;-0.018438999747411033;0.018438999747411033;0.01597363083164289;1639570.0;9.848.373.555.807.920;0.4770153149911257;-0.8706716851680757;0.022947144710330405
DGW;06/11/2025;38.66;39.44;37.78;37.88;1649900;-0.02521873391662366;0.02521873391662366;0.04293843766166572;1576295.0;9.978.102.216.327.190;10.466.949.397.162.300;0.07376653235678418;0.023259212232329383
DGW;07/11/2025;38.08;39.0;37.1;37.59;817700;-0.007655755015839483;0.007655755015839483;0.04989495798319324;1572070.0;9.972.842.867.138.310;0.5201422328522267;-0.7564242313350162;0.023817831944264314
DGW;10/11/2025;37.59;38.57;37.54;37.78;838400;0.005054535780792735;0.005054535780792735;0.02740090449587659;1527150.0;10.105.995.185.245.700;0.5489964967422978;-0.681526150938148;0.023779996923512403
DGW;11/11/2025;38.03;38.57;37.78;38.52;771100;0.01958708311275803;0.01958708311275803;0.02077307388903495;1437900.0;9.872.401.083.722.980;0.5362681688573614;-0.6754182638500977;0.023223893228510806
DGW;12/11/2025;38.76;39.35;38.42;39.35;898500;0.021547248182762102;0.021547248182762102;0.023993808049535596;1218860.0;470.692.290.142.934;0.7371642354331096;-0.6806145048662621;0.02369610358882495
DGW;13/11/2025;39.25;40.08;38.47;38.47;1474800;-0.022363405336721764;0.022363405336721764;0.04101910828025476;1170180.0;44.944.331.602.081.800;12.603.189.252.935.400;0.6777717882134211;0.023646728015313406
DGW;14/11/2025;38.57;39.25;38.42;39.0;581800;0.013776969066805256;0.013776969066805256;0.021519315530204777;1176205.0;45.283.631.000.384.000;0.4946416653559541;-13.126.266.310.114.500;0.02414866967754962
DGW;17/11/2025;39.0;41.69;39.0;41.69;3802600;0.068974358974359;0.068974358974359;0.06897435897435891;1139060.0;47.015.256.583.144.800;33.383.667.234.386.200;5.665.267.391.000.230;0.024170465936419458
DGW;18/11/2025;42.08;44.33;41.93;43.79;5915600;0.05037179179659401;0.05037179179659401;0.05703422053231936;1214955.0;7.206.202.945.525.830;48.689.869.172.109.200;6.523.053.868.360.060;0.022977605062110898
DGW;19/11/2025;43.45;44.18;42.08;42.47;3202100;-0.03014386846311945;0.03014386846311945;0.04833141542002305;1434270.0;12.753.089.991.304.600;2.232.564.301.003.290;13.861.973.852.653.200;0.02492750473770907
DGW;20/11/2025;42.91;43.54;42.03;43.35;3150900;0.020720508594301856;0.020720508594301856;0.03518993241668605;1532805.0;13.336.087.086.804.800;2.055.643.085.715.400;12.133.206.610.513.200;0.02538834093513976
DGW;21/11/2025;42.81;44.28;42.28;43.84;2790200;0.011303344867358733;0.011303344867358733;0.046718056528848396;1656155.0;13.646.865.622.301.600;16.847.456.910.736.000;0.8309930143569016;0.025562606306403838
DGW;24/11/2025;43.93;43.98;42.76;42.86;1350600;-0.02235401459854025;0.02235401459854025;0.02777145458684268;1739935.0;13.810.258.072.496.200;0.7762358938695986;-0.2819172516228199;0.02550951687731692
DGW;25/11/2025;42.91;43.64;42.18;42.71;2171900;-0.0034997666822211837;0.0034997666822211837;0.034024702866464716;1776575.0;13.592.365.952.893.100;12.225.208.617.705.400;0.29084340531300595;0.025941529758908666
DGW;26/11/2025;42.76;43.2;40.08;42.42;2029700;-0.006789978927651541;0.006789978927651541;0.07296538821328355;1825880.0;13.545.557.712.673.400;1.111.628.365.500.470;0.15046999490416102;0.025615712662631136
DGW;27/11/2025;42.42;44.08;42.23;43.11;3369500;0.016265912305516217;0.016265912305516217;0.04361150400754364;1887510.0;13.331.560.215.479.100;17.851.561.051.332.100;11.116.403.301.987.600;0.02563068192007957
DGW;28/11/2025;43.2;43.93;42.67;42.67;2244200;-0.010206448619809683;0.010206448619809683;0.02916666666666662;1991605.0;13.647.533.332.071.400;11.268.298.683.724.900;0.18508472839293771;0.02548132221478222
DGW;01/12/2025;42.76;44.03;42.18;42.57;2142700;-0.002343566908835304;0.002343566908835304;0.04326473339569695;2056460.0;1.343.153.627.377.310;10.419.361.426.918.100;0.06420710054470459;0.025095805040635837
DGW;02/12/2025;42.57;42.86;41.69;42.08;1847300;-0.011510453370918494;0.011510453370918494;0.02748414376321357;2060165.0;1.343.291.070.184.280;0.8966757516994998;-0.1584652833066159;0.02514559230646646
DGW;03/12/2025;42.28;44.28;42.28;43.64;2977400;0.03707224334600756;0.03707224334600756;0.04730368968779565;2091580.0;13.298.635.068.860.800;14.235.171.497.145.600;0.6660984344733024;0.02533809910595799
DGW;04/12/2025;43.93;45.16;42.96;42.96;3158600;-0.015582034830430747;0.015582034830430747;0.05007967220578183;2201345.0;13.064.853.230.891.500;1.434.850.057.578.430;0.7326947980836048;0.025860246091348526
DGW;05/12/2025;42.96;43.45;42.52;42.52;1593000;-0.01024208566107998;0.01024208566107998;0.021648044692737425;2276780.0;13.164.867.691.181.500;0.6996723442756876;-0.5193975481105886;0.025329753494800437
DGW;08/12/2025;42.52;43.11;41.49;41.49;1659700;-0.02422389463781749;0.02422389463781749;0.03809971777986824;2315545.0;12.822.307.245.680.500;0.7167643038679878;-0.5114875095673092;0.025412890211122852
DGW;09/12/2025;41.49;41.93;40.18;40.52;2049100;-0.02337912750060256;0.02337912750060256;0.04217883827428296;2356610.0;1.245.045.879.898.660;0.8695117138601636;-0.24698688214206965;0.026326325638739254
DGW;10/12/2025;40.52;41.35;40.42;40.66;654100;0.0034550839091804786;0.0034550839091804786;0.02295162882527146;2420510.0;11.910.124.365.871.500;0.2702323064147638;-1.483.116.335.091.890;0.026823268245089623
DGW;11/12/2025;40.66;41.01;40.27;40.27;539600;-0.009591736350221147;0.009591736350221147;0.018199704869650637;2408290.0;12.085.747.399.312.900;0.2240593948403224;-1.546.193.163.118.920;0.026462875415439367
DGW;12/12/2025;40.37;40.66;38.08;38.27;1845300;-0.04966476285075738;0.04966476285075738;0.06390884320039629;2361530.0;1.263.438.789.511.420;0.781400193942063;-0.4085912228479433;0.02599485860145348
DGW;15/12/2025;38.08;38.47;37.49;37.49;1291100;-0.02038149986934934;0.02038149986934934;0.025735294117646978;2424705.0;11.997.479.307.513.300;0.5324771467044445;-0.944869310414304;0.028325944547078968
DGW;16/12/2025;37.59;39.64;36.71;39.35;1639800;0.04961323019471853;0.04961323019471853;0.07794626230380419;2299130.0;11.791.966.690.572.800;0.7132263073423425;-0.5591348901342356;0.023398109743521744
DGW;17/12/2025;39.59;39.59;38.57;39.0;524800;-0.008894536213468918;0.008894536213468918;0.02576408183884827;2085340.0;822.746.632.611.574;0.25166159954731604;-18.967.443.173.197.900;0.023303992339049694
DGW;18/12/2025;38.57;39.49;38.08;39.49;1291800;0.012564102564102564;0.012564102564102564;0.036556909515167324;1951475.0;8.488.711.959.047.980;0.6619608245045414;-0.7771202547364833;0.02257382368841744
DGW;19/12/2025;39.1;39.2;38.32;39.2;1362100;-0.007343631299063014;0.007343631299063014;0.022506393861892647;1858520.0;8.115.872.029.548.020;0.7328949917138368;-0.6116656327165444;0.022173623356770915
DGW;22/12/2025;39.2;39.54;38.61;39.54;1190400;0.00867346938775504;0.00867346938775504;0.023724489795918357;1787115.0;7.877.761.399.060.410;0.6661015099755752;-0.7574677243603369;0.021867639042621574
DGW;23/12/2025;39.83;40.13;38.86;38.86;1453900;-0.017197774405665167;0.017197774405665167;0.03188551343208645;1779105.0;7.932.436.384.703.530;0.8172086526652446;-0.4099686202679257;0.021697901605972066
DGW;24/12/2025;38.81;39.25;38.32;39.05;1267300;0.00488934637159022;0.00488934637159022;0.023962896160783294;1743205.0;7.907.747.070.702.910;0.7269942433620831;-0.6018212213225187;0.02190313028298572
DGW;25/12/2025;39.25;39.64;38.52;38.66;1101000;-0.009987195902688928;0.009987195902688928;0.028535031847133692;1705085.0;7.946.038.935.582.270;0.6457156094857441;-0.7602341303601141;0.021993957382175317
DGW;26/12/2025;38.27;38.57;37.59;38.13;1186900;-0.013709260217278696;0.013709260217278696;0.025607525476874754;1591660.0;7.008.959.825.222.210;0.745699458427051;-0.5774893994162212;0.021504961208689343
DGW;29/12/2025;37.98;39.35;37.93;39.15;1293100;0.0267505900865459;0.0267505900865459;0.03738809899947346;1538795.0;6.888.578.048.021.540;0.8403328578530603;-0.3566701259493832;0.021561948388497676
DGW;30/12/2025;39.15;39.3;38.57;38.66;628000;-0.012515964240102262;0.012515964240102262;0.01864623243933581;1496315.0;6.757.276.859.450.350;0.4196977240754788;-12.850.072.863.088.600;0.022728143602009063
DGW;31/12/2025;38.66;38.91;38.08;38.08;887900;-0.01500258665287113;0.01500258665287113;0.02146921883083286;1435350.0;6.970.613.523.552.780;0.6185947678266625;-0.7853684588167724;0.022746888316997203
DGW;05/01/2026;38.13;40.71;37.59;40.71;4123800;0.06906512605042026;0.06906512605042026;0.081825334382376;1330875.0;6.041.731.556.215.360;3.098.562.975.486.050;4.622.722.764.183.070;0.02068704397295726
DGW;06/01/2026;41.15;41.45;40.52;41.2;1423400;0.012036354704003882;0.012036354704003882;0.022600243013365728;1379135.0;7.728.535.527.340.770;103.209.620.523.009;0.05727475773826281;0.026572101140652296
DGW;07/01/2026;41.4;42.52;40.62;41.93;2287600;0.017718446601941773;0.017718446601941773;0.045893719806763426;1370655.0;7.713.123.679.295.260;16.689.830.774.337.800;11.888.114.830.330.000;0.026690817093847914
DGW;08/01/2026;42.03;42.03;40.22;40.22;2142500;-0.04078225614118769;0.04078225614118769;0.0430644777539853;1402050.0;7.960.779.124.128.360;1.528.119.539.246.100;0.930122527524682;0.02643660466128789
DGW;09/01/2026;40.62;41.84;39.83;41.01;1717700;0.019641969169567286;0.019641969169567286;0.049483013293944;1406720.0;8.003.360.193.003.150;12.210.674.476.797.000;0.38856179467203134;0.027539644080878407
DGW;12/01/2026;41.49;42.91;40.81;42.67;3045400;0.04047793221165574;0.04047793221165574;0.05061460592913941;1459900.0;7.828.398.565.815.560;20.860.332.899.513.600;202.531.844.370.244;0.027882715780447234
DGW;13/01/2026;42.96;43.25;41.93;42.42;2261600;-0.005858917272088093;0.005858917272088093;0.03072625698324023;1585190.0;8.270.694.318.845.880;14.267.059.469.211.800;0.8178394387744564;0.029121403010238245
DGW;14/01/2026;42.57;44.81;42.42;43.06;4248800;0.015087223008015016;0.015087223008015016;0.05614282358468406;1606005.0;8.391.110.913.686.550;2.645.570.841.933.860;3.149.517.420.499.580;0.026453486907144795
DGW;15/01/2026;43.69;43.69;41.59;41.98;2218900;-0.025081281932187727;0.025081281932187727;0.0480659189745936;1753890.0;1.021.501.522.218.510;12.651.306.524.354.400;0.4552220333358725;0.025808990477985166
DGW;16/01/2026;41.79;44.91;41.59;44.91;4786900;0.06979514054311586;0.06979514054311586;0.07944484326393858;1782845.0;1.026.293.580.893.990;26.849.782.230.087.300;2.927.091.288.423.730;0.02474008725283115
DGW;19/01/2026;45.59;45.69;43.98;45.06;2384400;0.0033400133600536286;0.0033400133600536286;0.03750822548804564;1995950.0;11.820.073.508.098.000;1.194.619.103.684.960;0.3286358580882496;0.028614501890250114
DGW;20/01/2026;45.2;48.18;45.11;45.79;7172400;0.016200621393697157;0.016200621393697157;0.06792035398230088;2050580.0;11.729.643.870.395.800;349.774.210.223.449;436.656.053.380.002;0.02860225616990689
DGW;21/01/2026;45.89;45.89;43.98;44.76;2498100;-0.022493994321904354;0.022493994321904354;0.04162126825016351;2341095.0;16.256.516.055.432.200;10.670.647.709.725.500;0.09657973422142657;0.02846502457121844
DGW;22/01/2026;45.11;45.89;43.74;43.93;2820300;-0.018543342269883745;0.018543342269883745;0.04766127244513409;2406480.0;1.603.075.454.309.780;11.719.607.060.935.400;0.25814131136963403;0.029277969828924413
DGW;23/01/2026;43.93;44.91;43.5;44.67;1885300;0.01684498065103579;0.01684498065103579;0.03209651718643288;2474800.0;15.893.999.731.775.600;0.7617989332471311;-0.3708946834958467;0.0293370648948784
DGW;26/01/2026;44.81;44.81;42.42;43.2;2735400;-0.03290799194089988;0.03290799194089988;0.053336308859629554;2505700.0;15.705.850.572.653.600;10.916.709.901.424.700;0.14625123226369102;0.029423095761364898
DGW;27/01/2026;42.76;44.42;42.13;44.13;2075300;0.021527777777777812;0.021527777777777812;0.05355472404115995;2587420.0;15.357.841.791.222.100;0.8020731075743405;-0.33345831202187776;0.030550481275438773
DGW;28/01/2026;44.13;44.86;42.96;42.96;2089400;-0.02651257647858607;0.02651257647858607;0.0430546113754815;2631840.0;15.056.975.258.558.400;0.7938932457900176;-0.3602582794254602;0.030369357323575014
DGW;29/01/2026;43.06;45.94;43.06;45.94;4961300;0.06936685288640598;0.06936685288640598;0.06688341848583361;2671655.0;14.787.207.741.383.800;1.857.013.723.703.090;15.483.957.756.217.500;0.030946736878704747
DGW;30/01/2026;46.86;48.33;46.86;47.84;6248100;0.041358293426208226;0.041358293426208226;0.03137003841229191;2888320.0;1.480.980.497.614.930;2.163.229.836.029.240;22.686.186.654.117.200;0.03377999722919483
DGW;02/02/2026;48.33;51.16;47.55;51.16;8193600;0.06939799331103669;0.06939799331103669;0.07469480653838195;3156330.0;15.815.151.915.672.100;25.959.262.814.724.600;31.850.911.245.489;0.03400517994006158
DGW;03/02/2026;52.72;54.67;51.75;54.67;6497200;0.06860828772478511;0.06860828772478511;0.0553869499241275;3359820.0;19.348.948.424.030.400;19.337.940.723.014.900;16.214.731.318.956.400;0.03403464113352536
DGW;04/02/2026;55.75;55.75;53.7;54.67;5465900;0.0;0.0;0.036771300448430445;3613510.0;19.991.945.943.830.700;1.512.628.995.076.800;0.9265681315888207;0.036309914313814425
DGW;05/02/2026;54.38;56.53;52.23;52.23;4974100;-0.044631424913115114;0.044631424913115114;0.07907318867230607;3772425.0;20.145.135.672.166.600;1.318.541.786.781.710;0.5965087649721247;0.03645235759767731
DGW;06/02/2026;51.45;53.6;51.26;52.23;5737400;0.0;0.0;0.04548104956268228;3914005.0;19.933.244.211.287.800;14.658.642.490.236.900;0.9147507453741222;0.0367654839862029
DGW;09/02/2026;52.82;52.82;50.87;50.96;1701300;-0.024315527474631393;0.024315527474631393;0.0369178341537297;4114990.0;19.626.327.240.134.400;0.41343964383874565;-12.298.225.594.976.200;0.03686289340670349
DGW;10/02/2026;50.87;51.84;47.4;47.4;6337000;-0.06985871271585564;0.06985871271585564;0.0872813052879891;4047785.0;20.232.616.110.145.600;1.565.547.577.255.210;11.314.478.501.136.900;0.03714835970315415
DGW;11/02/2026;47.35;49.3;46.67;49.21;3734300;0.038185654008438874;0.038185654008438874;0.055543822597676776;4251555.0;20.390.628.341.354.800;0.8783374553545703;-0.253672908622899;0.041093403100389975
DGW;12/02/2026;49.21;50.18;48.62;49.4;1973000;0.0038610038610038533;0.0038610038610038533;0.03170087380613701;4225830.0;20.423.422.727.477.900;0.4668905280146149;-11.030.619.255.454.200;0.041672128483889265
DGW;13/02/2026;48.91;49.5;48.43;49.3;1888500;-0.002024291497975783;0.002024291497975783;0.021876916785933353;4213535.0;2.055.756.089.176.000;0.44819848417065483;-11.309.877.724.511.200;0.04097737920775352
DGW;23/02/2026;49.79;51.16;49.3;50.48;3617000;0.023935091277890397;0.023935091277890397;0.03735689897569792;4068615.0;21.145.303.455.837.900;0.8890003109166141;-0.21357697748022345;0.03843365497310349
DGW;24/02/2026;50.38;51.55;49.6;50.96;2648500;0.009508716323296529;0.009508716323296529;0.038705835649067;4130245.0;20.805.483.066.464.600;0.6412452530055723;-0.7121896642661246;0.0386516815969128
DGW;25/02/2026;51.65;52.23;50.38;51.06;4837800;0.001962323390894749;0.001962323390894749;0.03581800580832516;3904050.0;1.975.674.721.655.730;12.391.747.031.928.300;0.4726233472367658;0.03859129251352547
DGW;26/02/2026;51.16;52.23;50.87;51.75;2205900;0.013513513513513375;0.013513513513513375;0.02658326817826426;4021035.0;19.572.268.965.298.800;0.548590101802148;-0.9274014184140791;0.038021990118846105
DGW;27/02/2026;51.94;52.23;49.89;49.99;3000100;-0.03400966183574872;0.03400966183574872;0.045051983057373825;3990315.0;19.817.334.454.236.000;0.7518454056885233;-0.4996711350291286;0.03754847367637427
DGW;02/03/2026;47.94;49.5;47.55;47.55;6622500;-0.04880976195239062;0.04880976195239062;0.04067584480600757;4046055.0;19.345.253.758.929.300;16.367.795.296.900.300;13.318.227.985.563.500;0.038686160105332164
DGW;03/03/2026;47.55;47.55;44.42;44.86;7452100;-0.05657202944269191;0.05657202944269191;0.06582544689800202;4240410.0;19.903.736.115.561.100;17.574.008.173.737.900;16.136.116.261.554.600;0.039685919309151094
DGW;04/03/2026;43.45;45.2;42.18;44.91;6535900;0.0011145786892554632;0.0011145786892554632;0.06950517836593793;4509250.0;20.449.154.864.791.100;14.494.428.119.975.600;0.9910678526325987;0.041816545536189305
DGW;05/03/2026;45.5;46.28;44.91;44.91;3600000;0.0;0.0;0.03010989010989021;4731575.0;20.093.855.525.547.500;0.7608460185033524;-0.5631447875004881;0.04129033229181085
DGW;06/03/2026;44.18;45.2;42.76;43.69;3242000;-0.02716544199510129;0.02716544199510129;0.05522861023087381;4663510.0;20.241.958.403.017.000;0.695184528391705;-0.7022591251783834;0.03822433158416668
DGW;09/03/2026;40.66;41.01;40.66;40.66;3149600;-0.06935225452048521;0.06935225452048521;0.00860796851942945;4513205.0;2.011.911.117.497.620;0.6978632701151399;-0.6777660246224134;0.03734154772736927
DGW;10/03/2026;41.1;41.3;39.05;41.3;5038300;0.015740285292670908;0.015740285292670908;0.05474452554744525;4261005.0;18.346.081.610.825.000;11.824.205.791.826.100;0.4236844774207043;0.03587402637882572
DGW;11/03/2026;41.3;44.18;41.01;44.18;3545200;0.06973365617433425;0.06973365617433425;0.07675544794188867;4188060.0;17.688.407.587.724.600;0.8465017215608182;-0.3634357682068178;0.03138107449606359
DGW;12/03/2026;43.45;44.37;42.37;43.11;1868400;-0.024219103666817565;0.024219103666817565;0.04602991944764096;4092025.0;17.478.271.391.328.900;0.456595450907558;-12.722.224.928.393.900;0.036422644542513226
DGW;13/03/2026;42.18;43.45;42.03;42.13;2824800;-0.022732544653212616;0.022732544653212616;0.03366524419156002;3936740.0;18.024.439.208.445.400;0.7175480219674146;-0.616906849162326;0.03567832954440127
DGW;16/03/2026;41.3;42.47;40.91;42.08;2160900;-0.0011868027533824543;0.0011868027533824543;0.03777239709443105;3791110.0;17.666.076.599.248.800;0.5699913745578472;-0.9227911986237619;0.035740627610165096
DGW;17/03/2026;42.67;43.3;42.37;42.86;1399600;0.01853612167300378;0.01853612167300378;0.02179517225216779;3814090.0;17.407.933.318.189.300;0.3669551583732948;-13.870.055.427.413.200;0.035629620833626856
DGW;18/03/2026;43.45;43.45;41.01;42.67;1273000;-0.004433037797480166;0.004433037797480166;0.056156501726122084;3567220.0;17.140.696.143.205.000;0.35686052444200245;-1.338.463.724.479.170;0.033062415644360424
DGW;19/03/2026;41.79;42.57;40.52;42.47;2663900;-0.004687133817670608;0.004687133817670608;0.04905479779851633;3444155.0;17.881.965.041.186.300;0.77345531777751;-0.43633627411914205;0.03150317128101837
DGW;20/03/2026;42.28;42.28;40.76;41.01;1887900;-0.03437720744054629;0.03437720744054629;0.03595080416272477;3478700.0;176.480.089.379.421;0.5427027337798603;-0.9014048018640114;0.03141120027898734
DGW;23/03/2026;39.64;40.37;38.47;39.64;3229700;-0.033406486222872456;0.033406486222872456;0.04793138244197776;3478670.0;17.648.293.533.429.900;0.9284295434749488;-0.14107312955124715;0.03196652147975529
DGW;24/03/2026;40.81;41.35;40.03;41.3;1454000;0.041876892028254176;0.041876892028254176;0.03234501347708895;3459305.0;17.653.563.989.282.200;0.42031564143664696;-11.359.207.700.028.400;0.03145517526664509
DGW;25/03/2026;41.98;42.67;41.69;42.57;2074500;0.03075060532687668;0.03075060532687668;0.02334444973797056;3399580.0;18.137.730.806.250.200;0.6102224392424946;-0.7305654793064726;0.03336970005139211
DGW;26/03/2026;42.37;43.93;41.88;43.93;2163300;0.03194738078459003;0.03194738078459003;0.04838329006372427;3261415.0;18.036.695.324.794.700;0.6633010518440615;-0.6088227251310486;0.034510779647943135
DGW;27/03/2026;43.93;44.42;43.15;44.42;1471700;0.011154108809469765;0.011154108809469765;0.028909628955156003;3259285.0;18.050.062.802.850.300;0.45154075203610605;-0.9903483547534889;0.03536479860037533
DGW;30/03/2026;42.76;45.11;42.76;44.72;1483000;0.006753714542998557;0.006753714542998557;0.05495790458372314;3182865.0;1.848.390.319.703.520;0.46593242251870565;-0.9196461277035122;0.035027500607625627
DGW;31/03/2026;45.01;45.35;44.03;44.72;1500700;0.0;0.0;0.02932681626305266;2925890.0;16.960.033.170.585.700;0.5129037660335829;-0.8403226489390052;0.0335683966068095
DGW;01/04/2026;45.5;45.5;44.28;44.91;1066300;0.004248658318425802;0.004248658318425802;0.026813186813186788;2628320.0;13.460.614.917.524.900;0.40569641443964205;-11.604.373.273.960.400;0.031064721909637296
DGW;02/04/2026;44.52;44.86;42.76;44.86;1913200;-0.0011133377866844318;0.0011133377866844318;0.04716981132075475;2354840.0;1.028.556.680.832.030;0.8124543493400825;-0.4293783786837519;0.03107693713038856
DGW;03/04/2026;44.81;44.81;42.86;42.86;1109200;-0.04458314757021842;0.04458314757021842;0.04351707208212459;2270500.0;9.894.976.349.005.000;0.48852675622109665;-11.736.258.471.368.400;0.031078799808136506
DGW;06/04/2026;42.86;43.11;41.49;42.67;1452300;-0.004433037797480166;0.004433037797480166;0.03779748016798874;2163860.0;9.942.034.491.570.570;0.6711617202591665;-0.7157086415293583;0.03211863196655369
DGW;07/04/2026;42.18;42.57;41.49;41.93;1227200;-0.017342395125380827;0.017342395125380827;0.025604551920341355;2078995.0;9.779.398.966.974.560;0.5902852099211398;-0.8710095608907532;0.027777700577042982
DGW;08/04/2026;43.4;44.72;43.2;44.67;2145100;0.06534700691628914;0.06534700691628914;0.035023041474654286;1888440.0;7.038.543.086.388.500;11.359.111.224.079.100;0.3646493270693226;0.02794970135893773
DGW;09/04/2026;44.67;45.55;44.03;45.11;2326600;0.009850011193194508;0.009850011193194508;0.03402731139467195;1818435.0;5.909.766.014.381.350;12.794.518.363.317.900;0.859873299151584;0.027394660357124047
DGW;10/04/2026;45.11;45.69;44.42;44.57;1372200;-0.01197073819552208;0.01197073819552208;0.028153402793172157;1841345.0;601.797.803.493.394;0.7452161327725114;-0.7795724698173476;0.026803021679432035
DGW;13/04/2026;43.93;44.72;43.5;44.52;984500;-0.0011218308279110634;0.0011218308279110634;0.02777145458684268;1768715.0;5.632.827.786.383.370;0.556618788216304;-13.922.225.740.608.200;0.026372067509331597
DGW;14/04/2026;45.11;45.59;43.93;44.52;1508800;0.0;0.0;0.0367989359343827;1709895.0;5.813.075.338.588.450;0.8823933633351756;-0.34593565073049687;0.026371509613117107
DGW;15/04/2026;44.72;45.01;43.5;43.59;1483000;-0.02088948787061995;0.02088948787061995;0.03376565295169942;1715355.0;5.787.468.544.645.670;0.8645440739671963;-0.4014795038756022;0.026126893881293304
DGW;16/04/2026;43.54;44.62;43.45;44.13;1416900;0.0123881624225739;0.0123881624225739;0.026871841984382056;1725855.0;5.721.665.385.780.790;0.8209843816543104;-0.5399739047442373;0.02660235511384417
DGW;17/04/2026;44.28;46.57;44.28;44.86;3739300;0.01654203489689543;0.01654203489689543;0.05171635049683828;1663505.0;5.310.313.069.123.630;2.247.844.160.372.220;3.908.987.988.052.030;0.0266706252544602
DGW;20/04/2026;44.86;45.4;44.08;44.91;1192400;0.0011145786892554632;0.0011145786892554632;0.02942487739634419;1756075.0;7.050.598.480.569.610;0.67901427900289;-0.7994711392988885;0.02538938095954952
DGW;21/04/2026;45.11;45.2;43.98;44.42;1831400;-0.010910710309507743;0.010910710309507743;0.027045001108401818;1654210.0;623.390.884.302.601;11.071.145.743.285.300;0.28423578923234616;0.02377754436049916
DGW;22/04/2026;43.98;44.52;43.64;44.52;1106400;0.002251238180999593;0.002251238180999593;0.020009095043201516;1673080.0;6.227.231.543.369.560;0.6612953355488081;-0.9100030985733492;0.022544789474493135
DGW;23/04/2026;44.62;44.72;42.86;43.54;1637700;-0.022012578616352307;0.022012578616352307;0.04168534289556252;1624675.0;627.485.614.743.897;10.080.169.880.129.800;0.020757447970047957;0.02163996161958105
DGW;24/04/2026;43.11;43.59;42.57;43.45;1051700;-0.002067064768029314;0.002067064768029314;0.023660403618650037;1598395.0;6.146.143.733.011.950;0.6579725286928451;-0.8894927026577834;0.021128008671217727
DGW;28/04/2026;42.81;43.74;41.79;41.98;2050000;-0.03383199079401622;0.03383199079401622;0.04555010511562725;1577395.0;6.262.364.413.701.900;1.299.611.067.614.640;0.7546750217313312;0.02095902049135531
DGW;29/04/2026;41.88;42.67;41.59;42.42;798500;0.01048118151500721;0.01048118151500721;0.025787965616045804;1605745.0;6.345.176.431.332.450;0.49727696489791345;-12.722.183.673.472.400;0.022112290287467945
DGW;04/05/2026;42.42;42.86;41.98;42.47;639600;0.0011786892975012009;0.0011786892975012009;0.020744931636020803;1570635.0;6.595.690.756.491.170;0.4072238298522572;-14.115.807.341.084.200;0.022308634000306755
DGW;05/05/2026;42.57;42.57;41.93;42.47;576300;0.0;0.0;0.015034061545689465;1549300.0;6.832.185.702.517.470;0.3719744400697089;-14.241.416.178.741.600;0.022270989607878915
DGW;06/05/2026;42.47;42.86;42.18;42.47;1254100;0.0;0.0;0.016011302095596886;1482455.0;71.059.298.400.776;0.8459615974852525;-0.32135836567379655;0.02227617661873813
DGW;07/05/2026;42.96;43.69;42.57;43.15;1255600;0.01601130209559698;0.01601130209559698;0.02607076350093104;1489700.0;7.073.182.228.820.720;0.8428542659595892;-0.33096842754329886;0.01995290985605617
DGW;08/05/2026;42.81;43.06;41.88;42.28;1914100;-0.020162224797218964;0.020162224797218964;0.02756365335202055;1479865.0;7.092.305.617.802.700;1.293.428.792.491.200;0.6122621096727809;0.02024996432010161
DGW;11/05/2026;42.08;42.13;40.52;40.52;3390800;-0.0416272469252601;0.0416272469252601;0.038260456273764246;1514210.0;7.129.730.436.330.450;22.393.195.131.454.600;2.632.063.044.680.610;0.020391889210543926
DGW;12/05/2026;40.62;41.3;40.37;41.25;1093500;0.018015794669298923;0.018015794669298923;0.022895125553914323;1576495.0;8.177.073.234.451.240;0.6936273188306972;-0.5906697740764619;0.016094553315131994
DGW;13/05/2026;41.4;41.45;40.5;41.4;1095200;0.0036363636363636598;0.0036363636363636598;0.022946859903381713;1514840.0;8.045.547.950.983.750;0.7229806448205751;-0.5215803852721916;0.016580367271726428
DGW;14/05/2026;41.45;42.4;41.4;42.4;1060200;0.024154589371980784;0.024154589371980784;0.024125452352231604;1500990.0;8.095.084.622.294.270;0.7063338196790119;-0.5445156172747618;0.01656912630656816
DGW;15/05/2026;42.5;42.5;41.75;42.4;935100;0.0;0.0;0.01764705882352941;1504775.0;8.071.399.290.901.040;0.6214218072469306;-0.7057945957923297;0.01769016372398429
DGW;18/05/2026;41.8;42.1;41.55;42.0;882700;-0.009433962264150941;0.009433962264150941;0.013157894736842209;1476090.0;8.171.220.116.971.510;0.5979987670128515;-0.7261950987803362;0.01769016372398429
DGW;19/05/2026;41.95;42.8;41.45;41.9;1374300;-0.0023809523809523725;0.0023809523809523725;0.03218116805721083;1446075.0;8.278.102.120.877.960;0.9503656449354286;-0.08670465639579192;0.017235743996590717
DGW;20/05/2026;41.75;41.75;39.6;40.85;2196900;-0.025059665871121628;0.025059665871121628;0.05149700598802392;1443945.0;8.279.440.271.412.960;15.214.568.421.927.400;0.909427419387013;0.016913131149339736
DGW;21/05/2026;41.2;41.7;40.85;41.7;699300;0.020807833537331843;0.020807833537331843;0.02063106796116508;1366825.0;6.570.937.487.187.520;0.511623653357233;-10.158.748.295.834.300;0.017012101314904576
DGW;22/05/2026;41.7;41.7;40.6;41.25;866100;-0.010791366906474864;0.010791366906474864;0.02637889688249404;1342170.0;6.730.402.295.788.700;0.6452982856121058;-0.7073425615254569;0.01790274540438822
DGW;25/05/2026;40.85;41.1;40.6;41.0;531600;-0.0060606060606061;0.0060606060606061;0.012239902080783353;1293905.0;6.707.178.522.613.700;0.41084932819642866;-11.365.509.318.558.200;0.017900181695224553
DGW;26/05/2026;41.05;41.45;40.55;41.45;776000;0.01097560975609757;0.01097560975609757;0.02192448233861159;1265165.0;6.911.781.454.231.070;0.6133587318650137;-0.7077263701683677;0.01785504392981474
DGW;27/05/2026;41.3;42.25;41.3;41.7;1069800;0.006031363088057962;0.006031363088057962;0.023002421307506123;1222080.0;693.586.828.017.949;0.8753927729772192;-0.2195543425113304;0.01762149323447407
DGW;28/05/2026;41.7;42.05;41.3;41.6;815500;-0.0023980815347721673;0.0023980815347721673;0.017985611510791366;1222985.0;693.364.586.464.551;0.6668111219679718;-0.5876922588125765;0.017720083854424293
DGW;29/05/2026;41.65;41.65;40.7;40.85;633100;-0.018028846153846145;0.018028846153846145;0.02280912364945968;1161260.0;6.704.368.272.763.810;0.5451836797960835;-0.7877848866769822;0.016054826091884147
DGW;01/06/2026;41.0;41.15;40.0;40.0;1112900;-0.020807833537331732;0.020807833537331732;0.028048780487804844;1152990.0;6.761.429.138.094.520;0.9652295336472996;-0.059292198707118264;0.01630798455991563
DGW;02/06/2026;40.0;40.35;39.2;39.4;945000;-0.015000000000000013;0.015000000000000013;0.028749999999999963;1176655.0;6.654.263.702.200.340;0.8031241102957112;-0.34813017693212145;0.01683233318296836
DGW;03/06/2026;39.1;40.45;39.1;40.45;681200;0.02664974619289362;0.02664974619289362;0.03452685421994888;1195090.0;6.529.082.210.830.970;0.5699989122158163;-0.7870784643322722;0.017031386616991315
DGW;04/06/2026;40.45;40.45;39.65;40.1;420400;-0.008652657601977753;0.008652657601977753;0.01977750309023496;1166445.0;6.626.773.363.251.130;0.3604113352965635;-11.258.043.079.263.900;0.018321953253109487
DGW;05/06/2026;40.1;40.45;39.5;39.9;478200;-0.004987531172069848;0.004987531172069848;0.02369077306733174;1124685.0;6.827.745.395.578.400;0.4251857186678937;-0.9468498934050158;0.01785045192790518
DGW;08/06/2026;39.5;39.5;38.75;39.5;995500;-0.010025062656641603;0.010025062656641603;0.0189873417721519;1052890.0;6.707.857.426.379.270;0.9454928814975924;-0.08555638015547033;0.017422616907467
DGW;09/06/2026;39.5;39.5;38.85;38.95;323300;-0.013924050632911356;0.013924050632911356;0.01645569620253161;933125.0;3.838.663.471.834.950;0.34647019423978564;-15.886.388.699.462.900;0.014971588631781354
DGW;10/06/2026;39.0;39.4;38.7;39.35;657500;0.010269576379974277;0.010269576379974277;0.01794871794871784;894615.0;4.049.834.347.164.540;0.7349530244853931;-0.5854930836023302;0.014514107731601718
DGW;11/06/2026;39.05;39.25;38.8;39.15;204400;-0.0050825921219822545;0.0050825921219822545;0.011523687580025681;872730.0;40.539.974.956.500.400;0.23420760143457886;-16.485.703.326.583.700;0.01474207485259365
DGW;12/06/2026;39.45;39.45;38.9;38.9;405000;-0.0063856960408684715;0.0063856960408684715;0.013941698352344847;829940.0;42.904.609.542.565.400;0.4879870834036195;-0.9904297103051806;0.013350775432677108
DGW;15/06/2026;39.2;40.2;39.2;40.2;1234100;0.033419023136247006;0.033419023136247006;0.02551020408163265;803435.0;43.847.796.352.838.500;15.360.296.725.933.000;0.9821816278621731;0.013329064329334953
DGW;16/06/2026;40.15;41.35;40.1;41.3;1307300;0.02736318407960181;0.02736318407960181;0.031133250311332503;821005.0;4.487.415.660.840.640;1.592.316.733.759.230;1.083.686.105.220.080;0.01568239565307002
DGW;17/06/2026;41.1;42.0;41.1;42.0;1192200;0.016949152542373058;0.016949152542373058;0.02189781021897807;817655.0;4.446.248.501.176.070;14.580.721.698.026.600;0.8423843154536438;0.0170060169604115
DGW;18/06/2026;41.95;41.95;41.0;41.0;443600;-0.023809523809523836;0.023809523809523836;0.022646007151370745;767420.0;3.198.379.500.868.980;0.578040707826223;-1.012.450.210.839.640;0.016407693919506666
DGW;19/06/2026;41.0;41.0;40.25;40.25;424900;-0.018292682926829285;0.018292682926829285;0.018292682926829267;754635.0;32.771.777.857.592.100;0.5630536617040026;-1.006.155.361.582.280;0.01667761351143628
DGW;22/06/2026;40.25;40.7;39.8;40.6;471700;0.008695652173912993;0.008695652173912993;0.02236024844720511;732575.0;33.459.698.912.509.400;0.6438931167457257;-0.7796692991235116;0.016997436636385813
DGW;23/06/2026;40.1;40.45;39.1;39.1;1197100;-0.036945812807881784;0.036945812807881784;0.033665835411471355;729580.0;3.367.517.570.774.300;16.408.070.396.666.500;13.883.223.774.612.700;0.01709032539846261
DGW;24/06/2026;39.1;39.35;38.85;39.25;1003700;0.0038363171355497716;0.0038363171355497716;0.01278772378516624;750635.0;3.525.984.032.489.140;13.371.345.594.063.600;0.7177145377523176;0.01870191164459734
DGW;25/06/2026;39.25;40.0;39.1;39.75;596500;0.01273885350318471;0.01273885350318471;0.022929936305732448;747330.0;3.497.475.918.430.310;0.7981748357485984;-0.4312538628362969;0.018654056990416848
DGW;26/06/2026;39.7;39.75;39.0;39.1;672500;-0.01635220125786163;0.01635220125786163;0.01889168765743073;736380.0;3.509.272.433.215.510;0.9132513104647058;-0.18203203431962503;0.018977956081679237
DGW;29/06/2026;39.2;40.25;39.15;40.25;714400;0.02941176470588225;0.02941176470588225;0.028061224489795953;738350.0;35.042.717.916.100.100;0.9675628089659376;-0.06834515535393534;0.01890746657375167
DGW;30/06/2026;40.25;40.25;39.8;40.2;401200;-0.001242236024844634;0.001242236024844634;0.011180124223602554;718425.0;3.391.576.824.319.790;0.5584438180742597;-0.9353319014485884;0.019602558592464937
DGW;01/07/2026;40.1;40.75;39.7;40.1;850000;-0.0024875621890547706;0.0024875621890547706;0.02618453865336651;691235.0;34.182.484.630.674.700;12.296.831.034.308.100;0.46446301875179413;0.019268789446244477
DGW;02/07/2026;40.8;40.8;40.1;40.2;661300;0.0024937655860348684;0.0024937655860348684;0.017156862745097937;699675.0;3.436.431.163.974.740;0.9451531067995855;-0.1116710859868165;0.018320005450368604
DGW;03/07/2026;39.95;40.7;39.9;40.25;611700;0.0012437810945273853;0.0012437810945273853;0.020025031289111494;711720.0;33.750.615.682.493.300;0.8594672062046872;-0.29635014940447707;0.018221015522533943
DGW;06/07/2026;40.35;40.45;37.45;39.0;829300;-0.03105590062111796;0.03105590062111796;0.07434944237918216;718395.0;3.339.460.253.819.780;11.543.788.584.274.600;0.3321045665183264;0.01817939387504324
DGW;07/07/2026;38.45;39.4;38.45;39.4;617500;0.01025641025641022;0.01025641025641022;0.024707412223666986;710085.0;3.287.144.517.902.870;0.8696142011167677;-0.2816578324918525;0.019393624056841533
DGW;08/07/2026;39.6;39.6;38.8;39.45;257900;0.0012690355329949554;0.0012690355329949554;0.020202020202020308;724795.0;31.686.393.306.740.800;0.35582475044667805;-14.734.873.593.223.800;0.01926322233639044
DGW;09/07/2026;39.0;39.2;38.8;38.85;451000;-0.01520912547528519;0.01520912547528519;0.010256410256410402;704815.0;3.334.927.289.904.130;0.639884224938459;-0.7610810609525936;0.019133850527643027
DGW;10/07/2026;38.9;39.05;38.5;38.5;422800;-0.009009009009009028;0.009009009009009028;0.014138817480719722;717145.0;3.182.267.405.400.380;0.5895599913546075;-0.9249536965387939;0.019415724561916516
DGW;13/07/2026;38.55;38.8;38.0;38.55;801900;0.0012987012987011326;0.0012987012987011326;0.02075226977950706;718035.0;31.733.143.436.609.300;111.679.792.767.762;0.26428204368574515;0.019468464825167245
DGW;14/07/2026;38.4;39.0;38.0;39.0;357600;0.011673151750972943;0.011673151750972943;0.026041666666666668;696425.0;2.942.122.360.956.810;0.513479556305417;-11.516.346.311.640.400;0.017789801020138465
DGW;15/07/2026;39.0;39.0;37.8;37.8;592000;-0.030769230769230882;0.030769230769230882;0.030769230769230844;648940.0;26.568.615.913.873.700;0.9122569112706875;-0.21431300819199503;0.01674471072259479
DGW;16/07/2026;37.8;38.0;35.3;38.0;1272300;0.005291005291005346;0.005291005291005346;0.07142857142857151;618930.0;23.297.755.731.084.100;2.055.644.418.593.370;2.804.433.214.690.570;0.017187353074661408
DGW;17/07/2026;38.4;38.4;37.25;37.4;321100;-0.015789473684210575;0.015789473684210575;0.02994791666666663;660365.0;2.707.792.716.839.380;0.48624624260825455;-12.529.208.675.765.900;0.016747389774714818
DGW;20/07/2026;36.95;37.2;35.0;35.15;1084300;-0.06016042780748665;0.06016042780748665;0.059539918809201696;655175.0;2.764.650.084.930.320;16.549.776.777.196.900;1.552.185.581.600.690;0.01664127787477085
DGW;21/07/2026;34.85;36.05;34.85;35.55;505400;0.011379800853485111;0.011379800853485111;0.034433285509325555;685805.0;28.873.101.391.214.700;0.7369441750935033;-0.6248203043920039;0.020624247888890963
DGW;22/07/2026;35.4;36.0;33.9;34.4;977100;-0.03234880450070321;0.03234880450070321;0.05932203389830513;651220.0;26.468.922.313.178;15.004.146.064.310.000;12.311.797.063.145.000;0.01974009126709474
DGW;23/07/2026;34.05;35.0;33.15;34.75;591000;0.010174418604651292;0.010174418604651292;0.05433186490455218;649890.0;2.628.855.622.549.570;0.9093846650971703;-0.22401382371423637;0.020570888038652566
DGW;24/07/2026;34.45;34.45;33.5;33.5;560200;-0.03597122302158273;0.03597122302158273;0.027576197387518223;649615.0;26.294.722.159.038.900;0.8623569344919684;-0.34004922911597774;0.020453176603709416
DGW;27/07/2026;33.45;34.05;33.0;33.15;722300;-0.010447761194029903;0.010447761194029903;0.03139013452914789;644000.0;2.636.309.561.728.880;11.215.838.509.316.700;0.2970060919122525;0.021399325110234915
DGW;28/07/2026;31.45;34.2;31.45;33.95;671800;0.024132730015083093;0.024132730015083093;0.08744038155802873;644395.0;26.374.788.095.930.900;1.042.528.262.944.310;0.1039060480801662;0.019559964593157814
DGW;29/07/2026;34.0;35.35;33.85;35.35;729300;0.04123711340206171;0.04123711340206171;0.04411764705882353;657925.0;25.748.193.166.041.500;11.084.850.096.895.500;0.2772039169495362;0.02089891978179189
DGW;30/07/2026;35.5;37.2;35.5;36.5;1759300;0.032531824611032434;0.032531824611032434;0.047887323943662054;651890.0;25.413.580.269.321.800;2.698.768.197.088.460;4.357.552.097.202.210;0.023635936245270984
DGW;31/07/2026;36.95;37.05;36.3;36.6;1276400;0.00273972602739736;0.00273972602739736;0.020297699594046006;706790.0;35.489.830.107.407.200;18.059.112.324.735.700;16.049.950.035.717.800;0.025113290334562305
DGW;03/08/2026;36.9;37.8;36.85;37.05;1457100;0.012295081967212962;0.012295081967212962;0.025745257452574413;740025.0;37.601.969.555.778.300;19.689.875.342.049.200;1.907.014.468.846.630;0.025133560320258493
DGW;04/08/2026;37.1;39.6;36.85;39.6;1831900;0.06882591093117418;0.06882591093117418;0.07412398921832884;771415.0;40.865.281.271.772.100;23.747.269.627.891.600;2.595.075.739.103.090;0.024580494096414055
DGW;05/08/2026;40.0;40.25;39.15;39.15;995000;-0.011363636363636465;0.011363636363636465;0.027500000000000035;832135.0;4.701.704.923.412.580;1.195.719.444.561.270;0.3463956217009673;0.02920541045317098
DGW;06/08/2026;39.1;40.45;38.9;40.0;1362300;0.02171136653895278;0.02171136653895278;0.03964194373401545;868990.0;4.512.998.127.047.780;15.676.820.216.573.200;10.930.870.922.446.000;0.029327829641278974
DGW;07/08/2026;39.9;40.1;39.2;39.4;888300;-0.015000000000000013;0.015000000000000013;0.022556390977443573;914555.0;4.528.782.007.455.490;0.9712920491386521;-0.05797364491551542;0.02947999700229168
DGW;10/08/2026;39.9;41.45;39.75;40.3;1465300;0.02284263959390853;0.02284263959390853;0.04260651629072689;937830.0;4.379.922.170.661.550;15.624.366.889.521.500;12.042.908.057.435.400;0.02962644838740075
DGW;11/08/2026;40.3;41.55;40.2;41.15;1306300;0.021091811414392092;0.021091811414392092;0.033498759305210776;971000.0;45.205.083.086.331.100;13.453.141.091.658.000;0.7417307459863642;0.03000522778965052
DGW;12/08/2026;41.2;41.45;40.55;41.0;494100;-0.0036452004860266785;0.0036452004860266785;0.021844660194174893;1018435.0;43.369.975.459.017.600;0.48515614644037175;-12.089.815.464.513.400;0.03022740361140235
DGW;13/08/2026;40.65;43.85;40.65;43.15;4211400;0.05243902439024395;0.05243902439024395;0.07872078720787215;1013540.0;43.928.262.260.908.400;415.513.941.235.669;7.279.732.535.301.660;0.02921852079131313
DGW;14/08/2026;43.0;43.05;41.6;41.6;954900;-0.035921205098493614;0.035921205098493614;0.03372093023255804;1160495.0;8.396.067.885.905.680;0.8228385301099962;-0.24487057845867136;0.031127349063526606
DGW;17/08/2026;41.6;42.7;40.6;41.3;1056000;-0.007211538461538547;0.007211538461538547;0.05048076923076927;1192185.0;8.179.387.393.577.250;0.885768567797783;-0.16649779922019256;0.03220431221648375
DGW;18/08/2026;41.35;42.3;40.8;41.5;1231700;0.004842615012106588;0.004842615012106588;0.03627569528415961;1190770.0;8.181.596.479.776.710;10.343.727.168.134.900;0.05002691113057317;0.02845190170664484
DGW;19/08/2026;41.2;42.8;41.05;42.7;2195400;0.028915662650602414;0.028915662650602414;0.0424757281553398;1227085.0;8.020.987.806.833.290;1.789.118.113.252.130;12.072.266.201.116.300;0.028454319752131155
DGW;20/08/2026;42.65;42.95;42.05;42.7;817100;0.0;0.0;0.02110199296600248;1288000.0;827.959.295.973.826;0.6343944099378882;-0.568747766091736;0.02713221731722183
DGW;21/08/2026;42.65;43.0;42.15;43.0;1245500;0.007025761124121788;0.007025761124121788;0.019929660023446694;1299305.0;8.194.413.074.097.940;0.9585893997175413;-0.06566059034792182;0.027247812605711845
DGW;24/08/2026;43.15;43.4;41.85;42.8;1727000;-0.0046511627906977715;0.0046511627906977715;0.035921205098493565;1333570.0;8.010.300.619.235.600;12.950.201.339.262.200;0.4911550997914279;0.02497271063010996
DGW;25/08/2026;42.8;43.3;42.15;42.3;1205100;-0.011682242990654235;0.011682242990654235;0.02686915887850464;1383805.0;7.921.323.350.864.250;0.8708596948269446;-0.22559993082532392;0.02472042618005479
DGW;26/08/2026;42.5;43.5;42.1;42.25;1818800;-0.0011820330969266601;0.0011820330969266601;0.0329411764705882;1410470.0;7.757.089.457.562.770;12.894.992.449.325.400;0.5263958888625404;0.025175380553851153
DGW;27/08/2026;42.4;43.5;42.4;43.1;1468800;0.020118343195266286;0.020118343195266286;0.02594339622641513;1464945.0;7.635.151.847.488.720;10.026.314.981.108.500;0.00504901549701064;0.024296565649098087
DGW;28/08/2026;43.1;43.4;42.55;42.6;446200;-0.011600928074245953;0.011600928074245953;0.01972157772621813;1450420.0;760.377.461.389.719;0.3076350298534218;-13.206.861.736.335.700;0.02382393828625074
DGW;03/09/2026;41.75;42.15;40.85;40.9;2459100;-0.039906103286385;0.039906103286385;0.031137724550898135;1408910.0;7.923.654.472.527.180;1.745.391.827.724.970;13.253.859.108.082.100;0.024222375950182923
DGW;04/09/2026;41.1;41.2;39.55;40.05;2700000;-0.020782396088019572;0.020782396088019572;0.04014598540145999;1459010.0;8.265.143.548.917.370;18.505.699.069.917.200;15.014.742.244.404.800;0.026434450612407262
DHG;05/05/2025;88.39;88.84;88.39;88.84;28900;;;0.005091073650865515;;;;;
DHG;06/05/2025;88.93;92.61;88.84;92.43;73300;0.04040972534894194;0.04040972534894194;0.042392893286854784;;;;;
DHG;07/05/2025;93.32;93.32;91.89;92.88;16700;0.004868549172346581;0.004868549172346581;0.015323617659665589;;;;;
DHG;08/05/2025;93.32;95.93;92.88;95.93;61200;0.032838070628768534;0.032838070628768534;0.032683240462923396;;;;;
DHG;09/05/2025;95.93;96.46;94.58;94.94;63600;-0.010320025018242585;0.010320025018242585;0.019597623266965448;;;;;
DHG;12/05/2025;95.12;95.57;93.14;93.77;19700;-0.012323572782810266;0.012323572782810266;0.02554667788057183;;;;;
DHG;13/05/2025;95.12;96.82;95.12;96.38;83800;0.02783406206675898;0.02783406206675898;0.017872161480235373;;;;;
DHG;14/05/2025;96.74;97.0;96.11;96.46;56100;0.0008300477277443097;0.0008300477277443097;0.009199917304114126;;;;;
DHG;15/05/2025;97.0;97.27;94.31;96.46;40500;0.0;0.0;0.030515463917525708;;;;;
DHG;16/05/2025;96.92;96.92;95.48;95.75;21700;-0.007360563964337485;0.007360563964337485;0.014857614527445292;;;;;
DHG;19/05/2025;95.93;96.46;95.93;96.28;39000;0.005535248041775409;0.005535248041775409;0.005524861878452902;;;;;
DHG;20/05/2025;96.92;99.33;96.82;97.81;82900;0.015891150810137145;0.015891150810137145;0.02589764754436654;;;;;
DHG;21/05/2025;98.71;98.71;95.12;95.75;90500;-0.02106124118188324;0.02106124118188324;0.03636916219228031;;;;;
DHG;22/05/2025;95.75;95.75;94.4;95.57;51600;-0.0018798955613578139;0.0018798955613578139;0.014099216710182709;;;;;
DHG;23/05/2025;95.38;95.38;93.76;94.71;23200;-0.0089986397405043;0.0089986397405043;0.016984692807716403;;;;;
DHG;26/05/2025;94.71;95.19;94.24;94.62;18700;-0.000950269242952051;0.000950269242952051;0.010030619786717378;;;;;
DHG;27/05/2025;94.62;94.62;93.76;94.14;44700;-0.005072923272035568;0.005072923272035568;0.009088987529063617;;;;;
DHG;28/05/2025;95.09;95.09;94.05;94.62;27600;0.005098789037603524;0.005098789037603524;0.010937007045956527;;;;;
DHG;29/05/2025;94.24;94.62;93.95;94.05;14500;-0.006024096385542244;0.006024096385542244;0.00710950764006793;;;;;
DHG;30/05/2025;93.57;93.67;92.72;93.19;44600;-0.00914407230196701;0.00914407230196701;0.010152826760713935;;;;;
DHG;02/06/2025;93.1;93.19;91.86;93.0;29200;-0.002038845369674802;0.002038845369674802;0.014285714285714268;45140.0;2.437.350.589.212.970;0.6468763845813026;-0.6539888053259932;
DHG;03/06/2025;92.62;93.0;92.43;92.91;18400;-0.000967741935483879;0.000967741935483879;0.006154178363204418;45155.0;24.363.075.490.758.900;0.4074853283135865;-10.981.782.661.285.200;0.01571971558517178
DHG;04/06/2025;93.76;93.86;92.53;93.57;26200;0.00710364869228286;0.00710364869228286;0.014185153583617728;42410.0;24.116.622.352.315.600;0.6177788257486442;-0.6721505094366392;0.012930220687793101
DHG;05/06/2025;93.57;94.14;93.48;94.14;24100;0.006091696056428342;0.006091696056428342;0.00705354280218015;42885.0;2.367.306.430.701.800;0.5619680540981695;-0.7935178883635726;0.012981000713164525
DHG;06/06/2025;94.14;94.52;93.19;93.48;12000;-0.007010834926704845;0.007010834926704845;0.014127894625026538;41030.0;23.615.875.570.204.200;0.2924689251767;-12.292.578.318.216.800;0.010634267663014549
DHG;09/06/2025;94.14;94.14;93.0;93.0;12400;-0.005134788189987249;0.005134788189987249;0.012109623964308482;38450.0;23.837.928.645.443.600;0.32249674902470743;-10.927.962.906.281.700;0.010504743010409946
DHG;10/06/2025;93.1;93.48;93.0;93.38;19700;0.004086021505376403;0.004086021505376403;0.005155746509130011;38085.0;2.419.337.175.430.710;0.5172640147039517;-0.7599188813657999;0.010205625270236713
DHG;11/06/2025;93.38;93.57;93.1;93.1;11700;-0.0029985007496251548;0.0029985007496251548;0.0050331976868708385;34880.0;21.961.415.925.975.300;0.33543577981651373;-10.554.875.003.566.200;0.007865526723318066
DHG;12/06/2025;93.19;94.33;92.24;94.33;30500;0.013211600429645642;0.013211600429645642;0.022427299066423472;32660.0;21.947.578.693.931.400;0.9338640538885487;-0.09841632328204114;0.007851119737057308
DHG;13/06/2025;94.14;94.62;93.95;93.95;33200;-0.004028410897911505;0.004028410897911505;0.007117059698321666;32160.0;2.187.335.317.109.300;10.323.383.084.577.100;0.047546436610113374;0.008531688154514935
DHG;16/06/2025;93.86;93.95;93.67;93.95;13300;0.0;0.0;0.0029831664180694772;32735.0;21.734.626.145.489.800;0.40629295860699555;-0.8941952748532997;0.008434593294040596
DHG;17/06/2025;93.95;95.47;93.95;94.71;61400;0.008089409260244818;0.008089409260244818;0.01617881852048958;31450.0;2.210.135.742.437.550;19.523.052.464.228.900;13.551.203.858.170.300;0.00830158153389546
DHG;18/06/2025;94.71;95.0;94.24;94.71;16800;0.0;0.0;0.008024495829373932;30375.0;1.987.820.480.616.360;0.5530864197530864;-0.6829087501800345;0.007611230925054897
DHG;19/06/2025;95.09;95.09;94.43;94.71;13800;0.0;0.0;0.006940792933010796;26690.0;14.152.176.697.001.600;0.517047583364556;-0.9108139529328307;0.006076468905836195
DHG;20/06/2025;94.71;94.71;94.33;94.71;8600;0.0;0.0;0.004012247914686891;24800.0;13.138.132.527.714.400;0.3467741935483871;-12.330.519.551.257.800;0.006068997798677497
DHG;23/06/2025;94.71;94.71;94.14;94.71;22100;0.0;0.0;0.006018371872030337;24070.0;13.628.186.735.006.600;0.9181553801412546;-0.14455334655341032;0.005724442692838853
DHG;24/06/2025;94.9;95.09;94.62;94.62;19000;-0.000950269242952051;0.000950269242952051;0.004952581664910419;24240.0;13.578.791.512.773.400;0.7838283828382838;-0.38589590208162344;0.005719946417605186
DHG;25/06/2025;95.09;95.09;94.52;94.62;5900;0.0;0.0;0.005994321169418523;22955.0;12.730.215.816.585.400;0.25702461337399257;-1.339.725.912.405.980;0.0055981047273568
DHG;26/06/2025;95.0;95.0;94.24;94.9;17600;0.002959205242020646;0.002959205242020646;0.008000000000000054;21870.0;13.228.482.030.909.800;0.8047553726566072;-0.32278835848456827;0.005481472183659942
DHG;27/06/2025;94.9;94.9;94.52;94.62;4600;-0.0029504741833509263;0.0029504741833509263;0.0040042149631191746;22025.0;13.155.542.158.105.200;0.20885357548240635;-13.245.368.218.644.100;0.0053265003962144515
DHG;30/06/2025;94.62;94.9;94.33;94.81;11600;0.002008032128514081;0.002008032128514081;0.006024096385542246;20025.0;12.570.427.912.157.000;0.5792759051186017;-0.6702238029504207;0.004901629321762847
DHG;01/07/2025;94.81;94.9;94.62;94.62;8300;-0.002004008016032066;0.002004008016032066;0.002953274970994633;19145.0;12.510.226.343.191.900;0.43353355967615564;-0.8668907901815716;0.004862816516196759
DHG;02/07/2025;94.62;95.95;94.62;95.76;50200;0.012048192771084265;0.012048192771084265;0.014056224899598374;18640.0;1.274.355.977.698.040;26.931.330.472.103.000;24.765.450.590.194.600;0.00489005513680524
DHG;03/07/2025;95.95;96.8;95.76;95.76;28200;0.0;0.0;0.010838978634705492;19840.0;14.501.629.672.484.800;14.213.709.677.419.300;0.5764869320764754;0.005324625613303256
DHG;04/07/2025;95.85;96.33;95.19;95.76;9800;0.0;0.0;0.011893583724569647;20045.0;14.593.707.187.472.400;0.4888999750561237;-0.702014907411227;0.005201122185670371
DHG;07/07/2025;95.76;96.04;95.57;95.95;14100;0.001984126984126977;0.001984126984126977;0.0049081035923142545;19935.0;14.665.651.779.081.000;0.7072987208427389;-0.3978684403459651;0.004867864423336424
DHG;08/07/2025;95.95;96.61;95.95;96.61;15800;0.006878582595101657;0.006878582595101657;0.006878582595101579;20020.0;14.624.550.375.454.600;0.7892107892107892;-0.2885558797816247;0.004633619366160895
DHG;09/07/2025;96.23;96.61;96.04;96.42;20600;-0.0019666701169650525;0.0019666701169650525;0.005923308739478262;19825.0;14.655.010.819.008.700;1.039.092.055.485.490;0.052882936053159565;0.00475385476304252
DHG;10/07/2025;96.23;96.52;96.04;96.42;14700;0.0;0.0;0.004988049464823753;20270.0;14.529.900.206.126.600;0.7252096694622595;-0.3833474367326597;0.004705390846716624
DHG;11/07/2025;96.04;96.33;95.57;95.57;16500;-0.00881559842356372;0.00881559842356372;0.007913369429404467;19480.0;14.373.096.212.606.400;0.8470225872689938;-0.20733180630811354;0.003866245806441922
DHG;14/07/2025;95.57;95.66;95.19;95.66;6100;0.0009417181123783092;0.0009417181123783092;0.004917861253531431;18645.0;14.014.709.377.913.100;0.32716545990882273;-0.8951309414785712;0.004322002026290224
DHG;15/07/2025;95.57;96.04;95.28;95.57;22400;-0.0009408321137361897;0.0009408321137361897;0.007952286282306218;18285.0;14.249.737.763.053.300;12.250.478.534.317.700;0.2887772440745785;0.004317220605825919
DHG;16/07/2025;96.42;96.42;95.57;96.23;13200;0.006905932824108119;0.006905932824108119;0.008815598423563664;16335.0;10.104.781.307.042.500;0.8080808080808081;-0.3102491686598937;0.003986516553065147
DHG;17/07/2025;96.33;96.9;95.76;96.8;22900;0.005923308739478328;0.005923308739478328;0.011834319526627226;16155.0;10.128.099.265.747.800;141.751.779.634.788;0.6659689861858764;0.00423589514356535
DHG;18/07/2025;97.0;97.47;96.04;96.33;14400;-0.004855371900826411;0.004855371900826411;0.014742268041237037;16610.0;10.220.716.835.505.100;0.8669476219145094;-0.2162274951520826;0.0043812359873725195
DHG;21/07/2025;96.33;96.52;96.04;96.04;9100;-0.0030104847918612787;0.0030104847918612787;0.004982871379632407;16900.0;10.062.541.271.572.700;0.5384615384615384;-0.7751521001991262;0.004575664379603889
DHG;22/07/2025;97.47;98.9;97.28;97.47;39200;0.014889629321116038;0.014889629321116038;0.016620498614958495;16250.0;1.012.862.021.049.360;24.123.076.923.076.900;22.658.565.059.259.300;0.004654228491730885
DHG;23/07/2025;97.66;98.8;97.47;98.33;19200;0.00882322765979282;0.00882322765979282;0.01361867704280154;17260.0;11.350.696.709.430.300;11.123.986.095.017.300;0.1709146186936889;0.005607353956311563
DHG;24/07/2025;98.42;98.52;98.14;98.33;16700;0.0;0.0;0.0038610038610038147;17925.0;11.035.343.936.165.800;0.9316596931659693;-0.11100696154882263;0.00582597315994402
DHG;25/07/2025;98.52;98.52;97.95;97.95;17400;-0.003864537780941646;0.003864537780941646;0.005785627283800175;17880.0;1.103.857.351.577.440;0.9731543624161074;-0.0434838794445736;0.005836318943294208
DHG;28/07/2025;98.14;98.61;97.95;98.23;29000;0.0028586013272078326;0.0028586013272078326;0.006725086610963894;18520.0;10.590.044.977.788.200;15.658.747.300.215.900;0.9896086392438294;0.005878842999424537
DHG;29/07/2025;98.42;98.42;96.52;96.61;14100;-0.016491906749465546;0.016491906749465546;0.019305019305019364;19390.0;1.070.572.399.774.010;0.7271789582258896;-0.49412818797838054;0.0058839031316411956
DHG;30/07/2025;96.61;96.8;95.85;96.04;20700;-0.005900010350895268;0.005900010350895268;0.009833350584825616;19680.0;10.465.361.411.517.700;10.518.292.682.926.800;0.09746438368362835;0.007134492208025074
DHG;31/07/2025;96.14;97.0;96.04;97.0;40000;0.00999583506872126;0.00999583506872126;0.009985437903057975;18205.0;7.633.063.467.228.370;2.197.198.571.820.920;2.855.341.121.369.440;0.0068013418197961605
DHG;01/08/2025;97.66;97.66;96.14;96.71;12000;-0.0029896907216495627;0.0029896907216495627;0.01556420233463031;18795.0;8.811.384.681.195.090;0.6384676775738228;-0.7711614287481531;0.007146840771288102
DHG;04/08/2025;96.71;97.38;96.23;96.52;16100;-0.0019646365422396617;0.0019646365422396617;0.0118912211767138;18905.0;8.706.287.806.431.660;0.8516265538217402;-0.32218094121903945;0.00719266278847594
DHG;05/08/2025;96.52;97.95;96.04;97.76;24900;0.012847078325735728;0.012847078325735728;0.019788644840447542;19005.0;8.659.553.592.481.090;13.101.815.311.760.000;0.680751026833358;0.007204494923067599
DHG;06/08/2025;96.23;97.76;96.23;97.76;16400;0.0;0.0;0.015899407669126064;19460.0;872.114.188.564.051;0.8427543679342241;-0.3508714845057544;0.007603017163075461
DHG;07/08/2025;97.76;97.95;97.28;97.76;16600;0.0;0.0;0.006853518821603945;19250.0;874.278.650.027.972;0.8623376623376623;-0.30310702427826813;0.007580496134983791
DHG;08/08/2025;97.0;97.76;97.0;97.57;13600;-0.0019435351882162166;0.0019435351882162166;0.007835051546391806;19345.0;8.700.966.371.011.510;0.7030240372189196;-0.6602714865259415;0.007580496134983791
DHG;11/08/2025;97.57;98.42;97.57;97.85;29500;0.0028697345495540816;0.0028697345495540816;0.008711694168289522;19200.0;8.774.724.467.109.140;15.364.583.333.333.300;11.738.260.316.444.200;0.007275238599808069
DHG;12/08/2025;97.95;98.71;97.85;98.33;24600;0.004905467552376086;0.004905467552376086;0.00877998979070954;20370.0;8.491.549.979.399.000;12.076.583.210.603.800;0.4981422720542452;0.0072863370091902375
DHG;13/08/2025;98.52;98.52;97.09;97.57;18200;-0.007729075561883514;0.007729075561883514;0.014514819326025098;20480.0;8.533.377.192.869.720;0.888671875;-0.26718612671957254;0.0073149355730851556
DHG;14/08/2025;97.95;98.52;97.38;97.47;18900;-0.001024905196269299;0.001024905196269299;0.01163859111791731;20730.0;8.380.748.616.228.780;0.9117221418234442;-0.21835758161941782;0.007470765583254648
DHG;15/08/2025;97.95;97.95;97.0;97.19;11500;-0.002872678772955828;0.002872678772955828;0.009698825931597783;20530.0;8.373.963.407.962.460;0.5601558694593278;-1.078.342.424.020.350;0.007376939707306607
DHG;18/08/2025;97.28;97.47;96.14;97.47;16300;0.0028809548307440203;0.0028809548307440203;0.013671874999999983;20385.0;8.509.701.893.473.650;0.799607554574442;-0.4800403176441361;0.007316083194476823
DHG;19/08/2025;97.47;97.57;97.09;97.19;3600;-0.002872678772955828;0.002872678772955828;0.004924592182209806;20745.0;81.519.435.848.468.600;0.1735357917570499;-21.031.794.223.735.500;0.00728712267542193
DHG;20/08/2025;97.38;97.38;96.8;97.0;18900;-0.0019549336351476487;0.0019549336351476487;0.005956048469911669;18965.0;7.788.741.875.296.650;0.9965726337991037;-0.00834537862991182;0.006516678990884352
DHG;21/08/2025;96.8;97.0;96.52;96.61;19000;-0.0040206185567009944;0.0040206185567009944;0.004958677685950454;18950.0;7.788.554.355.422.320;10.026.385.224.274.400;0.006419676581596999;0.00617453940673499
DHG;22/08/2025;96.61;97.76;95.66;96.04;16700;-0.005900010350895268;0.005900010350895268;0.021736880240140862;19065.0;777.054.323.102.721;0.8759506949908209;-0.30435452576297733;0.006217137677817276
DHG;25/08/2025;96.04;96.8;95.76;95.85;9000;-0.0019783423573512815;0.0019783423573512815;0.010828821324448063;19030.0;778.000.811.797.707;0.4729374671571203;-12.892.017.396.259.400;0.006285136835727056
DHG;26/08/2025;96.33;96.9;96.04;96.33;3000;0.005007824726134702;0.005007824726134702;0.008927644555174913;18030.0;7.716.155.301.157.340;0.16638935108153077;-19.478.612.616.500.400;0.006223003590902787
DHG;27/08/2025;96.23;97.47;96.04;96.23;5000;-0.0010380982040900655;0.0010380982040900655;0.01486023069728767;17475.0;8.383.999.485.234.990;0.2861230329041488;-14.879.533.356.329.000;0.0052198101756836665
DHG;28/08/2025;96.9;96.9;96.23;96.33;7200;0.001039176971838307;0.001039176971838307;0.006914344685242536;16690.0;8.791.257.619.152.980;0.4313960455362493;-10.794.815.043.668.700;0.005047423315468695
DHG;29/08/2025;96.33;96.8;96.23;96.71;5600;0.0039447731755424265;0.0039447731755424265;0.005917159763313539;15050.0;7.113.182.720.909.970;0.37209302325581395;-13.285.192.256.091.900;0.004490877035476526
DHG;03/09/2025;96.71;96.9;96.71;96.8;12600;0.0009306173094820736;0.0009306173094820736;0.001964636542239809;14730.0;7.395.951.951.112.000;0.8553971486761711;-0.28799538099753985;0.004542682444245816
DHG;04/09/2025;96.8;97.57;96.8;97.0;3100;0.0020661157024792765;0.0020661157024792765;0.007954545454545414;14555.0;7.403.233.646.255.680;0.21298522844383375;-15.472.968.364.025.000;0.0045225390967090166
DHG;05/09/2025;97.0;97.76;97.0;97.47;18900;0.004845360824742295;0.004845360824742295;0.007835051546391806;13465.0;7.404.783.304.693.880;14.036.390.642.406.200;0.7339850170301083;0.0034439567170695563
DHG;08/09/2025;97.47;97.95;97.09;97.28;15900;-0.0019493177387913674;0.0019493177387913674;0.008823227659792751;13590.0;7.477.679.065.761.370;11.699.779.249.448.100;0.30891938256309714;0.0036374206451552688
DHG;09/09/2025;97.28;97.38;97.09;97.28;6500;0.0;0.0;0.0029810855263157077;13555.0;7.464.475.516.527.710;0.47952784950202876;-0.9451434309589389;0.0036594581556625675
DHG;10/09/2025;97.28;97.38;96.52;96.8;10300;-0.004934210526315819;0.004934210526315819;0.008840460526315784;13200.0;7.629.237.390.322.460;0.7803030303030303;-0.3801166291769337;0.003637571586879728
DHG;11/09/2025;96.8;96.8;96.04;96.42;9600;-0.003925619834710736;0.003925619834710736;0.007851239669421394;12240.0;6.610.151.682.310.880;0.7843137254901961;-0.39938569141533914;0.003715174958051885
DHG;12/09/2025;96.33;97.38;96.14;96.52;7200;0.001037129226301614;0.001037129226301614;0.012872417730717274;11490.0;595.216.899.873.258;0.6266318537859008;-0.7207456644650861;0.0035562124804484584
DHG;15/09/2025;97.47;97.57;96.8;97.47;8500;0.009842519685039353;0.009842519685039353;0.007899866625628358;10940.0;5.805.931.631.121.970;0.7769652650822669;-0.420259857508601;0.003202487038614266
DHG;16/09/2025;97.28;97.57;97.0;97.47;8300;0.0;0.0;0.00585937499999993;10420.0;5.513.867.684.493.770;0.7965451055662188;-0.38448510579278355;0.003949893751015131
DHG;17/09/2025;97.57;97.95;97.57;97.57;14600;0.001025956704626907;0.001025956704626907;0.0038946397458236104;10260.0;5.527.291.141.998.990;14.230.019.493.177.300;0.7851947524570598;0.003891449124777748
DHG;18/09/2025;97.28;97.85;97.0;97.09;7100;-0.004919544942092791;0.004919544942092791;0.008737664473684152;10175.0;544.193.028.834.047;0.6977886977886978;-0.56505685245331;0.003844785352010576
DHG;19/09/2025;97.38;97.47;96.71;97.0;13200;-0.0009269749716758202;0.0009269749716758202;0.007804477305401573;10350.0;5.273.019.708.108.880;12.753.623.188.405.700;0.5404872649380105;0.003952639767527763
DHG;22/09/2025;97.0;97.0;96.71;97.0;11300;0.0;0.0;0.002989690721649549;10065.0;4.929.425.609.754.620;1.122.702.434.177.840;0.2505362891684809;0.003933119356620335
DHG;23/09/2025;97.76;97.85;96.9;97.19;8000;0.00195876288659802;0.00195876288659802;0.00971767594108008;9680.0;4.474.559.666.662.830;0.8264462809917356;-0.375455938718761;0.003817456373100444
DHG;24/09/2025;96.42;97.0;96.23;96.9;9700;-0.002983846074698926;0.002983846074698926;0.007985895042522256;9245.0;416.861.393.094.427;1.049.215.792.320.170;0.1091489899370302;0.0035507602892770693
DHG;25/09/2025;96.42;97.19;96.42;96.9;4500;0.0;0.0;0.007985895042522256;9280.0;4.169.387.182.030.910;0.4849137931034483;-11.464.514.546.887.500;0.0035960376786534835
DHG;26/09/2025;96.9;96.9;96.61;96.8;4300;-0.0010319917440660964;0.0010319917440660964;0.002992776057791602;9355.0;4.062.598.986.648.230;0.4596472474612507;-12.442.773.743.146.400;0.0034403561980895694
DHG;29/09/2025;96.61;96.9;96.04;96.9;16200;0.0010330578512398603;0.0010330578512398603;0.008901770003105262;9320.0;4.104.887.972.059.330;1.738.197.424.892.700;16.760.506.125.453.200;0.003440231403986886
DHG;30/09/2025;96.9;96.9;96.04;96.52;7100;-0.0039215686274510775;0.0039215686274510775;0.008875128998968002;9770.0;4.346.456.511.979.130;0.7267144319344934;-0.6142935038326731;0.003440162565476187
DHG;01/10/2025;96.52;97.09;96.52;96.8;5400;0.0029009531703274583;0.0029009531703274583;0.005905511811023699;9845.0;428.319.543.774.204;0.5485017775520569;-10.377.766.003.465.900;0.003451262268544579
DHG;02/10/2025;96.8;97.0;96.71;96.8;2500;0.0;0.0;0.002995867768595106;9485.0;4.341.631.393.600.130;0.2635740643120717;-16.088.422.454.048.900;0.003509637825620441
DHG;03/10/2025;96.8;96.8;96.52;96.8;3800;0.0;0.0;0.0028925619834710863;9455.0;4.389.877.710.801.170;0.40190375462718136;-12.881.907.817.354.500;0.0034760492418281223
DHG;06/10/2025;96.8;97.0;96.71;97.0;4000;0.0020661157024792765;0.0020661157024792765;0.002995867768595106;8700.0;3.957.138.785.589.970;0.45977011494252873;-11.877.268.538.356.900;0.003276547669576018
DHG;07/10/2025;97.0;97.0;96.33;96.9;4500;-0.0010309278350515427;0.0010309278350515427;0.006907216494845378;8105.0;3.704.119.328.531.330;0.5552128315854411;-0.9732407841810433;0.0032956965694441245
DHG;08/10/2025;97.0;97.09;96.71;97.0;7100;0.0010319917440659854;0.0010319917440659854;0.003917525773195976;8005.0;3.776.028.963.983.400;0.886945658963148;-0.23966977177137408;0.003301465794609492
DHG;09/10/2025;97.09;97.09;97.0;97.09;19200;0.0009278350515464773;0.0009278350515464773;0.0009269749716757998;7845.0;3.741.302.193.790.630;2.447.418.738.049.710;30.350.395.161.464.500;0.0031145320038288376
DHG;10/10/2025;96.14;97.19;96.14;97.19;11800;0.0010299721907507386;0.0010299721907507386;0.010921572706469701;8325.0;4.514.290.175.594.950;14.174.174.174.174.100;0.7697777202685061;0.002969423627219199
DHG;13/10/2025;96.33;97.0;96.14;97.0;11900;-0.0019549336351476487;0.0019549336351476487;0.008927644555174913;8555.0;4.570.785.375.334.070;1.390.999.415.546.460;0.7318217166903215;0.0029693369515185943
DHG;14/10/2025;97.19;97.19;97.0;97.0;8000;0.0;0.0;0.0019549336351476257;8725.0;4.631.457.085.717.360;0.9169054441260746;-0.15653820959191836;0.0019969818898125245
DHG;15/10/2025;96.33;96.8;96.33;96.61;5900;-0.0040206185567009944;0.0040206185567009944;0.004879061559223491;8710.0;4.633.391.391.785.620;0.677382319173364;-0.606467220744992;0.0019969818898125245
DHG;16/10/2025;96.61;97.0;96.23;96.52;7100;-0.0009315805817203815;0.0009315805817203815;0.007970189421384909;8275.0;445.632.312.444.611;0.8580060422960725;-0.2636702876311386;0.0021421863186933234
DHG;17/10/2025;97.66;97.66;96.42;96.42;6500;-0.0010360547036882828;0.0010360547036882828;0.012697112430882602;8275.0;445.632.312.444.611;0.7854984894259819;-0.3983104345066136;0.001877650424151575
DHG;20/10/2025;96.42;96.9;95.47;96.04;11200;-0.003941091059946;0.003941091059946;0.01483094793611291;7940.0;4.316.236.177.138.770;14.105.793.450.881.600;0.7552876780160456;0.0018797470495704005
DHG;21/10/2025;96.04;96.8;96.04;96.14;19500;0.0010412328196585108;0.0010412328196585108;0.00791336942940432;7935.0;4.312.195.069.310.860;24.574.669.187.145.500;26.819.287.657.708.400;0.002046063131147362
DHG;22/10/2025;97.0;101.94;97.0;99.94;110900;0.03952569169960474;0.03952569169960474;0.05092783505154637;8510.0;502.853.960.174.475;13.031.727.379.553.400;20.361.776.600.998.300;0.001997863572582833
DHG;23/10/2025;99.94;100.8;99.94;100.13;28000;0.0019011406844107182;0.0019011406844107182;0.00860516309785871;13570.0;23.452.821.623.533.100;20.633.750.921.149.500;0.6152777790080745;0.009133118298024387
DHG;24/10/2025;100.51;100.51;98.52;99.75;23400;-0.003795066413662229;0.003795066413662229;0.019799024972639627;14745.0;23.562.916.337.240.300;15.869.786.368.260.400;0.3673144646497376;0.009125650418644058
DHG;27/10/2025;98.42;101.27;98.42;101.27;51400;0.015238095238095273;0.015238095238095273;0.0289575289575289;15700.0;23.504.288.522.466.800;32.738.853.503.184.700;1.518.871.756.780.710;0.009189551166501138
DHG;28/10/2025;101.75;104.13;101.27;102.8;49100;0.015108126789769916;0.015108126789769916;0.028108108108108102;17460.0;24.824.508.263.534.900;28.121.420.389.461.600;1.274.546.897.932.970;0.00968385440112403
DHG;29/10/2025;102.89;104.6;101.75;102.7;54300;-0.0009727626459143934;0.0009727626459143934;0.027699484886772225;19560.0;2.566.425.734.875.560;2.776.073.619.631.900;1.353.633.558.451.060;0.009975868349801666
DHG;30/10/2025;103.27;103.27;100.04;100.42;37200;-0.022200584225900655;0.022200584225900655;0.031277234434007845;22005.0;26.558.009.496.591.600;16.905.248.807.089.200;0.572143782159204;0.010019551562544233
DHG;31/10/2025;100.42;100.42;98.9;100.42;48100;0.0;0.0;0.015136427006572356;23740.0;26.349.341.348.004.900;2.026.116.259.477.670;0.9245012874617612;0.011492053377151418
DHG;03/11/2025;100.42;101.56;99.18;99.56;31800;-0.008564031069508093;0.008564031069508093;0.023700458076080417;25955.0;26.446.718.530.899.600;12.251.974.571.373.500;0.22101040600446725;0.011492053377151418
DHG;04/11/2025;99.66;99.66;97.47;97.85;34200;-0.01717557251908408;0.01717557251908408;0.021974714027694138;27345.0;259.581.135.272.719;12.506.856.829.402.000;0.26407928267969305;0.01172734683766791
DHG;05/11/2025;97.85;99.37;97.85;99.37;9100;0.01553398058252431;0.01553398058252431;0.015533980582524377;28830.0;2.542.651.123.697.880;0.3156434269857787;-0.7759617438709346;0.01243541971824332
DHG;06/11/2025;99.47;99.47;98.52;99.37;10000;0.0;0.0;0.009550618276867425;28930.0;25.340.338.135.907.000;0.3456619426201175;-0.7470302842240432;0.012879233474779664
DHG;07/11/2025;99.37;99.85;98.04;98.04;17200;-0.013384321223709361;0.013384321223709361;0.01821475294354421;28470.0;25.608.347.734.366.000;0.6041447137337548;-0.4400908686848164;0.012882261030475895
DHG;10/11/2025;97.95;98.8;97.57;97.76;12300;-0.002855977152182776;0.002855977152182776;0.012557427258805553;28740.0;25.451.324.027.186.500;0.4279749478079332;-0.6459388903476758;0.01329130729552102
DHG;11/11/2025;97.66;97.76;96.61;97.76;43200;0.0;0.0;0.01177554781896381;28760.0;25.437.547.879.173.800;1.502.086.230.876.210;0.5676647791913254;0.013301655852138744
DHG;12/11/2025;97.76;99.66;97.0;98.42;16900;0.006751227495908285;0.006751227495908285;0.027209492635024514;30520.0;25.141.590.620.869;0.5537352555701179;-0.5417318341304388;0.013301655852138744
DHG;13/11/2025;98.42;99.37;97.47;98.33;6400;-0.0009144482828693512;0.0009144482828693512;0.019305019305019364;31070.0;24.690.933.771.858.700;0.20598648213710974;-0.999152167672062;0.013328160517340605
DHG;14/11/2025;98.33;98.8;98.04;98.61;4900;0.002847554154378207;0.002847554154378207;0.007729075561883361;31035.0;24.727.169.693.530.000;0.1578862574512647;-10.569.345.510.998.000;0.013328029568452446
DHG;17/11/2025;98.8;99.18;98.14;98.61;13900;0.0;0.0;0.010526315789473748;30955.0;24.813.164.481.358.400;0.44903892747536744;-0.6873367567773568;0.013324895723948637
DHG;18/11/2025;98.42;99.28;98.23;98.42;6900;-0.0019267822736031004;0.0019267822736031004;0.010668563300142219;31090.0;24.707.145.780.757.000;0.2219363139273078;-0.9790689792602519;0.013273797325640376
DHG;19/11/2025;98.42;98.42;97.66;97.66;6500;-0.007722007722007818;0.007722007722007818;0.007722007722007774;30460.0;25.174.452.379.973.900;0.21339461588969139;-0.9517585383132273;0.013294643837036981
DHG;20/11/2025;97.66;98.33;97.38;97.57;10500;-0.0009215646119189458;0.0009215646119189458;0.009727626459143998;25240.0;17.167.637.853.638.500;0.41600633914421553;-0.8585922027051587;0.00990110037938425
DHG;21/11/2025;97.47;97.85;97.0;97.76;23900;0.0019473198729118568;0.0019473198729118568;0.008720631989329992;24365.0;17.462.991.695.221.200;0.9809152472809358;-0.026627739857841545;0.009876056899696945
DHG;24/11/2025;97.76;97.76;97.57;97.66;3000;-0.0010229132569559152;0.0010229132569559152;0.0019435351882161613;24390.0;1.746.189.535.742.560;0.12300123001230012;-12.249.529.367.901.000;0.009881572166207856
DHG;25/11/2025;97.47;98.42;97.47;97.47;12600;-0.0019455252918287869;0.0019455252918287869;0.009746588693957144;21970.0;16.865.258.591.804.000;0.5735093309057806;-0.5555799781542337;0.00911808338339419
DHG;26/11/2025;97.47;97.76;97.38;97.76;4500;0.0029752744434186074;0.0029752744434186074;0.003898635477582945;20145.0;15.710.287.444.185.900;0.22338049143708116;-0.9958442871005446;0.008208287417293682
DHG;27/11/2025;97.76;97.95;97.19;97.57;3100;-0.0019435351882162166;0.0019435351882162166;0.007774140752864209;17655.0;13.848.141.619.574.400;0.17558765222316625;-10.510.435.551.458;0.008297139411745714
DHG;28/11/2025;97.57;97.95;97.57;97.57;4300;0.0;0.0;0.0038946397458236104;15950.0;13.407.283.959.023.600;0.26959247648902823;-0.8689306525919467;0.006870253797987261
DHG;01/12/2025;97.57;98.61;97.47;98.42;6100;0.00871169416828943;0.00871169416828943;0.01168391923747054;13760.0;11.289.324.253.703.600;0.4433139534883721;-0.6785171395433148;0.006870253797987261
DHG;02/12/2025;97.57;98.42;97.57;97.95;7100;-0.0047754521438732045;0.0047754521438732045;0.008711694168289522;12475.0;10.567.421.385.410.900;0.5691382765531062;-0.5086387496026739;0.007008877635663159
DHG;03/12/2025;98.14;98.14;97.85;98.14;10400;0.001939765186319553;0.001939765186319553;0.0029549622987569417;11120.0;9.296.099.917.933.850;0.935251798561151;-0.07745183532407927;0.005925751669291651
DHG;04/12/2025;98.14;98.8;98.14;98.61;29300;0.004789076829019745;0.004789076829019745;0.006725086610963894;11185.0;9.285.771.515.150.380;26.195.797.943.674.500;19.508.341.305.236.800;0.004714119297227602
DHG;05/12/2025;98.52;98.71;97.95;98.71;20200;0.0010140959334752342;0.0010140959334752342;0.007714169711733566;12150.0;10.121.394.744.744.700;1.662.551.440.329.210;0.7953449305175785;0.0048660243726200555
DHG;08/12/2025;99.66;99.85;98.52;98.9;18900;0.0019248303110122045;0.0019248303110122045;0.013345374272526574;12300.0;10.221.906.300.737.200;15.365.853.658.536.500;0.6456721286443385;0.0037845669438369045
DHG;09/12/2025;98.9;99.37;97.47;97.85;13600;-0.010616784630940512;0.010616784630940512;0.01921132457027306;12630.0;10.327.892.738.649.600;10.768.012.668.250.100;0.09392041770244278;0.003722053351562052
DHG;10/12/2025;97.57;98.14;97.38;97.47;24900;-0.003883495145631022;0.003883495145631022;0.007789279491647076;11150.0;7.431.263.971.258.560;2.233.183.856.502.240;1.850.290.886.339.120;0.004488302130214443
DHG;11/12/2025;97.66;98.04;97.57;97.95;5700;0.004924592182209864;0.004924592182209864;0.004812615195576624;11550.0;7.953.979.474.054.700;0.4935064935064935;-0.7354809022429928;0.00427835589937923
DHG;12/12/2025;97.95;98.52;97.0;97.0;24400;-0.009698825931597765;0.009698825931597765;0.015518121490556366;11515.0;7.979.333.503.363.170;2.118.975.249.674.330;16.147.965.233.649.000;0.00444293280405996
DHG;15/12/2025;97.09;97.28;96.8;96.9;6000;-0.0010309278350515427;0.0010309278350515427;0.004943866515604119;12490.0;8.312.887.901.515.160;0.4803843074459568;-0.7807154477347259;0.004858630714682462
DHG;16/12/2025;97.0;97.95;96.9;97.95;23100;0.010835913312693402;0.010835913312693402;0.010824742268041207;12095.0;8.429.239.523.668.060;190.988.011.575.031;13.055.744.790.617.900;0.004855035407022418
DHG;17/12/2025;97.0;97.0;96.04;97.0;41200;-0.009698825931597765;0.009698825931597765;0.00989690721649478;12905.0;8.678.435.160.909.170;3.192.561.022.859.350;326.038.041.137.312;0.0055033296825134975
DHG;18/12/2025;96.23;97.0;96.04;96.33;22600;-0.006907216494845381;0.006907216494845381;0.009976098929647653;14640.0;10.588.891.895.705.900;15.437.158.469.945.300;0.7517311611451982;0.005660571290348635
DHG;19/12/2025;96.33;96.52;96.04;96.42;40300;0.0009342883836811477;0.0009342883836811477;0.004982871379632407;15245.0;10.685.133.548.410.500;26.434.896.687.438.500;23.448.466.868.930.300;0.005848942119646364
DHG;22/12/2025;96.33;96.42;96.04;96.42;21000;0.0;0.0;0.003944773175542359;16065.0;119.399.054.479.197;13.071.895.424.836.600;0.41331985596752185;0.005829866616222088
DHG;23/12/2025;96.42;96.42;96.23;96.33;15900;-0.0009334163036714971;0.0009334163036714971;0.001970545529973011;16965.0;11.576.122.203.188.600;0.9372236958443855;-0.09199971988086345;0.005831128588759423
DHG;24/12/2025;96.33;96.33;96.04;96.14;11900;-0.0019723865877712132;0.0019723865877712132;0.0030104847918612275;17130.0;11.534.073.092.592.300;0.694687682428488;-0.45343912406441433;0.005823429599084899
DHG;25/12/2025;96.52;96.8;96.14;96.42;16800;0.00291241938839204;0.00291241938839204;0.0068379610443431065;17500.0;11.222.064.731.683.900;0.96;-0.06237711301233604;0.005769651968065908
DHG;26/12/2025;96.42;96.42;95.09;96.42;27800;0.0;0.0;0.013793818709811225;18185.0;10.702.939.832.243.800;1.528.732.471.817.430;0.8983513082110148;0.005821791635382642
DHG;29/12/2025;96.42;97.85;96.42;97.09;10700;0.0069487658162206145;0.0069487658162206145;0.014830947936112763;19360.0;10.383.559.880.381.700;0.5526859504132231;-0.8340106957308391;0.005821791635382642
DHG;30/12/2025;97.19;97.76;97.19;97.47;12200;0.003913894324853118;0.003913894324853118;0.005864800905443023;19590.0;10.122.039.528.204.000;0.622766717713119;-0.7300900158914106;0.005685510033234453
DHG;31/12/2025;96.9;97.47;96.61;97.28;16600;-0.0019493177387913674;0.0019493177387913674;0.008875128998968002;19845.0;9.851.447.929.913.090;0.836482741244646;-0.32939320423618446;0.0056868505128390276
DHG;05/01/2026;97.28;97.28;96.52;97.0;8300;-0.0028782894736841813;0.0028782894736841813;0.007812500000000052;20155.0;9.633.738.685.091.630;0.4118084842470851;-1.230.571.057.355.520;0.0056752249326896724
DHG;06/01/2026;97.95;97.95;97.0;97.47;5900;0.004845360824742295;0.004845360824742295;0.009698825931597783;19105.0;9.728.497.206.389.910;0.30881968071185556;-13.573.524.995.542.600;0.005562341002659897
DHG;07/01/2026;96.42;97.95;96.42;97.66;13800;0.0019493177387914784;0.0019493177387914784;0.015868077162414448;18390.0;10.159.719.225.295.600;0.7504078303425775;-0.4517841387360231;0.005692838990411479
DHG;08/01/2026;97.66;98.14;97.66;97.85;10100;0.0019455252918287869;0.0019455252918287869;0.00491501126356752;18135.0;1.021.012.268.599.920;0.5569341053212021;-0.7869640989738602;0.005693416924118921
DHG;09/01/2026;98.14;98.14;97.85;97.85;15900;0.0;0.0;0.0029549622987569417;17960.0;10.321.332.023.379.600;0.8853006681514477;-0.19958664204714477;0.0052038504973340475
DHG;12/01/2026;97.95;99.28;97.95;99.09;32900;0.012672457843638352;0.012672457843638352;0.013578356304236837;17510.0;10.198.291.910.645.400;18.789.263.278.126.700;15.090.762.389.273.400;0.0051226307844647306
DHG;13/01/2026;99.09;99.18;97.57;99.09;13900;0.0;0.0;0.01624785548491284;18870.0;10.352.935.002.109.000;0.7366189719130896;-0.48005710448172884;0.005752415484639115
DHG;14/01/2026;98.71;99.85;98.71;99.47;22400;0.003834897567867479;0.003834897567867479;0.01154898186607234;18345.0;10.323.936.162.856.500;12.210.411.556.282.300;0.39277654724261984;0.005223500186990987
DHG;15/01/2026;99.47;103.65;99.47;101.27;28700;0.0180959083140646;0.0180959083140646;0.042022720418216614;19165.0;9.935.808.445.903.310;14.975.215.236.107.400;0.9596602080157275;0.00523334356818143
DHG;16/01/2026;101.08;101.65;99.85;101.46;15900;0.0018761726078799779;0.0018761726078799779;0.017807677087455592;19445.0;10.129.554.206.432.300;0.8176909231164824;-0.34996604270589543;0.006106830389568221
DHG;19/01/2026;101.75;102.7;100.42;101.65;34500;0.0018726591760300781;0.0018726591760300781;0.022407862407862418;18180.0;8.756.447.248.801.990;18.976.897.689.768.900;18.637.695.787.218.700;0.005488287550580187
DHG;20/01/2026;101.75;102.13;99.37;99.37;34500;-0.02242990654205612;0.02242990654205612;0.027125307125307037;18775.0;9.449.470.884.658.010;1.837.549.933.422.100;16.641.143.395.161.700;0.005049674145135745
DHG;21/01/2026;98.9;98.99;97.85;98.33;39000;-0.0104659353929758;0.0104659353929758;0.011526794742163808;18485.0;8.822.296.812.771.090;21.098.187.719.772.700;23.253.581.732.029.900;0.007559395105761072
DHG;22/01/2026;98.33;99.66;98.33;98.52;17500;0.001932268890470823;0.001932268890470823;0.013525882233296026;19385.0;993.972.757.224.894;0.902759865875677;-0.18964302454956564;0.008019510155607118
DHG;23/01/2026;99.37;99.37;98.23;98.52;13300;0.0;0.0;0.011472275334608036;19465.0;99.166.141.823.762;0.6832776778833805;-0.6216839625521011;0.008008516844817199
DHG;26/01/2026;98.52;98.71;97.47;97.85;24700;-0.0068006496142914985;0.0068006496142914985;0.012586276898091707;19535.0;986.521.133.766.741;12.643.972.357.307.300;0.523556954150487;0.0079800696139465
DHG;27/01/2026;97.19;98.52;97.19;98.33;9000;0.004905467552376086;0.004905467552376086;0.013684535446033525;19930.0;9.908.003.144.720.380;0.4515805318615153;-1.103.148.620.398.260;0.008167183556301246
DHG;28/01/2026;98.33;98.71;98.33;98.42;10800;0.0009152852639073839;0.0009152852639073839;0.0038645377809416806;18990.0;10.013.301.679.581.700;0.5687203791469194;-0.8179120396122999;0.008216411547127184
DHG;29/01/2026;99.28;99.28;97.95;98.61;23700;0.0019305019305018156;0.0019305019305018156;0.013396454472199821;18995.0;10.008.968.346.858.700;124.769.676.230.587;0.4700784173702208;0.008096913741424953
DHG;30/01/2026;98.61;99.66;98.42;98.9;12900;0.0029408782070785566;0.0029408782070785566;0.012574789575093752;19570.0;9.928.062.301.004.710;0.6591722023505365;-0.6718330120999542;0.00806772383422164
DHG;02/02/2026;98.52;99.75;98.42;98.9;12600;0.0;0.0;0.013499796995533884;19385.0;10.020.362.163.850.900;0.6499871034304875;-0.6771212346473132;0.0080600936405092
DHG;03/02/2026;99.75;99.75;98.99;99.09;20800;0.001921132457027186;0.001921132457027186;0.00761904761904767;19600.0;9.814.007.175.568.230;10.612.244.897.959.100;0.1222742126159613;0.008015459936009401
DHG;04/02/2026;99.18;99.18;98.23;98.8;12400;-0.0029266323544253625;0.0029266323544253625;0.00957854406130271;20345.0;926.972.860.557.698;0.6094863602850823;-0.8570908964066134;0.007968174858870981
DHG;05/02/2026;99.09;99.09;98.04;98.04;4800;-0.007692307692307554;0.007692307692307554;0.010596427490160432;20275.0;9.326.864.142.724.580;0.23674475955610358;-16.591.857.416.590.800;0.008007420601287209
DHG;06/02/2026;98.42;98.8;97.19;97.95;38100;-0.0009179926560587415;0.0009179926560587415;0.016358463726884775;20010.0;9.699.044.988.255.800;1.904.047.976.011.990;18.651.320.848.500.500;0.00821031606785844
DHG;09/02/2026;97.95;98.52;97.57;98.52;26700;0.005819295558958659;0.005819295558958659;0.009698825931597783;21120.0;10.445.527.877.114.600;12.642.045.454.545.400;0.5341999050354719;0.008213641181272036
DHG;10/02/2026;98.71;98.71;97.0;98.33;13200;-0.0019285424279333885;0.0019285424279333885;0.01732347279910844;20810.0;10.165.778.505.927.500;0.6343104276790005;-0.7485899870396251;0.007792977121994586
DHG;11/02/2026;98.33;98.42;97.95;98.33;2900;0.0;0.0;0.0047798230448489664;20775.0;10.191.992.470.872.100;0.13959085439229843;-1.753.827.826.216.030;0.007801524668246588
DHG;12/02/2026;98.42;98.42;98.14;98.42;3500;0.0009152852639073839;0.0009152852639073839;0.0028449502133712774;19800.0;10.934.060.737.462.800;0.17676767676767677;-14.907.544.773.509.500;0.007739987442165284
DHG;13/02/2026;98.42;98.42;98.14;98.42;2900;0.0;0.0;0.0028449502133712774;18540.0;11.300.321.374.097.900;0.15641855447680691;-13.840.314.343.492.300;0.006399181549308274
DHG;23/02/2026;98.52;99.09;98.23;98.9;8300;0.00487705750863654;0.00487705750863654;0.008729192042224923;17890.0;11.822.008.912.906.500;0.4639463387367244;-0.8111988470529939;0.006362169030062136
DHG;24/02/2026;98.99;99.85;98.71;99.56;11600;0.006673407482305382;0.006673407482305382;0.011516314779270639;16580.0;11.325.778.699.846.300;0.6996381182147166;-0.43970486550894233;0.006480375941073963
DHG;25/02/2026;99.85;100.32;99.47;99.47;17500;-0.0009039775010044604;0.0009039775010044604;0.008512769153730539;15435.0;10.549.745.569.393.900;11.337.868.480.725.600;0.19573931773206094;0.004446089885486506
DHG;26/02/2026;99.47;99.47;99.18;99.47;7700;0.0;0.0;0.002915451895043652;14360.0;9.004.349.826.027.030;0.5362116991643454;-0.7396425204126674;0.003701278683011181
DHG;27/02/2026;99.66;99.66;99.18;99.47;9500;0.0;0.0;0.004816375677302727;13870.0;9.090.718.227.661.450;0.684931506849315;-0.4807100924878365;0.0036894057825793522
DHG;02/03/2026;99.75;99.75;98.04;98.23;12200;-0.012466070171911037;0.012466070171911037;0.01714285714285708;13680.0;914.282.001.872.159;0.8918128654970761;-0.16187565728838918;0.0036894057825793522
DHG;03/03/2026;98.42;98.52;98.04;98.23;13100;0.0;0.0;0.0048770575086363515;13055.0;8.769.473.068.248.520;10.034.469.551.895.800;0.005131437162733378;0.004422926192047186
DHG;04/03/2026;99.28;99.28;97.47;97.95;14400;-0.0028504530184261245;0.0028504530184261245;0.018231265108783264;13260.0;8.717.459.794.180.710;1.085.972.850.678.730;0.13077203989641564;0.004282211928923165
DHG;05/03/2026;98.71;98.71;97.76;97.76;4900;-0.001939765186319553;0.001939765186319553;0.009624151555060164;13440.0;8.701.143.300.557.770;0.3645833333333333;-0.981480215301425;0.004320516576259624
DHG;06/03/2026;97.76;98.42;97.66;98.14;7200;0.003887070376431989;0.003887070376431989;0.007774140752864209;12500.0;8.548.560.974.622.650;0.576;-0.6199873891914244;0.004305282731029367
DHG;09/03/2026;96.04;97.57;93.19;94.14;89800;-0.040758100672508624;0.040758100672508624;0.04560599750104118;12215.0;8.629.159.561.442.900;7.351.616.864.510.840;8.991.026.234.659.960;0.004349178763860014
DHG;10/03/2026;95.09;96.9;95.09;96.42;10000;0.02421924792861696;0.02421924792861696;0.01903459880113579;16075.0;19.379.964.559.198.400;0.6220839813374806;-0.31346806550874584;0.010018016365770585
DHG;11/03/2026;97.76;97.76;96.33;96.33;7400;-0.0009334163036714971;0.0009334163036714971;0.014627659574468155;15535.0;19.391.839.710.775.700;0.4763437399420663;-0.41950635531911357;0.011636042533051736
DHG;12/03/2026;96.42;97.19;95.85;95.85;9400;-0.004982871379632603;0.004982871379632603;0.013897531632441437;15285.0;19.466.469.822.965.300;0.6149820085050703;-0.30231470079167816;0.01162990821496814
DHG;13/03/2026;96.04;97.09;96.04;96.33;8700;0.005007824726134702;0.005007824726134702;0.010932944606413964;15515.0;19.362.967.231.289.700;0.5607476635514018;-0.35196051920117155;0.01156590575114019
DHG;16/03/2026;96.9;97.0;96.14;96.8;11600;0.004879061559223574;0.004879061559223574;0.008875128998968002;14045.0;18.661.400.494.632.000;0.8259166963332146;-0.1310191054901431;0.0116454850863966
DHG;17/03/2026;97.0;97.0;96.52;97.0;5400;0.0020661157024792765;0.0020661157024792765;0.004948453608247464;13290.0;18.426.436.957.463.200;0.40632054176072235;-0.42818912946728505;0.011619360879464956
DHG;18/03/2026;96.42;97.0;96.42;97.0;8200;0.0;0.0;0.006015349512549246;12900.0;18.510.793.437.457.200;0.6356589147286822;-0.25390591796510387;0.0116335406169345
DHG;19/03/2026;96.9;97.0;95.76;95.95;17200;-0.010824742268041199;0.010824742268041199;0.012796697626418935;13165.0;18.397.690.787.590.400;1.306.494.492.973.790;0.21932100319468817;0.0116335406169345
DHG;20/03/2026;95.85;96.9;95.38;95.85;4300;-0.0010422094841063823;0.0010422094841063823;0.015858111632759627;13850.0;18.273.521.252.001.900;0.3104693140794224;-0.522614107500148;0.01184647511204635
DHG;23/03/2026;95.19;95.57;94.14;94.9;13000;-0.009911319770474547;0.009911319770474547;0.01502258640613502;13920.0;1.823.200.193.990.880;0.9339080459770115;-0.05046072302055698;0.01184319901732335
DHG;24/03/2026;95.09;95.28;94.9;95.19;18300;0.003055848261327654;0.003055848261327654;0.003996214112945582;14155.0;18.185.982.890.242.900;1.292.829.388.908.510;0.22792279224148235;0.011901731253369997
DHG;25/03/2026;95.57;96.04;95.09;96.04;6500;0.008929509402248126;0.008929509402248126;0.009940357852882734;14490.0;18.198.146.232.948.800;0.44858523119392685;-0.43905570917622583;0.011790039365058432
DHG;26/03/2026;95.0;96.61;95.0;95.85;26700;-0.0019783423573512815;0.0019783423573512815;0.016947368421052624;13940.0;18.268.477.308.136.300;1.915.351.506.456.240;0.6984709116570417;0.012048046551746952
DHG;27/03/2026;95.85;96.23;95.47;96.04;14800;0.001982263954094954;0.001982263954094954;0.007929055816379814;14890.0;18.420.294.871.632.500;0.9939556749496307;-0.004885915270477061;0.012041619251843095
DHG;30/03/2026;95.19;96.14;95.09;96.04;12200;0.0;0.0;0.011030570438071196;15155.0;18.376.743.741.107;0.8050148465852854;-0.16080106691535076;0.012065194609670234
DHG;31/03/2026;95.95;96.14;95.66;95.95;15400;-0.0009371095376926597;0.0009371095376926597;0.005002605523710307;15155.0;18.376.743.741.107;10.161.662.817.551.900;0.013332068153726206;0.011797853672998964
DHG;01/04/2026;97.19;97.19;96.04;96.52;8300;0.005940594059405946;0.005940594059405946;0.011832493054840946;15270.0;18.370.402.396.532.400;0.5435494433529797;-0.3794146611244419;0.011795284079969073
DHG;02/04/2026;96.52;96.52;95.38;95.57;9400;-0.009842519685039353;0.009842519685039353;0.011811023622047251;14965.0;18.436.128.004.260.300;0.6281323087203475;-0.30185297035874337;0.011890294718556436
DHG;03/04/2026;96.42;96.42;95.66;95.76;2500;0.001988071570576677;0.001988071570576677;0.007882182119892191;15190.0;18.334.003.496.523.200;0.16458196181698487;-0.6921565168462237;0.012064847471608279
DHG;06/04/2026;96.04;96.04;95.0;95.09;8400;-0.006996658312447779;0.006996658312447779;0.01082882132444821;14955.0;18.471.413.903.081.300;0.5616850551654965;-0.35487267159914143;0.012031273037356273
DHG;07/04/2026;95.19;95.19;94.71;94.9;21800;-0.001998107056472742;0.001998107056472742;0.00504254648597546;10885.0;5.584.591.112.582.560;20.027.560.863.573.700;19.544.850.786.671.800;0.007810751169985944
DHG;08/04/2026;95.19;95.85;95.09;95.85;21500;0.01001053740779767;0.01001053740779767;0.007984031936127648;11475.0;6.086.903.542.593.840;18.736.383.442.265.700;16.469.786.205.496.500;0.005477431885783876
DHG;09/04/2026;95.09;95.57;95.09;95.38;6900;-0.004903495044340067;0.004903495044340067;0.005047849405825952;12180.0;6.398.651.173.654.070;0.5665024630541872;-0.8251739087981498;0.005984472956750159
DHG;10/04/2026;96.04;96.04;95.09;95.47;14100;0.0009435940448732083;0.0009435940448732083;0.009891711786755547;12055.0;6.479.723.434.643.870;11.696.391.538.780.500;0.31559988950552975;0.005981182326500391
DHG;13/04/2026;95.47;95.47;94.81;95.28;11200;-0.00199015397507063;0.00199015397507063;0.006913166439719248;12325.0;6.444.979.686.383.350;0.9087221095334685;-0.17455446793367646;0.005861754753017767
DHG;14/04/2026;96.04;96.04;94.33;94.62;27500;-0.006926952141057874;0.006926952141057874;0.017805081216160014;12305.0;6.447.967.856.129.830;22.348.638.764.729.700;23.565.564.126.618.100;0.005734040185602962
DHG;15/04/2026;95.09;95.09;94.52;94.71;10400;0.0009511731135065649;0.0009511731135065649;0.005994321169418523;13410.0;7.066.369.573.364.230;0.7755406413124534;-0.42596130428074486;0.005850904690517142
DHG;16/04/2026;94.43;95.0;94.43;94.71;11500;0.0;0.0;0.006036217303822865;13520.0;6.997.789.124.543.430;0.8505917159763313;-0.28866259957951984;0.0058652348157614215
DHG;17/04/2026;94.71;94.9;94.43;94.81;14000;0.001055854714391291;0.001055854714391291;0.004962517157639098;13235.0;695.597.244.327.336;10.578.012.844.729.800;0.10997743395889652;0.005409918276148147
DHG;20/04/2026;94.81;95.09;94.52;94.71;11500;-0.0010547410610696195;0.0010547410610696195;0.00601202404809627;13720.0;6.630.757.676.798.360;0.8381924198250729;-0.3348033676103087;0.005421960602578318
DHG;21/04/2026;95.0;95.47;94.62;94.81;16700;0.001055854714391291;0.001055854714391291;0.008947368421052572;13645.0;6.647.791.481.307.660;1.223.891.535.360.930;0.4595511168769482;0.004957311569334166
DHG;22/04/2026;94.81;95.95;94.24;94.52;13600;-0.0030587490771016856;0.0030587490771016856;0.01803607214428866;13565.0;6.598.267.316.420.780;10.025.801.695.539.900;0.00530442286157416;0.004910495303563278
DHG;23/04/2026;95.09;95.09;94.43;94.71;23600;0.0020101565806178723;0.0020101565806178723;0.006940792933010796;13920.0;6.385.724.209.845.730;16.954.022.988.505.700;15.158.813.130.506.000;0.004448890369902954
DHG;24/04/2026;94.71;94.81;94.33;94.62;12900;-0.000950269242952051;0.000950269242952051;0.005068102629078281;13765.0;6.089.963.702.251.120;0.9371594624046494;-0.14203697136655458;0.004481992033789646
DHG;28/04/2026;94.62;95.09;94.62;94.81;17900;0.002008032128514081;0.002008032128514081;0.0049672373705347585;13670.0;6.087.787.602.630.050;13.094.367.227.505.400;0.6948337025050851;0.004441246554748342
DHG;29/04/2026;94.9;95.09;94.62;95.09;24800;0.0029532749709946238;0.0029532749709946238;0.004952581664910419;13955.0;61.484.679.306.910.400;1.777.140.809.745.610;17.638.540.401.041.100;0.004481257606484782
DHG;04/05/2026;95.57;96.52;95.09;96.52;48300;0.015038384688190076;0.015038384688190076;0.014962854452233889;14425.0;6.606.924.198.779.670;3.348.353.552.859.610;5.127.196.707.698.990;0.00455132963949505
DHG;05/05/2026;96.52;96.71;96.04;96.42;12500;-0.0010360547036882828;0.0010360547036882828;0.0069415665147118475;16425.0;9.892.521.098.497.080;0.76103500761035;-0.396764379971482;0.00556450899445293
DHG;06/05/2026;97.0;97.28;96.23;96.33;12500;-0.0009334163036714971;0.0009334163036714971;0.010824742268041207;16580.0;9.800.515.561.089.490;0.7539203860072377;-0.41630462954404396;0.0050698992391876455
DHG;07/05/2026;97.66;97.66;96.61;97.0;33300;0.006955257967403705;0.006955257967403705;0.010751587139053831;17080.0;928.595.997.361.492;1.949.648.711.943.790;17.467.230.147.542.500;0.005065488246687479
DHG;08/05/2026;97.0;97.0;95.57;96.9;27800;-0.0010309278350515427;0.0010309278350515427;0.014742268041237183;18325.0;9.720.021.388.323.850;15.170.532.060.027.200;0.974792093706894;0.004966169632742712
DHG;11/05/2026;98.0;98.0;97.0;97.2;51000;0.003095975232198178;0.003095975232198178;0.01020408163265306;18625.0;9.923.384.132.017.580;2.738.255.033.557.040;32.624.958.954.821.400;0.004940011905287018
DHG;12/05/2026;97.4;97.4;96.9;97.2;21800;0.0;0.0;0.00513347022587269;20100.0;12.284.693.085.727.600;10.845.771.144.278.600;0.13838359559629967;0.004502877332768897
DHG;13/05/2026;97.2;97.2;96.0;96.8;13700;-0.004115226337448652;0.004115226337448652;0.012345679012345708;20845.0;11.887.431.443.158.300;0.6572319501079396;-0.601054991077339;0.004310581692484504
DHG;14/05/2026;96.6;96.8;96.5;96.8;13300;0.0;0.0;0.003105590062111772;20825.0;11.899.706.984.450.800;0.6386554621848739;-0.6323685120846064;0.004457174725538422
DHG;15/05/2026;96.6;96.8;96.6;96.6;2000;-0.0020661157024793875;0.0020661157024793875;0.0020703933747412305;20930.0;11.819.301.787.197.100;0.09555661729574773;-16.016.174.509.145.000;0.004415947728389925
DHG;18/05/2026;96.6;96.6;96.0;96.3;13300;-0.0031055900621117516;0.0031055900621117516;0.006211180124223544;19655.0;12.432.744.330.152.800;0.676672602391249;-0.5111502200352809;0.004089975983383654
DHG;19/05/2026;96.0;96.1;94.9;94.9;21100;-0.014537902388369606;0.014537902388369606;0.012499999999999881;19800.0;12.335.656.490.541.100;10.656.565.656.565.600;0.10538555455048716;0.004194088312243285
DHG;20/05/2026;94.9;94.9;94.1;94.4;10400;-0.005268703898840932;0.005268703898840932;0.008429926238145535;20280.0;12.181.504.530.704.600;0.5128205128205128;-0.8110656590158051;0.005426326946347169
DHG;21/05/2026;94.4;95.3;94.4;95.0;5100;0.0063559322033897026;0.0063559322033897026;0.009533898305084654;20100.0;12.305.155.102.852.700;0.2537313432835821;-1.219.001.294.548.690;0.005551406979399446
DHG;22/05/2026;95.0;95.0;94.3;94.4;9400;-0.0063157894736841635;0.0063157894736841635;0.007368421052631609;19780.0;12.619.767.284.533.700;0.4752275025278059;-0.8225191293916542;0.005735752309574698
DHG;25/05/2026;94.4;94.6;94.4;94.4;5200;0.0;0.0;0.0021186440677964896;19415.0;12.817.556.832.637.500;0.2678341488539789;-11.090.257.047.898.600;0.005909936891125642
DHG;26/05/2026;94.0;94.9;94.0;94.4;5900;0.0;0.0;0.009574468085106444;18995.0;13.151.404.767.872.500;0.3106080547512503;-0.9957111222057183;0.005871519184074715
DHG;27/05/2026;94.4;94.7;94.4;94.5;2800;0.0010593220338981357;0.0010593220338981357;0.003177966101694885;18110.0;13.418.051.470.431.800;0.15461071231363888;-11.410.002.438.682.900;0.005851620076682369
DHG;28/05/2026;94.5;94.9;94.2;94.4;6600;-0.0010582010582009804;0.0010582010582009804;0.007407407407407437;17605.0;13.808.825.362.598.200;0.374893496165862;-0.7969541008033523;0.0058543658103471655
DHG;29/05/2026;94.4;94.4;93.7;93.7;19500;-0.007415254237288171;0.007415254237288171;0.007415254237288165;17040.0;14.025.593.148.166.400;11.443.661.971.830.900;0.17539365173455;0.0058378374478310294
DHG;01/06/2026;94.7;94.7;93.7;93.8;5600;0.0010672358591248265;0.0010672358591248265;0.010559662090813094;16775.0;13.920.937.468.432.100;0.33383010432190763;-0.8027476615954191;0.006001130879977999
DHG;02/06/2026;94.0;94.5;93.7;94.0;4200;0.002132196162046851;0.002132196162046851;0.00851063829787231;14640.0;11.969.144.541.387.600;0.28688524590163933;-0.8722427876027296;0.0047539238230077
DHG;03/06/2026;93.8;94.0;93.7;93.9;5900;-0.0010638297872339608;0.0010638297872339608;0.003198294243070332;14225.0;12.189.118.313.608.900;0.4147627416520211;-0.682986232950522;0.004819635401910938
DHG;04/06/2026;93.9;93.9;93.0;93.0;12400;-0.009584664536741228;0.009584664536741228;0.009584664536741274;13895.0;12.326.841.700.767.800;0.8924073407700611;-0.1212800518000387;0.004819259843109029
DHG;05/06/2026;93.7;93.7;93.2;93.4;4500;0.004301075268817289;0.004301075268817289;0.005336179295624333;12850.0;11.449.913.812.592.100;0.35019455252918286;-0.7292631312924819;0.004752985470794854
DHG;08/06/2026;93.4;93.4;92.9;93.0;12400;-0.004282655246252709;0.004282655246252709;0.0053533190578158455;11685.0;11.026.249.779.980.700;10.611.895.592.640.100;0.06484525693388092;0.00496067019239566
DHG;09/06/2026;92.9;93.4;92.9;93.4;4000;0.004301075268817289;0.004301075268817289;0.005382131324004305;9755.0;6.027.697.037.753.850;0.41004613018964636;-0.9547593324538631;0.004848462429667285
DHG;10/06/2026;92.9;93.3;92.9;93.3;9700;-0.0010706638115632883;0.0010706638115632883;0.004305705059203352;8865.0;5.441.195.205.389.810;10.941.906.373.378.400;0.15345893107692302;0.005042448186726953
DHG;11/06/2026;92.8;93.2;92.3;93.2;6000;-0.001071811361200381;0.001071811361200381;0.009698275862069027;8665.0;5.326.426.174.225.350;0.6924408540103866;-0.5003354806447841;0.005020498712813966
DHG;12/06/2026;93.5;93.5;93.1;93.2;4300;0.0;0.0;0.004278074866310221;8300.0;5.241.534.528.220.290;0.5180722891566265;-0.7631352952964626;0.00500566172994284
DHG;15/06/2026;93.9;94.0;93.2;94.0;13200;0.008583690987124415;0.008583690987124415;0.008519701810436604;8415.0;5.119.855.569.508.850;15.686.274.509.803.900;0.934596676612701;0.005022935223284232
DHG;16/06/2026;94.1;94.4;94.1;94.2;5900;0.0021276595744681437;0.0021276595744681437;0.003188097768331683;8410.0;5.114.880.252.752.670;0.7015457788347206;-0.49072507585083636;0.005516176197335103
DHG;17/06/2026;93.8;94.2;93.8;94.2;11700;0.0;0.0;0.004264392324093877;7650.0;417.252.920.900.492;15.294.117.647.058.800;0.9706343076663229;0.004572250521582898
DHG;18/06/2026;93.6;93.8;92.6;93.6;27100;-0.006369426751592466;0.006369426751592466;0.012820512820512851;7715.0;422.738.876.725.017;3.512.637.718.729.740;4.585.573.049.296.230;0.004423930556561188
DHG;19/06/2026;93.5;93.5;93.0;93.4;3900;-0.002136752136752018;0.002136752136752018;0.0053475935828877;8815.0;60.012.520.623.440.500;0.4424276800907544;-0.8189957610412772;0.004361705981255287
DHG;22/06/2026;93.0;94.4;93.0;94.0;3200;0.0064239828693790635;0.0064239828693790635;0.015053763440860277;8540.0;6.098.265.499.735.340;0.3747072599531616;-0.8756588246660868;0.004176342416088793
DHG;23/06/2026;95.0;95.0;93.8;94.7;9700;0.007446808510638281;0.007446808510638281;0.01263157894736845;8440.0;61.718.716.772.142.300;11.492.890.995.260.600;0.2041520086445997;0.004456408989378514
DHG;24/06/2026;94.5;94.5;92.8;93.3;3700;-0.014783526927138357;0.014783526927138357;0.01798941798941802;8630.0;61.480.078.074.120.200;0.4287369640787949;-0.8018857741293695;0.004774027514390587
DHG;25/06/2026;93.3;94.0;93.0;93.9;4900;0.00643086816720273;0.00643086816720273;0.010718113612004287;8675.0;6.106.241.414.366.570;0.5648414985590778;-0.6182199071131211;0.005818692821354499
DHG;26/06/2026;93.1;93.8;92.9;93.8;7900;-0.0010649627263046302;0.0010649627263046302;0.0096670247046186;8590.0;6.148.333.107.436.450;0.919674039580908;-0.11222553949873659;0.0060264534770157795
DHG;29/06/2026;93.8;93.8;93.2;93.8;2600;0.0;0.0;0.006396588486140664;8010.0;5.586.440.350.480.160;0.32459425717852686;-0.9684163189060103;0.005791685549131456
DHG;30/06/2026;93.8;94.0;93.2;93.2;4700;-0.006396588486140664;0.006396588486140664;0.008528784648187604;7860.0;5.693.800.876.484.160;0.5979643765903307;-0.5549895524184982;0.005786921813081621
DHG;01/07/2026;93.2;93.8;93.2;93.6;4100;0.0042918454935620964;0.0042918454935620964;0.006437768240343286;7885.0;5.677.960.623.507.740;0.5199746353836399;-0.6666125834563629;0.005935114130773265
DHG;02/07/2026;93.8;94.0;93.6;93.6;4600;0.0;0.0;0.004264392324093877;7795.0;5.725.149.963.560.980;0.5901218729955099;-0.5580639844083212;0.00602423577266457
DHG;03/07/2026;93.6;93.6;93.5;93.6;2800;0.0;0.0;0.0010683760683760078;7405.0;5.660.246.879.495.740;0.37812288993923027;-0.8135687538085347;0.0055998747140629575
DHG;06/07/2026;93.7;94.8;93.3;93.9;6000;0.003205128205128416;0.003205128205128416;0.016008537886873;7320.0;5.718.630.678.939.180;0.819672131147541;-0.23082448825753885;0.005521651251496272
DHG;07/07/2026;93.4;93.5;93.4;93.4;1400;-0.005324813631522929;0.005324813631522929;0.0010706638115631083;7000.0;5.597.179.740.961.580;0.2;-10.005.038.714.440.000;0.005460832761910386
DHG;08/07/2026;93.3;94.3;93.0;93.0;13900;-0.004282655246252709;0.004282655246252709;0.013933547695605543;6870.0;5.699.778.389.043.710;2.023.289.665.211.060;1.233.381.286.106.360;0.005531541177518986
DHG;09/07/2026;93.2;93.2;93.0;93.0;3300;0.0;0.0;0.0021459227467811462;7080.0;5.883.929.943.409.130;0.4661016949152542;-0.6424277712949585;0.0056107677883139645
DHG;10/07/2026;93.0;93.5;92.8;93.0;2500;0.0;0.0;0.007526881720430138;6945.0;5.940.713.673.235.530;0.3599712023038157;-0.7482266011280572;0.005606576955389699
DHG;13/07/2026;92.0;92.9;92.0;92.5;9600;-0.005376344086021501;0.005376344086021501;0.009782608695652235;6855.0;5.996.268.576.548.620;1.400.437.636.761.480;0.4577846980930242;0.005606576955389699
DHG;14/07/2026;92.1;93.3;91.9;93.0;4500;0.00540540540540535;0.00540540540540535;0.015200868621063969;6675.0;584.797.535.814.515;0.6741573033707865;-0.3719235918069707;0.005331834597519959
DHG;15/07/2026;92.1;92.8;91.8;92.0;2800;-0.010752688172043001;0.010752688172043001;0.010857763300760045;6605.0;5.866.091.229.753.300;0.4239212717638153;-0.6486431681629361;0.005474710999932294
DHG;16/07/2026;92.0;92.5;91.6;92.2;5200;0.0021739130434783593;0.0021739130434783593;0.009782608695652235;6160.0;5.796.405.419.695.280;0.8441558441558441;-0.16561988516849926;0.005919823124375803
DHG;17/07/2026;92.2;92.5;91.9;92.0;2800;-0.002169197396963196;0.002169197396963196;0.006507592190889309;5065.0;3.050.672.919.727.230;0.5528134254689042;-0.7424591424906075;0.005832038333914866
DHG;20/07/2026;92.0;92.0;90.8;90.8;12600;-0.013043478260869601;0.013043478260869601;0.013043478260869596;5010.0;3.082.531.427.252.470;25.149.700.598.802.300;24.622.620.009.312.000;0.005832452679482164
DHG;21/07/2026;91.2;92.0;91.2;91.9;4200;0.01211453744493407;0.01211453744493407;0.008771929824561372;5480.0;34.826.789.446.600.000;0.7664233576642335;-0.3675331606327435;0.006187803404146038
DHG;22/07/2026;91.9;93.1;91.0;91.0;9000;-0.009793253536452773;0.009793253536452773;0.02285092491838949;5205.0;33.464.002.654.854.800;17.291.066.282.420.700;11.340.544.163.653.500;0.006624076585725862
DHG;23/07/2026;91.0;91.2;89.9;90.2;11500;-0.00879120879120876;0.00879120879120876;0.014285714285714254;5470.0;3.429.761.384.979.120;21.023.765.996.343.600;17.581.398.013.310.100;0.006175319898688259
DHG;24/07/2026;90.5;91.0;90.0;90.9;8800;0.0077605321507761005;0.0077605321507761005;0.011049723756906077;5800.0;36.803.889.954.587.500;15.172.413.793.103.400;0.8151312276234135;0.0061193451012525255
DHG;27/07/2026;91.0;91.7;91.0;91.0;3400;0.0011001100110010764;0.0011001100110010764;0.007692307692307724;5845.0;37.127.766.599.022.600;0.58169375534645;-0.6585367836438524;0.006496184583602825
DHG;28/07/2026;91.0;91.5;90.5;91.5;9900;0.005494505494505475;0.005494505494505475;0.01098901098901099;5885.0;3.680.142.302.740.510;16.822.429.906.542.000;10.909.904.209.438.100;0.006514621670647363
DHG;29/07/2026;91.4;91.9;91.3;91.6;18100;0.0010928961748633004;0.0010928961748633004;0.006564551422319567;6145.0;3.774.495.435.084.380;29.454.841.334.418.200;3.167.310.758.645.200;0.00658586230886202
DHG;30/07/2026;91.6;92.7;91.6;92.7;14500;0.012008733624454315;0.012008733624454315;0.012008733624454242;6845.0;4.586.189.221.886.350;2.118.334.550.766.980;16.691.417.710.086.100;0.00649131696668113
DHG;31/07/2026;92.6;92.8;92.4;92.6;11600;-0.0010787486515643208;0.0010787486515643208;0.004319654427645697;7340.0;4.857.376.376.518.200;15.803.814.713.896.400;0.8770166587448167;0.007119463164994364
DHG;03/08/2026;92.8;93.2;92.7;93.0;10800;0.004319654427645814;0.004319654427645814;0.005387931034482759;7780.0;4.822.927.697.876.730;13.881.748.071.979.400;0.6261756736120129;0.007119889897183026
DHG;04/08/2026;92.9;93.5;92.9;93.5;6100;0.005376344086021501;0.005376344086021501;0.0064585575888051056;8020.0;48.490.476.547.353.000;0.7605985037406484;-0.3959540381346916;0.007154797425605597
DHG;05/08/2026;97.0;97.0;93.9;94.8;33800;0.013903743315508033;0.013903743315508033;0.03195876288659788;8255.0;4.619.805.760.327.710;4.094.488.188.976.370;5.529.453.255.235.540;0.007171728852405755
DHG;06/08/2026;94.8;95.5;94.7;94.8;16100;0.0;0.0;0.008438818565400814;9250.0;7.277.904.556.727.940;17.405.405.405.405.400;0.9412049782471559;0.0077216051065152735
DHG;07/08/2026;95.3;95.6;95.0;95.6;8300;0.00843881856540074;0.00843881856540074;0.006295907660020927;9890.0;7.289.928.163.677.480;0.839231547017189;-0.21810914515211172;0.0077216051065152735
DHG;10/08/2026;95.6;96.0;95.6;95.9;6900;0.00313807531380772;0.00313807531380772;0.004184100418410101;10180.0;7.093.184.274.914.470;0.6777996070726916;-0.4624157321839137;0.007893470541270941
DHG;11/08/2026;96.9;96.9;95.9;95.9;5900;0.0;0.0;0.010319917440660475;10045.0;7.130.400.077.355.900;0.587356893977103;-0.5813138049803577;0.0077362818042343365
DHG;12/08/2026;95.8;95.8;94.1;95.6;7700;-0.0031282586027112647;0.0031282586027112647;0.017745302713987506;10115.0;70.797.914.777.499.100;0.7612456747404844;-0.3411117414389626;0.007699312583757475
DHG;13/08/2026;95.0;95.3;94.9;94.9;6700;-0.007322175732217495;0.007322175732217495;0.004210526315789384;10360.0;6.895.719.496.065.680;0.6467181467181468;-0.5307640489274825;0.007231905281296467
DHG;14/08/2026;94.2;94.2;93.1;93.6;5900;-0.013698630136986467;0.013698630136986467;0.01167728237791941;10435.0;6.844.611.787.845.600;0.5654048873981792;-0.6625649694337776;0.0075220546300290535
DHG;17/08/2026;93.0;93.5;93.0;93.5;5400;-0.0010683760683759536;0.0010683760683759536;0.005376344086021506;10590.0;6.696.102.558.480.080;0.509915014164306;-0.7750777343497044;0.00822469625292087
DHG;18/08/2026;93.5;93.5;93.3;93.5;3600;0.0;0.0;0.0021390374331551106;10230.0;6.775.427.739.459.020;0.3519061583577713;-0.9785360061310848;0.0075661288183803965
DHG;19/08/2026;93.5;93.8;93.0;93.8;1800;0.0032085561497325887;0.0032085561497325887;0.00855614973262029;10200.0;6.804.797.069.560.120;0.17647058823529413;-12.344.232.920.002.400;0.007144237772204271
DHG;20/08/2026;93.8;93.8;93.3;93.3;1500;-0.005330490405117239;0.005330490405117239;0.005330490405117271;9840.0;7.057.388.811.883.930;0.1524390243902439;-1.181.740.190.643.350;0.0066988427740618415
DHG;21/08/2026;93.3;95.0;93.3;94.9;12400;0.017148981779206984;0.017148981779206984;0.01822079314040732;9340.0;7.284.186.187.972.670;13.276.231.263.383.200;0.4200881088202463;0.006458377065304632
DHG;24/08/2026;96.0;96.3;95.9;96.1;14100;0.01264488935721797;0.01264488935721797;0.004166666666666578;9520.0;7.314.556.503.446.020;148.109.243.697.479;0.6261486937509166;0.007217791494530016
DHG;25/08/2026;96.3;96.4;94.6;95.6;6700;-0.005202913631633721;0.005202913631633721;0.01869158878504685;10055.0;7.234.236.947.358.410;0.6663351566384883;-0.46376694935670865;0.007579449710906406
DHG;26/08/2026;96.5;96.5;95.7;96.0;4200;0.004184100418409997;0.004184100418409997;0.008290155440414478;9895.0;7.273.128.263.466.920;0.4244567963617989;-0.7830193272688598;0.007751627208382065
DHG;27/08/2026;96.0;96.0;95.1;95.8;6600;-0.002083333333333326;0.002083333333333326;0.009375000000000059;9200.0;7.110.111.406.337.140;0.717391304347826;-0.3656764080634033;0.0077587319823156685
DHG;28/08/2026;95.8;95.9;95.1;95.7;2500;-0.0010438413361169019;0.0010438413361169019;0.0083507306889354;8805.0;7.019.032.396.952.790;0.2839295854628052;-0.8982719616363669;0.007472612194971856
DHG;03/09/2026;95.6;95.9;95.0;95.9;20100;0.002089864158829613;0.002089864158829613;0.009414225941422653;8350.0;7.122.499.561.249.490;2.407.185.628.742.510;1.649.701.751.324.320;0.00747193981250112
DHG;04/09/2026;96.3;96.3;95.6;95.6;6900;-0.0031282586027112647;0.0031282586027112647;0.007268951194184869;8815.0;7.579.770.514.509.710;0.7827566647759501;-0.2526461713232843;0.00744698388656462
FRT;05/05/2025;131.2;131.43;131.2;131.43;626200;;;0.0017530487804879437;;;;;
FRT;06/05/2025;132.11;132.11;130.74;130.9;247700;-0.004032564863425403;0.004032564863425403;0.010370146090379263;;;;;
FRT;07/05/2025;130.59;131.96;129.52;131.96;497200;0.008097784568372735;0.008097784568372735;0.01868443219235774;;;;;
FRT;08/05/2025;131.96;131.96;129.9;129.9;333500;-0.015610791148833014;0.015610791148833014;0.015610791148832995;;;;;
FRT;09/05/2025;130.51;131.05;129.45;129.9;332600;0.0;0.0;0.012259596965749926;;;;;
FRT;12/05/2025;129.98;131.5;129.14;131.5;306400;0.012317167051578037;0.012317167051578037;0.01815663948299749;;;;;
FRT;13/05/2025;131.5;136.84;131.5;133.33;396900;0.013916349809885986;0.013916349809885986;0.04060836501901143;;;;;
FRT;14/05/2025;133.33;134.78;132.57;133.33;484700;0.0;0.0;0.016575414385359692;;;;;
FRT;15/05/2025;134.1;134.78;131.05;133.33;276200;0.0;0.0;0.02781506338553311;;;;;
FRT;16/05/2025;133.49;133.49;130.9;130.9;206800;-0.018225455636390997;0.018225455636390997;0.01940220241216573;;;;;
FRT;19/05/2025;129.52;130.67;128.0;128.0;323500;-0.022154316271963403;0.022154316271963403;0.02061457689932047;;;;;
FRT;20/05/2025;128.46;130.06;128.38;129.83;175600;0.014296875000000098;0.014296875000000098;0.013078000934142976;;;;;
FRT;21/05/2025;130.06;130.06;127.24;127.39;347600;-0.018793807286451636;0.018793807286451636;0.021682300476703116;;;;;
FRT;22/05/2025;127.24;127.77;124.8;125.41;427800;-0.015542821257555572;0.015542821257555572;0.02334171644137063;;;;;
FRT;23/05/2025;124.57;126.78;124.27;124.42;140200;-0.00789410732796425;0.00789410732796425;0.02014931363891792;;;;;
FRT;26/05/2025;124.19;124.95;122.21;123.58;366500;-0.006751326153351611;0.006751326153351611;0.02206296803285296;;;;;
FRT;27/05/2025;124.04;129.07;124.04;128.08;428500;0.036413659168150314;0.036413659168150314;0.040551435020960876;;;;;
FRT;28/05/2025;129.52;129.52;126.1;127.62;235600;-0.0035915053091818416;0.0035915053091818416;0.026405188387893883;;;;;
FRT;29/05/2025;127.16;127.62;124.95;127.62;412900;0.0;0.0;0.020997168921044366;;;;;
FRT;30/05/2025;128.08;128.08;125.71;128.0;306000;0.0029775897194797007;0.0029775897194797007;0.018504059962523568;;;;;
FRT;02/06/2025;124.95;128.0;124.95;125.64;219000;-0.018437499999999996;0.018437499999999996;0.024409763905562203;343620.0;11.764.897.655.402.900;0.6373319364414178;-10.592.527.334.291.700;
FRT;03/06/2025;125.03;129.45;125.03;129.14;535900;0.02785737026424684;0.02785737026424684;0.0353515156362472;323260.0;10.009.796.464.621.900;16.577.986.759.883.600;21.243.189.184.869.300;0.01450249110731743
FRT;04/06/2025;129.6;130.29;128.0;128.0;161900;-0.008827628929843456;0.008827628929843456;0.017669753086419694;337670.0;10.899.684.737.111.400;0.47946219681937985;-16.126.154.493.398.700;0.015964136848215026
FRT;05/06/2025;128.76;128.76;126.48;128.0;226100;0.0;0.0;0.017707362534948642;320905.0;10.895.433.845.616.700;0.7045698882846948;-0.8701351533435302;0.015929812888251436
FRT;06/06/2025;128.0;128.0;125.71;125.71;186200;-0.01789062500000005;0.01789062500000005;0.01789062500000005;315535.0;11.092.968.979.920.200;0.5901088627252127;-11.659.187.025.052.800;0.01557549838846668
FRT;09/06/2025;125.71;130.97;125.71;129.83;907000;0.0327738445628829;0.0327738445628829;0.041842335534165984;308215.0;11.451.665.139.781.300;2.942.751.001.735.800;5.228.802.909.368.260;0.016044580367731587
FRT;10/06/2025;130.21;137.83;130.21;137.07;1068200;0.055765231456520015;0.055765231456520015;0.05852085093310809;338245.0;17.616.848.536.796.200;3.158.065.898.978.550;41.435.050.002.010.500;0.017553941521453176
FRT;11/06/2025;137.14;137.14;134.4;135.62;242100;-0.010578536514189718;0.010578536514189718;0.01997958290797711;371810.0;2.402.337.762.746.060;0.6511390226190796;-0.5399324025599582;0.021428615021071316
FRT;12/06/2025;136.3;136.3;133.33;134.1;349900;-0.011207786462173797;0.011207786462173797;0.021790168745414517;359680.0;24.035.838.066.914.700;0.9728091637010676;-0.04068924067791147;0.021600025378696267
FRT;13/06/2025;134.02;134.4;125.71;130.36;570800;-0.027889634601043878;0.027889634601043878;0.06484106849723931;363365.0;2.395.748.455.186.040;15.708.722.634.265.800;0.8658463268585994;0.021773929145640424
FRT;16/06/2025;130.67;132.5;129.52;132.5;224000;0.016416078551702906;0.016416078551702906;0.022805540674982704;381565.0;24.087.755.193.524.300;0.5870559406654174;-0.6541290325067705;0.022312160321952334
FRT;17/06/2025;133.33;135.16;131.05;135.16;267900;0.02007547169811308;0.02007547169811308;0.030825770644265994;376590.0;24.315.666.143.455.700;0.7113837329721979;-0.4469957736660755;0.021958193237183257
FRT;18/06/2025;135.16;135.16;131.89;132.5;473400;-0.019680378810298826;0.019680378810298826;0.02419354838709685;381205.0;2.399.965.624.205.560;1.241.851.497.225.900;0.38415133562806014;0.02216617318205894
FRT;19/06/2025;132.72;132.72;130.74;132.57;375000;0.000528301886792315;0.000528301886792315;0.014918625678119272;387495.0;24.071.691.055.327.900;0.9677544226377115;-0.05190744585114793;0.022211299462731877
FRT;20/06/2025;131.43;133.18;131.05;131.2;226300;-0.01033416308365398;0.01033416308365398;0.01620634558320015;384855.0;24.054.108.189.443.900;0.5880136674851567;-0.6591597524683178;0.021822957164477227
FRT;23/06/2025;130.21;131.2;128.46;131.2;265200;0.0;0.0;0.021042930650487523;389160.0;23.667.134.529.598.300;0.6814677767499229;-0.5237642936662846;0.021893789848265573
FRT;24/06/2025;131.2;131.81;129.6;131.05;357500;-0.0011432926829266776;0.0011432926829266776;0.016844512195122015;384095.0;23.826.044.015.342.800;0.9307593173563832;-0.11162155153777994;0.021789257512733955
FRT;25/06/2025;129.9;131.66;129.9;131.43;256700;0.002899656619610891;0.002899656619610891;0.01354888375673588;380545.0;23.809.287.766.486.500;0.6745588563770382;-0.5201541567082126;0.02034859717626731
FRT;26/06/2025;130.82;134.78;130.44;132.95;655100;0.011565091683785944;0.011565091683785944;0.033175355450237;381600.0;23.746.273.059.377.600;17.167.190.775.681.300;11.517.596.858.930.700;0.02031753251991107
FRT;27/06/2025;132.95;134.63;131.5;133.71;381900;0.00571643474990613;0.00571643474990613;0.02354268522000749;393710.0;24.519.293.563.275.900;0.970003301922735;-0.048166151155710955;0.020431899497979713
FRT;30/06/2025;134.7;136.99;133.41;136.53;667700;0.02109041956472968;0.02109041956472968;0.026577579806978564;397505.0;244.349.870.978.825;16.797.272.990.276.800;1.105.770.995.162.150;0.020446252260381204
FRT;01/07/2025;136.61;140.65;136.23;136.84;1059200;0.0022705632461730296;0.0022705632461730296;0.03235487885220713;419940.0;24.767.392.060.402.400;2.522.265.085.488.400;2.581.054.955.002.850;0.02023739725340017
FRT;02/07/2025;136.84;137.9;135.7;137.9;240800;0.0077462730195849705;0.0077462730195849705;0.016077170418006555;446105.0;2.853.455.457.861.570;0.5397832348886473;-0.7194960742574863;0.019467697508680024
FRT;03/07/2025;139.05;142.4;137.22;141.71;800800;0.027628716461203684;0.027628716461203684;0.03725278676734992;450050.0;28.173.204.234.557.700;17.793.578.491.278.700;1.244.977.309.218.390;0.019286163424128987
FRT;04/07/2025;141.79;144.76;141.1;143.54;511500;0.012913696986804002;0.012913696986804002;0.025812821778686768;478785.0;28.694.799.505.907.100;1.068.329.208.308.530;0.11401020590251978;0.019969056172911417
FRT;07/07/2025;143.62;144.61;141.49;142.02;266700;-0.010589382750452736;0.010589382750452736;0.02172399387271971;495050.0;2.785.882.804.426.630;0.5387334612665388;-0.8196683637845888;0.019262704407256487
FRT;08/07/2025;141.87;143.47;141.79;141.94;395800;-0.000563300943529188;0.000563300943529188;0.011841827024741007;463035.0;265.226.703.972.281;0.8547949938989493;-0.2535001151581885;0.01861822302322446
FRT;09/07/2025;142.17;142.55;139.28;142.32;760100;0.0026771875440325665;0.0026771875440325665;0.023000633044946265;429415.0;2.238.712.818.022.650;17.700.825.541.725.300;14.771.211.266.484.700;0.01422188561523199
FRT;10/07/2025;142.32;142.32;139.89;139.89;412300;-0.01707419898819562;0.01707419898819562;0.017074198988195663;455315.0;23.091.330.402.054.400;0.9055269428856946;-0.18628203421390135;0.013918160347526696
FRT;11/07/2025;139.96;141.71;139.5;139.5;327000;-0.0027879047823288206;0.0027879047823288206;0.015790225778793996;458435.0;2.298.330.521.670.480;0.7132963233609999;-0.5718716205555584;0.014279510620134158
FRT;14/07/2025;139.96;145.14;139.66;145.14;696300;0.04043010752688159;0.04043010752688159;0.03915404401257495;446245.0;23.002.502.718.525.800;1.560.353.617.407.470;10.870.773.631.019.200;0.012484803097994976
FRT;15/07/2025;145.22;145.68;143.01;143.92;533900;-0.008405677277111723;0.008405677277111723;0.01838589725933078;469860.0;23.025.158.414.221.600;11.362.959.179.330.000;0.27813055114724144;0.014745665185492496
FRT;16/07/2025;146.67;148.1;143.14;144.76;832200;0.005836575875486361;0.005836575875486361;0.033817413240608225;483160.0;2.256.074.289.556.970;17.224.107.955.956.600;15.471.121.745.221.400;0.014553452726574295
FRT;17/07/2025;146.67;147.62;144.48;145.14;530300;0.0026250345399281283;0.0026250345399281283;0.02140860434990124;501100.0;2.386.775.318.510.860;1.058.271.802.035.520;0.12234079920944642;0.01351972146200581
FRT;18/07/2025;144.95;147.52;144.67;145.05;434100;-0.0006200909466720361;0.0006200909466720361;0.019661952397378564;508865.0;23.687.858.821.056.700;0.8530749805940672;-0.31562582572275155;0.013495244494501474
FRT;21/07/2025;144.76;145.71;144.67;144.76;432100;-0.001999310582557867;0.001999310582557867;0.007184305056645624;519255.0;22.823.183.383.061.200;0.8321537587505176;-0.3818704802796448;0.01309745923449586
FRT;22/07/2025;144.38;144.86;143.71;143.81;324200;-0.006562586349820321;0.006562586349820321;0.007965092118021926;527600.0;22.140.281.222.956.000;0.6144806671721;-0.9186875177949677;0.013146059736261755
FRT;23/07/2025;143.81;150.76;143.81;150.0;944000;0.04304290383144416;0.04304290383144416;0.04832765454419017;525935.0;22.286.968.171.179.200;17.948.986.091.437.100;18.758.271.505.974.800;0.013334089962434868
FRT;24/07/2025;150.19;150.19;148.57;149.14;360500;-0.005733333333333479;0.005733333333333479;0.010786337306078997;560300.0;23.197.309.281.352.800;0.6434053185793325;-0.8613067902690315;0.015830223472405862
FRT;25/07/2025;149.14;151.43;148.19;150.48;463500;0.00898484645299713;0.00898484645299713;0.02172455411023206;545570.0;2.349.705.851.691.580;0.8495701743131038;-0.34927776147349093;0.016024500027269187
FRT;28/07/2025;150.48;150.48;148.48;149.14;317900;-0.008904837852206304;0.008904837852206304;0.013290802764486976;549650.0;23.267.630.892.904.000;0.5783680523969799;-0.9960188945178657;0.01603938055724344
FRT;29/07/2025;148.38;149.43;143.81;145.62;782200;-0.023601984712350643;0.023601984712350643;0.037875724491171346;532160.0;23.645.198.555.665.400;14.698.586.891.160.500;10.574.662.733.804.300;0.015960727600784
FRT;30/07/2025;144.76;147.33;143.14;147.33;843900;0.01174289245982707;0.01174289245982707;0.02894445979552381;518310.0;210.662.323.711.619;16.281.761.879.956.000;15.455.540.139.474.900;0.017158397471384878
FRT;31/07/2025;147.24;147.33;143.62;147.33;694300;0.0;0.0;0.025196957348546642;548465.0;21.200.847.121.853.600;12.658.966.388.010.100;0.6878734569510406;0.017236586693201873
FRT;01/08/2025;145.71;147.14;144.57;147.14;722400;-0.0012896219371481;0.0012896219371481;0.01763777366000956;543140.0;2.066.056.538.687.320;13.300.438.192.731.100;0.8676432452032203;0.016277417510104912
FRT;04/08/2025;146.57;146.86;144.57;146.86;415400;-0.0019029495718361211;0.0019029495718361211;0.01562393395647145;553685.0;21.025.562.706.031.500;0.750246078546466;-0.657699401121525;0.016088180991362465
FRT;05/08/2025;144.86;146.1;143.81;143.81;1142100;-0.02076807844205375;0.02076807844205375;0.015808366698881623;561120.0;2.020.419.331.149.900;2.035.393.498.716.850;2.875.541.681.089.240;0.015864295916821047
FRT;06/08/2025;143.81;146.67;143.43;146.67;564300;0.019887351366386197;0.019887351366386197;0.02252972672275906;598435.0;2.359.702.016.758.620;0.9429595528336411;-0.14465809563060447;0.016646397526329536
FRT;07/08/2025;145.52;146.19;144.76;144.76;271300;-0.013022431308379323;0.013022431308379323;0.009826827927432702;588645.0;23.295.239.286.623.600;0.46088899081789536;-13.622.740.513.432.800;0.01718548562233672
FRT;08/08/2025;144.76;145.71;143.9;144.29;559700;-0.0032467532467532756;0.0032467532467532756;0.012503453992815711;581595.0;24.057.888.185.528.000;0.962353527798554;-0.09100965068567779;0.01697580638244397
FRT;11/08/2025;144.1;145.24;143.33;143.81;846000;-0.0033266338623604286;0.0033266338623604286;0.013254684247050636;593230.0;23.312.963.211.145.200;1.426.091.060.802.720;1.084.246.552.918.490;0.01698270946925362
FRT;12/08/2025;143.81;143.81;141.9;142.86;920300;-0.0066059383909323754;0.0066059383909323754;0.0132814129754537;600715.0;23.894.370.901.730.600;15.320.076.908.350.800;13.374.907.475.670.400;0.014364161584825567
FRT;13/08/2025;143.81;143.81;140.48;141.14;670900;-0.012039759204816147;0.012039759204816147;0.023155552465058148;620035.0;2.486.799.788.250.370;10.820.356.915.335.400;0.2045399884635941;0.01431668539775939
FRT;14/08/2025;140.76;140.95;136.29;136.29;1097300;-0.03436304378631139;0.03436304378631139;0.03310599602159702;611970.0;24.400.876.623.596.900;17.930.617.513.930.400;19.889.859.183.610.600;0.01447234173417978
FRT;15/08/2025;136.48;138.1;131.43;135.71;1028800;-0.004255631374275315;0.004255631374275315;0.04887162954279006;640320.0;26.597.052.191.232.700;1.606.696.651.674.160;14.606.129.927.738.900;0.016220052553351107
FRT;18/08/2025;135.33;135.33;131.62;131.71;360400;-0.029474614987841763;0.029474614987841763;0.027414468336658594;670055.0;2.747.987.464.060.120;0.5378662945579095;-11.268.428.406.237.600;0.016212152747122097
FRT;19/08/2025;131.71;135.05;131.43;131.52;573900;-0.0014425632070457217;0.0014425632070457217;0.0274846253131881;666470.0;27.850.911.938.201.800;0.8611040256875778;-0.3323769081795339;0.017236908985393616
FRT;20/08/2025;132.1;132.1;126.86;126.86;563500;-0.035431873479318865;0.035431873479318865;0.039666919000756966;678955.0;2.677.471.518.842.080;0.829951911393244;-0.43120906865866654;0.01724380881939393
FRT;21/08/2025;124.76;128.0;122.29;122.38;902900;-0.03531451994324453;0.03531451994324453;0.04576787431869184;659930.0;26.136.526.185.639.700;13.681.754.125.437.500;0.9296185662710433;0.014630619954360305
FRT;22/08/2025;123.81;126.57;122.86;124.38;569300;0.01634253963065868;0.01634253963065868;0.029965269364348547;687050.0;25.676.022.093.118.600;0.8286150935157558;-0.45859907571725406;0.015811479175528022
FRT;25/08/2025;125.81;126.48;122.57;122.76;372900;-0.013024602026049159;0.013024602026049159;0.03107861060329076;692340.0;2.529.740.144.757.950;0.5386081982840801;-12.627.383.909.842.700;0.01634611648327786
FRT;26/08/2025;120.95;126.1;119.62;126.1;522900;0.02720755946562381;0.02720755946562381;0.053575857792476145;695090.0;2.489.564.047.653.400;0.7522766835949302;-0.6916471988832796;0.016366144875699682
FRT;27/08/2025;126.1;128.1;123.9;124.76;511500;-0.010626486915146671;0.010626486915146671;0.03330689928628064;682125.0;25.092.523.079.070.400;0.7498625618471688;-0.6799834335604031;0.01793914412616407
FRT;28/08/2025;126.1;127.14;124.38;125.81;332400;0.008416159025328662;0.008416159025328662;0.021887390959555948;665505.0;25.065.421.868.004.700;0.4994703270448757;-13.289.423.244.266.100;0.017397134764076658
FRT;29/08/2025;124.76;125.43;123.81;124.38;737000;-0.011366346077418377;0.011366346077418377;0.012984931067649924;647410.0;26.130.285.091.199.600;11.383.821.689.501.200;0.3428588692672661;0.01770335245579902
FRT;03/09/2025;124.29;124.29;121.9;122.0;640500;-0.019134909149380874;0.019134909149380874;0.019229221980851238;648140.0;26.154.365.923.151.400;0.9882124232418922;-0.029211184176471238;0.017654212481507753
FRT;04/09/2025;122.0;124.76;121.9;123.62;552500;0.013278688524590132;0.013278688524590132;0.023442622950819666;659395.0;25.578.090.845.795.900;0.8378892772920632;-0.4179162574894423;0.017750029732737614
FRT;05/09/2025;123.9;126.95;123.9;125.52;946000;0.01536968128134597;0.01536968128134597;0.02461662631154154;629915.0;22.988.493.752.310.000;15.017.899.240.373.700;1.374.970.467.424.540;0.01819704447750272
FRT;08/09/2025;126.29;126.29;122.38;123.81;470400;-0.013623326959847026;0.013623326959847026;0.030960487766252362;649000.0;23.978.216.649.371.700;0.7248073959938367;-0.7448427154180339;0.017865816511143478
FRT;09/09/2025;123.81;123.81;121.52;122.1;398900;-0.013811485340441076;0.013811485340441076;0.018496082707374253;658955.0;22.707.208.332.667.300;0.6053524140495178;-11.452.530.676.167.500;0.017875912271061035
FRT;10/09/2025;121.9;122.86;120.86;122.38;570200;0.00229320229320229;0.00229320229320229;0.016406890894175553;650915.0;23.352.641.071.193.600;0.8759976340996904;-0.34563542407871356;0.017895556467653718
FRT;11/09/2025;121.24;122.76;117.14;122.76;392100;0.0031050825298251095;0.0031050825298251095;0.04635433850214454;637125.0;2.295.086.946.524.080;0.6154208357857563;-106.760.661.233.811;0.018019159393996086
FRT;12/09/2025;121.62;124.76;121.62;124.76;370900;0.016291951775822655;0.016291951775822655;0.025818122019404706;610715.0;22.556.478.652.718.000;0.6073209271100267;-10.631.757.008.361.800;0.018185379710970374
FRT;15/09/2025;125.71;127.43;125.24;126.86;655900;0.016832318050657324;0.016832318050657324;0.017421048444833442;595715.0;23.125.504.096.923.800;110.102.985.488.027;0.26025378624289436;0.018894172936560167
FRT;16/09/2025;126.95;132.86;126.86;129.52;1215300;0.02096799621630141;0.02096799621630141;0.0472627018511226;573645.0;19.978.831.027.127.800;2.118.557.644.536.250;3.211.674.392.404.340;0.018304990014887522
FRT;17/09/2025;131.43;131.71;127.05;127.14;632100;-0.018375540457072348;0.018375540457072348;0.03545613634634414;582970.0;22.492.197.032.936.100;1.084.275.348.645.720;0.2184313072131511;0.019096110505857092
FRT;18/09/2025;128.19;128.19;125.71;126.19;485600;-0.007472078024225337;0.007472078024225337;0.019346282861377673;596555.0;21.889.594.614.072.200;0.8140070907125077;-0.5068846726319447;0.018409383970008526
FRT;19/09/2025;126.48;126.48;122.76;124.76;718400;-0.011332118234408384;0.011332118234408384;0.029411764705882342;592140.0;22.026.314.262.717.600;12.132.266.018.171.300;0.5732234566983865;0.01845594139744826
FRT;22/09/2025;125.71;125.71;122.48;124.67;478400;-0.0007213850593139615;0.0007213850593139615;0.025694057751968737;599885.0;2.219.201.878.224.640;0.7974861848520967;-0.5474265374053651;0.016870302812450017
FRT;23/09/2025;124.29;125.05;122.86;122.86;369700;-0.01451832838694156;0.01451832838694156;0.01762008206613563;578660.0;21.146.771.907.439.200;0.6388898489613936;-0.9881413622591225;0.014778102981966685
FRT;24/09/2025;122.38;125.52;120.95;125.52;451900;0.02165065928699339;0.02165065928699339;0.03734270305605485;568680.0;21.658.084.572.935.300;0.7946472532883168;-0.5391981899725887;0.014706180889391898
FRT;25/09/2025;125.24;125.24;122.86;124.95;450400;-0.0045411089866156384;0.0045411089866156384;0.019003513254551227;572630.0;21.352.107.032.722.600;0.7865462864327751;-0.5724493597408427;0.015189464315818356
FRT;26/09/2025;123.9;124.1;123.14;123.81;265400;-0.009123649459783945;0.009123649459783945;0.007748184019370409;569005.0;21.501.994.882.972.300;0.4664282387676734;-14.119.852.676.573.100;0.013938236473764885
FRT;29/09/2025;123.71;123.71;121.9;122.76;407700;-0.008480736612551443;0.008480736612551443;0.014630991835744792;556700.0;22.528.098.244.776.800;0.7323513562062152;-0.6613962633732122;0.013883954759897956
FRT;30/09/2025;121.9;123.05;119.43;121.9;732000;-0.0070055392636038105;0.0070055392636038105;0.02969647251845767;560465.0;2.219.395.253.690.800;13.060.583.622.527.700;0.7728907219871776;0.013840274829226708
FRT;01/10/2025;122.19;122.29;120.29;120.29;201400;-0.013207547169811318;0.013207547169811318;0.01636795155086341;560215.0;22.173.292.440.040.900;0.35950483296591484;-16.182.305.851.522.700;0.013704297985297533
FRT;02/10/2025;119.62;121.33;118.1;118.1;335200;-0.018206002161443302;0.018206002161443302;0.027002173549573683;538260.0;23.472.339.690.075.900;0.6227473711589194;-0.8651033628567206;0.013349084012501178
FRT;03/10/2025;117.62;119.52;116.29;117.14;194400;-0.008128704487722183;0.008128704487722183;0.027461316102703533;527395.0;23.901.948.935.070.800;0.3686041771347851;-13.931.709.121.485.100;0.013479456555207886
FRT;06/10/2025;119.05;120.29;117.14;119.24;318600;0.017927266518695584;0.017927266518695584;0.026459470810583835;489815.0;22.859.829.228.767.600;0.6504496595653461;-0.7489775985926288;0.012878547345708249
FRT;07/10/2025;121.62;125.71;120.48;124.29;862200;0.04235155987923522;0.04235155987923522;0.04300279559283004;482225.0;2.317.748.314.636.420;1.787.962.050.909.840;16.394.144.161.403.600;0.01347507154059102
FRT;08/10/2025;126.48;127.52;123.71;127.24;567600;0.023734813742054772;0.023734813742054772;0.03012333965844404;505390.0;24.574.028.631.013.900;11.230.930.568.471.800;0.2531534447774145;0.016377991355208742
FRT;09/10/2025;127.62;131.24;127.33;130.76;934400;0.027664256523106;0.027664256523106;0.030637831060962316;505260.0;24.570.488.160.007.100;18.493.448.917.389.000;17.465.668.455.806.300;0.01714963060438687
FRT;10/10/2025;132.0;138.29;131.14;136.76;1813000;0.04588559192413588;0.04588559192413588;0.05416666666666671;532375.0;2.619.459.945.846.610;3.405.494.247.475.930;4.888.889.414.134.940;0.01808032777102098
FRT;13/10/2025;135.71;136.19;133.62;135.43;520400;-0.009725065808715905;0.009725065808715905;0.018937440129688253;604480.0;3.848.199.833.414.930;0.8609052408681842;-0.21849177184072188;0.0202758706916451
FRT;14/10/2025;135.43;135.43;130.67;135.43;1094100;0.0;0.0;0.03514730857269452;597705.0;3.850.597.622.447.710;18.305.016.688.834.700;12.891.375.538.856.100;0.020315644535817207
FRT;15/10/2025;135.14;136.67;132.67;135.24;585800;-0.0014029387875654775;0.0014029387875654775;0.029598934438360223;591645.0;37.566.777.942.751.400;0.9901207649857601;-0.015558960124041706;0.019901790877421135
FRT;16/10/2025;135.52;136.19;132.76;132.86;244100;-0.017598343685300222;0.017598343685300222;0.02530991735537195;589330.0;3.755.479.997.354.040;0.41419917533470213;-0.9192699741264365;0.01932184660856591
FRT;17/10/2025;132.76;133.33;130.0;132.29;640000;-0.004290230317627763;0.004290230317627763;0.02508285628201275;577255.0;3.828.698.713.593.650;11.086.954.638.764.400;0.16388074563617716;0.01974609639876758
FRT;20/10/2025;129.52;132.29;123.05;123.05;450700;-0.06984654924786449;0.06984654924786449;0.0713403335392217;573335.0;3.817.484.102.265.860;0.7861023659814942;-0.32124560761683335;0.01954331317583466
FRT;21/10/2025;123.14;131.62;123.14;131.62;1254700;0.0696464851686307;0.0696464851686307;0.06886470683774569;571950.0;38.216.099.184.010.200;2.193.723.227.554.850;17.865.507.327.489.500;0.02547071712209616
FRT;22/10/2025;135.33;137.52;133.33;137.52;944400;0.04482601428354349;0.04482601428354349;0.030961353727924315;616200.0;4.078.812.198.099.880;15.326.192.794.547.200;0.8046460196252525;0.029620226474182547
FRT;23/10/2025;138.38;140.67;135.71;135.71;436400;-0.013161721931355452;0.013161721931355452;0.035843329960976875;640825.0;41.228.296.603.054.900;0.68099715210861;-0.49583663853056775;0.03078311986085312
FRT;24/10/2025;136.76;140.76;136.76;140.48;883500;0.03514847837300117;0.03514847837300117;0.029248318221702253;640125.0;4.126.350.329.222.380;1.380.199.179.847.680;0.5898069252056557;0.03098380048205878
FRT;27/10/2025;140.48;142.0;137.62;139.33;611600;-0.008186218678815305;0.008186218678815305;0.0311788154897494;671030.0;4.061.886.988.243.660;0.9114346601493227;-0.14631130844360893;0.03152894767072726
FRT;28/10/2025;140.67;141.43;136.1;140.95;538900;0.011627072418000317;0.011627072418000317;0.03789009739105718;681225.0;4.017.662.581.454.670;0.7910749018312598;-0.35424826528978537;0.03152149970076956
FRT;29/10/2025;143.24;143.24;138.1;138.1;575200;-0.020219936147570006;0.020219936147570006;0.03588383133203026;671570.0;40.280.074.230.318.800;0.8565004392691752;-0.23924980735875134;0.03136629930872043
FRT;30/10/2025;140.48;141.43;137.62;141.05;1027600;0.021361332367849428;0.021361332367849428;0.02712129840546699;690260.0;38.824.580.846.349.600;14.887.143.974.734.100;0.8688825291766609;0.03165083403128105
FRT;31/10/2025;141.05;141.33;138.76;141.33;649900;0.001985111662531125;0.001985111662531125;0.018220489188231274;724880.0;38.578.158.069.042.100;0.8965621896037965;-0.19435868313311025;0.031199293203734813
FRT;03/11/2025;140.95;141.33;138.67;140.0;711300;-0.009410599306587497;0.009410599306587497;0.018871940404398903;747655.0;36.574.078.320.581.100;0.951374631347346;-0.09940100111707306;0.0309817636485835
FRT;04/11/2025;137.71;139.9;133.24;136.19;836500;-0.027214285714285746;0.027214285714285746;0.04836250090770457;767290.0;35.176.868.281.660.000;10.902.005.760.533.800;0.19674861174632624;0.031210551358559126
FRT;05/11/2025;137.05;137.05;134.76;136.19;269700;0.0;0.0;0.016709230207953448;766005.0;3.514.505.287.863.570;0.3520864746313666;-14.121.617.677.283.300;0.03111793395057461
FRT;06/11/2025;136.76;136.76;132.86;136.19;458800;0.0;0.0;0.02851711026615953;751110.0;36.630.077.503.258.600;0.6108293059605118;-0.7980054095544722;0.030818641101125945
FRT;07/11/2025;132.95;135.71;132.86;132.86;351200;-0.024451134444525957;0.024451134444525957;0.021436630312147383;727330.0;36.920.177.353.169.200;0.4828619746194987;-10.187.654.203.338.000;0.030310382950744095
FRT;10/11/2025;128.57;135.81;128.57;132.48;310900;-0.0028601535450852866;0.0028601535450852866;0.056311736797075594;654240.0;2.758.566.092.050.450;0.47520787478601123;-1.244.632.133.300.790;0.029062825117506866
FRT;11/11/2025;131.33;135.14;131.33;135.14;195500;0.020078502415458832;0.020078502415458832;0.029010888601233333;643765.0;2.850.314.115.192.070;0.30368224429722024;-1.572.686.314.153.100;0.028995382357350115
FRT;12/11/2025;132.86;137.14;132.86;137.14;290900;0.014799467219180018;0.014799467219180018;0.03221436098148406;598835.0;28.110.505.673.333.700;0.48577654946688154;-10.954.445.415.477.300;0.029366205264834713
FRT;13/11/2025;137.24;142.0;132.86;138.19;572300;0.007656409508531414;0.007656409508531414;0.06659865928300776;584090.0;28.943.563.578.653.800;0.9798147545754935;-0.04073444504496062;0.029539683239256626
FRT;14/11/2025;138.19;139.05;135.71;139.05;209400;0.006223315724726897;0.006223315724726897;0.024169621535567;600500.0;2.782.318.987.350.010;0.34870940882597834;-14.056.619.739.798.300;0.029236012384134265
FRT;17/11/2025;139.81;141.43;137.52;139.62;579600;0.004099244875943819;0.004099244875943819;0.02796652599957082;578970.0;29.136.475.078.499.100;1.001.088.139.281.820;0.002162238219629046;0.029204374274466316
FRT;18/11/2025;140.0;141.43;138.48;141.43;956700;0.012963758773814726;0.012963758773814726;0.021071428571428692;585415.0;289.799.511.958.835;16.342.252.931.680.900;12.811.788.311.525.500;0.023665410065237764
FRT;19/11/2025;141.52;141.52;137.71;140.0;695600;-0.010111008979707292;0.010111008979707292;0.026921989824759764;570515.0;25.967.199.203.489.000;12.192.492.747.780.500;0.4817038565452717;0.01856095839910938
FRT;20/11/2025;139.33;140.0;135.05;135.43;552800;-0.032642857142857085;0.032642857142857085;0.0355271657216679;558075.0;24.644.018.357.189.100;0.9905478654302737;-0.021404788470550655;0.016060925291081583
FRT;21/11/2025;135.24;136.48;133.33;135.52;296500;0.0006645499520048226;0.0006645499520048226;0.023291925465838338;563895.0;24.478.434.004.563.800;0.5258071094796017;-10.923.697.159.309.500;0.017492950624544857
FRT;24/11/2025;135.52;136.67;133.71;133.71;187700;-0.01335596221959856;0.01335596221959856;0.021841794569067145;534545.0;23.958.213.287.876.200;0.3511397543705394;-14.477.081.234.413.900;0.015428188829538694
FRT;25/11/2025;133.62;135.24;132.67;135.24;302300;0.011442674444693823;0.011442674444693823;0.01923364765753646;513350.0;25.089.018.251.858.800;0.5888769845134898;-0.8412046971362201;0.015585406045783082
FRT;26/11/2025;134.76;139.05;134.76;138.19;418800;0.021813073055308996;0.021813073055308996;0.03183437221727531;501520.0;25.516.373.608.043.500;0.8350614133035572;-0.32418399757998523;0.015577009779145863
FRT;27/11/2025;138.57;139.71;137.24;139.14;362900;0.006874592951733094;0.006874592951733094;0.017824926030165254;493700.0;25.518.341.391.407.400;0.7350617784079401;-0.5125724983209247;0.015815948628060978
FRT;28/11/2025;139.05;140.76;138.1;140.0;481000;0.006180825068276663;0.006180825068276663;0.01912980942107153;460465.0;22.327.950.921.847.200;10.445.962.233.828.800;0.09196992626809776;0.015109437045478133
FRT;01/12/2025;139.24;140.76;138.1;138.1;345900;-0.013571428571428568;0.013571428571428568;0.019103705831657544;452020.0;21.888.843.012.389.900;0.7652316269191629;-0.4848131988517249;0.015175795337943221
FRT;02/12/2025;137.33;138.1;135.71;138.1;446000;0.0;0.0;0.0174033350324036;433750.0;21.122.328.295.705.900;1.028.242.074.927.950;0.05799550044154164;0.015334056966987504
FRT;03/12/2025;138.95;147.71;138.1;147.71;2151500;0.06958725561187551;0.06958725561187551;0.06916156890967984;414225.0;18.890.379.304.374.900;5.194.037.057.154.920;919.661.258.256.287;0.0139942416311828
FRT;04/12/2025;150.48;151.43;147.81;150.95;813600;0.02193487238507874;0.02193487238507874;0.024056353003721456;508315.0;42.908.633.688.338.200;16.005.823.160.835.300;0.7114768608513636;0.020788697873758557
FRT;05/12/2025;151.33;157.14;148.57;152.38;1133200;0.00947333554157015;0.00947333554157015;0.05663120333046978;526055.0;4.342.349.381.989.330;21.541.473.800.268.000;13.981.947.249.989.600;0.0211274410976471
FRT;08/12/2025;152.38;152.38;146.76;149.81;681300;-0.016865730410815072;0.016865730410815072;0.03688148050925322;565155.0;4.524.851.977.514.960;12.055.099.928.338.200;0.25668242978367345;0.019935753982474186
FRT;09/12/2025;148.57;150.48;140.95;147.14;992400;-0.017822575261998597;0.017822575261998597;0.06414484754661104;583675.0;44.909.842.301.285.300;1.700.261.275.538.610;0.9101011694897498;0.02053949398796704
FRT;10/12/2025;145.62;146.86;142.48;142.48;441500;-0.03167051787413344;0.03167051787413344;0.03007828594973234;623520.0;44.819.652.010.204.000;0.7080767256864254;-0.406116495412681;0.020951687087435826
FRT;11/12/2025;142.57;145.24;142.57;142.86;364500;0.002667040988209024;0.002667040988209024;0.018727642561548824;631050.0;44.355.522.352.441.000;0.5776087473258854;-0.6009398286013669;0.022280148946788002
FRT;12/12/2025;143.71;143.71;133.33;133.33;1048100;-0.06670866582668344;0.06670866582668344;0.07222879409922757;620660.0;44.742.078.322.666.000;16.886.862.372.313.300;0.9553422997417222;0.022243076803903906
FRT;15/12/2025;133.33;135.14;132.48;133.43;449800;0.0007500187504687617;0.0007500187504687617;0.019950498762469033;662595.0;44.614.849.247.992.000;0.6788460522642036;-0.476960033681112;0.026971716624085394
FRT;16/12/2025;133.33;137.14;132.95;135.81;449300;0.017837068125608813;0.017837068125608813;0.031425785644641095;656105.0;4.483.579.520.110.900;0.6847989270010135;-0.46124976499777726;0.026943855955530324
FRT;17/12/2025;136.19;137.62;135.05;136.19;308500;0.002798026654885488;0.002798026654885488;0.0188706953520816;630735.0;4.447.950.696.373.370;0.48911190912189745;-0.7244572208561871;0.0271070805717544
FRT;18/12/2025;134.19;137.43;134.19;136.48;250100;0.0021293780747484448;0.0021293780747484448;0.02414486921529182;611380.0;4.502.131.677.561.780;0.4090745526513789;-0.8024643121847966;0.027049294516793002
FRT;19/12/2025;135.9;137.14;134.67;137.14;451800;0.0048358733880422555;0.0048358733880422555;0.018175128771155253;596245.0;457.318.056.401.151;0.7577422032889165;-0.31585238758492296;0.026007919790149357
FRT;22/12/2025;137.14;140.48;136.67;140.0;339800;0.02085460113752391;0.02085460113752391;0.02778182878809977;604010.0;4.532.611.468.713.790;0.5625734673266999;-0.5829089958927679;0.026024274399939155
FRT;23/12/2025;140.95;140.95;138.48;140.48;361400;0.0034285714285713365;0.0034285714285713365;0.017523944661227378;611615.0;44.714.320.474.835.700;0.5908945987263229;-0.5595858269630096;0.026160741741597097
FRT;24/12/2025;140.0;140.0;138.1;139.62;255100;-0.0061218678815488925;0.0061218678815488925;0.013571428571428613;614570.0;44.518.245.827.738.400;0.4150869713783621;-0.8074666764520664;0.026079855750743206
FRT;25/12/2025;139.05;139.71;136.67;139.05;265600;-0.004082509669101841;0.004082509669101841;0.02186263933836764;606385.0;45.044.503.756.665.000;0.43800555752533454;-0.7565517911817944;0.025721227922234805
FRT;26/12/2025;138.1;138.1;135.24;137.33;216500;-0.01236965120460265;0.01236965120460265;0.020709630702389466;601520.0;4.537.266.747.375.790;0.3599215321186328;-0.848572546947307;0.02570237780812574
FRT;29/12/2025;137.33;139.05;135.9;139.05;200200;0.012524575839219398;0.012524575839219398;0.02293744993810533;588295.0;46.121.734.398.734.000;0.3403054589959119;-0.8414579483174256;0.025812769669784793
FRT;30/12/2025;138.76;141.43;138.1;140.67;285100;0.011650485436893065;0.011650485436893065;0.023998270394926583;581010.0;4.663.694.208.852.480;0.49069723412677924;-0.6344970033376383;0.025784554430727667
FRT;31/12/2025;141.71;142.38;139.52;142.38;316800;0.012156110044785784;0.012156110044785784;0.02018206195751877;572965.0;4.701.930.670.368.010;0.5529133542188441;-0.5448081181085354;0.025900228129432167
FRT;05/01/2026;141.81;149.24;140.48;145.81;615800;0.024090462143559588;0.024090462143559588;0.06177279458430308;481230.0;29.074.228.432.537.400;1.279.637.595.328.630;0.46284977196299576;0.020556317663971892
FRT;06/01/2026;145.71;147.14;144.57;145.14;180000;-0.004595020917632642;0.004595020917632642;0.01763777366000956;471340.0;282.076.274.492.519;0.3818899308354903;-1.032.841.207.663.230;0.020691580658093088
FRT;07/01/2026;145.33;149.43;144.76;145.33;389500;0.0013090808874192117;0.0013090808874192117;0.03213376453588396;423680.0;2.420.487.436.773.620;0.9193259063444109;-0.14121122663441735;0.020536655821231802
FRT;08/01/2026;145.33;145.33;138.1;139.05;883800;-0.04321200027523564;0.04321200027523564;0.04974884745062972;409090.0;23.437.566.987.974.400;21.604.048.008.995.500;2.025.423.544.361.780;0.02025492663352383
FRT;09/01/2026;138.67;142.0;136.67;136.67;552500;-0.017116145271485195;0.017116145271485195;0.03843657604384519;403660.0;22.102.827.492.379.600;13.687.261.556.755.600;0.6733980077947728;0.022059138365796354
FRT;12/01/2026;136.19;139.43;136.1;138.1;312400;0.010463159435135871;0.010463159435135871;0.024451134444526124;409210.0;22.340.921.834.630.100;0.7634222037584614;-0.433330373368646;0.02127531753691129
FRT;13/01/2026;137.71;139.62;137.14;137.71;461800;-0.0028240405503257016;0.0028240405503257016;0.018008859196863104;406605.0;22.426.011.324.962.900;11.357.459.942.696.200;0.24612045004436878;0.021433435449107734
FRT;14/01/2026;138.86;141.71;137.24;138.1;518200;0.002832038341441967;0.002832038341441967;0.032190695664698246;377290.0;16.700.183.390.105.500;1.373.479.286.490.490;0.8437631893520744;0.014991227108605273
FRT;15/01/2026;138.1;139.05;136.67;139.05;350700;0.006879073135409142;0.006879073135409142;0.017233888486604083;380710.0;16.925.014.778.816.500;0.9211735967009009;-0.17731151430107323;0.014991327025317462
FRT;16/01/2026;139.05;148.76;137.62;147.62;1373100;0.06163250629270034;0.06163250629270034;0.08011506652283341;375780.0;16.858.178.586.761.800;36.539.996.806.642.100;5.915.941.599.901.890;0.014569810035119174
FRT;19/01/2026;148.48;148.48;143.43;146.1;295600;-0.010296707763175816;0.010296707763175816;0.0340113146551723;429010.0;2.784.759.725.059.910;0.6890282277802382;-0.47907185240956307;0.019868218544791823
FRT;20/01/2026;145.71;152.38;145.05;145.52;698300;-0.003969883641341432;0.003969883641341432;0.050305401139249084;431285.0;2.771.200.011.300.440;16.191.149.703.792.100;0.9635356484958215;0.02012971115201434
FRT;21/01/2026;144.29;145.52;140.95;145.52;496000;0.0;0.0;0.03167232656455764;443610.0;2.834.888.318.602.220;11.180.992.313.067.700;0.18480445827873548;0.020197489190745283
FRT;22/01/2026;145.52;146.1;142.48;146.0;442300;0.0032985156679492533;0.0032985156679492533;0.024876305662451925;451420.0;28.262.870.491.530.900;0.9797970847547738;-0.032268484557266844;0.019769783261456845
FRT;23/01/2026;145.62;147.81;143.9;144.57;389500;-0.009794520547945273;0.009794520547945273;0.026850707320422995;455465.0;2.818.503.751.526.400;0.8551699911079885;-0.2340426191175925;0.019769351192811552
FRT;26/01/2026;143.9;144.48;138.19;138.19;485600;-0.04413087085840761;0.04413087085840761;0.04371091035441273;462185.0;2.784.028.816.302.010;1.050.661.531.637.760;0.08410473290683035;0.019866680545107072
FRT;27/01/2026;138.29;147.71;138.29;147.33;791600;0.06614082060930615;0.06614082060930615;0.06811772362426796;473185.0;2.745.462.980.321.490;16.729.186.259.074.100;11.597.861.718.853.400;0.022365594939483528
FRT;28/01/2026;148.19;154.38;147.62;152.67;1500000;0.03624516391773547;0.03624516391773547;0.04561711316553068;501940.0;2.763.580.484.577.360;2.988.404.988.644.060;36.114.743.376.205.100;0.026585656363584228
FRT;29/01/2026;152.38;160.86;151.43;157.14;1082600;0.029278836706622124;0.029278836706622124;0.06188476177976117;566930.0;34.577.939.285.954.500;19.095.831.936.923.400;1.491.326.581.770.770;0.027506096114868376
FRT;30/01/2026;160.86;162.86;157.14;161.81;998500;0.029718722158584843;0.029718722158584843;0.03555887106800962;606805.0;3.573.581.035.658.910;16.455.039.098.227.600;10.960.854.003.070.800;0.02800702875633303
FRT;02/02/2026;163.14;172.38;158.19;167.14;1620300;0.0329398677461219;0.0329398677461219;0.0869805075395366;640890.0;36.073.592.893.008.600;25.282.029.677.479.700;27.150.331.349.163.000;0.028484133117588187
FRT;03/02/2026;169.71;169.71;163.62;165.71;1074200;-0.008555701806868377;0.008555701806868377;0.03588474456425669;691115.0;4.218.157.009.318.540;15.542.999.356.112.900;0.908180987937878;0.02883349014027625
FRT;04/02/2026;163.81;169.71;163.81;166.57;868000;0.005189789391104815;0.005189789391104815;0.036017337158903644;735825.0;4.120.664.942.189.480;1.179.628.308.361.360;0.320761337925645;0.028932484465032264
FRT;05/02/2026;166.76;166.76;161.43;161.9;867600;-0.028036261031398113;0.028036261031398113;0.03196210122331485;759750.0;4.047.259.131.027.340;1.141.954.590.325.760;0.2664766364307977;0.028905013793982123
FRT;06/02/2026;160.1;160.76;152.76;152.76;998500;-0.05645460160592963;0.05645460160592963;0.0499687695190506;758940.0;4.044.807.150.435.050;13.156.507.760.824.300;0.5922655669114739;0.027684420119556987
FRT;09/02/2026;155.71;157.81;153.33;156.19;219600;0.022453521864362447;0.022453521864362447;0.02877143407616717;781240.0;40.479.455.789.976.100;0.28109159797245403;-13.874.692.459.157.900;0.03078610321613223
FRT;10/02/2026;156.19;157.14;152.0;157.14;440400;0.006082335616876877;0.006082335616876877;0.032908636916575876;776600.0;41.093.679.882.869.900;0.567087303631213;-0.8181306735203002;0.03099307433039032
FRT;11/02/2026;157.14;159.05;154.86;159.05;349600;0.012154766450299226;0.012154766450299226;0.026664121165839366;775530.0;41.182.651.572.310.300;0.45078849303057267;-10.342.461.782.776.000;0.03091401079478191
FRT;12/02/2026;159.9;162.19;158.0;159.05;375100;0.0;0.0;0.026203877423389605;767100.0;41.903.377.831.437.500;0.48898448702907055;-0.9354854436243236;0.030916989873644017
FRT;13/02/2026;159.05;161.9;157.05;161.9;575700;0.017918893429738958;0.017918893429738958;0.030493555485696284;768320.0;41.779.131.733.690.300;0.7492971678467305;-0.46104356889895043;0.030962946230207
FRT;23/02/2026;161.9;164.1;160.0;163.71;582500;0.011179740580605335;0.011179740580605335;0.025324274243360062;728450.0;394.434.531.289.648;0.7996430777678633;-0.3700233839131683;0.02835060230457121
FRT;24/02/2026;162.86;163.71;160.1;162.86;540300;-0.00519210799584624;0.00519210799584624;0.02216627778460035;742795.0;38.291.266.624.869.400;0.7273877718616846;-0.528828158085748;0.028146348793675304
FRT;25/02/2026;162.86;162.86;160.67;162.86;360100;0.0;0.0;0.013447132506447414;734895.0;3.855.001.064.577.640;0.4900019730709829;-0.9722306005149263;0.028170640606393203
FRT;26/02/2026;162.76;163.71;160.67;162.76;392200;-0.0006140243153630598;0.0006140243153630598;0.018677807815188133;728100.0;3.910.897.958.539.090;0.5386622716659799;-0.8588820356884852;0.028170640606393203
FRT;27/02/2026;162.76;162.76;157.33;160.95;972000;-0.011120668468911243;0.011120668468911243;0.03336200540673371;725595.0;3.931.716.519.135.390;13.395.902.672.978.700;0.6267110021812712;0.028204112891383026
FRT;02/03/2026;157.62;160.95;157.14;160.95;535900;0.0;0.0;0.024172059383327;754720.0;38.851.168.593.140.500;0.710064659741361;-0.5632263016115147;0.028244300078876076
FRT;03/03/2026;159.43;160.95;154.29;157.14;651700;-0.023671947809878913;0.023671947809878913;0.04177381923101045;757235.0;3.868.370.652.177.940;0.860631111874121;-0.2728151190491079;0.025755713738665698
FRT;04/03/2026;154.95;156.0;147.62;156.0;899600;-0.0072546773577700785;0.0072546773577700785;0.05408196192320101;750240.0;3.874.473.456.925.600;11.990.829.601.194.200;0.3854975434998001;0.022730913338311357
FRT;05/03/2026;156.0;156.19;150.38;151.43;500800;-0.02929487179487178;0.02929487179487178;0.03724358974358976;720220.0;3.474.976.570.916.850;0.6953430896115076;-0.6314287176391152;0.02147690992533921
FRT;06/03/2026;149.81;149.81;143.33;143.43;804500;-0.052829690285940645;0.052829690285940645;0.04325478939990648;691130.0;33.983.270.822.413.100;11.640.357.096.349.400;0.3336053218433249;0.021454577476819926
FRT;09/03/2026;134.29;135.24;133.43;133.43;729500;-0.06972042111134347;0.06972042111134347;0.013478293245960253;681430.0;33.330.354.128.268.500;10.705.428.290.506.700;0.14422289008693803;0.022991973410950314
FRT;10/03/2026;136.19;140.95;135.71;138.29;675800;0.03642359289515085;0.03642359289515085;0.03847565900580058;636890.0;25.046.182.375.343.100;1.061.093.752.453.320;0.15535301714605904;0.025247463316317924
FRT;11/03/2026;138.1;147.9;138.1;147.9;510800;0.06949164798611629;0.06949164798611629;0.07096307023895736;616970.0;22.875.282.017.243.400;0.8279170786261892;-0.4641254255137434;0.027379468575392727
FRT;12/03/2026;146.48;146.48;140.76;146.29;657000;-0.010885733603786418;0.010885733603786418;0.03904969961769524;599110.0;22.196.557.556.711.800;10.966.266.628.832.700;0.2608062076837455;0.03240332960458898
FRT;13/03/2026;142.86;142.86;141.52;142.0;307600;-0.029325312734978404;0.029325312734978404;0.009379812403751948;588580.0;21.338.775.824.404.900;0.5226137483434707;-1.316.757.822.998.660;0.03199782637447625
FRT;16/03/2026;140.48;143.52;140.48;143.33;193300;0.009366197183098723;0.009366197183098723;0.02164009111617327;554035.0;1.989.711.147.377.930;0.3488949254108495;-18.130.018.544.419.400;0.030207346860786216
FRT;17/03/2026;143.81;147.52;143.33;144.95;386300;0.01130258843228904;0.01130258843228904;0.029135665113691662;552720.0;2.013.701.713.132.720;0.6989072224634535;-0.8264381904959465;0.029760594109973375
FRT;18/03/2026;146.86;146.86;142.57;142.57;186500;-0.01641945498447739;0.01641945498447739;0.029211493939806755;550015.0;20.331.236.862.729.700;0.3390816614092343;-17.879.630.366.531.100;0.029875096076004425
FRT;19/03/2026;141.9;142.48;140.48;141.9;244500;-0.004699445886231279;0.004699445886231279;0.01409443269908386;541860.0;21.472.496.092.002.200;0.45122356328202856;-13.848.413.278.359.100;0.02976486942267839
FRT;20/03/2026;141.9;142.86;140.95;141.52;157600;-0.0026779422128259123;0.0026779422128259123;0.013460183227625263;535330.0;22.192.822.713.661.200;0.29439784805633906;-17.020.367.569.893.600;0.02974159233230233
FRT;23/03/2026;138.1;142.86;137.14;142.86;439100;0.00946862634256651;0.00946862634256651;0.04141926140477935;514425.0;23.709.874.219.959.800;0.8535743791611994;-0.3176946419082589;0.02924900207680438
FRT;24/03/2026;142.86;150.48;142.86;150.48;377600;0.05333893322133543;0.05333893322133543;0.0533389332213354;507255.0;23.710.001.548.314.000;0.7443987737922741;-0.5468367420212994;0.029197647716336126
FRT;25/03/2026;150.48;151.05;147.9;151.05;377300;0.0037878787878788955;0.0037878787878788955;0.020933014354067025;499120.0;23.869.236.003.031.600;0.7559304375701235;-0.5103640518051256;0.03211124558186901
FRT;26/03/2026;150.86;150.86;146.86;150.48;353800;-0.0037735849056604875;0.0037735849056604875;0.026514649343762426;499980.0;2.381.955.821.765.400;0.7076283051322053;-0.6136973602291983;0.03214385690080248
FRT;27/03/2026;147.52;154.76;147.52;154.76;704800;0.028442317916002047;0.028442317916002047;0.049078091106290536;498060.0;23.926.245.312.142.900;1.415.090.551.339.190;0.8640720568683471;0.0321378970149234
FRT;30/03/2026;151.52;151.52;148.76;150.48;630300;-0.02765572499353841;0.02765572499353841;0.018215417106652712;484700.0;21.791.311.885.341.100;13.003.919.950.484.800;0.6681561934687558;0.03284898668998323
FRT;31/03/2026;150.1;150.1;146.57;149.52;477400;-0.006379585326953596;0.006379585326953596;0.023517654896735518;489420.0;22.009.193.916.227.400;0.9754403171100486;-0.05461354034932461;0.03336295468886112
FRT;01/04/2026;150.48;150.48;147.14;149.52;163300;0.0;0.0;0.022195640616693272;480705.0;21.675.348.956.093.400;0.33970938517385924;-14.643.593.542.274.600;0.033016652262900445
FRT;02/04/2026;146.86;148.29;146.48;146.67;185600;-0.019060995184590812;0.019060995184590812;0.012324662944300709;443890.0;20.401.566.735.502.300;0.4181216067043637;-12.660.302.188.974.900;0.032995320525777395
FRT;03/04/2026;146.67;147.62;141.62;144.76;454000;-0.013022431308379323;0.013022431308379323;0.040908161178155045;428130.0;21.142.783.788.228.700;10.604.255.716.721.500;0.1223585326280596;0.03262047878991995
FRT;06/04/2026;145.71;145.71;140.48;140.95;273900;-0.026319425255595497;0.026319425255595497;0.035893212545467144;410605.0;19.224.508.062.968.900;0.6670644536720206;-0.7110975196464295;0.030438892954829568
FRT;07/04/2026;140.95;142.67;139.71;142.38;165300;0.010145441645973863;0.010145441645973863;0.021000354735721743;387825.0;1.790.061.624.196.510;0.4262231676658287;-12.431.136.280.008.300;0.026421147630258716
FRT;08/04/2026;144.57;147.62;144.1;145.81;691600;0.024090462143559588;0.024090462143559588;0.02434806668050087;362300.0;17.204.316.777.758.800;19.089.152.635.937.000;19.140.545.030.286.100;0.025305025602345384
FRT;09/04/2026;144.76;145.71;142.86;142.86;223900;-0.02023180851793427;0.02023180851793427;0.01968775904946114;371340.0;1.845.520.876.409.460;0.6029514730435719;-0.7989072455622963;0.020486461562430437
FRT;10/04/2026;143.81;145.14;142.0;144.76;412200;0.013299734005319808;0.013299734005319808;0.021834364786871473;349685.0;17.439.943.950.598;11.787.751.833.793.200;0.35845872083698077;0.020839059131436865
FRT;13/04/2026;144.29;144.38;141.9;141.9;183800;-0.019756838905774954;0.019756838905774954;0.01718760828886264;354915.0;1.746.391.837.475.190;0.5178704760294719;-0.9798202003015841;0.019948314548006482
FRT;14/04/2026;143.62;144.29;142.86;143.33;78500;0.010077519379845024;0.010077519379845024;0.009956830524996367;354440.0;17.511.416.847.302.700;0.22147613136214875;-15.757.719.801.096.600;0.02037536884426366
FRT;15/04/2026;144.76;144.76;141.62;143.81;271900;0.003348915091048621;0.003348915091048621;0.02169107488256415;339050.0;18.539.080.343.965.200;0.8019466155434302;-0.36220782667818924;0.020340445074988195
FRT;16/04/2026;142.86;144.29;141.9;143.81;330700;0.0;0.0;0.01672966540669177;343320.0;18.265.558.789.556.200;0.9632412909239194;-0.06909178167172063;0.019996763164232833
FRT;17/04/2026;143.62;149.24;143.62;144.86;814200;0.0073013003268200816;0.0073013003268200816;0.039131040245091245;347630.0;18.121.237.351.734.400;23.421.453.844.604.800;25.747.138.064.793.500;0.019958527394453942
FRT;20/04/2026;145.71;145.71;142.95;143.62;201100;-0.008559988954852993;0.008559988954852993;0.018941733580399554;380460.0;20.312.564.791.799.400;0.528570677600799;-0.8830002603728825;0.019990242218562056
FRT;21/04/2026;143.33;143.81;141.9;143.81;420700;0.001322935524300295;0.001322935524300295;0.013325891299797644;368560.0;20.645.372.974.668.100;11.414.695.029.303.200;0.25255053548306317;0.020011591041697665
FRT;22/04/2026;142.0;143.24;141.05;142.76;215500;-0.007301300326820193;0.007301300326820193;0.01542253521126759;370715.0;20.677.774.560.853.300;0.5813090918899964;-0.7506368712126753;0.01569013507997639
FRT;23/04/2026;142.76;142.76;139.62;139.71;235300;-0.021364527878957595;0.021364527878957595;0.021994956570467825;362625.0;2.096.517.234.166.670;0.6488796966563254;-0.6073167342724426;0.01566527784240703
FRT;24/04/2026;140.0;140.95;136.48;137.62;369800;-0.014959559086679564;0.014959559086679564;0.03192857142857142;356700.0;21.157.986.174.193.600;103.672.553.966.919;0.06191515530895877;0.01621289199316375
FRT;28/04/2026;137.62;140.48;136.19;140.48;470000;0.020781863101293263;0.020781863101293263;0.031172794651940065;339950.0;19.519.780.385.951.800;13.825.562.582.732.700;0.6662472498594075;0.01451691332202724
FRT;29/04/2026;139.43;141.9;138.1;141.9;325200;0.010108200455581029;0.010108200455581029;0.027253819120705812;331935.0;18.570.867.755.991.500;0.9797098829590131;-0.036266479781630466;0.0147094115873266
FRT;04/05/2026;140.29;141.52;139.71;140.95;155900;-0.006694855532064947;0.006694855532064947;0.012901846175778761;324325.0;18.252.521.058.746.900;0.48069066522778076;-0.9227492435588118;0.014988842507371418
FRT;05/05/2026;139.71;141.81;139.14;141.81;148500;0.006101454416459928;0.006101454416459928;0.019111015675327577;323955.0;18.287.597.026.400.100;0.45839699958327546;-0.9594207470052597;0.015004702889259598
FRT;06/05/2026;140.29;141.62;140.29;140.76;226100;-0.0074042733234610525;0.0074042733234610525;0.009480362107064029;322100.0;18.453.388.221.194.000;0.7019559143123254;-0.5202296664942108;0.01462305474011828
FRT;07/05/2026;140.67;142.29;138.67;138.76;316600;-0.014208581983518043;0.014208581983518043;0.02573398734627145;310705.0;18.299.033.473.181.800;10.189.729.808.017.200;0.0322148162013005;0.014444583939347076
FRT;08/05/2026;138.76;140.38;136.86;138.1;374300;-0.004756413952147542;0.004756413952147542;0.025367541078120365;312840.0;18.278.730.348.629.000;11.964.582.534.202.700;0.33623779566620443;0.013567798926416623
FRT;11/05/2026;137.05;138.1;131.43;131.43;674500;-0.04829833454018817;0.04829833454018817;0.04866836920831804;323290.0;17.985.930.144.362.600;20.863.620.897.646.000;1.952.693.006.038.830;0.013348544185105378
FRT;12/05/2026;133.33;135.05;130.38;131.71;393900;0.0021304116259606154;0.0021304116259606154;0.03502587564689129;322435.0;17.804.783.294.325.500;12.216.415.711.693.800;0.401380903202434;0.015673207787562902
FRT;13/05/2026;130.48;132.38;130.48;130.95;187500;-0.005770252828183331;0.005770252828183331;0.014561618638871902;330935.0;1.771.518.357.823.380;0.5665765180473507;-0.8096726707152764;0.01532772177662263
FRT;14/05/2026;130.95;134.19;129.52;129.52;424000;-0.010920198549064342;0.010920198549064342;0.03566246659030155;319700.0;17.884.391.607.149.900;1.326.243.353.143.570;0.5831900927415524;0.014782170173837737
FRT;15/05/2026;129.62;131.52;127.62;127.62;368200;-0.014669549104385449;0.014669549104385449;0.030087949390526197;331710.0;177.295.866.012.897;11.100.057.278.948.400;0.20581416149514517;0.014442745499684414
FRT;18/05/2026;127.62;128.38;126.57;127.62;427500;0.0;0.0;0.014182729979627036;346195.0;16.705.854.150.408.900;12.348.531.896.763.300;0.486685680767838;0.014190196750030595
FRT;19/05/2026;127.62;129.05;126.38;126.38;398800;-0.009716345400407556;0.009716345400407556;0.020921485660554896;353975.0;1.670.396.671.295.070;11.266.332.368.105.000;0.2683494332232273;0.01409737017829641
FRT;20/05/2026;126.29;126.29;122.38;125.71;618600;-0.005301471751859466;0.005301471751859466;0.030960487766252362;357380.0;16.723.422.465.134.500;17.309.306.620.404.000;15.620.008.436.945.100;0.01405221418504282
FRT;21/05/2026;126.67;126.76;124.29;125.14;366800;-0.004534245485641519;0.004534245485641519;0.019499486855609052;347600.0;14.308.937.950.216.900;10.552.359.033.371.600;0.13418186637470852;0.013685919383106149
FRT;22/05/2026;124.76;125.24;123.14;123.14;213800;-0.015982100047946313;0.015982100047946313;0.016832318050657217;355885.0;13.889.610.003.618.900;0.6007558621464799;-10.229.588.877.080.000;0.013690969797110729
FRT;25/05/2026;124.57;124.57;123.33;123.9;267600;0.006171836933571484;0.006171836933571484;0.009954242594525126;345540.0;14.149.524.596.812.000;0.7744400069456503;-0.5508312273442759;0.01369922998200471
FRT;26/05/2026;124.1;124.1;123.33;124.0;212000;0.0008071025020177647;0.0008071025020177647;0.006204673650281999;348145.0;13.943.980.204.639.100;0.6089416766002671;-0.976371150861967;0.014043599789717191
FRT;27/05/2026;124.0;124.76;123.62;124.76;181600;0.006129032258064493;0.006129032258064493;0.00919354838709678;346980.0;14.052.533.616.847.500;0.5233731050781025;-11.768.696.272.800.600;0.013718374867019278
FRT;28/05/2026;124.76;125.05;123.81;124.76;324900;0.0;0.0;0.009939083039435675;337570.0;14.514.219.198.681.200;0.962467043872382;-0.0872937071334238;0.013792069158178905
FRT;29/05/2026;124.67;124.67;123.43;124.0;200700;-0.006091696056428342;0.006091696056428342;0.009946258121440562;330315.0;14.176.128.665.731.200;0.6076018346124155;-0.9143187329649832;0.012484012341138186
FRT;01/06/2026;123.62;123.81;121.05;121.05;359200;-0.023790322580645173;0.023790322580645173;0.02232648438763958;324090.0;1.447.007.543.718.740;11.083.341.047.239.900;0.24263867975262216;0.011906971051568046
FRT;02/06/2026;121.05;124.67;121.05;121.62;331500;0.004708798017348359;0.004708798017348359;0.02990499793473775;334255.0;13.930.393.682.803.500;0.9917577897114479;-0.019776899797174542;0.01250874353349334
FRT;03/06/2026;121.43;122.19;120.67;122.0;399600;0.0031244861042591943;0.0031244861042591943;0.012517499794120035;343405.0;13.229.440.245.548.000;11.636.405.992.923.800;0.42477231807982746;0.012432657265135625
FRT;04/06/2026;121.9;121.9;119.43;120.95;452200;-0.008606557377049184;0.008606557377049184;0.0202625102543068;352080.0;129.863.627.256.482;12.843.671.892.751.600;0.7709626021939305;0.012661071518700648
FRT;05/06/2026;120.95;121.9;113.33;118.86;528600;-0.01727986771393142;0.01727986771393142;0.07085572550640766;358860.0;13.144.390.198.263.600;14.729.978.264.504.200;1.291.349.369.881.160;0.012555859054850006
FRT;08/06/2026;117.14;119.05;116.57;118.57;385300;-0.0024398451960290224;0.0024398451960290224;0.021171248079221477;366575.0;13.681.630.741.137.600;1.051.080.952.056.190;0.13686234012805285;0.012760849019476226
FRT;09/06/2026;118.76;118.86;115.33;116.57;662200;-0.016867673104495218;0.016867673104495218;0.029723812731559458;352115.0;1.163.041.216.403.190;18.806.355.878.051.200;26.661.565.869.433.500;0.008398676677708388
FRT;10/06/2026;116.48;116.48;114.29;115.24;678000;-0.01140945354722478;0.01140945354722478;0.018801510989010967;365530.0;1.352.996.288.943.440;1.854.840.915.930.290;23.094.667.927.286.600;0.008609395298465492
FRT;11/06/2026;115.14;115.24;113.33;113.33;490100;-0.016574106213120388;0.016574106213120388;0.016588500955358663;390055.0;14.540.815.685.148.900;12.564.894.694.337.900;0.688028802278125;0.008691651273321199
FRT;12/06/2026;113.43;117.05;113.43;115.24;260700;0.016853436865790217;0.016853436865790217;0.031913955743630346;393360.0;14.696.318.694.077.500;0.662751677852349;-0.902675035575134;0.008937167233024085
FRT;15/06/2026;116.86;118.1;114.76;117.9;215200;0.023082263103089362;0.023082263103089362;0.02858120828341596;387985.0;1.498.689.296.650.480;0.5546606183228733;-11.529.074.130.719.900;0.010140752387660225
FRT;16/06/2026;120.0;125.71;118.86;124.67;1049100;0.05742154368108565;0.05742154368108565;0.057083333333333285;377370.0;15.437.358.684.629.100;27.800.302.090.786.200;4.351.327.281.582.410;0.011904622127874307
FRT;17/06/2026;124.67;127.43;123.05;125.71;725900;0.008342022940563076;0.008342022940563076;0.03513275046121769;409885.0;2.155.055.653.817.930;17.709.845.444.453.900;14.663.890.440.144.400;0.01805241745943671
FRT;18/06/2026;125.71;127.43;123.71;123.81;527000;-0.015114151618805138;0.015114151618805138;0.029591917906292366;415250.0;2.222.064.225.231.260;12.691.149.909.692.900;0.5029107562737947;0.018120235093899678
FRT;19/06/2026;123.81;125.14;122.95;123.81;301500;0.0;0.0;0.017688393506178804;423260.0;22.325.294.222.143.200;0.7123281198317819;-0.5453903486711177;0.018416296173083227
FRT;22/06/2026;123.14;124.29;121.43;124.29;468400;0.0038769081657379356;0.0038769081657379356;0.023225596881598178;427645.0;2.197.562.153.483.040;10.953.010.090.144.800;0.18545550548094833;0.01804650626828895
FRT;23/06/2026;124.19;124.67;121.43;122.67;395800;-0.01303403330919628;0.01303403330919628;0.026089057089942788;437685.0;2.166.240.528.876.550;0.904303323166204;-0.19335341316747606;0.0180153004762747
FRT;24/06/2026;121.9;123.14;119.05;122.67;310800;0.0;0.0;0.033552091878589034;446875.0;21.035.372.934.029.100;0.6954965034965035;-0.6468865583070805;0.018259342771074633
FRT;25/06/2026;121.24;122.29;120.1;121.71;201000;-0.007825874296894186;0.007825874296894186;0.018063345430551072;453335.0;20.365.555.098.589.400;0.4433807228649895;-1.239.028.343.585.270;0.01819561051027346
FRT;26/06/2026;120.1;120.57;118.0;118.1;505400;-0.029660668802892087;0.029660668802892087;0.02139883430474599;447140.0;20.956.671.190.063.100;11.302.947.622.668.500;0.27800216681180157;0.01826401171237345
FRT;29/06/2026;121.1;121.1;118.8;119.0;113600;0.007620660457239747;0.007620660457239747;0.01899256812551608;462375.0;20.163.351.035.976.100;0.24568802379021357;-17.297.472.001.439.800;0.019333382919884182
FRT;30/06/2026;119.0;120.4;118.8;120.0;155200;0.008403361344537785;0.008403361344537785;0.013445378151260576;450095.0;21.526.584.904.057.000;0.3448160943800753;-13.699.107.467.084.600;0.0187596048180121
FRT;01/07/2026;120.3;122.2;119.5;122.1;132200;0.01749999999999985;0.01749999999999985;0.02244389027431424;441280.0;2.238.176.574.568.540;0.29958303118201596;-1.380.945.558.594.190;0.01883360069458815
FRT;02/07/2026;122.5;123.1;121.6;122.0;134300;-0.0008190008190007703;0.0008190008190007703;0.012244897959183673;427910.0;23.418.510.649.753.700;0.3138510434437148;-12.537.518.051.050.200;0.019249117509949544
FRT;03/07/2026;122.0;122.0;117.5;120.4;492800;-0.013114754098360604;0.013114754098360604;0.036885245901639344;412015.0;24.306.967.005.366.900;11.960.729.585.087.900;0.3323532713158438;0.01913974691389979
FRT;06/07/2026;120.3;120.3;116.2;116.2;184800;-0.03488372093023262;0.03488372093023262;0.03408146300914376;410225.0;24.229.652.315.206.400;0.4504844902187824;-0.9303682820843617;0.018956701735144382
FRT;07/07/2026;117.7;117.7;115.0;117.0;346900;0.0068846815834766595;0.0068846815834766595;0.022939677145284644;400200.0;24.747.457.711.003.200;0.8668165917041479;-0.21537565847138176;0.020569210609323825
FRT;08/07/2026;115.6;116.9;115.3;116.4;145500;-0.00512820512820511;0.00512820512820511;0.013840830449827065;384435.0;23.983.062.504.719.000;0.37847750595029067;-0.9962655934911786;0.0202769175410943
FRT;09/07/2026;116.4;116.4;115.5;115.5;95600;-0.0077319587628866815;0.0077319587628866815;0.007731958762886647;357810.0;23.503.499.828.972.800;0.267180906067466;-11.156.210.858.298.300;0.020132877904390174
FRT;10/07/2026;115.5;115.5;113.9;113.9;166800;-0.013852813852813783;0.013852813852813783;0.013852813852813804;338085.0;23.985.296.872.305.500;0.49336705266427083;-0.7141249946244062;0.019828563503576587
FRT;13/07/2026;113.3;114.0;112.1;113.3;221000;-0.005267778753292429;0.005267778753292429;0.01676963812886148;333390.0;24.235.345.414.671.100;0.6628873091574432;-0.463744164058679;0.01973589287818343
FRT;14/07/2026;110.0;114.9;110.0;113.6;95800;0.0026478375992939895;0.0026478375992939895;0.044545454545454596;333680.0;24.220.801.108.051.500;0.28710141452888993;-0.9821310159758657;0.018963400453107796
FRT;15/07/2026;113.5;114.0;112.0;113.0;135100;-0.005281690140845008;0.005281690140845008;0.01762114537444934;286015.0;17.975.886.853.167.800;0.47235284862682025;-0.8395413324122266;0.01296367909980966
FRT;16/07/2026;111.4;112.4;108.5;111.4;222700;-0.01415929203539823;0.01415929203539823;0.03500897666068228;256475.0;14.969.724.841.896.800;0.8683107515352374;-0.22562204954810786;0.012603088217604225
FRT;17/07/2026;111.6;111.8;109.0;111.8;222400;0.0035906642728904536;0.0035906642728904536;0.025089605734767;241260.0;13.555.016.705.808.000;0.9218270745254082;-0.13913667839242738;0.012565462977978637
FRT;20/07/2026;113.0;113.0;109.0;109.9;99800;-0.016994633273702986;0.016994633273702986;0.035398230088495575;237305.0;1.348.521.821.340.520;0.42055582478245296;-10.196.720.425.577.500;0.012668766228289668
FRT;21/07/2026;108.7;111.3;108.7;110.9;360400;0.009099181073703333;0.009099181073703333;0.023919043238270415;218875.0;12.653.822.752.953.200;16.466.019.417.475.700;11.184.367.187.929.000;0.0127573588435392
FRT;22/07/2026;110.9;113.0;104.8;105.0;525600;-0.053201082055906235;0.053201082055906235;0.07394048692515783;217105.0;12.415.837.710.466.000;24.209.483.890.283.500;24.846.893.717.042.600;0.013076129729959824
FRT;23/07/2026;105.0;109.0;100.2;109.0;788600;0.03809523809523818;0.03809523809523818;0.08380952380952378;227845.0;14.085.718.962.275.500;34.611.248.875.331.900;39.810.179.480.494.800;0.016875711551603473
FRT;24/07/2026;106.0;108.3;103.7;107.8;379500;-0.011009174311926606;0.011009174311926606;0.04339622641509429;257225.0;18.826.577.483.356.900;14.753.620.371.270.200;0.6494807678564712;0.019727583576427586
FRT;27/07/2026;108.1;109.5;106.9;107.8;372900;0.0;0.0;0.024051803885291347;250930.0;18.151.465.679.547.400;1.486.071.812.856.170;0.6719567562934178;0.018941191253436705
FRT;28/07/2026;105.3;108.0;104.0;107.7;364900;-0.0009276437847866026;0.0009276437847866026;0.03798670465337132;263895.0;1.804.466.927.406.880;13.827.469.258.606.600;0.5597497990453576;0.018762881514004882
FRT;29/07/2026;107.0;112.5;105.8;108.7;451300;0.00928505106778088;0.00928505106778088;0.06261682242990657;274380.0;1.798.900.061.587.340;1.644.799.183.613.960;0.983489876829992;0.018532910455065457
FRT;30/07/2026;109.9;116.3;109.9;116.3;253700;0.06991720331186757;0.06991720331186757;0.058234758871701466;290335.0;1.807.647.738.011.150;0.8738181755558234;-0.20266669899029832;0.01808838510198937
FRT;31/07/2026;124.4;124.4;123.3;124.4;1254600;0.0696474634565778;0.0696474634565778;0.008842443729903605;296305.0;17.727.833.445.861.600;4.234.150.621.825.480;5.405.595.686.164.930;0.02476399511952378
FRT;03/08/2026;126.0;133.1;125.9;133.1;1302200;0.06993569131832778;0.06993569131832778;0.05714285714285705;334395.0;27.604.601.156.328.900;3.894.196.982.610.380;3.505.955.382.289.980;0.02932218516050503
FRT;04/08/2026;136.0;137.9;132.1;133.1;957900;0.0;0.0;0.042647058823529496;390265.0;3.479.008.725.651.300;2.454.486.054.347.680;1.631.599.816.967.210;0.03165094940616556
FRT;05/08/2026;134.9;139.0;133.5;135.0;993100;0.014274981217130112;0.014274981217130112;0.040770941438102296;420815.0;370.016.233.320.989;2.359.944.393.617.140;15.466.483.588.127.900;0.031692856789526366
FRT;06/08/2026;135.0;135.4;130.5;132.1;272000;-0.021481481481481546;0.021481481481481546;0.03629629629629634;463195.0;38.505.766.687.054.700;0.587225682487937;-0.4965360164203091;0.031601054463734575
FRT;07/08/2026;132.1;133.6;131.1;132.0;451000;-0.0007570022710067237;0.0007570022710067237;0.018925056775170326;472015.0;3.781.528.739.530.440;0.9554781098058325;-0.055572762889035815;0.032104647580921596
FRT;10/08/2026;134.0;137.2;132.0;137.0;778600;0.037878787878787845;0.037878787878787845;0.038805970149253646;486225.0;3.713.587.623.777.530;16.013.162.630.469.400;0.7873114347106488;0.03178427395592211
FRT;11/08/2026;138.1;146.5;138.0;146.5;1428500;0.06934306569343063;0.06934306569343063;0.061549601737871114;514105.0;37.132.991.640.290.600;27.786.152.634.189.500;24.624.867.526.371.000;0.03230557045367642
FRT;12/08/2026;148.0;148.5;145.0;148.0;931600;0.010238907849829282;0.010238907849829282;0.02364864864864865;580740.0;4.098.887.466.515.500;16.041.602.093.880.200;0.8559883696886873;0.03484608612509352
FRT;13/08/2026;147.3;147.9;143.1;146.9;408300;-0.007432432432432412;0.007432432432432412;0.03258655804480659;620565.0;4.029.466.482.576.880;0.6579488047182809;-0.5267818975981515;0.03458083050576634
FRT;14/08/2026;142.1;144.8;141.8;142.9;825400;-0.027229407760381186;0.027229407760381186;0.0211118930330753;629845.0;39.536.735.279.723.600;13.104.811.501.242.300;0.4946159530280942;0.034322860652824465
FRT;17/08/2026;143.2;147.0;138.0;147.0;921800;0.028691392582225195;0.028691392582225195;0.06284916201117319;659995.0;3.855.304.895.786.280;13.966.772.475.549.000;0.6790772898043523;0.035508649880366096
FRT;18/08/2026;147.0;151.5;145.1;145.1;325500;-0.012925170068027292;0.012925170068027292;0.04353741496598643;701095.0;3.659.868.152.284.340;0.4642737432159693;-10.262.528.166.911.300;0.03494704218815731
FRT;19/08/2026;142.0;149.6;142.0;143.0;768600;-0.01447277739490005;0.01447277739490005;0.053521126760563344;699350.0;3.677.755.501.160.420;10.990.205.190.534.000;0.18829419187368446;0.035492759171596035
FRT;20/08/2026;142.9;147.0;142.1;145.0;426800;0.013986013986013957;0.013986013986013957;0.03428971308607422;711500.0;3.657.416.617.749.400;0.5998594518622629;-0.7784182928965603;0.03256218604793922
FRT;21/08/2026;144.8;147.5;140.6;143.5;469400;-0.010344827586206917;0.010344827586206917;0.047651933701657496;693410.0;3.706.421.893.502.080;0.6769443763430005;-0.6043834361995414;0.032146869604925646
FRT;24/08/2026;143.0;148.0;142.6;147.5;461600;0.027874564459930307;0.027874564459930307;0.037762237762237805;697905.0;36.716.365.987.333.000;0.6614080712991023;-0.6435958288506107;0.03211907621618078
FRT;25/08/2026;146.0;146.5;144.0;145.0;143200;-0.016949152542372836;0.016949152542372836;0.017123287671232876;702340.0;3.635.491.951.072.890;0.20388985391690634;-1.538.003.680.175.900;0.03204403490447258
FRT;26/08/2026;144.9;144.9;142.9;142.9;275300;-0.014482758620689595;0.014482758620689595;0.013802622498274672;691255.0;3.774.921.797.377.500;0.3982611337350182;-11.018.903.763.489.100;0.032690467000285765
FRT;27/08/2026;142.9;146.5;142.9;145.9;411200;0.02099370188943306;0.02099370188943306;0.025192442267319762;682455.0;38.535.000.696.564.200;0.6025305697811577;-0.7039185029110032;0.03335260342666851
FRT;28/08/2026;145.7;145.8;143.5;144.2;64000;-0.011651816312542973;0.011651816312542973;0.015785861358956838;690330.0;3.776.594.150.679.590;0.09270928396563963;-16.584.519.675.943.700;0.03075025035365492
FRT;03/09/2026;144.2;144.2;142.9;142.9;182600;-0.009015256588072007;0.009015256588072007;0.009015256588072005;630800.0;37.786.925.196.282.800;0.2894736842105263;-11.861.245.594.126.500;0.02795257178850076
FRT;04/09/2026;142.0;143.9;139.0;142.7;250600;-0.0013995801259623075;0.0013995801259623075;0.034507042253521164;574820.0;355.435.117.478.341;0.43596256219338225;-0.9121777338722218;0.024008552146733565
IMP;05/05/2025;42.07;42.45;42.07;42.45;24300;;;0.009032564772997445;;;;;
IMP;06/05/2025;41.97;42.65;41.97;42.45;48300;0.0;0.0;0.016202049082678097;;;;;
IMP;07/05/2025;42.45;44.07;42.45;43.33;134900;0.020730270906949233;0.020730270906949233;0.03816254416961124;;;;;
IMP;08/05/2025;43.43;46.22;43.43;45.87;370100;0.0586198938379876;0.0586198938379876;0.06424130785171539;;;;;
IMP;09/05/2025;45.58;48.12;45.58;48.12;621500;0.049051667756703665;0.049051667756703665;0.05572619569986835;;;;;
IMP;12/05/2025;48.8;48.8;47.77;48.17;268000;0.0010390689941812692;0.0010390689941812692;0.02110655737704906;;;;;
IMP;13/05/2025;47.72;47.97;46.17;46.36;309000;-0.0375752543076604;0.0375752543076604;0.03772003352891863;;;;;
IMP;14/05/2025;46.55;47.68;46.55;46.85;95100;0.01056945642795526;0.01056945642795526;0.024274973147153656;;;;;
IMP;15/05/2025;46.12;48.27;46.12;48.02;212900;0.024973319103521963;0.024973319103521963;0.04661751951431062;;;;;
IMP;16/05/2025;47.82;47.82;47.19;47.24;76800;-0.016243231986672213;0.016243231986672213;0.013174404015056516;;;;;
IMP;19/05/2025;46.9;49.48;46.85;48.75;301900;0.03196443691786621;0.03196443691786621;0.05607675906183359;;;;;
IMP;20/05/2025;48.8;49.39;48.32;48.32;294500;-0.008820512820512771;0.008820512820512771;0.02192622950819673;;;;;
IMP;21/05/2025;49.09;49.29;48.02;49.0;202500;0.01407284768211925;0.01407284768211925;0.025870849460175104;;;;;
IMP;22/05/2025;49.0;50.27;48.17;49.39;379800;0.007959183673469372;0.007959183673469372;0.042857142857142885;;;;;
IMP;23/05/2025;50.75;52.8;50.07;50.75;707400;0.027535938449078756;0.027535938449078756;0.0537931034482758;;;;;
IMP;26/05/2025;51.73;53.39;51.44;53.39;1262400;0.05201970443349757;0.05201970443349757;0.037695727817514076;;;;;
IMP;27/05/2025;53.39;53.49;51.44;51.53;306600;-0.0348379846413186;0.0348379846413186;0.03839670350252864;;;;;
IMP;28/05/2025;51.24;51.24;49.58;49.97;550500;-0.030273627013390314;0.030273627013390314;0.0323965651834505;;;;;
IMP;29/05/2025;50.45;51.53;50.17;51.14;190600;0.023414048429057477;0.023414048429057477;0.02695738354806738;;;;;
IMP;30/05/2025;51.14;51.92;50.45;50.75;169600;-0.007626124364489617;0.007626124364489617;0.028744622604614762;;;;;
IMP;02/06/2025;51.24;51.34;50.45;51.24;196900;0.009655172413793212;0.009655172413793212;0.017369242779078854;326335.0;28.666.720.715.473.300;0.6033677049657561;-0.45151659056048005;
IMP;03/06/2025;51.53;51.53;50.55;50.75;131500;-0.009562841530054711;0.009562841530054711;0.019018047739181136;334965.0;27.960.709.326.707.500;0.3925783290791575;-0.7276818253164054;0.02754326817864509
IMP;04/06/2025;50.75;50.85;50.27;50.45;250900;-0.005911330049261032;0.005911330049261032;0.011428571428571396;339125.0;2.757.093.700.085.760;0.7398451898267601;-0.3199927517779156;0.027804322219066344
IMP;05/06/2025;50.45;50.85;50.45;50.75;213300;0.005946481665014769;0.005946481665014769;0.007928642220019794;344925.0;27.238.715.456.806;0.6183953033268101;-0.4832276331412373;0.027867679722596267
IMP;06/06/2025;50.85;50.95;50.37;50.95;174000;0.003940886699507429;0.003940886699507429;0.01140609636184868;337085.0;27.387.689.565.511.700;0.5161902784164232;-0.5954682654405667;0.025192718544238414
IMP;09/06/2025;50.55;50.75;49.37;49.67;200600;-0.0251226692836114;0.0251226692836114;0.027299703264095008;314710.0;2.676.264.617.944.780;0.6374122207746814;-0.42637786725151916;0.022999736567211302
IMP;10/06/2025;49.76;50.36;49.47;49.96;72200;0.005838534326555234;0.005838534326555234;0.017885852090032166;311340.0;2.686.679.292.556.630;0.23190081582835487;-0.8900950726144727;0.02385200697015287
IMP;11/06/2025;49.76;50.45;49.67;49.76;69000;-0.004003202562049668;0.004003202562049668;0.015675241157556294;299500.0;2.739.425.045.323.810;0.2303839732888147;-0.841417436821141;0.021981774216196483
IMP;12/06/2025;50.26;50.26;49.67;50.16;51800;0.008038585209003246;0.008038585209003246;0.011738957421408602;298195.0;2.750.274.866.167.680;0.1737118328610473;-0.8958922725543214;0.02199318576904795
IMP;13/06/2025;49.96;50.26;49.67;49.67;119500;-0.009768740031897871;0.009768740031897871;0.011809447558046363;290140.0;2.799.717.888.043.640;0.4118701316605777;-0.6094899801466703;0.02143147679990934
IMP;16/06/2025;49.67;51.24;49.67;50.85;115800;0.023756794845983586;0.023756794845983586;0.03160861687135092;292275.0;278.417.779.368.382;0.3962022068257634;-0.6338496068762233;0.021182512784193294
IMP;17/06/2025;50.95;51.54;50.36;50.85;66900;0.0;0.0;0.02315996074582924;282970.0;2.811.753.397.512.130;0.2364208219952645;-0.7684528813628553;0.020659224697950222
IMP;18/06/2025;50.85;50.85;50.16;50.55;63100;-0.005899705014749346;0.005899705014749346;0.013569321533923399;271590.0;2.852.602.761.652.850;0.23233550572554218;-0.7308763870059392;0.02050260617110131
IMP;19/06/2025;50.55;50.55;49.76;50.55;52200;0.0;0.0;0.015628090999010864;264620.0;2.887.193.239.116.490;0.19726400120928123;-0.7357318419912976;0.020408446175291663
IMP;20/06/2025;50.36;51.05;50.36;50.85;65000;0.005934718100890191;0.005934718100890191;0.013701350277998367;248240.0;2.911.237.617.089.660;0.2618433773767322;-0.6294230293135034;0.020358638174892894
IMP;23/06/2025;49.86;50.45;49.86;50.36;62500;-0.00963618485742379;0.00963618485742379;0.011833132771760999;216120.0;27.265.005.062.398.700;0.28919119007958544;-0.5634328680608154;0.01944939005743754
IMP;24/06/2025;50.55;50.75;50.16;50.55;34600;0.0037728355837967076;0.0037728355837967076;0.011671612265084143;156125.0;11.906.040.428.463.600;0.22161729383506806;-10.207.003.808.711.300;0.015249124273445477
IMP;25/06/2025;50.55;50.55;50.16;50.45;39100;-0.001978239366963286;0.001978239366963286;0.007715133531157282;142525.0;1.164.742.161.438.130;0.2743378354674618;-0.8879647652858954;0.013299905892040253
IMP;26/06/2025;50.85;50.85;49.96;50.36;44800;-0.001783944499504475;0.001783944499504475;0.017502458210422824;116955.0;6.841.639.134.931.880;0.3830533111025608;-10.546.449.261.200.000;0.01137353084469684
IMP;27/06/2025;49.96;50.65;49.96;50.65;77700;0.00575853852263708;0.00575853852263708;0.013811048839071211;109665.0;679.222.177.044.797;0.7085214061003967;-0.4706118421968398;0.010021531795119923
IMP;30/06/2025;51.14;51.24;50.45;50.85;43700;0.003948667324777944;0.003948667324777944;0.015447790379350785;105070.0;6.675.264.709.909.890;0.4159132007233273;-0.9193642899118589;0.00998293899397195
IMP;01/07/2025;50.45;50.85;50.45;50.85;70900;0.0;0.0;0.007928642220019794;97410.0;644.092.253.934.906;0.7278513499640694;-0.4115870022973322;0.00977019968160508
IMP;02/07/2025;51.24;53.21;51.14;51.24;282000;0.007669616519174083;0.007669616519174083;0.04039812646370024;94380.0;641.459.897.421.499;29.879.211.697.393.500;29.248.905.622.032.300;0.009525852555178935
IMP;03/07/2025;51.24;52.03;50.65;50.85;121200;-0.007611241217798659;0.007611241217798659;0.026932084309133537;95935.0;6.837.737.602.914.850;12.633.553.968.833.000;0.3694935586476702;0.009555671779688519
IMP;04/07/2025;51.14;51.24;50.55;51.24;94900;0.007669616519174083;0.007669616519174083;0.013492373875635604;91330.0;62.942.539.376.465.300;10.390.890.178.473.600;0.0567183980081815;0.009653301618082125
IMP;07/07/2025;51.54;52.03;51.05;51.24;93900;0.0;0.0;0.01901435778036484;87375.0;59.885.450.961.332.000;10.746.781.115.879.800;0.10895801726888861;0.009765867043297995
IMP;08/07/2025;51.24;51.93;51.05;51.44;116500;0.0039032006245121043;0.0039032006245121043;0.01717408274785329;82040.0;53.701.175.131.707.400;14.200.390.053.632.300;0.641699179123798;0.007721550055738687
IMP;09/07/2025;51.14;53.02;51.14;51.83;252800;0.00758164852255061;0.00758164852255061;0.03676183026984753;84255.0;54.185.378.441.440.300;30.004.154.056.139.100;311.052.547.473.026;0.007677444342202677
IMP;10/07/2025;52.23;53.02;51.54;51.93;72400;0.0019293845263361753;0.0019293845263361753;0.028336205246027264;93445.0;658.029.872.542.193;0.7747873080421639;-0.3198183073162927;0.007678320745215228
IMP;11/07/2025;52.03;52.03;51.05;51.14;145300;-0.01521278644328905;0.01521278644328905;0.018835287334230327;94475.0;6.527.593.152.795.370;1.537.973.008.732.460;0.7786177663084703;0.007548713546501893
IMP;14/07/2025;51.24;51.64;50.95;51.05;97000;-0.0017598748533438346;0.0017598748533438346;0.0134660421545667;95765.0;6.604.689.143.647.150;1.012.896.152.038.840;0.018698836132021578;0.008066779724535147
IMP;15/07/2025;51.54;51.54;50.75;51.14;250200;0.0017629774730656411;0.0017629774730656411;0.015327900659681785;94825.0;6.588.031.312.839.010;2.638.544.687.582.380;23.584.435.565.325.700;0.006149838378955057
IMP;16/07/2025;51.14;51.24;50.95;51.05;130900;-0.0017598748533438346;0.0017598748533438346;0.005670707860774328;103990.0;7.403.617.110.290.710;12.587.748.822.002.100;0.3634709845083187;0.00615923251598062
IMP;17/07/2025;51.14;51.14;50.85;51.05;189900;0.0;0.0;0.005670707860774328;107380.0;7.361.637.832.639.370;1.768.485.751.536.590;11.209.462.062.114.700;0.006007522528383428
IMP;18/07/2025;51.34;51.34;50.75;50.95;169300;-0.0019588638589617124;0.0019588638589617124;0.011492014024152774;114265.0;7.461.645.983.928.320;14.816.435.478.930.500;0.7375718456563092;0.006007522528383428
IMP;21/07/2025;51.64;52.43;51.05;51.24;272400;0.005691854759568127;0.005691854759568127;0.026723470178156516;119480.0;7.463.687.250.174.740;22.798.794.777.368.500;20.488.532.661.442.800;0.005890491288020113
IMP;22/07/2025;51.24;51.83;51.05;51.44;112000;0.0039032006245121043;0.0039032006245121043;0.015222482435597212;129975.0;8.071.310.384.057.190;0.8617041738795922;-0.222702376004583;0.005541874386263021
IMP;23/07/2025;51.44;52.33;51.24;51.24;168200;-0.0038880248833591535;0.0038880248833591535;0.02118973561430786;133845.0;7.769.869.927.110.130;12.566.775.000.933.900;0.44215669402818075;0.005545529971072234
IMP;24/07/2025;51.74;51.74;51.05;51.24;173100;0.0;0.0;0.013335910320835037;140300.0;7.471.876.393.658.100;1.233.784.746.970.770;0.43897942460396727;0.005613502065536748
IMP;25/07/2025;51.05;51.24;50.95;51.14;118900;-0.0019516003122560521;0.0019516003122560521;0.00568070519098921;146715.0;715.275.160.524.366;0.810414749684763;-0.3888713258210856;0.00558451158822675
IMP;28/07/2025;51.34;51.74;50.95;51.14;145500;0.0;0.0;0.015387611998441743;148775.0;7.001.250.170.317.320;0.9779868929591665;-0.046777360047563665;0.005495528099545355
IMP;29/07/2025;51.14;51.24;50.26;50.26;337200;-0.01720766523269457;0.01720766523269457;0.01916308173640993;153865.0;65.528.244.412.539.100;219.153.153.738.667;27.978.011.870.087.200;0.00543555753879393
IMP;30/07/2025;50.75;50.75;49.76;49.76;180000;-0.009948269001193832;0.009948269001193832;0.019507389162561617;167180.0;7.425.695.501.716.350;10.766.838.138.533.300;0.17264376107311194;0.006700081074072987
IMP;31/07/2025;49.76;51.24;49.57;51.24;154000;0.02974276527331199;0.02974276527331199;0.03356109324758846;162080.0;6.929.279.297.224.730;0.9501480750246791;-0.11660664339560023;0.006719008560361955
IMP;01/08/2025;51.74;52.72;51.05;51.93;233000;0.013466042154566704;0.013466042154566704;0.032276768457673015;163720.0;6.865.959.203.889.400;14.231.614.952.357.600;10.090.359.983.606.400;0.009521392410747617
IMP;04/08/2025;51.74;53.9;51.74;53.51;458100;0.0304255728865781;0.0304255728865781;0.041747197526091934;170625.0;683.176.009.917.148;26.848.351.648.351.600;4.207.920.006.366.490;0.009836524523776383
IMP;05/08/2025;54.1;54.1;52.43;53.02;163100;-0.009157166884694368;0.009157166884694368;0.030868761552680254;188835.0;9.142.200.169.946.410;0.8637170016151667;-0.2814967898493392;0.011863979381026913
IMP;06/08/2025;52.62;52.92;51.44;51.83;144600;-0.02244436061863453;0.02244436061863453;0.028126187761307566;191165.0;9.006.518.852.592.550;0.7564146156461695;-0.517014406588358;0.012123968765312151
IMP;07/08/2025;51.93;52.23;51.44;51.64;72000;-0.0036658306000385554;0.0036658306000385554;0.015212786443289026;185755.0;8.941.537.884.326.270;0.38760733223870153;-1.272.208.444.135.790;0.013157091193284492
IMP;08/08/2025;51.54;53.21;51.34;53.12;259000;0.02865995352439965;0.02865995352439965;0.03628249902987966;185735.0;8.944.210.873.961.690;13.944.598.487.091.800;0.8191331916523613;0.013175208507142204
IMP;11/08/2025;53.21;53.51;52.23;52.33;60100;-0.01487198795180722;0.01487198795180722;0.02405562864123287;191420.0;903.456.264.050.801;0.313969282206666;-14.535.291.327.906.000;0.014159321690536544
IMP;12/08/2025;52.62;52.92;51.83;52.23;62700;-0.0019109497420217725;0.0019109497420217725;0.020714557202584635;189575.0;9.272.087.072.725.880;0.3307398127390215;-13.683.542.767.108.600;0.014637830321052642
IMP;13/08/2025;52.72;54.1;51.83;53.8;455200;0.030059352862339628;0.030059352862339628;0.04305766312594847;180200.0;9.569.966.727.104.880;25.260.821.309.655.900;28.735.732.092.058.500;0.01465528440983412
IMP;14/08/2025;54.2;54.3;52.92;53.21;82200;-0.010966542750929342;0.010966542750929342;0.02546125461254604;196415.0;11.284.504.641.321.200;0.41850164193162437;-10.121.401.304.738.800;0.015988536882486026
IMP;15/08/2025;52.82;54.89;52.52;54.2;974900;0.018605525277203494;0.018605525277203494;0.044869367663763676;191030.0;11.570.578.432.522.600;5.103.386.902.580.740;6.774.682.912.970.840;0.016273225225950302
IMP;18/08/2025;54.3;54.79;53.02;54.1;128100;-0.0018450184501844769;0.0018450184501844769;0.032596685082872855;231310.0;20.974.911.805.849.300;0.5538022567117721;-0.4920640475409176;0.016642188055669232
IMP;19/08/2025;54.1;55.68;53.12;53.51;184500;-0.010905730129390112;0.010905730129390112;0.04731977818853978;224095.0;2.107.407.923.317.920;0.8233115419799638;-0.18788483976875855;0.016668749661915956
IMP;20/08/2025;53.51;53.51;51.05;52.03;323700;-0.02765838161091383;0.02765838161091383;0.045972715380302766;227720.0;20.932.996.013.596.800;14.214.825.223.959.200;0.45851057315281984;0.016946122282220442
IMP;21/08/2025;52.03;53.51;51.34;53.21;317500;0.02267922352488938;0.02267922352488938;0.041706707668652594;235495.0;20.988.996.233.615.700;13.482.239.537.994.400;0.39070472492944486;0.01817773297098614
IMP;22/08/2025;53.12;53.12;51.74;52.43;38100;-0.014658898703251322;0.014658898703251322;0.02597891566265052;242715.0;21.011.416.013.556.400;0.15697422903405228;-0.9738277509139958;0.018813504790338352
IMP;25/08/2025;52.43;53.21;51.14;51.93;166200;-0.009536524890329967;0.009536524890329967;0.03948121304596606;238675.0;21.337.167.442.603.100;0.6963444013826333;-0.3396655164981823;0.019167194214572025
IMP;26/08/2025;51.34;51.93;51.34;51.83;52200;-0.0019256691700366702;0.0019256691700366702;0.011492014024152635;239710.0;2.129.457.032.351.570;0.2177631304492929;-0.8805531041541201;0.019322368906393262
IMP;27/08/2025;51.83;53.12;51.64;51.74;94000;-0.0017364460737023801;0.0017364460737023801;0.028554890989774203;225460.0;21.559.782.588.494.600;0.41692539696620246;-0.6097464084362028;0.018863538782386967
IMP;28/08/2025;51.74;52.23;51.54;51.54;51400;-0.0038654812524159254;0.0038654812524159254;0.0133359103208349;221160.0;2.174.022.887.595.590;0.23241092421776088;-0.780856544650962;0.018685015930741913
IMP;29/08/2025;51.54;53.21;50.75;53.02;248100;0.02871556072953063;0.02871556072953063;0.04772991850989525;216030.0;2.202.621.646.082.110;11.484.516.039.438.900;0.1455992228944274;0.0175464019699473
IMP;03/09/2025;51.34;54.1;51.34;53.9;127500;0.016597510373443924;0.016597510373443924;0.053759252045188895;216785.0;22.034.925.692.254.000;0.5881403233618562;-0.40519764507935874;0.018450405355042856
IMP;04/09/2025;53.31;54.2;52.33;53.9;103500;0.0;0.0;0.03507784655786915;200255.0;2.135.903.813.993.400;0.5168410276896956;-0.4529932451363594;0.01753389933566979
IMP;05/09/2025;53.9;53.9;52.82;53.02;33200;-0.01632653061224476;0.01632653061224476;0.020037105751391435;197275.0;214.549.662.696.444;0.168292992016221;-0.7647413560940519;0.01738716612085029
IMP;08/09/2025;53.61;54.69;52.03;54.59;210100;0.029611467370803446;0.029611467370803446;0.0496176086551016;191705.0;21.741.605.149.429.100;10.959.547.220.990.500;0.08460736856166749;0.017003203044903915
IMP;09/09/2025;55.09;55.09;53.61;54.1;39300;-0.008976002930939808;0.008976002930939808;0.026865129787620328;198610.0;21.559.959.940.398.200;0.19787523286843564;-0.7389160297162268;0.018088136914138114
IMP;10/09/2025;54.2;54.69;53.61;53.71;74600;-0.007208872458410398;0.007208872458410398;0.019926199261992586;187625.0;2.179.449.323.857.550;0.39760159893404395;-0.5185943016098642;0.017207381583970956
IMP;11/09/2025;53.9;55.09;53.61;53.61;209400;-0.0018618506795755607;0.0018618506795755607;0.027458256029684675;188350.0;21.752.209.688.116.500;11.117.600.212.370.500;0.09677177768059064;0.016916955074266014
IMP;12/09/2025;53.61;54.1;53.41;53.71;65200;0.0018653236336505508;0.0018653236336505508;0.012870733072188115;195685.0;21.552.634.782.147.400;0.33318854281115057;-0.6054248184453246;0.016916447152856284
IMP;15/09/2025;53.71;54.2;53.21;53.8;71500;0.0016756656116179158;0.0016756656116179158;0.018432321727797466;176185.0;20.833.346.567.715.000;0.40582342424156426;-0.5024876807945378;0.015523355151336708
IMP;16/09/2025;53.8;53.8;52.43;52.52;118300;-0.02379182156133819;0.02379182156133819;0.025464684014869843;175650.0;2.086.010.887.088.710;0.6734984343865642;-0.2749266571663923;0.0153079033161809
IMP;17/09/2025;52.33;53.21;52.33;53.21;24300;0.013137852246763115;0.013137852246763115;0.016816357729791755;132820.0;9.019.690.507.002.170;0.18295437434121367;-12.031.454.950.228.400;0.015624658916845433
IMP;18/09/2025;52.52;53.21;52.23;52.33;34900;-0.016538244690847637;0.016538244690847637;0.018659558263518734;127630.0;9.341.186.163.832.100;0.2734466818146204;-0.9927004812198144;0.015960680117918683
IMP;19/09/2025;52.33;52.72;52.33;52.62;8500;0.005541754251863207;0.005541754251863207;0.007452703993884972;120150.0;9.460.037.554.170.470;0.07074490220557636;-11.802.278.728.880.800;0.01619800858771931
IMP;22/09/2025;52.92;52.92;51.93;52.43;51300;-0.003610794374762416;0.003610794374762416;0.018707482993197317;104390.0;8.463.573.899.830.650;0.4914263818373407;-0.6272763802660513;0.014976279470811947
IMP;23/09/2025;52.43;52.52;52.13;52.52;10300;0.001716574480259414;0.001716574480259414;0.007438489414457383;91080.0;6.880.961.989.048.970;0.11308739569609134;-117.396.375.868.027;0.014069088546237568
IMP;24/09/2025;52.23;52.43;51.93;52.33;18900;-0.0036176694592536807;0.0036176694592536807;0.009573042312847023;89690.0;7.020.286.318.947.390;0.21072583342624596;-10.083.634.311.173.500;0.013681744605988418
IMP;25/09/2025;52.23;52.72;52.03;52.43;22500;0.0019109497420217725;0.0019109497420217725;0.013210798391728848;82325.0;6.947.660.624.835.860;0.2733070148800486;-0.8610812074807314;0.01352374391700796
IMP;26/09/2025;52.43;52.43;51.83;52.23;50300;-0.0038146099561320312;0.0038146099561320312;0.011443829868395984;80840.0;7.046.476.835.232.880;0.6222167243938644;-0.43340808057862096;0.01351517971548595
IMP;29/09/2025;52.23;52.33;51.83;51.93;22600;-0.0057438253877081236;0.0057438253877081236;0.009573042312847023;78655.0;7.071.231.914.558.710;0.2873307482041828;-0.7927190152622533;0.01354255069574266
IMP;30/09/2025;51.93;52.13;51.44;52.13;60900;0.0038513383400733403;0.0038513383400733403;0.013287117273252548;77215.0;7.158.442.402.616.570;0.788706857475879;-0.22791270897194763;0.013581299957504653
IMP;01/10/2025;52.13;52.33;51.74;52.23;21400;0.0019182812200266852;0.0019182812200266852;0.011317859198158378;67855.0;5.923.839.859.770.890;0.3153783803699064;-0.784204183429709;0.011892059313377142
IMP;02/10/2025;51.93;52.03;51.64;51.74;31400;-0.009381581466589961;0.009381581466589961;0.007510109763142703;62550.0;58.360.156.740.166.800;0.5019984012789768;-0.5337545637289347;0.01119576052878439
IMP;03/10/2025;51.44;52.13;51.44;51.74;10900;0.0;0.0;0.01341368584758952;58945.0;57.922.702.348.633.700;0.18491814403257273;-0.8294675153589977;0.011324820834795355
IMP;06/10/2025;51.74;52.03;51.64;51.64;25100;-0.0019327406262079627;0.0019327406262079627;0.007537688442211066;57830.0;5.865.438.557.659.960;0.43403077987203875;-0.5580145402300104;0.010813293467729433
IMP;07/10/2025;51.64;51.64;51.44;51.64;20100;0.0;0.0;0.0038729666924865;48580.0;4.675.819.770.512.520;0.41375051461506795;-0.6090910556391754;0.008030255113467501
IMP;08/10/2025;51.64;51.83;51.34;51.34;34900;-0.005809450038729569;0.005809450038729569;0.00948876839659169;47620.0;47.154.177.132.600.100;0.7328853422931542;-0.26975340836148315;0.007913547626142863
IMP;09/10/2025;51.93;51.93;50.45;51.24;50900;-0.0019477989871445889;0.0019477989871445889;0.028499903716541437;45635.0;4.679.287.254.542.750;11.153.719.732.661.300;0.1125171359139924;0.00787389284060896
IMP;10/10/2025;51.24;51.24;50.45;51.14;41600;-0.0019516003122560521;0.0019516003122560521;0.015417642466822777;37710.0;267.094.680.630.395;11.031.556.616.282.100;0.14564123818635583;0.007873708096811899
IMP;13/10/2025;51.14;51.14;50.06;50.26;42100;-0.01720766523269457;0.01720766523269457;0.021118498240125114;36530.0;25.941.332.595.726.500;11.524.774.158.226.100;0.21471526103934882;0.007815298211429924
IMP;14/10/2025;50.26;51.14;49.76;49.96;59200;-0.005968961400716233;0.005968961400716233;0.027457222443294918;35060.0;24.656.597.280.924.300;1.688.533.941.814.030;0.9790483141271078;0.00841237678562461
IMP;15/10/2025;49.96;50.26;49.96;50.26;24000;0.006004803843074447;0.006004803843074447;0.006004803843074402;32105.0;16.271.074.593.309.800;0.7475471110418938;-0.49812321574215557;0.006951655786084821
IMP;16/10/2025;50.26;50.26;49.67;49.86;17900;-0.007958615200954977;0.007958615200954977;0.011738957421408602;32090.0;16.278.785.031.606.700;0.557806170146463;-0.8716866751694798;0.006256885467448495
IMP;17/10/2025;49.86;50.55;49.57;49.86;28700;0.0;0.0;0.019655034095467247;31240.0;1.656.563.977.190.830;0.9186939820742638;-0.15332942373329103;0.005517979336637469
IMP;20/10/2025;49.86;49.86;47.3;47.3;71000;-0.051343762535098314;0.051343762535098314;0.05134376253509832;32250.0;15.699.363.044.404.100;2.201.550.387.596.890;24.682.530.043.033.800;0.005229802844674829
IMP;21/10/2025;47.6;49.27;47.6;48.78;37800;0.03128964059196626;0.03128964059196626;0.03508403361344541;33235.0;17.475.073.224.754.300;11.373.551.978.336.000;0.2612292344236607;0.012081542791119
IMP;22/10/2025;48.78;49.67;48.53;49.03;21900;0.005125051250512547;0.005125051250512547;0.023370233702337033;34610.0;16.637.304.311.000.700;0.6327650967928344;-0.7639458750295288;0.014518919935174204
IMP;23/10/2025;48.93;49.27;48.19;48.78;16100;-0.005098919029165816;0.005098919029165816;0.022072348252605872;34760.0;16.501.176.991.513.700;0.46317606444188725;-1.130.828.425.729.650;0.014648920759507928
IMP;24/10/2025;48.78;48.78;46.32;48.29;63300;-0.010045100451004596;0.010045100451004596;0.05043050430504307;34440.0;16.810.598.160.872.100;18.379.790.940.766.500;17.167.741.280.720.000;0.014605302796292715
IMP;27/10/2025;48.58;48.58;47.3;48.24;30800;-0.00103541105819005;0.00103541105819005;0.0263482914779745;35090.0;17.684.721.327.209.300;0.877742946708464;-0.24258227882841954;0.014678662223044744
IMP;28/10/2025;48.24;48.48;46.81;48.24;69200;0.0;0.0;0.03461857379767816;35500.0;17.473.709.575.124.200;19.492.957.746.478.800;19.286.116.582.809.300;0.014683771922750942
IMP;29/10/2025;48.24;48.29;48.04;48.09;31200;-0.003109452736318352;0.003109452736318352;0.005182421227197346;35915.0;18.192.487.605.139.600;0.8687178059306696;-0.2591729125965131;0.014606309694876791
IMP;30/10/2025;48.04;48.04;46.66;47.84;111000;-0.005198585984612203;0.005198585984612203;0.02872606161532062;36405.0;17.910.757.573.092.900;30.490.317.264.112.000;4.164.815.457.725.970;0.014546450987367225
IMP;31/10/2025;47.79;49.37;47.3;49.37;54400;0.03198160535117034;0.03198160535117034;0.043314500941619594;40385.0;2.440.628.208.603.590;13.470.347.901.448.500;0.5742374012803323;0.014495264620137656
IMP;03/11/2025;49.27;49.27;46.81;48.78;61400;-0.0119505772736479;0.0119505772736479;0.04992896285772277;42560.0;2.356.414.314.387.990;14.426.691.729.323.300;0.7995198418616429;0.0165553083069951
IMP;04/11/2025;48.29;48.68;47.89;48.24;38400;-0.011070110701106972;0.011070110701106972;0.016359494719403588;44375.0;23.546.502.142.736.500;0.8653521126760564;-0.253753188638387;0.016697405368857596
IMP;05/11/2025;48.29;48.29;47.5;48.14;41200;-0.0020729684908790125;0.0020729684908790125;0.016359494719403588;45290.0;22.900.239.024.263.900;0.9096930889821152;-0.17860075589894242;0.01678604700242062
IMP;06/11/2025;48.29;48.78;48.14;48.73;16600;0.012255920232654649;0.012255920232654649;0.013253261544833311;45605.0;2.279.287.688.823.210;0.36399517596754744;-12.725.466.882.583.400;0.016777025098375097
IMP;07/11/2025;48.68;48.68;47.79;47.94;37200;-0.016211779191463105;0.016211779191463105;0.01828266228430568;43890.0;2.364.787.516.881.800;0.8475734791524265;-0.2829006814456379;0.017124413309887773
IMP;10/11/2025;48.38;48.78;48.29;48.58;62000;0.013350020859407508;0.013350020859407508;0.010128152128978957;43670.0;23.690.728.810.632.800;14.197.389.512.250.900;0.7737203927543662;0.017400819454891612
IMP;11/11/2025;48.73;48.78;48.29;48.53;22900;-0.0010292301358583167;0.0010292301358583167;0.010055407346603776;44665.0;24.036.688.514.369.900;0.5127056979738049;-0.905490787010373;0.017436642274267465
IMP;12/11/2025;48.53;49.03;48.29;48.73;14600;0.004121162167731285;0.004121162167731285;0.015248300020605851;42850.0;24.250.935.955.893.300;0.34072345390898484;-11.649.034.928.540.400;0.017405754602807605
IMP;13/11/2025;49.07;49.07;47.3;47.3;110900;-0.02934537246049662;0.02934537246049662;0.036070919095170226;42380.0;24.722.003.836.344.000;2.616.800.377.536.570;27.716.199.889.617.300;0.01736917244956527
IMP;14/11/2025;47.6;48.29;47.6;47.99;17400;0.01458773784355194;0.01458773784355194;0.014495798319327683;47030.0;28.354.561.500.660.400;0.36997661067403786;-10.449.817.747.775.700;0.018420713799024994
IMP;17/11/2025;47.99;48.09;46.76;47.6;211700;-0.008126693061054402;0.008126693061054402;0.02771410710564712;46465.0;28.847.334.548.036.000;4.556.117.507.801.570;5.727.912.217.499.800;0.018808367343591714
IMP;18/11/2025;47.3;47.7;47.3;47.7;14900;0.0021008403361344463;0.0021008403361344463;0.008456659619450437;53500.0;46.747.935.501.840.100;0.27850467289719627;-0.8257049126475446;0.014882363928327143
IMP;19/11/2025;47.7;47.74;46.32;46.56;152600;-0.023899371069182385;0.023899371069182385;0.02976939203354301;52355.0;4.742.821.140.251.970;2.914.716.836.978.320;21.136.154.418.564.900;0.013009209320869719
IMP;20/11/2025;46.56;46.91;46.51;46.56;85100;0.0;0.0;0.00859106529209619;58890.0;51.812.769.204.430.400;1.445.067.074.206.140;0.5058598566038197;0.013875489213776583
IMP;21/11/2025;46.56;46.56;45.28;45.43;128100;-0.024269759450171846;0.024269759450171846;0.027491408934707928;62340.0;51.105.993.056.742.200;20.548.604.427.333.900;12.867.375.442.051.800;0.013871869710284793
IMP;24/11/2025;45.43;46.66;45.43;46.61;33800;0.025974025974025983;0.025974025974025983;0.02707462029495921;65580.0;53.181.977.556.707.100;0.5154010369014943;-0.597570858776612;0.014636950846797881
IMP;25/11/2025;46.61;46.81;45.53;46.32;157600;-0.006221840806693857;0.006221840806693857;0.027461918043338363;65730.0;5.308.285.579.118.140;23.976.875.095.085.900;17.306.906.086.854.100;0.016004627305325436
IMP;26/11/2025;45.82;46.76;45.82;46.71;21800;0.008419689119171014;0.008419689119171014;0.020515058926233037;70150.0;56.928.084.827.308.700;0.31076265146115467;-0.8493171717732932;0.016032424451785
IMP;27/11/2025;46.71;47.1;46.32;46.81;103200;0.0021408691928923584;0.0021408691928923584;0.016698779704560074;69680.0;5.730.414.332.406.740;14.810.562.571.756.600;0.5849489767334465;0.016193364753692742
IMP;28/11/2025;46.81;47.05;46.81;46.91;24400;0.0021362956633197427;0.0021362956633197427;0.005127109591967419;69290.0;5.703.403.323.778.190;0.3521431664020782;-0.7870739180034492;0.01618424779055471
IMP;01/12/2025;46.81;48.58;45.63;48.58;188000;0.035600085269665405;0.035600085269665405;0.0630207220679341;67790.0;5.783.512.773.392.990;27.732.703.938.634.000;20.784.945.881.510.800;0.014246646394371202
IMP;02/12/2025;48.73;49.86;48.73;49.67;97800;0.022437216961712636;0.022437216961712636;0.023189000615637237;74120.0;6.372.695.538.079.040;13.194.819.212.088.500;0.3715853026165122;0.01638580092213162
IMP;03/12/2025;50.06;50.06;48.78;49.37;77100;-0.00603986309643656;0.00603986309643656;0.02556931681981624;77090.0;63.357.705.467.490.300;10.001.297.185.108.300;0.0001578339986622641;0.01690743843801651
IMP;04/12/2025;49.37;49.37;48.88;49.37;33800;0.0;0.0;0.009925055701843122;78885.0;6.279.341.463.125.430;0.4284718260759333;-0.7179893029349562;0.01697589146510921
IMP;05/12/2025;49.37;49.67;48.98;49.47;51100;0.0020255215718048003;0.0020255215718048003;0.013976098845452803;79745.0;62.008.356.610.006.000;0.6407925261771898;-0.4619538650275673;0.016783467709471988
IMP;08/12/2025;49.27;49.47;47.89;48.48;265500;-0.020012128562765352;0.020012128562765352;0.03206819565658612;80440.0;6.158.284.450.106.290;3.300.596.718.050.720;30.050.576.828.552.500;0.01629979912845632
IMP;09/12/2025;48.68;48.93;48.04;48.38;58600;-0.0020627062706269905;0.0020627062706269905;0.01828266228430568;90615.0;7.394.629.825.972.210;0.6466920487777962;-0.43294932611168;0.016745617613318005
IMP;10/12/2025;48.38;48.38;47.79;47.99;61500;-0.008061182306738357;0.008061182306738357;0.012195121951219582;92400.0;7.264.512.154.446.790;0.6655844155844156;-0.42535547250871225;0.01675065189462813
IMP;11/12/2025;47.35;48.78;47.3;48.29;21700;0.006251302354657096;0.006251302354657096;0.03125659978880684;94745.0;7.073.335.753.674.530;0.22903583302548947;-10.326.810.792.496.800;0.01681345259929606
IMP;12/12/2025;48.29;48.29;47.5;47.89;6800;-0.008283288465520733;0.008283288465520733;0.016359494719403588;90285.0;7.245.241.832.439.150;0.07531705155895221;-11.522.734.772.801.100;0.015441970042596202
IMP;15/12/2025;47.3;47.84;47.3;47.84;34000;-0.0010440593025683453;0.0010440593025683453;0.011416490486258061;89755.0;7.304.995.028.637.660;0.3788089800011141;-0.7632448726032595;0.015239920960034464
IMP;16/12/2025;47.89;48.29;47.4;48.29;34100;0.009406354515050008;0.009406354515050008;0.01858425558571728;80870.0;6.807.456.515.507.550;0.4216643996537653;-0.6870407455920837;0.015122848087019733
IMP;17/12/2025;48.58;49.27;47.45;48.88;70300;0.012217850486643256;0.012217850486643256;0.03746397694524496;81830.0;6.722.536.410.423.790;0.8590981302700721;-0.1715126448719842;0.015254772732487888
IMP;18/12/2025;48.58;48.83;47.79;48.78;13500;-0.0020458265139116083;0.0020458265139116083;0.021407986825854243;77715.0;6.515.230.153.062.000;0.17371163867979156;-0.985613685033374;0.01429384715075396
IMP;19/12/2025;48.19;49.76;47.89;49.17;99600;0.00799507995079951;0.00799507995079951;0.038804731272048094;74135.0;6.667.451.398.990.070;13.434.949.753.827.400;0.38193004307248796;0.014320206962400056
IMP;22/12/2025;49.17;49.76;49.17;49.57;52100;0.008135041692088674;0.008135041692088674;0.011999186495830715;72710.0;657.587.128.507.658;0.7165451794801265;-0.31341854343732006;0.012901329268603596
IMP;23/12/2025;49.57;49.76;49.27;49.47;60900;-0.002017349203147112;0.002017349203147112;0.009885011095420514;73625.0;6.531.462.216.396.150;0.8271646859083192;-0.19482620550197782;0.011881559393180884
IMP;24/12/2025;48.38;49.37;48.38;49.37;7300;-0.0020214271275520446;0.0020214271275520446;0.020463001240181786;68790.0;6.227.975.002.485.070;0.10612007559238261;-0.9873193128659701;0.011743410646331654
IMP;25/12/2025;49.27;49.86;49.27;49.86;34500;0.009925055701843322;0.009925055701843322;0.011974832555307414;68065.0;62.936.486.572.617.500;0.5068684345845883;-0.5333154395466922;0.011738720211222402
IMP;26/12/2025;49.86;49.86;48.48;49.76;71800;-0.0020056157240273542;0.0020056157240273542;0.027677496991576466;64630.0;6.279.254.984.303.050;11.109.391.923.255.400;0.11418552070147876;0.011842976829988482
IMP;29/12/2025;49.67;49.96;49.27;49.96;34000;0.004019292604501734;0.004019292604501734;0.01389168512180386;67000.0;6.208.474.683.425.610;0.5074626865671642;-0.5315315223576261;0.01189913659166839
IMP;30/12/2025;49.96;51.64;49.96;50.95;103500;0.019815852682145696;0.019815852682145696;0.033626901521216966;59300.0;5.548.731.481.395.680;1.745.362.563.237.770;0.7965784638921156;0.00911871725386308
IMP;31/12/2025;50.95;52.43;50.95;51.74;96300;0.015505397448478897;0.015505397448478897;0.0290480863591756;59585.0;5.570.966.348.186.960;16.161.785.684.316.500;0.6590418556728255;0.008814818259651401
IMP;05/01/2026;51.74;51.74;50.85;51.34;69500;-0.007730962504831851;0.007730962504831851;0.01720139157325088;60545.0;5.619.072.291.851.440;11.479.065.158.146.800;0.15936794429547002;0.009178357898113049
IMP;06/01/2026;51.34;51.54;49.76;51.05;31400;-0.005648617062719241;0.005648617062719241;0.0346708219711726;62330.0;5.586.248.246.693.320;0.5037702550938553;-0.5536810867348841;0.009443160362088095
IMP;07/01/2026;50.55;51.74;50.45;51.74;90300;0.013516160626836582;0.013516160626836582;0.025519287833827876;61345.0;562.433.011.215.792;14.720.026.081.995.200;0.5148168656994186;0.009596758529129832
IMP;08/01/2026;51.64;52.03;51.24;51.74;36500;0.0;0.0;0.01529821843532144;52585.0;30.545.260.206.006.300;0.6941142911476657;-0.5265956122657977;0.008483506329667916
IMP;09/01/2026;51.54;51.83;51.24;51.74;43800;0.0;0.0;0.01144741948001545;51480.0;30.715.478.696.887.400;0.8508158508158508;-0.2500367998750494;0.00842731749850761
IMP;12/01/2026;51.54;51.93;51.44;51.54;61400;-0.0038654812524159254;0.0038654812524159254;0.00950717889018242;50595.0;30.666.533.704.898.600;12.135.586.520.407.100;0.352338484159167;0.00803408291514657
IMP;13/01/2026;51.34;52.82;51.34;52.33;88100;0.015327900659681815;0.015327900659681815;0.028827425009738932;52580.0;29.974.824.524.309.700;16.755.420.311.905.600;11.849.944.266.126.700;0.008188588528634166
IMP;14/01/2026;52.33;52.82;52.33;52.43;47900;0.0019109497420217725;0.0019109497420217725;0.009363653735906785;56645.0;28.934.308.082.456.800;0.8456174419631035;-0.302236361591179;0.008133520145376045
IMP;15/01/2026;52.43;52.92;52.23;52.92;57700;0.009345794392523477;0.009345794392523477;0.013160404348655442;57340.0;28.525.803.646.597.000;10.062.783.397.279.300;0.01262015277325746;0.008054456497696347
IMP;16/01/2026;53.51;53.8;53.21;53.41;56600;0.009259259259259078;0.009259259259259078;0.01102597645299937;58520.0;27.997.078.794.985.600;0.9671907040328093;-0.06857858328933518;0.008052574350950761
IMP;19/01/2026;53.71;54.2;53.61;53.71;28100;0.005616925669350348;0.005616925669350348;0.010984919009495503;57835.0;27.860.956.929.951.800;0.4858649606639578;-10.672.641.314.783.200;0.007931903159052041
IMP;20/01/2026;54.1;54.1;52.82;52.82;61100;-0.016570471048221957;0.016570471048221957;0.02365988909426989;58565.0;26.809.606.978.017.900;10.432.852.386.237.500;0.09455565693590824;0.007784243561902708
IMP;21/01/2026;52.82;53.12;52.82;52.82;83800;0.0;0.0;0.0056796667928814305;56640.0;25.031.336.150.387.200;14.795.197.740.112.900;10.850.399.609.842.500;0.009090975203310467
IMP;22/01/2026;53.61;53.61;52.72;52.82;31000;0.0;0.0;0.01660138033948891;58225.0;2.572.281.139.991.870;0.5324173465006441;-10.583.990.830.833.500;0.00906054599529105
IMP;23/01/2026;52.62;53.21;52.62;52.92;86600;0.0018932222642937813;0.0018932222642937813;0.011212466742683455;56730.0;26.418.635.767.001.100;15.265.291.732.769.200;11.306.412.739.642.600;0.009010271818024858
IMP;26/01/2026;52.82;53.21;52.82;53.12;27500;0.0037792894935750887;0.0037792894935750887;0.00738356683074594;60695.0;2.448.996.518.447.590;0.45308509761924376;-13.554.531.315.153.500;0.00893029612259533
IMP;27/01/2026;52.23;52.92;52.23;52.92;23200;-0.003765060240963791;0.003765060240963791;0.013210798391728985;60345.0;2.493.010.175.840.060;0.38445604441130166;-14.899.658.396.894.900;0.008802975311754536
IMP;28/01/2026;52.92;53.02;52.82;53.02;31600;0.0018896447467875443;0.0018896447467875443;0.0037792894935752613;57915.0;26.096.103.258.210.000;0.545627212293879;-10.083.881.006.916.600;0.008866387372738168
IMP;29/01/2026;52.82;53.02;52.82;53.02;47900;0.0;0.0;0.00378644452858771;57795.0;26.217.099.181.139.100;0.8287914179427286;-0.37742543260158157;0.008867812777816293
IMP;30/01/2026;53.02;53.51;53.02;53.41;51500;0.007355714824594406;0.007355714824594406;0.009241795548849394;55015.0;2.396.684.716.765.840;0.9361083340907025;-0.1466609260455104;0.00795140543916558
IMP;02/02/2026;53.31;53.41;52.62;53.21;32300;-0.003744617112900084;0.003744617112900084;0.014818983305196006;52775.0;21.910.508.774.029.900;0.6120322122216959;-0.9344830926184868;0.007414840317379309
IMP;03/02/2026;53.21;53.51;53.02;53.31;39800;0.0018793459875963148;0.0018793459875963148;0.009208795339221854;50915.0;2.199.479.065.118.540;0.7816949818324659;-0.5053469331112243;0.007200860790448852
IMP;04/02/2026;53.21;53.41;53.21;53.31;28900;0.0;0.0;0.0037586919751925528;51335.0;21.680.485.404.354.300;0.5629687347813382;-10.348.015.545.580.900;0.006983665576362769
IMP;05/02/2026;53.31;53.51;53.31;53.41;14600;0.001875820671543682;0.001875820671543682;0.0037516413430875206;48265.0;20.166.915.976.420.400;0.3024966331710349;-1.669.318.206.083.750;0.006464797773601398
IMP;06/02/2026;53.31;53.51;52.82;53.31;100400;-0.001872308556450042;0.001872308556450042;0.01294316263365218;47170.0;2.139.641.140.594.920;21.284.714.861.140.500;24.878.003.600.734.400;0.006455252031185283
IMP;09/02/2026;52.92;53.31;52.92;53.21;11300;-0.001875820671543793;0.001875820671543793;0.007369614512471666;50000.0;244.521.229.301.154;0.226;-15.826.846.654.830.400;0.006493284752457348
IMP;10/02/2026;52.92;53.21;52.72;53.02;44100;-0.003570757376432976;0.003570757376432976;0.009259259259259297;47495.0;25.754.355.278.078.200;0.9285187914517318;-0.13182236415328868;0.006421342580067396
IMP;11/02/2026;52.82;53.12;52.72;53.12;38800;0.0018860807242548905;0.0018860807242548905;0.0075728890571752855;45295.0;23.916.972.062.357.300;0.856606689480075;-0.271564476601217;0.005640269711127448
IMP;12/02/2026;53.12;53.12;52.72;53.02;25800;-0.0018825301204817846;0.0018825301204817846;0.007530120481927685;44840.0;23.951.341.023.878.100;0.5753791257805531;-0.7949450505096227;0.005639984547629848
IMP;13/02/2026;52.33;52.72;52.33;52.62;16800;-0.007544322897020117;0.007544322897020117;0.007452703993884972;43245.0;24.111.505.770.613.200;0.3884842178286507;-109.677.928.253.783;0.005278063770499154
IMP;23/02/2026;52.23;53.21;52.23;52.92;28300;0.005701254275940704;0.005701254275940704;0.01876316293318024;41255.0;24.588.946.489.707.200;0.6859774572779057;-0.5268627513351523;0.005078256775242326
IMP;24/02/2026;52.92;53.41;52.92;53.12;44000;0.0037792894935750887;0.0037792894935750887;0.009259259259259162;41265.0;2.458.335.498.066.250;10.662.789.288.743.400;0.11125413932115337;0.005083838047127169
IMP;25/02/2026;53.12;53.31;53.12;53.12;19600;0.0;0.0;0.003576807228915754;40410.0;24.150.752.412.818.600;0.4850284583024004;-0.8616708765129214;0.0035518722373869965
IMP;26/02/2026;53.02;53.41;53.02;53.12;11300;0.0;0.0;0.007355714824594369;37200.0;22.273.656.850.047.900;0.30376344086021506;-11.628.086.117.320.300;0.0035518722373869965
IMP;27/02/2026;53.12;53.41;53.12;53.21;44700;0.0016942771084338393;0.0016942771084338393;0.005459337349397575;36215.0;2.298.645.539.396.950;12.342.951.815.546.000;0.3691304228761618;0.0035518722373869965
IMP;02/03/2026;52.23;53.41;51.44;53.21;10300;0.0;0.0;0.03771778671261725;34120.0;19.847.752.093.320.200;0.3018757327080891;-12.001.359.089.937.700;0.0035474194594578377
IMP;03/03/2026;53.21;53.41;53.02;53.21;22000;0.0;0.0;0.007329449351625512;33260.0;20.511.239.537.590.700;0.6614552014431749;-0.5489673103063287;0.0034505009382217715
IMP;04/03/2026;53.21;53.41;52.82;53.41;179600;0.0037586919751926295;0.0037586919751926295;0.011088141326818197;33200.0;20.543.945.195.860.700;5.409.638.554.216.860;7.126.187.234.450.810;0.003329681044093432
IMP;05/03/2026;53.51;53.51;53.31;53.51;28000;0.001872308556450042;0.001872308556450042;0.0037376191366099;40600.0;3.863.065.322.281.070;0.6896551724137931;-0.32616585402599213;0.0034027065308851875
IMP;06/03/2026;53.71;53.71;53.12;53.12;26800;-0.007288357316389438;0.007288357316389438;0.010984919009495503;39605.0;38.688.968.575.986.700;0.6766822370912764;-0.3309728967018198;0.003417655903462273
IMP;09/03/2026;52.13;53.61;52.13;52.92;186900;-0.003765060240963791;0.003765060240963791;0.028390562056397405;38370.0;3.868.350.797.786.680;4.870.992.963.252.540;3.839.620.752.207.450;0.0034324720267185325
IMP;10/03/2026;52.92;56.17;52.92;55.58;187900;0.050264550264550234;0.050264550264550234;0.06141345427059713;46100.0;50.918.469.402.720.500;407.592.190.889.371;2.784.844.117.730.360;0.0034335651329271437
IMP;11/03/2026;56.07;56.17;55.58;55.87;267600;0.005217704210147556;0.005217704210147556;0.010522561084358898;53505.0;5.992.626.587.820.450;5.001.401.738.155.310;35.726.404.250.705.500;0.011822883436297327
IMP;12/03/2026;55.87;55.97;54.59;55.28;50700;-0.010560229103275365;0.010560229103275365;0.02470019688562727;65440.0;7.630.077.877.784.250;0.7747555012224939;-0.19318282507858814;0.011830470673078228
IMP;13/03/2026;54.89;55.87;54.2;54.2;77000;-0.01953690303907374;0.01953690303907374;0.030424485334304877;67245.0;7.545.712.254.058.760;11.450.665.476.987.100;0.12927871712511804;0.012181765102962722
IMP;16/03/2026;54.3;55.87;54.3;54.79;113900;0.010885608856088469;0.010885608856088469;0.028913443830570908;66075.0;7.509.653.348.927.140;17.237.987.135.830.400;0.6368469725281323;0.013069371798612468
IMP;17/03/2026;55.68;55.68;54.79;55.28;35200;0.00894323781711992;0.00894323781711992;0.01598419540229886;71205.0;7.466.094.924.460.350;0.49434730707113267;-0.4822467483240904;0.013236778823453619
IMP;18/03/2026;54.79;55.18;54.2;54.3;51000;-0.01772793053545596;0.01772793053545596;0.017886475634239767;70760.0;748.572.705.043.967;0.7207461842849068;-0.26396901552587876;0.013277904838931733
IMP;19/03/2026;54.4;54.49;54.2;54.2;31500;-0.0018416206261508972;0.0018416206261508972;0.005330882352941161;71370.0;7.463.249.680.231.370;0.44136191677175285;-0.5342176894551378;0.014004537144219835
IMP;20/03/2026;53.9;54.59;53.51;53.71;70000;-0.009040590405904103;0.009040590405904103;0.020037105751391567;71655.0;7.446.000.321.613.850;0.9769032168027353;-0.022226697938703455;0.014004067647880527
IMP;23/03/2026;53.71;53.9;52.92;53.61;90700;-0.0018618506795755607;0.0018618506795755607;0.01824613665983982;74315.0;7.333.904.880.039.940;12.204.803.875.395.200;0.22341440566803156;0.014057095606710274
IMP;24/03/2026;53.9;54.2;53.61;54.2;14100;0.011005409438537672;0.011005409438537672;0.010946196660482438;77435.0;7.260.205.358.122.120;0.18208820300897527;-0.872358244373156;0.014029006066753625
IMP;25/03/2026;54.2;54.49;53.41;54.4;46500;0.0036900369003689537;0.0036900369003689537;0.019926199261992718;75940.0;7.362.737.906.083.860;0.6123255201474849;-0.39985125608876554;0.01420337745236794
IMP;26/03/2026;54.59;54.59;53.71;53.71;25600;-0.012683823529411775;0.012683823529411775;0.016120168529034667;77285.0;7.278.489.053.006.590;0.33124150870155916;-0.7101061720859495;0.014212287235115244
IMP;27/03/2026;53.61;54.0;53.61;54.0;17600;0.005399366970769037;0.005399366970769037;0.00727476217123672;78000.0;7.217.021.546.316.730;0.22564102564102564;-0.8369103460807269;0.01455160991647963
IMP;30/03/2026;53.8;54.2;53.31;54.2;123000;0.0037037037037037646;0.0037037037037037646;0.016542750929368043;76645.0;7.307.703.559.654.660;16.048.013.569.052.100;0.6343306022417604;0.01458912324921774
IMP;31/03/2026;54.2;54.49;53.9;53.9;11800;-0.005535055350553542;0.005535055350553542;0.010885608856088623;82280.0;7.202.955.241.463.480;0.1434127369956247;-0.9784872685906069;0.014601447074439312
IMP;01/04/2026;54.0;54.99;54.0;54.89;48900;0.01836734693877551;0.01836734693877551;0.01833333333333337;81770.0;7.251.330.984.904.180;0.5980188333129509;-0.45329609237847124;0.014674105988714636
IMP;02/04/2026;54.89;54.89;54.59;54.79;12200;-0.0018218254691201308;0.0018218254691201308;0.005465476407360123;75235.0;6.903.890.036.173.730;0.162158569814581;-0.913035979277202;0.015186652118709192
IMP;03/04/2026;55.09;55.09;54.49;54.89;25400;0.001825150574922496;0.001825150574922496;0.010891268832819049;74445.0;6.969.512.914.340.410;0.34119148364564444;-0.7037077139076015;0.015204025475675184
IMP;06/04/2026;55.18;55.18;54.49;54.89;17700;0.0;0.0;0.01250453062703874;74375.0;6.974.618.552.105.080;0.23798319327731093;-0.8125892416423881;0.01506934547975762
IMP;07/04/2026;54.79;54.79;54.4;54.69;12700;-0.0036436509382401505;0.0036436509382401505;0.007118087242197492;65915.0;6.551.208.225.245.650;0.19267238109686718;-0.8122929110226011;0.015020308211801486
IMP;08/04/2026;55.18;55.18;54.3;54.79;30400;0.0018284878405558924;0.0018284878405558924;0.015947807176513278;57155.0;5.980.739.678.774.110;0.5318869740180212;-0.44735269276063877;0.0098317775517254
IMP;09/04/2026;55.78;55.78;54.69;54.79;30600;0.0;0.0;0.01954105414126933;45295.0;3.369.921.871.654.090;0.67557125510542;-0.43606352193521625;0.009752194720091738
IMP;10/04/2026;54.89;54.89;54.69;54.69;24200;-0.001825150574922496;0.001825150574922496;0.0036436509382401683;44290.0;33.829.011.218.183.700;0.5463987356062316;-0.5938689685733779;0.009485595225517753
IMP;13/04/2026;54.49;55.18;54.49;55.09;34700;0.00731395136222357;0.00731395136222357;0.012662873921820476;41650.0;3.319.631.399.956.770;0.8331332533013205;-0.20936059347102526;0.008365839168323346
IMP;14/04/2026;55.09;55.48;55.09;55.18;29200;0.0016336903249227763;0.0016336903249227763;0.007079324741332246;37690.0;2.851.824.715.954.030;0.7747413106924914;-0.29770413141116886;0.008167877616391104
IMP;15/04/2026;55.38;55.38;54.99;55.09;28200;-0.0016310257339615664;0.0016310257339615664;0.00704225352112677;37390.0;2.857.731.709.995.840;0.7542123562449853;-0.32158372207772257;0.00792079723578617
IMP;16/04/2026;55.38;55.38;54.2;55.09;35800;0.0;0.0;0.02130733116648609;36250.0;2.846.034.175.184.090;0.9875862068965517;-0.015811475628921153;0.006764541797937947
IMP;17/04/2026;54.69;55.38;54.69;55.38;24500;0.005264113269195736;0.005264113269195736;0.012616566099835524;36465.0;2.843.880.364.276.210;0.6718771424653778;-0.4207279655747818;0.006739981035758163
IMP;20/04/2026;55.58;55.58;54.69;55.18;32700;-0.003611412062116348;0.003611412062116348;0.016012954300107962;34190.0;27.416.474.110.132.700;0.9564200058496637;-0.05434688625585578;0.006386430918162704
IMP;21/04/2026;55.18;55.18;54.3;54.3;6200;-0.01594780717651323;0.01594780717651323;0.015947807176513278;31290.0;23.976.126.283.846.300;0.19814637264301693;-10.464.576.180.057.900;0.006447337070072235
IMP;22/04/2026;54.0;54.0;50.55;50.55;59200;-0.06906077348066297;0.06906077348066297;0.06388888888888894;30895.0;2.433.659.741.385.820;19.161.676.646.706.500;11.630.631.644.455.700;0.007128895394980656
IMP;23/04/2026;50.55;50.55;49.03;49.07;29200;-0.029277942631058318;0.029277942631058318;0.030069238377843643;31530.0;24.923.801.771.335.800;0.9261021249603553;-0.09348493545955204;0.01697314353372326
IMP;24/04/2026;47.3;48.43;47.3;47.65;31300;-0.02893825147748119;0.02893825147748119;0.023890063424947202;31710.0;24.891.700.159.734.100;0.9870703248186692;-0.0164713537994176;0.0178286450835445
IMP;28/04/2026;46.32;47.25;46.32;46.81;18300;-0.0176285414480587;0.0176285414480587;0.02007772020725388;32395.0;24.670.491.109.399.200;0.5649019910480012;-0.5713303370207294;0.018481662050818238
IMP;29/04/2026;46.32;50.06;45.92;50.06;31100;0.06942960905789364;0.06942960905789364;0.08937823834196892;27160.0;12.576.770.566.991.300;11.450.662.739.322.500;0.3132759700921022;0.018503597194031007
IMP;04/05/2026;50.06;50.06;48.09;49.17;15400;-0.017778665601278498;0.017778665601278498;0.03935277666799838;28125.0;12.066.258.958.896.900;0.5475555555555556;-10.545.936.435.930.100;0.025218820066368216
IMP;05/05/2026;47.65;49.17;47.65;49.17;6800;0.0;0.0;0.03189926547743973;26450.0;11.333.485.551.093.400;0.2570888468809074;-17.338.002.427.774.000;0.02487060012554412
IMP;06/05/2026;48.63;48.63;48.48;48.48;6600;-0.01403294691885304;0.01403294691885304;0.003084515731030345;26180.0;11.747.591.018.453.200;0.25210084033613445;-16.667.246.901.295.300;0.0248869301676722
IMP;07/05/2026;48.48;48.48;46.91;46.91;31500;-0.032384488448844895;0.032384488448844895;0.032384488448844895;25240.0;12.538.798.733.699.000;12.480.190.174.326.400;0.49925037740463446;0.024907213045229845
IMP;08/05/2026;47.1;47.74;47.05;47.4;3900;0.010445534001279011;0.010445534001279011;0.014649681528662523;25930.0;12.481.611.738.030.800;0.1504049363671423;-17.649.964.173.197.000;0.025548199788215407
IMP;11/05/2026;47.1;47.3;46.12;46.17;48600;-0.02594936708860751;0.02594936708860751;0.025053078556263264;25490.0;13.111.742.427.064.600;19.066.300.510.003.900;1.762.542.250.090.070;0.02585298003984945
IMP;12/05/2026;46.17;46.17;45.72;46.17;24100;0.0;0.0;0.009746588693957177;26400.0;14.067.207.106.937.600;0.9128787878787878;-0.16350082731530244;0.02610934688640839
IMP;13/05/2026;46.32;49.12;46.32;47.01;71900;0.018193632228719947;0.018193632228719947;0.060449050086355725;26075.0;14.040.125.767.917.800;2.757.430.488.974.110;32.638.596.517.925.600;0.02610934688640839
IMP;14/05/2026;47.15;48.09;47.05;47.05;27100;0.000850882790895513;0.000850882790895513;0.022057264050901512;28460.0;17.363.039.995.770.800;0.9522136331693605;-0.07832729754301417;0.02674260187548983
IMP;15/05/2026;47.05;47.05;46.32;46.36;13100;-0.014665249734325148;0.014665249734325148;0.015515409139213537;28080.0;17.302.345.444.902.500;0.46652421652421655;-0.8657785759567814;0.026596662946883273
IMP;18/05/2026;46.36;46.36;45.33;45.58;54400;-0.016824849007765375;0.016824849007765375;0.02221742881794653;27275.0;1.761.912.462.727.870;1.994.500.458.295.140;15.395.202.981.880.100;0.026551053271025735
IMP;19/05/2026;45.43;46.32;45.43;46.32;12500;0.016235190873190142;0.016235190873190142;0.019590578912612823;28585.0;18.636.163.909.537.800;0.43729228616407206;-0.8631068109337591;0.026566468108539576
IMP;20/05/2026;46.32;46.61;45.53;46.12;10900;-0.0043177892918826455;0.0043177892918826455;0.023316062176165765;27420.0;18.887.968.880.243.700;0.3975200583515682;-0.8746308353609935;0.027101674669176595
IMP;21/05/2026;46.22;46.27;45.82;46.22;6500;0.002168256721595929;0.002168256721595929;0.009736045002163627;26740.0;19.240.155.377.422.700;0.24308152580403888;-10.519.665.565.565.200;0.026933741469984715
IMP;22/05/2026;45.53;46.17;45.33;45.97;6700;-0.005408913890090905;0.005408913890090905;0.018449374039095176;25430.0;1.969.945.497.509.490;0.2634683444750295;-0.9507877260401089;0.02702278504336636
IMP;25/05/2026;45.82;45.97;45.33;45.63;14000;-0.007396127909506167;0.007396127909506167;0.013967699694456581;25455.0;19.674.067.221.920.100;0.5499901787468081;-0.5822385310972827;0.026972085592427225
IMP;26/05/2026;45.53;45.92;45.38;45.92;13100;0.0063554678939294895;0.0063554678939294895;0.011860311882275404;23195.0;18.129.141.269.180.300;0.5647768915714594;-0.5568382887038106;0.022823910784250428
IMP;27/05/2026;46.07;46.12;45.63;45.82;3800;-0.002177700348432121;0.002177700348432121;0.010635988712828193;22390.0;1.820.575.097.108.200;0.16971862438588656;-10.211.059.148.028.700;0.022200090247538346
IMP;28/05/2026;45.82;45.92;45.43;45.43;6600;-0.008511567001309506;0.008511567001309506;0.010694020078568353;21015.0;18.532.937.251.226.400;0.3140613847251963;-0.7778043925037331;0.0213498668844096
IMP;29/05/2026;45.92;45.92;45.43;45.43;1900;0.0;0.0;0.010670731707317116;20430.0;18.805.796.978.591.500;0.0930004894762604;-0.9853344700623162;0.021088598040639228
IMP;01/06/2026;45.82;45.82;45.33;45.43;5200;0.0;0.0;0.010694020078568353;18970.0;19.065.513.092.326.800;0.2741170268845546;-0.7222464946690523;0.012996846658807975
IMP;02/06/2026;45.43;45.53;45.23;45.23;8300;-0.004402377283733272;0.004402377283733272;0.0066035659255999175;18460.0;1.930.100.624.592.570;0.4496208017334778;-0.5263974256339438;0.012663266450823267
IMP;03/06/2026;45.72;45.72;44.64;44.64;11300;-0.013044439531284424;0.013044439531284424;0.023622047244094453;18535.0;19.256.175.359.444.700;0.6096574049096304;-0.3757236244969791;0.012630657535809392
IMP;04/06/2026;44.64;45.33;44.34;45.33;5300;0.015456989247311759;0.015456989247311759;0.022177419354838596;18770.0;19.131.129.220.805.500;0.2823654768247203;-0.7040880778407501;0.012591579972723343
IMP;05/06/2026;45.33;45.43;45.13;45.13;5000;-0.004412089124200214;0.004412089124200214;0.006618133686300401;17460.0;19.110.575.743.895.300;0.286368843069874;-0.6519950087835638;0.011412952612829402
IMP;08/06/2026;44.84;45.13;44.84;45.13;2400;0.0;0.0;0.006467439785905422;17515.0;19.071.038.251.757.600;0.1370254067941764;-0.7925630372330129;0.011062395419679941
IMP;09/06/2026;45.13;45.33;44.74;45.33;5500;0.004431641923332563;0.004431641923332563;0.013073343673831072;15205.0;17.867.714.930.625.800;0.36172311739559354;-0.5431584305928977;0.009575970401669315
IMP;10/06/2026;44.74;45.63;44.74;45.48;6900;0.0033090668431501324;0.0033090668431501324;0.019892713455520798;14275.0;17.864.427.311.220.900;0.48336252189141854;-0.4128315938439082;0.009653600500453946
IMP;11/06/2026;45.48;45.48;44.89;45.48;900;0.0;0.0;0.0129727352682497;11025.0;11.666.681.077.685.400;0.08163265306122448;-0.8678560708551285;0.008625269778324252
IMP;12/06/2026;45.48;45.48;45.13;45.48;5600;0.0;0.0;0.007695690413368389;9715.0;11.229.438.519.965.600;0.5764282038085435;-0.36644752920492374;0.008614544561077887
IMP;15/06/2026;45.43;45.48;44.89;45.48;3200;0.0;0.0;0.012987012987012906;9340.0;11.235.676.261.473.300;0.3426124197002141;-0.5464735595002687;0.00805530020970288
IMP;16/06/2026;45.43;45.48;45.33;45.43;4200;-0.0010993843447668628;0.0010993843447668628;0.0033017829627998807;6780.0;38.029.905.130.185.500;0.6194690265486725;-0.6784134725469428;0.007133435127840592
IMP;17/06/2026;45.43;45.43;45.18;45.23;5900;-0.004402377283733272;0.004402377283733272;0.00550297160466652;6365.0;35.930.158.861.183.200;0.9269442262372348;-0.12941774117852767;0.0060107931971785
IMP;18/06/2026;45.23;45.23;44.84;44.94;8900;-0.006411673667919504;0.006411673667919504;0.008622595622374387;6115.0;3.431.169.050.430.990;1.455.437.448.896.150;0.8116767081616604;0.006013315026582903
IMP;19/06/2026;44.84;44.84;44.84;44.84;100;-0.002225189141076833;0.002225189141076833;0.0;6235.0;348.685.878.844.129;0.01603849238171612;-17.594.632.797.683.400;0.006084277408511072
IMP;22/06/2026;44.34;44.34;43.26;43.56;35000;-0.028545941123996443;0.028545941123996443;0.02435723951285533;5905.0;3.743.411.756.533.240;5.927.180.355.630.820;777.232.158.584.251;0.0060147263262371915
IMP;23/06/2026;43.46;43.46;42.77;43.06;16300;-0.011478420569329684;0.011478420569329684;0.015876668200644217;6955.0;7.345.566.152.807.210;23.436.376.707.404.700;12.721.960.166.989.500;0.00850165326280016
IMP;24/06/2026;42.92;42.92;42.37;42.87;8400;-0.004412447747329407;0.004412447747329407;0.01281453867660774;7115.0;7.519.257.732.124.170;118.060.435.699.227;0.17089452786146098;0.008483046258506873
IMP;25/06/2026;42.97;42.97;42.13;42.28;13900;-0.013762537905295025;0.013762537905295025;0.01954852222480792;7345.0;7.482.785.507.240.750;18.924.438.393.464.900;0.8760106772614319;0.008483927094362452
IMP;26/06/2026;42.08;42.08;41.44;41.44;11600;-0.019867549668874274;0.019867549668874274;0.015209125475285185;7710.0;7.621.292.886.588.310;15.045.395.590.142.600;0.5104120859658188;0.008731736454691268
IMP;29/06/2026;41.09;41.44;40.6;40.75;23200;-0.016650579150579103;0.016650579150579103;0.020442930153321884;8195.0;75.403.109.666.437.400;2.830.994.508.846.850;19.899.709.794.964.600;0.009410371627515146
IMP;30/06/2026;40.65;40.65;40.5;40.6;10600;-0.0036809815950920033;0.0036809815950920033;0.003690036900368969;9095.0;8.208.626.720.200.070;1.165.475.536.008.790;0.1833437006334377;0.0097187505125328
IMP;01/07/2026;40.55;41.29;40.5;41.19;11700;0.014532019704433408;0.014532019704433408;0.019482120838471003;9210.0;8.213.012.781.395.870;1.270.358.306.188.920;0.30317741689631234;0.009723890954007192
IMP;02/07/2026;42.28;42.32;41.34;42.08;5300;0.021607186210245155;0.021607186210245155;0.02317880794701979;9230.0;8.218.855.087.381.210;0.5742145178764897;-0.478168790934629;0.01049819910101191
IMP;03/07/2026;42.32;42.52;42.23;42.32;13400;0.005703422053231932;0.005703422053231932;0.0068525519848772745;9230.0;8.218.855.087.381.210;14.517.876.489.707.400;0.5073699384726216;0.01116576949623938
IMP;06/07/2026;42.42;42.47;40.9;42.28;15600;-0.000945179584120992;0.000945179584120992;0.03701084394153702;9650.0;8.205.934.951.061.710;1.616.580.310.880.820;0.7250849580802692;0.011357059856286279
IMP;07/07/2026;42.28;42.28;41.09;41.19;6100;-0.025780510879848673;0.025780510879848673;0.028145695364238357;10310.0;8.122.541.733.381.850;0.5916585838991271;-0.518310664098878;0.011345232710225932
IMP;08/07/2026;40.9;41.34;40.9;41.09;1200;-0.0024277737314880588;0.0024277737314880588;0.010757946210269067;10340.0;81.049.302.734.104.700;0.11605415860735009;-11.277.086.528.412.500;0.012251478907985745
IMP;09/07/2026;41.09;41.09;40.8;40.9;7600;-0.004623996106108641;0.004623996106108641;0.007057678267218453;10055.0;8.329.369.408.115.210;0.7558428642466435;-0.29474019937309043;0.012120414582017574
IMP;10/07/2026;40.9;40.9;40.6;40.6;7200;-0.007334963325183352;0.007334963325183352;0.007334963325183305;10390.0;8.072.559.106.399.860;0.6929740134744947;-0.39516588952207143;0.012064142558030712
IMP;13/07/2026;40.75;40.75;39.6;39.6;5800;-0.024630541871921152;0.024630541871921152;0.028220858895705487;10470.0;8.030.409.309.880.410;0.55396370582617;-0.5815394732438043;0.012008350195684737
IMP;14/07/2026;39.4;39.4;39.0;39.0;8900;-0.015151515151515138;0.015151515151515138;0.010152284263959355;10600.0;7.926.902.892.913.960;0.839622641509434;-0.2144595465550194;0.012650677178918386
IMP;15/07/2026;39.1;39.1;39.0;39.0;6000;0.0;0.0;0.0025575447570332843;10835.0;7.795.766.394.923.210;0.5537609598523304;-0.6202084253254005;0.012706227292492477
IMP;16/07/2026;39.0;40.3;38.65;40.3;2500;0.033333333333333215;0.033333333333333215;0.04230769230769227;10840.0;77.924.659.970.893.000;0.23062730627306274;-10.702.645.354.006.300;0.012800940002484724
IMP;17/07/2026;40.25;40.25;39.0;39.1;7800;-0.02977667493796521;0.02977667493796521;0.031055900621118012;10520.0;8.004.840.640.775.680;0.7414448669201521;-0.33979439717321175;0.015702931471503992
IMP;20/07/2026;38.8;38.8;37.1;37.65;6100;-0.037084398976982125;0.037084398976982125;0.043814432989690615;10905.0;7.654.821.322.126.840;0.5593764328289775;-0.6277089690011161;0.016600277892469456
IMP;21/07/2026;37.05;37.3;36.0;36.0;16300;-0.043824701195219085;0.043824701195219085;0.03508771929824554;9460.0;5.201.659.654.177.530;1.723.044.397.463.000;13.149.649.255.707.600;0.017287396375245304
IMP;22/07/2026;35.9;35.9;33.5;35.8;17300;-0.005555555555555647;0.005555555555555647;0.06685236768802225;9460.0;5.201.659.654.177.530;18.287.526.427.061.300;15.072.112.597.185.300;0.019131193456226735
IMP;23/07/2026;33.95;35.5;33.95;35.0;13700;-0.022346368715083775;0.022346368715083775;0.04565537555228268;9905.0;5.479.480.862.848.170;13.831.398.283.695.100;0.692583858761284;0.019119291458291394
IMP;24/07/2026;34.9;36.0;34.85;35.0;23400;0.0;0.0;0.032951289398280764;9895.0;5.471.983.668.027.660;2.364.830.722.587.160;2.468.026.372.028.220;0.019331810995993157
IMP;27/07/2026;35.65;35.7;32.65;35.0;12600;0.0;0.0;0.08555399719495103;10485.0;6.246.790.755.007.370;1.201.716.738.197.420;0.3385738506295625;0.01926651142058132
IMP;28/07/2026;34.0;35.8;33.95;35.0;8400;0.0;0.0;0.05441176470588219;9955.0;55.184.356.097.494.600;0.8437970868910095;-0.2817827569198721;0.019243315102501848
IMP;29/07/2026;34.1;35.7;34.1;35.7;7700;0.020000000000000018;0.020000000000000018;0.04692082111436954;9845.0;5.526.822.157.252.600;0.7821229050279329;-0.38810729547090833;0.019298275155869373
IMP;30/07/2026;36.2;36.55;35.2;36.0;8200;0.008403361344537785;0.008403361344537785;0.03729281767955785;9645.0;5.528.536.020.170.200;0.8501814411612234;-0.26137118302713225;0.01965796594229447
IMP;31/07/2026;36.0;36.1;35.1;35.1;14100;-0.02499999999999991;0.02499999999999991;0.027777777777777776;9790.0;5.445.993.215.683.130;14.402.451.481.103.100;0.7914075227982742;0.01885399054883189
IMP;03/08/2026;36.6;37.0;35.5;36.7;6400;0.04558404558404572;0.04558404558404572;0.040983606557377046;9825.0;5.472.599.209.266.720;0.6513994910941476;-0.6258452097497776;0.018963262321148467
IMP;04/08/2026;36.65;36.7;36.0;36.1;13000;-0.016348773841961872;0.016348773841961872;0.019099590723056014;9365.0;53.468.411.727.224;1.388.147.357.180.990;0.6798406540565337;0.022538347474358875
IMP;05/08/2026;36.1;38.55;36.1;36.8;89000;0.01939058171745134;0.01939058171745134;0.06786703601108021;9710.0;5.347.690.106.362.540;9.165.808.444.902.160;14.826.962.374.963.100;0.02221692148718932
IMP;06/08/2026;37.0;37.0;36.7;36.7;7900;-0.0027173913043476716;0.0027173913043476716;0.00810810810810803;14100.0;1.831.364.173.735.560;0.5602836879432624;-0.3385454454617524;0.022942906171694644
IMP;07/08/2026;37.5;37.6;36.7;36.7;32800;0.0;0.0;0.023999999999999962;14115.0;183.081.596.706.583;2.323.769.040.028.330;1.020.583.190.015.850;0.022949596885364836
IMP;10/08/2026;36.75;37.0;36.1;36.85;23300;0.004087193460490468;0.004087193460490468;0.024489795918367308;15395.0;1.869.017.402.977.190;1.513.478.402.078.590;0.42294951279789994;0.022971490324563477
IMP;11/08/2026;36.85;37.8;36.85;37.2;4500;0.009497964721845387;0.009497964721845387;0.02578018995929432;16270.0;18.626.865.148.574.000;0.2765826674861709;-0.6318830305646499;0.022559632672186
IMP;12/08/2026;37.3;37.75;37.3;37.5;7500;0.008064516129032251;0.008064516129032251;0.012064343163538951;16050.0;18.744.107.846.130.500;0.4672897196261682;-0.45614334222714364;0.02255430290897692
IMP;13/08/2026;37.6;40.05;37.6;37.65;43400;0.0040000000000000036;0.0040000000000000036;0.06515957446808499;16125.0;18.704.738.352.677.000;26.914.728.682.170.500;1.458.186.662.958.390;0.02266597124232864
IMP;14/08/2026;37.65;37.65;35.9;37.1;14900;-0.014608233731739584;0.014608233731739584;0.04648074369189907;18170.0;19.361.005.302.302.600;0.8200330214639515;-0.16889618844384527;0.021179002819297733
IMP;17/08/2026;36.1;37.8;36.1;36.8;3300;-0.008086253369272378;0.008086253369272378;0.047091412742382155;18525.0;1.922.547.309.663.600;0.17813765182186234;-0.7919180934311558;0.020435019116720254
IMP;18/08/2026;37.0;38.15;36.9;37.1;11900;0.008152173913043681;0.008152173913043681;0.033783783783783786;18385.0;1.933.062.133.126.180;0.6472667935817242;-0.3354780939975449;0.018810437839320533
IMP;19/08/2026;37.3;37.9;37.2;37.3;10900;0.005390835579514697;0.005390835579514697;0.01876675603217147;18165.0;19.380.572.882.739.000;0.600055050922103;-0.37485991998050955;0.015951798424217945
IMP;20/08/2026;37.3;37.5;37.05;37.2;9300;-0.002680965147452974;0.002680965147452974;0.012064343163538951;17845.0;1.944.832.491.772.140;0.5211543849817876;-0.43936945912569175;0.015880058096962593
IMP;21/08/2026;38.15;39.75;37.3;37.65;33200;0.012096774193548265;0.012096774193548265;0.0642201834862386;17625.0;19.522.426.375.298.400;18.836.879.432.624.100;0.7978004219653183;0.014857864491823082
IMP;24/08/2026;37.75;39.1;37.75;38.8;18600;0.030544488711819362;0.030544488711819362;0.035761589403973545;18115.0;19.796.072.842.864.600;10.267.733.922.163.900;0.02449980881813207;0.01496841615936687
IMP;25/08/2026;39.0;39.95;38.9;38.9;12100;0.002577319587628857;0.002577319587628857;0.026923076923077032;18415.0;19.753.514.677.273.600;0.6570730382840076;-0.3196899439503483;0.01608130692512358
IMP;26/08/2026;39.0;39.2;38.3;38.75;10100;-0.003856041131105381;0.003856041131105381;0.023076923076923224;18600.0;196.719.410.114.482;0.543010752688172;-0.4320875095677328;0.016046987374578107
IMP;27/08/2026;38.4;39.0;38.4;38.9;4600;0.003870967741935516;0.003870967741935516;0.015625000000000038;18720.0;19.609.170.786.837.700;0.24572649572649571;-0.7200712438833851;0.01579056740465915
IMP;28/08/2026;38.95;41.55;38.95;39.4;21400;0.01285347043701801;0.01285347043701801;0.06675224646983297;18540.0;1.972.698.925.997.470;11.542.610.571.736.700;0.14497904177414525;0.01575993263602993
IMP;03/09/2026;39.75;39.75;39.25;39.4;2600;0.0;0.0;0.012578616352201259;18905.0;1.970.803.936.949.270;0.1375297540333245;-0.8273273507480138;0.014299481341772485
IMP;04/09/2026;39.4;39.4;36.65;38.9;4200;-0.012690355329949221;0.012690355329949221;0.06979695431472081;18715.0;19.852.728.169.938.600;0.224418915308576;-0.7311337704194656;0.010858577789541485
MSN;05/05/2025;62.5;62.6;62.1;62.5;2950500;;;0.008;;;;;
MSN;06/05/2025;62.4;62.4;61.8;62.0;3955400;-0.008000000000000007;0.008000000000000007;0.009615384615384638;;;;;
MSN;07/05/2025;61.6;61.8;60.9;60.9;3353100;-0.01774193548387104;0.01774193548387104;0.014610389610389588;;;;;
MSN;08/05/2025;61.0;63.0;60.7;63.0;4439500;0.034482758620689724;0.034482758620689724;0.03770491803278684;;;;;
MSN;09/05/2025;63.0;63.0;62.2;62.8;3321700;-0.0031746031746032743;0.0031746031746032743;0.012698412698412653;;;;;
MSN;12/05/2025;62.8;63.3;62.0;62.0;3820500;-0.01273885350318471;0.01273885350318471;0.020700636942675116;;;;;
MSN;13/05/2025;62.4;63.2;62.1;62.1;4735700;0.001612903225806539;0.001612903225806539;0.017628205128205152;;;;;
MSN;14/05/2025;62.3;63.7;62.2;62.3;5676400;0.0032206119162641045;0.0032206119162641045;0.024077046548956663;;;;;
MSN;15/05/2025;62.6;63.5;62.4;62.8;5773200;0.008025682182985605;0.008025682182985605;0.017571884984025583;;;;;
MSN;16/05/2025;62.6;63.0;61.7;62.5;5901500;-0.004777070063694211;0.004777070063694211;0.02076677316293925;;;;;
MSN;19/05/2025;62.4;62.4;61.4;62.0;6012400;-0.008000000000000007;0.008000000000000007;0.016025641025641028;;;;;
MSN;20/05/2025;62.0;63.1;61.5;62.7;5378500;0.011290322580645107;0.011290322580645107;0.02580645161290325;;;;;
MSN;21/05/2025;63.1;64.3;63.1;63.6;8645400;0.014354066985645897;0.014354066985645897;0.01901743264659264;;;;;
MSN;22/05/2025;63.6;64.6;63.2;64.0;7955100;0.0062893081761006275;0.0062893081761006275;0.022012578616352068;;;;;
MSN;23/05/2025;64.0;64.3;62.7;63.2;4290900;-0.012499999999999956;0.012499999999999956;0.02499999999999991;;;;;
MSN;26/05/2025;63.2;63.8;61.5;63.8;4405400;0.009493670886075778;0.009493670886075778;0.03639240506329109;;;;;
MSN;27/05/2025;63.9;64.8;63.5;64.0;4747700;0.0031347962382446415;0.0031347962382446415;0.02034428794992171;;;;;
MSN;28/05/2025;64.1;64.5;63.5;63.9;4017900;-0.0015625000000000222;0.0015625000000000222;0.015600624024960999;;;;;
MSN;29/05/2025;64.1;64.2;62.9;63.4;3507500;-0.007824726134585291;0.007824726134585291;0.020280811232449365;;;;;
MSN;30/05/2025;63.0;63.1;62.0;62.0;4024000;-0.02208201892744477;0.02208201892744477;0.01746031746031748;;;;;
MSN;02/06/2025;62.0;62.5;61.7;62.1;2287700;0.001612903225806539;0.001612903225806539;0.012903225806451568;4845615.0;1.491.055.099.506.100;0.47211757434298846;-17.155.066.910.989.900;
MSN;03/06/2025;62.3;63.6;62.3;63.3;4281300;0.019323671497584405;0.019323671497584405;0.02086677367576251;4812475.0;15.418.915.925.013.300;0.8896254006514319;-0.34449568477009423;0.012745202795660774
MSN;04/06/2025;63.5;64.4;63.0;64.1;6891000;0.012638230647709303;0.012638230647709303;0.02204724409448828;4828770.0;1.534.059.333.958.520;14.270.714.902.552.800;13.442.961.131.617.800;0.013321501355122126
MSN;05/06/2025;64.4;65.8;63.9;65.8;11745400;0.026521060842433775;0.026521060842433775;0.029503105590062088;5005665.0;15.587.237.790.053.800;23.464.215.044.354.700;4.323.880.273.579.050;0.012778304854500214
MSN;06/06/2025;65.9;66.4;64.7;65.0;4122600;-0.012158054711246202;0.012158054711246202;0.025796661608497765;5370960.0;215.940.358.344.857;0.7675722775816614;-0.5781040698313409;0.011822382948600278
MSN;09/06/2025;65.0;65.0;63.5;64.1;5031500;-0.013846153846153952;0.013846153846153952;0.023076923076923078;5411005.0;21.265.776.433.348.400;0.9298642303971258;-0.17845809730458284;0.012203555523305397
MSN;10/06/2025;64.5;65.5;64.1;64.8;5622000;0.010920436817472678;0.010920436817472678;0.021705426356589234;5471555.0;20.959.272.389.628.200;10.274.958.398.480.800;0.07177968643341281;0.012275257940610866
MSN;11/06/2025;64.8;65.2;64.1;64.8;2850500;0.0;0.0;0.01697530864197544;5515870.0;20.889.078.430.958.500;0.5167815775208625;-12.759.634.221.344.100;0.012445504239737903
MSN;12/06/2025;65.3;66.0;65.2;65.8;6866200;0.015432098765432167;0.015432098765432167;0.012251148545176067;5374575.0;21.714.211.375.756.900;12.775.335.724.220.000;0.6869349175007754;0.01245248777382041
MSN;13/06/2025;65.0;65.4;64.3;65.4;5911100;-0.006079027355622935;0.006079027355622935;0.016923076923077054;5429225.0;2.195.601.298.499.720;1.088.755.761.641.850;0.21947290718459195;0.012746438167622609
MSN;16/06/2025;65.7;67.0;65.4;66.8;7846900;0.021406727828745975;0.021406727828745975;0.024353120243531114;5429705.0;21.957.110.275.009.900;144.517.980.258.596;11.008.711.846.526.900;0.012788347297244007
MSN;17/06/2025;67.0;67.9;66.2;67.9;5760000;0.01646706586826352;0.01646706586826352;0.025373134328358252;5521430.0;22.587.469.756.715.200;1.043.208.009.519.270;0.10562050666568049;0.013219237487045081
MSN;18/06/2025;67.9;67.9;66.6;67.5;5472800;-0.005891016200294641;0.005891016200294641;0.019145802650957455;5540505.0;22.590.872.592.068.000;0.987779994783869;-0.029970068541651653;0.013422364275699905
MSN;19/06/2025;67.0;67.5;66.1;67.5;5629600;0.0;0.0;0.020895522388059785;5381875.0;21.377.185.467.529.500;1.046.029.497.154.800;0.11588288850105012;0.013369821900729505
MSN;20/06/2025;67.4;67.6;66.8;67.5;6005100;0.0;0.0;0.011869436201780372;5265600.0;205.191.123.204.941;1.140.439.835.916.130;0.36039570740172877;0.013363951293953657
MSN;23/06/2025;66.8;68.0;66.2;68.0;5818700;0.007407407407407307;0.007407407407407307;0.026946107784431097;5351310.0;20.448.439.711.162.600;10.873.412.304.650.600;0.22857000661270788;0.012897342102262616
MSN;24/06/2025;68.9;69.3;68.3;69.2;6555800;0.01764705882352935;0.01764705882352935;0.014513788098693758;5421975.0;203.483.074.813.426;12.091.166.041.894.300;0.557208505444301;0.012853615667801079
MSN;25/06/2025;69.7;70.4;69.1;70.3;7935800;0.01589595375722541;0.01589595375722541;0.01865136298421824;5512380.0;20.434.444.395.367.500;1.439.632.245.962.720;11.859.485.646.447.900;0.01324905994199996
MSN;26/06/2025;70.4;72.0;70.2;72.0;8616800;0.024182076813655806;0.024182076813655806;0.025568181818181775;5708275.0;20.801.016.596.804.200;15.095.278.345.910.100;13.982.609.871.321.600;0.013437307278647042
MSN;27/06/2025;72.3;76.9;72.0;76.8;14084900;0.06666666666666665;0.06666666666666665;0.06777316735822968;5963740.0;2.109.134.209.100.970;23.617.562.133.828.700;38.504.709.491.491.600;0.013748241238165052
MSN;30/06/2025;76.6;77.4;76.0;76.8;8361100;0.0;0.0;0.018276762402088847;6466785.0;2.730.433.339.094.150;1.292.929.948.962.270;0.6937781534078606;0.017779182164131584
MSN;01/07/2025;76.2;76.7;74.9;75.2;6823100;-0.02083333333333326;0.02083333333333326;0.02362204724409445;6770455.0;25.744.639.367.356.900;100.777.569.602.043;0.02044891724789573;0.017827153354332912
MSN;02/07/2025;75.0;76.3;74.6;75.2;4787500;0.0;0.0;0.022666666666666703;6897545.0;2.506.972.048.523.660;0.6940875340429095;-0.8416707323253114;0.019039945944105685
MSN;03/07/2025;74.8;76.3;74.1;74.5;5988200;-0.009308510638297962;0.009308510638297962;0.02941176470588239;6792370.0;25.509.985.624.003.000;0.8816068618170094;-0.3152373395472769;0.01911608546124085
MSN;04/07/2025;74.7;75.0;73.7;74.6;4470400;0.0013422818791946067;0.0013422818791946067;0.017402945113788447;6504510.0;22.722.721.674.686.300;0.6872769816634919;-0.8951876580286783;0.01898591339674971
MSN;07/07/2025;75.0;75.7;74.3;74.8;5874900;0.002680965147453085;0.002680965147453085;0.01866666666666674;6521900.0;22.543.438.216.731.200;0.9007957803707508;-0.2870014741228828;0.01852597284006237
MSN;08/07/2025;74.9;76.2;74.6;75.6;7088700;0.010695187165775444;0.010695187165775444;0.021361815754339233;6564070.0;22.327.821.436.848.400;10.799.244.980.629.300;0.234966945379715;0.017901964740142447
MSN;09/07/2025;76.5;76.5;75.4;75.8;7231700;0.002645502645502784;0.002645502645502784;0.014379084967320188;6637405.0;22.242.820.986.071.400;10.895.372.513.806.200;0.2671850842895107;0.01790003317115558
MSN;10/07/2025;76.0;78.4;75.9;76.9;12326900;0.014511873350923521;0.014511873350923521;0.03289473684210526;6856465.0;20.397.881.420.627.900;17.978.506.416.936.400;26.818.643.010.973.900;0.017848394689552037
MSN;11/07/2025;76.8;77.5;76.1;76.5;8284200;-0.005201560468140465;0.005201560468140465;0.01822916666666674;7129500.0;2.378.506.604.883.340;11.619.608.668.209.500;0.48547269014484584;0.01782945167022528
MSN;14/07/2025;76.9;77.1;74.6;75.3;6527400;-0.015686274509803977;0.015686274509803977;0.03250975292587776;7248155.0;23.737.138.685.978.300;0.9005602115296927;-0.30364021946156244;0.017794101169820456
MSN;15/07/2025;75.3;76.7;74.5;74.5;8071700;-0.010624169986719778;0.010624169986719778;0.029216467463479456;7182180.0;23.745.334.306.476.200;11.238.509.756.090.700;0.3746083287433001;0.01825209635643969
MSN;16/07/2025;74.3;75.5;74.0;75.0;6128400;0.006711409395973256;0.006711409395973256;0.02018842530282638;7297765.0;23.578.672.710.010.400;0.8397639551287278;-0.4959418260653587;0.018451180583487686
MSN;17/07/2025;75.8;77.3;75.6;76.2;10772700;0.016000000000000014;0.016000000000000014;0.02242744063324542;7330545.0;2.335.612.733.417.070;14.695.633.135.053.300;14.737.695.812.113.500;0.01828103110533221
MSN;18/07/2025;76.5;81.0;76.5;79.1;14574300;0.038057742782152015;0.038057742782152015;0.058823529411764705;7587700.0;2.420.083.657.101.220;1.920.779.682.907.860;2.886.924.995.133.660;0.018380415510767998
MSN;21/07/2025;79.6;79.8;77.5;77.5;7866900;-0.020227560050568805;0.020227560050568805;0.02889447236180901;8016160.0;2.846.194.972.498.130;0.9813801121734097;-0.052441944927262917;0.019628419432588626
MSN;22/07/2025;77.3;78.4;76.6;77.7;7375500;0.002580645161290418;0.002580645161290418;0.023285899094437405;8118570.0;27.994.302.290.776.300;0.9084727975493221;-0.2654361563584416;0.020629810404579518
MSN;23/07/2025;78.7;79.3;77.2;77.3;8228200;-0.005148005148005175;0.005148005148005175;0.026683608640406534;8159555.0;278.128.794.559.094;10.084.128.362.392.300;0.024681011582716586;0.020485828545366923
MSN;24/07/2025;77.5;77.5;75.4;76.0;16440600;-0.01681759379042691;0.01681759379042691;0.027096774193548313;8174175.0;27.808.183.293.629.600;2.011.285.542.577.690;29.726.591.315.635.000;0.02049147066749544
MSN;25/07/2025;76.0;77.2;75.5;75.8;8684800;-0.0026315789473684292;0.0026315789473684292;0.022368421052631617;8565365.0;33.403.697.723.573.800;1.013.943.947.514.200;0.035755023587017896;0.02051725587388929
MSN;28/07/2025;76.2;78.6;75.9;77.6;12672700;0.0237467018469657;0.0237467018469657;0.03543307086614158;8295360.0;30.787.410.124.064.800;15.276.853.566.331.000;14.217.954.619.633.500;0.0139977628216636
MSN;29/07/2025;78.5;78.5;72.2;72.2;16023900;-0.06958762886597925;0.06958762886597925;0.08025477707006366;8510940.0;32.307.858.519.985.000;18.827.415.068.135.800;23.254.280.364.489.700;0.015017958700267401
MSN;30/07/2025;73.0;73.5;71.0;73.0;9483500;0.011080332409972193;0.011080332409972193;0.03424657534246575;8970980.0;36.105.444.644.963.500;10.571.308.820.218.000;0.14195088996681088;0.02131927235060034
MSN;31/07/2025;73.1;73.4;70.8;72.5;9176600;-0.006849315068493178;0.006849315068493178;0.03556771545827645;9205780.0;34.742.901.305.385.900;0.9968302522980128;-0.008398838008234051;0.02151196618760556
MSN;01/08/2025;72.3;72.5;71.1;72.5;5598500;0.0;0.0;0.019363762102351394;9365200.0;339.103.215.151.841;0.597798231751591;-1.110.782.744.514.340;0.02147052296810753
MSN;04/08/2025;72.1;74.0;71.8;73.9;5917800;0.0193103448275862;0.0193103448275862;0.030513176144244147;9421605.0;33.138.323.606.036.800;0.6281095418455772;-1.057.327.172.507.210;0.021464465325615575
MSN;05/08/2025;74.0;77.2;73.5;74.6;18436200;0.00947225981055455;0.00947225981055455;0.05000000000000004;9423750.0;33.114.288.096.800.300;19.563.549.542.379.600;27.216.197.351.592.200;0.021939669685628715
MSN;06/08/2025;75.6;76.8;75.2;76.0;9656300;0.018766756032171594;0.018766756032171594;0.02116402116402109;9991125.0;38.229.167.918.963.500;0.9664877578851231;-0.08758364835712522;0.021908885237287967
MSN;07/08/2025;76.4;77.8;75.8;76.2;9815900;0.0026315789473685403;0.0026315789473685403;0.026178010471204185;10112355.0;3.768.867.695.025.290;0.970683881252191;-0.07865890341316706;0.022320794492276027
MSN;08/08/2025;76.5;77.7;75.6;76.7;11377400;0.006561679790026309;0.006561679790026309;0.027450980392156973;9986805.0;37.328.649.242.378.500;11.392.432.314.438.900;0.37252754338115285;0.022081524833117712
MSN;11/08/2025;77.9;82.0;77.8;82.0;29731100;0.06910039113428934;0.06910039113428934;0.053915275994865244;10141465.0;37.226.746.656.947.100;2.931.637.588.849.340;52.622.473.783.494.600;0.022098530919369606
MSN;12/08/2025;85.0;86.0;82.3;83.6;13213200;0.019512195121951237;0.019512195121951237;0.043529411764705914;11301650.0;5.652.570.796.549.120;1.169.139.019.523.690;0.33817356187152847;0.026542544502542995
MSN;13/08/2025;84.4;87.4;82.1;85.9;24211400;0.027511961722488154;0.027511961722488154;0.06279620853080582;11558725.0;561.473.283.273.802;2.094.642.791.484.350;22.534.776.590.304.700;0.02648774403100641
MSN;14/08/2025;86.6;86.8;83.8;84.8;13527300;-0.012805587892898873;0.012805587892898873;0.034642032332563515;12462875.0;6.126.866.123.787.570;10.854.076.607.524.300;0.17373074235576438;0.02691733336439462
MSN;15/08/2025;84.8;86.2;82.7;83.1;13662000;-0.02004716981132082;0.02004716981132082;0.04127358490566038;12600605.0;6.117.826.409.116.140;1.084.233.653.860.270;0.17349217336706713;0.027188361500786944
MSN;18/08/2025;83.1;84.4;83.0;83.9;8972500;0.00962695547533099;0.00962695547533099;0.01684717208182919;12554990.0;6.105.724.976.558.340;0.7146560849510832;-0.5867427723577824;0.026649339728492177
MSN;19/08/2025;84.5;86.5;83.2;85.0;14531000;0.013110846245530272;0.013110846245530272;0.03905325443786979;12610270.0;6.065.921.206.049.410;11.523.147.402.870.800;0.3166427546214244;0.026122035623940446
MSN;20/08/2025;86.8;87.4;81.0;83.9;19059400;-0.012941176470588123;0.012941176470588123;0.07373271889400929;12968045.0;5.950.846.597.221.090;14.697.203.780.523.500;10.236.114.980.420.600;0.026191570577920372
MSN;21/08/2025;83.9;84.8;83.3;84.3;9701000;0.004767580452920139;0.004767580452920139;0.017878426698450536;13509605.0;5.989.515.663.089.520;0.7180816907674207;-0.6358786276277034;0.026404887607715505
MSN;22/08/2025;83.0;83.4;79.7;81.0;18642000;-0.039145907473309594;0.039145907473309594;0.044578313253012085;13172625.0;6.005.503.132.599.120;14.152.076.750.078.200;0.9107271912508197;0.025927199131325927
MSN;25/08/2025;81.3;81.8;78.3;79.5;10287200;-0.01851851851851849;0.01851851851851849;0.04305043050430504;13670485.0;6.026.570.499.421.700;0.7525117067902126;-0.5613947435485325;0.027752547635918848
MSN;26/08/2025;78.7;81.1;78.2;81.1;8579900;0.020125786163522008;0.020125786163522008;0.03684879288437092;13551210.0;6.070.801.558.443.490;0.6331464127557613;-0.8188885688555766;0.02775418415664459
MSN;27/08/2025;81.3;82.8;81.2;82.2;8098600;0.01356350184956856;0.01356350184956856;0.01968019680196795;13179010.0;6.139.034.169.527.930;0.6145074630036702;-0.8275585148584796;0.022375586500335807
MSN;28/08/2025;82.5;83.3;81.9;83.1;6539900;0.010948905109488871;0.010948905109488871;0.016969696969696867;13109765.0;6.190.506.077.286.490;0.4988571496132844;-10.612.807.608.905.100;0.022411749057702497
MSN;29/08/2025;83.2;83.6;82.2;83.0;7420100;-0.001203369434416346;0.001203369434416346;0.016826923076922976;12977930.0;6.305.681.123.616.760;0.5717475745361549;-0.881400421468217;0.022219372310847873
MSN;03/09/2025;83.5;85.3;82.9;83.0;9531800;0.0;0.0;0.02874251497005978;13069010.0;6.205.847.200.647.900;0.729343691679783;-0.5699801953922915;0.022241165349554403
MSN;04/09/2025;83.5;85.3;82.0;84.8;13228500;0.02168674698795181;0.02168674698795181;0.039520958083832304;13249710.0;6.036.979.248.100.820;0.9983992102468657;-0.0035133465145954345;0.022098111590755132
MSN;05/09/2025;86.3;87.4;83.0;83.0;12005700;-0.021226415094339535;0.021226415094339535;0.05098493626882973;12989325.0;5.912.529.135.468.430;0.9242743560577629;-0.16636281656514312;0.022364790537203017
MSN;08/09/2025;82.6;83.3;80.0;81.0;13945500;-0.02409638554216864;0.02409638554216864;0.0399515738498789;13106795.0;5.865.979.046.248.480;1.063.990.090.636.190;0.14297783769554773;0.02300436087201381
MSN;09/09/2025;81.0;81.3;79.8;81.0;6003800;0.0;0.0;0.018518518518518517;13313275.0;5.816.515.730.489.020;0.4509634180920923;-1.256.675.875.848.690;0.023887971100314622
MSN;10/09/2025;81.4;81.4;80.0;81.0;4256100;0.0;0.0;0.01719901719901727;13044595.0;603.080.811.347.473;0.32627306558770125;-1.457.266.561.070.600;0.02388626103645422
MSN;11/09/2025;80.8;82.3;79.1;82.0;10202400;0.012345679012345734;0.012345679012345734;0.03960396039603964;11770845.0;4.906.449.555.268.520;0.8667517072903432;-0.31967005516561553;0.018124287277885804
MSN;12/09/2025;82.3;86.9;81.6;86.0;21808200;0.04878048780487809;0.04878048780487809;0.06439854191980574;11620305.0;49.060.547.096.607.200;1.876.732.151.178.470;20.765.962.882.432.900;0.01777621861334816
MSN;15/09/2025;86.8;89.0;86.3;88.5;16596700;0.029069767441860517;0.029069767441860517;0.031105990783410174;11500145.0;4.601.411.946.860.490;14.431.731.078.173.300;11.076.067.648.056.000;0.020050667208575082
MSN;16/09/2025;89.0;89.0;86.8;86.8;13155500;-0.019209039548022666;0.019209039548022666;0.024719101123595537;11653615.0;4.722.183.375.725.010;11.288.771.767.387.200;0.31804885166481073;0.02078856799817242
MSN;17/09/2025;86.6;86.9;84.2;84.2;11516500;-0.02995391705069117;0.02995391705069117;0.031177829099307195;11628290.0;471.219.315.336.623;0.9903863766727524;-0.02372356063548478;0.02074185099781594
MSN;18/09/2025;84.4;85.2;83.5;84.0;6725200;-0.002375296912114022;0.002375296912114022;0.02014218009478676;11755490.0;46.708.851.953.688.300;0.5720901468165087;-10.769.457.585.871.500;0.021871915451478475
MSN;19/09/2025;84.6;84.7;83.3;83.9;10383000;-0.0011904761904760752;0.0011904761904760752;0.016548463356974064;11365200.0;4.752.174.226.493.310;0.9135782916270722;-0.2066843413535316;0.02167164117797471
MSN;22/09/2025;83.9;84.0;81.0;81.9;8824400;-0.023837902264600697;0.023837902264600697;0.03575685339690107;10931380.0;4.395.452.464.895.720;0.8072539789120862;-0.47935451852281274;0.021471221493402942
MSN;23/09/2025;81.9;82.6;81.5;81.9;3808100;0.0;0.0;0.01343101343101336;10887550.0;4.412.703.870.048.020;0.34976647638816816;-160.433.380.722.712;0.022095908027291965
MSN;24/09/2025;82.0;83.7;81.1;82.9;5235500;0.012210012210012167;0.012210012210012167;0.031707317073170836;10145855.0;4.285.545.113.576.560;0.516023538676632;-11.457.947.285.268.400;0.020212303587222268
MSN;25/09/2025;83.5;83.6;82.2;82.2;4585800;-0.008443908323281124;0.008443908323281124;0.016766467065868162;9893270.0;4.423.428.449.219.950;0.4635272260839945;-11.998.543.801.326.600;0.019835280876438467
MSN;26/09/2025;82.2;83.5;82.0;82.2;6728100;0.0;0.0;0.01824817518248175;9693565.0;4.573.460.747.476.740;0.6940790101474535;-0.6484072267671912;0.019508643889380596
MSN;29/09/2025;82.2;82.5;81.3;81.8;4298200;-0.0048661800486619056;0.0048661800486619056;0.014598540145985436;9625040.0;4.608.747.271.096.780;0.4465643779142736;-11.558.108.281.195.200;0.01927793972956166
MSN;30/09/2025;82.0;82.0;80.5;81.0;4726100;-0.009779951100244433;0.009779951100244433;0.018292682926829267;9512955.0;4.713.789.130.611.210;0.4968067230424195;-10.155.004.535.341.400;0.019136598435434617
MSN;01/10/2025;81.1;82.3;81.1;81.3;3192800;0.0037037037037037646;0.0037037037037037646;0.01479654747225651;9378255.0;4.814.164.453.543.640;0.3404471300897662;-12.848.449.735.544.300;0.019246246538821073
MSN;02/10/2025;81.5;82.1;81.0;81.5;3777300;0.002460024600245969;0.002460024600245969;0.013496932515337354;9061305.0;5.008.280.195.255.070;0.4168604853274446;-1.055.053.789.723.290;0.01927462130808223
MSN;03/10/2025;81.2;81.2;79.4;80.0;6475000;-0.018404907975460127;0.018404907975460127;0.022167487684729027;8588745.0;5.040.172.696.338.990;0.7538936130948118;-0.419379479107006;0.01855706060427176
MSN;06/10/2025;81.4;83.3;81.0;83.0;8979600;0.03750000000000009;0.03750000000000009;0.02825552825552822;8312210.0;4.994.346.170.252.490;108.029.031.990.289;0.13362910323980587;0.018411924642923058
MSN;07/10/2025;83.3;83.4;82.5;82.5;5203300;-0.0060240963855421326;0.0060240963855421326;0.010804321728691545;8063915.0;4.819.941.169.904.680;0.6452572974789541;-0.5934958330739484;0.0195795013745801
MSN;08/10/2025;83.7;84.4;82.6;82.6;11323000;0.00121212121212122;0.00121212121212122;0.021505376344086155;8023890.0;484.122.553.589.155;1.411.160.920.700.550;0.6814617446638835;0.01964839380668341
MSN;09/10/2025;82.9;84.2;82.7;83.1;7329600;0.006053268765133124;0.006053268765133124;0.0180940892641737;8377235.0;48.095.445.709.848.100;0.8749426272511157;-0.21782415871976923;0.019646694181894235
MSN;10/10/2025;83.5;84.2;83.0;84.1;13452100;0.012033694344163681;0.012033694344163681;0.014371257485029975;8233595.0;4.795.043.073.455.070;16.338.063.749.795.800;1.088.312.434.332.270;0.0195080304042736
MSN;13/10/2025;83.6;85.8;83.6;85.0;12632300;0.010701545778834864;0.010701545778834864;0.026315789473684247;7815790.0;3.813.604.432.734.000;16.162.537.632.152.300;12.629.810.157.177.200;0.016206845428652073
MSN;14/10/2025;85.6;85.6;82.5;82.5;12780300;-0.02941176470588236;0.02941176470588236;0.03621495327102797;7617570.0;34.154.183.022.073.000;16.777.397.516.530.800;15.115.952.258.800.700;0.014879743993862752
MSN;15/10/2025;83.0;83.7;82.5;82.5;6589100;0.0;0.0;0.01445783132530124;7598810.0;3.384.287.494.148.890;0.8671226152515986;-0.29835231248695315;0.015658531932576606
MSN;16/10/2025;85.0;88.2;84.8;88.2;17212400;0.06909090909090909;0.06909090909090909;0.04000000000000007;7352440.0;3.261.190.377.018.470;2.341.045.965.693.020;3.023.423.615.340.850;0.01425615804942005
MSN;17/10/2025;91.4;94.0;88.0;88.0;32812700;-0.0022675736961451642;0.0022675736961451642;0.06564551422319474;7876800.0;3.929.632.390.869.200;416.573.989.437.335;6.345.606.285.702.550;0.02115853813447415
MSN;20/10/2025;87.0;88.8;81.9;81.9;31684600;-0.06931818181818172;0.06931818181818172;0.07931034482758612;8998285.0;6.820.100.717.289.560;3.521.182.091.920.840;33.263.900.256.616.600;0.021170196163912143
MSN;21/10/2025;79.9;80.0;76.2;78.0;28573200;-0.04761904761904767;0.04761904761904767;0.04755944931163951;10141295.0;8.498.516.641.990.180;2.817.509.992.560.120;2.168.837.901.538.020;0.02604134706620419
MSN;22/10/2025;79.9;80.6;77.4;79.0;13805300;0.012820512820512775;0.012820512820512775;0.040050062578222634;11379550.0;9.294.115.770.885.980;1.213.167.480.260.640;0.26099847040841834;0.028162859607847767
MSN;23/10/2025;79.6;80.0;77.6;78.2;9732300;-0.010126582278480956;0.010126582278480956;0.030150753768844296;11808040.0;919.294.354.768.631;0.8242096063360219;-0.22579710070366138;0.028179464836610973
MSN;24/10/2025;77.9;79.5;75.7;79.3;13522400;0.014066496163682718;0.014066496163682718;0.04878048780487801;12065365.0;905.107.621.738.548;11.207.617.838.333.100;0.16097919904831862;0.0282021314472411
MSN;27/10/2025;79.6;79.8;77.4;78.5;7509000;-0.010088272383354302;0.010088272383354302;0.030150753768844116;12405080.0;8.967.326.835.303.700;0.6053165316144676;-0.5459910283100752;0.02843204043965391
MSN;28/10/2025;78.6;79.0;76.2;79.0;7889400;0.006369426751592355;0.006369426751592355;0.03562340966921116;12565620.0;884.242.374.206.958;0.627856007105101;-0.5288391663195192;0.028489382874232624
MSN;29/10/2025;79.1;80.6;78.5;79.2;8381100;0.0025316455696202667;0.0025316455696202667;0.02654867256637161;12723785.0;8.722.292.465.937.040;0.6586955060935091;-0.49788344256505757;0.02847627977249502
MSN;30/10/2025;79.7;80.6;79.3;79.3;6826300;0.0012626262626262985;0.0012626262626262985;0.016311166875784155;12983200.0;8.498.181.373.434.520;0.525779468852055;-0.7244961868249349;0.028467592983689536
MSN;31/10/2025;79.4;80.8;79.0;79.6;6477800;0.003783102143757766;0.003783102143757766;0.02267002518891684;13135650.0;83.504.070.156.395.400;0.49314651349571587;-0.7973084410772385;0.028461366492673387
MSN;03/11/2025;79.6;79.8;77.0;77.0;7670000;-0.03266331658291455;0.03266331658291455;0.03517587939698489;13135790.0;8.350.289.490.783.820;0.5839009302067101;-0.6545629353368609;0.02817746668082584
MSN;04/11/2025;76.8;80.5;74.4;80.0;12598000;0.03896103896103886;0.03896103896103886;0.07942708333333326;13070310.0;8.389.638.187.474.880;0.9638639022333824;-0.05629682585181376;0.027642407754287772
MSN;05/11/2025;79.9;81.5;79.1;80.2;8834200;0.0024999999999999467;0.0024999999999999467;0.030037546933667152;13440045.0;8.185.139.616.883.050;0.6573043468232436;-0.5627081779399057;0.02920211900779246
MSN;06/11/2025;80.1;80.1;78.8;78.8;4652600;-0.017456359102244412;0.017456359102244412;0.01622971285892631;13315605.0;8.237.768.996.548.760;0.3494095837177507;-10.516.202.874.381.800;0.02920897559289036
MSN;07/11/2025;78.2;79.7;76.8;76.8;7306800;-0.025380710659898442;0.025380710659898442;0.037084398976982166;13181755.0;8.360.977.675.422.950;0.55431162239019;-0.7026636391183527;0.02937994705621332
MSN;10/11/2025;77.1;78.3;76.0;76.0;5025900;-0.01041666666666663;0.01041666666666663;0.02983138780804147;12874490.0;8.462.818.929.131.300;0.39037662851110994;-0.927420291716633;0.0296133808016228
MSN;11/11/2025;76.5;78.9;76.4;78.2;7667500;0.02894736842105261;0.02894736842105261;0.032679738562091505;12494170.0;8.643.268.214.908.180;0.6136862232545259;-0.5584311258182184;0.029433326395639014
MSN;12/11/2025;78.5;79.5;78.3;79.2;5010800;0.01278772378516635;0.01278772378516635;0.015286624203821693;12238530.0;870.971.466.081.047;0.4094282564981252;-0.8298469331631851;0.029793957376148927
MSN;13/11/2025;79.3;79.7;78.9;79.0;4590600;-0.002525252525252597;0.002525252525252597;0.010088272383354316;12159615.0;8.770.533.591.357.570;0.3775284003646497;-0.8630050750228535;0.029981412621716014
MSN;14/11/2025;78.6;79.3;77.6;78.0;5137900;-0.012658227848101222;0.012658227848101222;0.021628498727735406;11528525.0;884.163.830.412.221;0.44566846149008654;-0.7227874269659412;0.024946763079262482
MSN;17/11/2025;78.8;80.0;78.3;79.7;5528700;0.02179487179487194;0.02179487179487194;0.021573604060913742;10144785.0;7.380.080.033.888.870;0.5449795141050303;-0.6254789892254852;0.02499082049168525
MSN;18/11/2025;79.8;80.3;78.5;79.0;4594500;-0.008782936010037656;0.008782936010037656;0.022556390977443573;8836990.0;5.419.186.674.643.300;0.5199168495155024;-0.782864709173216;0.0207261917096033
MSN;19/11/2025;79.0;79.6;78.5;78.8;3470500;-0.0025316455696202667;0.0025316455696202667;0.013924050632911321;7638055.0;28.811.175.977.524.600;0.4543696006378587;-1.446.506.384.623.470;0.017749467468992076
MSN;20/11/2025;78.9;79.1;78.5;78.5;3398600;-0.0038071065989847552;0.0038071065989847552;0.007604562737642513;7121315.0;26.328.804.804.814.000;0.47724331812312754;-1.413.932.393.664.640;0.01753227266258255
MSN;21/11/2025;78.4;78.4;77.2;77.5;4020000;-0.01273885350318471;0.01273885350318471;0.015306122448979626;6804630.0;2.682.739.265.652.490;0.5907742228453273;-10.379.801.107.219.100;0.01739622487159845
MSN;24/11/2025;77.7;79.0;77.7;77.8;3380300;0.003870967741935516;0.003870967741935516;0.016731016731016693;6329510.0;2.234.368.621.027.330;0.5340539789020003;-13.199.299.221.468.600;0.017314996348446934
MSN;25/11/2025;78.0;78.7;77.0;77.0;3736600;-0.010282776349614386;0.010282776349614386;0.021794871794871832;6123075.0;2.309.135.111.926.450;0.6102489353796907;-1.033.493.011.159.930;0.01721063806821513
MSN;26/11/2025;77.5;78.6;77.3;78.6;3197800;0.020779220779220786;0.020779220779220786;0.01677419354838706;5915435.0;23.285.760.937.749.000;0.5405857726439391;-11.670.801.771.370.800;0.017273300585959824
MSN;27/11/2025;78.9;79.8;78.4;78.5;4485400;-0.0012722646310431296;0.0012722646310431296;0.017743979721165922;5656270.0;232.815.458.907.513;0.7929960910635454;-0.5029176350635434;0.017946267947395407
MSN;28/11/2025;78.8;79.0;77.4;77.4;4238900;-0.01401273885350307;0.01401273885350307;0.02030456852791871;5539225.0;232.507.778.859.683;0.7652514566568428;-0.5592608584441118;0.017944138682019852
MSN;01/12/2025;77.8;79.2;77.7;78.8;5362600;0.018087855297157507;0.018087855297157507;0.019280205655526992;5427280.0;2.331.399.355.616.370;0.9880824280302472;-0.027742994714391185;0.018167988104935397
MSN;02/12/2025;78.9;79.5;78.0;78.6;4648900;-0.002538071065989911;0.002538071065989911;0.019011406844106463;5311910.0;2.270.882.299.181.710;0.8751842557573453;-0.2919614108749302;0.017059095488634265
MSN;03/12/2025;79.2;81.2;78.9;80.6;12175800;0.025445292620865034;0.025445292620865034;0.029040404040404002;4914455.0;1.489.865.538.784.590;2.477.548.375.150.440;4.873.825.731.900.400;0.014579985810427933
MSN;04/12/2025;81.3;81.3;79.9;79.9;5309300;-0.008684863523573005;0.008684863523573005;0.017220172201721912;5081535.0;20.388.167.745.752.600;10.448.220.862.396.800;0.11171430549341499;0.015710721578159566
MSN;05/12/2025;80.2;80.6;78.2;78.2;6658500;-0.021276595744680882;0.021276595744680882;0.029925187032418844;5114370.0;20.368.323.172.333.800;13.019.198.845.605.600;0.758103643061487;0.015304200334904174
MSN;08/12/2025;78.0;78.8;77.9;77.9;4073000;-0.0038363171355498826;0.0038363171355498826;0.01153846153846143;5081955.0;20.050.148.364.000.200;0.8014632164196652;-0.503215727725768;0.014958228453814724
MSN;09/12/2025;77.9;78.0;76.6;77.0;6841600;-0.011553273427471145;0.011553273427471145;0.017971758664955144;5034310.0;20.176.986.955.961.800;13.589.945.791.975.400;0.895718475679536;0.01476479823559225
MSN;10/12/2025;77.1;77.4;76.6;77.0;3186100;0.0;0.0;0.010376134889753716;4993015.0;1.968.830.196.702.440;0.6381114416840326;-0.9177607104088353;0.013502244580505099
MSN;11/12/2025;77.4;77.6;76.0;76.1;3520000;-0.011688311688311748;0.011688311688311748;0.020671834625322922;4901780.0;2.009.814.125.105.520;0.7181064837671214;-0.6875163144390027;0.013128184756720725
MSN;12/12/2025;76.5;76.6;73.1;73.5;8979200;-0.0341655716162943;0.0341655716162943;0.0457516339869281;4848250.0;20.326.658.317.795.900;18.520.497.086.577.600;20.322.819.104.915.800;0.013330562810422636
MSN;15/12/2025;73.2;74.3;73.0;73.5;4188700;0.0;0.0;0.017759562841530015;5040315.0;22.330.761.033.711.700;0.8310393298831521;-0.38136407385057597;0.015014993964861638
MSN;16/12/2025;73.9;75.2;73.0;74.5;4400000;0.013605442176870763;0.013605442176870763;0.029769959404600848;4973315.0;22.377.490.685.896.100;0.8847217600332977;-0.25620164836504333;0.013879427992988082
MSN;17/12/2025;74.6;75.0;74.0;74.0;3573600;-0.006711409395973145;0.006711409395973145;0.013404825737265416;4963590.0;22.399.036.017.556.400;0.719962768883006;-0.6205579556685036;0.014363475833621402
MSN;18/12/2025;74.4;74.4;73.5;74.0;3135400;0.0;0.0;0.012096774193548463;4968745.0;2.236.402.394.466.090;0.6310245343643113;-0.8197742072430931;0.014389291133637079
MSN;19/12/2025;74.3;75.8;74.0;75.8;4350100;0.024324324324324298;0.024324324324324298;0.024226110363391617;4955585.0;2.246.877.981.198.520;0.877817654222458;-0.269478362895801;0.014403769388760392
MSN;22/12/2025;76.0;76.2;75.5;76.0;3463700;0.0026385224274407815;0.0026385224274407815;0.009210526315789511;4972090.0;22.408.480.194.360.600;0.6966285807376777;-0.6731335578838603;0.015413204554959986
MSN;23/12/2025;76.3;77.3;75.6;76.1;5203600;0.001315789473684159;0.001315789473684159;0.022280471821756263;4976260.0;2.237.805.483.856.660;10.456.849.119.619.900;0.10159059920087392;0.015395177637215289
MSN;24/12/2025;75.6;76.2;75.1;76.2;3229900;0.0013140604467807293;0.0013140604467807293;0.014550264550264664;5049610.0;22.189.971.229.079.300;0.6396335558587692;-0.8200596482141086;0.015247103298033467
MSN;25/12/2025;76.5;77.0;76.0;76.3;3230800;0.001312335958005173;0.001312335958005173;0.013071895424836602;5051215.0;2.217.598.381.909.440;0.6396084902345277;-0.8208948089295361;0.014417532440690016
MSN;26/12/2025;76.0;76.0;73.1;75.3;6065600;-0.013106159895150737;0.013106159895150737;0.03815789473684218;4988485.0;22.519.251.668.587.000;12.159.202.643.688.400;0.47830852279274905;0.014430790537713118
MSN;29/12/2025;75.3;75.5;74.6;75.5;2513400;0.0026560424966799445;0.0026560424966799445;0.011952191235059837;5079820.0;22.569.615.064.693.100;0.49478131114882024;-11.371.128.805.890.800;0.014390193260981543
MSN;30/12/2025;75.7;76.9;75.5;76.9;4153700;0.018543046357615944;0.018543046357615944;0.01849405548216652;4937360.0;23.270.071.093.008.800;0.8412795502049678;-0.3367673424235648;0.013694169541332688
MSN;31/12/2025;76.7;77.2;76.1;77.0;4728800;0.0013003901170349774;0.0013003901170349774;0.014341590612777164;4912600.0;2.332.865.104.499.070;0.9625860033383544;-0.0787872387672696;0.0144451448159387
MSN;05/01/2026;76.9;77.0;75.0;76.8;4140400;-0.0025974025974025983;0.0025974025974025983;0.02600780234070221;4540250.0;15.879.438.885.420.000;0.9119321623258632;-0.2518036077251624;0.013061979801678943
MSN;06/01/2026;76.7;77.2;75.9;77.0;3765300;0.0026041666666667407;0.0026041666666667407;0.016949152542372843;4481805.0;15.796.381.302.707.500;0.8401302600180062;-0.4535880631579784;0.012973556636622455
MSN;07/01/2026;77.1;78.4;76.7;78.4;8379800;0.0181818181818183;0.0181818181818183;0.02204928664072637;4337145.0;1.500.293.371.477.720;19.321.004.946.802.500;26.945.763.254.410.300;0.012170049262712243
MSN;08/01/2026;79.0;79.0;77.7;78.3;4525700;-0.0012755102040817867;0.0012755102040817867;0.01645569620253161;4552485.0;17.488.730.862.668.100;0.9941164001638666;-0.015315576762162782;0.012848584064286054
MSN;09/01/2026;78.5;78.6;76.5;76.5;5786600;-0.02298850574712641;0.02298850574712641;0.026751592356687826;4436690.0;16.639.376.993.334.700;1.304.260.608.697.020;0.8112743647437867;0.012547400699803516
MSN;12/01/2026;76.6;78.8;75.9;78.6;8295600;0.027450980392156765;0.027450980392156765;0.03785900783289806;4566715.0;16.626.743.885.664.200;18.165.355.184.196.900;22.427.030.966.749.100;0.013640715925757494
MSN;13/01/2026;79.5;82.2;79.3;79.3;10133600;0.008905852417302906;0.008905852417302906;0.036477987421383716;4805495.0;18.381.038.515.059.600;210.875.258.428.112;28.986.963.906.498.800;0.014679378647492974
MSN;14/01/2026;79.1;82.0;78.6;80.6;13858700;0.016393442622950838;0.016393442622950838;0.04298356510745899;4863215.0;198.807.162.723.739;28.496.992.216.054.600;4.524.728.826.043.380;0.012064069478806392
MSN;15/01/2026;80.5;82.5;79.8;81.0;9103300;0.00496277915632759;0.00496277915632759;0.03354037267080749;5346715.0;28.180.291.919.363.200;17.025.968.281.458.800;13.330.539.693.305.200;0.012340765108420181
MSN;16/01/2026;81.3;85.5;79.9;81.4;15818700;0.004938271604938427;0.004938271604938427;0.068880688806888;5581880.0;2.928.930.935.125.790;28.339.376.697.456.700;34.950.704.631.621.300;0.012162296799132747
MSN;19/01/2026;82.1;82.3;80.2;80.2;6226700;-0.014742014742014753;0.014742014742014753;0.025578562728379956;6194135.0;36.724.884.972.447.100;10.052.573.926.787.100;0.008867284410674641;0.011884934436626353
MSN;20/01/2026;80.2;81.4;79.1;80.0;11205300;-0.0024937655860349794;0.0024937655860349794;0.028678304239401636;6348700.0;36.013.422.744.713.800;1.764.975.506.796.660;1.348.552.742.244.650;0.012634652572708764
MSN;21/01/2026;79.0;79.9;78.5;79.9;6385500;-0.0012499999999999734;0.0012499999999999734;0.017721518987341846;6691460.0;3.725.206.674.789.290;0.9542760473797945;-0.08213235578863698;0.011769503486561311
MSN;22/01/2026;79.6;80.6;79.1;79.9;5049500;0.0;0.0;0.01884422110552764;6837550.0;3.648.463.712.520.510;0.7384955137439579;-0.4900829885915845;0.011803783359513872
MSN;23/01/2026;80.0;80.2;79.0;79.0;4123600;-0.011264080100125251;0.011264080100125251;0.015000000000000036;6829845.0;36.522.567.257.828.800;0.6037618716090921;-0.7409788531281021;0.011814810936636458
MSN;26/01/2026;79.1;79.5;76.0;77.3;5784500;-0.021518987341772156;0.021518987341772156;0.044247787610619475;6874530.0;36.111.291.982.454.800;0.8414393420350191;-0.30185294963403864;0.012209738352418861
MSN;27/01/2026;77.4;77.5;76.7;76.7;3805800;-0.0077619663648123005;0.0077619663648123005;0.010335917312661461;7002215.0;3.519.495.743.976.460;0.5435137310122583;-0.9082025473309898;0.01328522613289185
MSN;28/01/2026;77.2;79.5;77.1;79.5;8819900;0.03650586701434144;0.03650586701434144;0.031088082901554476;6889225.0;35.867.786.598.290.700;12.802.456.009.202.700;0.5382754786692089;0.013043732009857959
MSN;29/01/2026;80.3;85.0;80.2;84.1;24722400;0.05786163522012577;0.05786163522012577;0.059775840597758374;7204550.0;3.456.692.260.939.940;3.431.498.150.474.350;5.067.807.220.778.320;0.015274889454453594
MSN;30/01/2026;84.6;85.0;83.3;84.0;10777800;-0.0011890606420926764;0.0011890606420926764;0.020094562647754173;8232985.0;5.147.505.876.715.030;13.090.999.194.095.400;0.4943782602583479;0.019396207300861428
MSN;02/02/2026;83.9;85.5;82.2;83.8;11833900;-0.0023809523809523725;0.0023809523809523725;0.03933253873659114;8535435.0;5.108.335.649.677.210;13.864.436.903.332.900;0.6457024804563148;0.019426869872843273
MSN;03/02/2026;84.5;84.8;83.3;83.8;8426800;0.0;0.0;0.01775147928994083;8920110.0;5.049.287.655.220.080;0.9446968703300744;-0.09769892976685605;0.01942274652236776
MSN;04/02/2026;84.1;84.9;82.5;82.7;8323300;-0.013126491646777927;0.013126491646777927;0.028537455410225992;9153185.0;4.904.324.730.520.470;0.9093337455759934;-0.1692149369383066;0.019445172696367384
MSN;05/02/2026;82.8;82.9;79.4;79.4;10434400;-0.039903264812575556;0.039903264812575556;0.042270531400966184;9150360.0;49.048.099.127.714.400;1.140.326.719.385.900;0.26179200067601743;0.019538706942180874
MSN;06/02/2026;78.4;79.5;77.7;78.2;9419400;-0.015113350125944613;0.015113350125944613;0.02295918367346935;9445795.0;4.788.152.523.345.070;0.9972056348883286;-0.005512564579200177;0.021751930535913042
MSN;09/02/2026;79.0;79.2;78.0;78.2;3681100;0.0;0.0;0.015189873417721555;9627435.0;4.710.306.806.442.200;0.38235521714766185;-12.624.092.748.836.000;0.021364178245043327
MSN;10/02/2026;78.2;78.4;75.6;76.8;6018600;-0.017902813299232823;0.017902813299232823;0.03580562659846562;9396710.0;4.888.618.623.949.000;0.640500771014536;-0.6910152457896536;0.02045923694466257
MSN;11/02/2026;77.3;78.6;76.9;78.0;5600000;0.015625;0.015625;0.02199223803363504;9190960.0;4.942.273.118.653.840;0.6092943501005336;-0.7265806469590835;0.02071756883574755
MSN;12/02/2026;78.4;78.4;78.0;78.0;2759900;0.0;0.0;0.005102040816326603;8778025.0;4.876.323.565.197.450;0.31441013211969665;-12.341.521.065.073.700;0.020683518969155563
MSN;13/02/2026;78.0;78.3;77.7;78.0;3963900;0.0;0.0;0.007692307692307619;8460855.0;5.057.002.374.246.180;0.46849875101275223;-0.8892530924845232;0.020632397838796997
MSN;23/02/2026;78.8;79.2;78.3;79.2;3791500;0.01538461538461533;0.01538461538461533;0.011421319796954387;7868115.0;4.839.258.829.317.930;0.4818816196763774;-0.8424048276365028;0.020578431804239614
MSN;24/02/2026;79.3;80.9;78.6;80.9;8479700;0.02146464646464641;0.02146464646464641;0.029003783102143903;7746355.0;4.912.808.881.568.240;10.946.696.865.816.200;0.14927203920985938;0.020693752131434283
MSN;25/02/2026;81.3;81.6;80.3;80.3;5852200;-0.007416563658838138;0.007416563658838138;0.015990159901598983;7610075.0;48.492.005.886.890.300;0.7690068757535241;-0.3625082047750956;0.02125365465112503
MSN;26/02/2026;80.7;81.2;79.9;80.4;4991400;0.001245330012453305;0.001245330012453305;0.016109045848822764;7583410.0;4.857.747.478.746.000;0.658199939077539;-0.5335826967829769;0.02132912016731399
MSN;27/02/2026;80.5;80.6;79.0;79.0;5053900;-0.017412935323383172;0.017412935323383172;0.019875776397515456;7580505.0;4.859.359.649.981.510;0.6666970076531841;-0.5199460797287588;0.021329514487025508
MSN;02/03/2026;77.8;80.7;77.3;78.4;10248500;-0.007594936708860689;0.007594936708860689;0.04370179948586126;7627020.0;4.828.884.668.501.020;13.437.096.008.663.900;0.5428748416999899;0.02155155159931172
MSN;03/03/2026;79.2;79.7;77.0;77.0;7767900;-0.017857142857142905;0.017857142857142905;0.03409090909090912;7850220.0;4.842.385.929.596.880;0.989513669680595;-0.01699988418867161;0.021031015399465208
MSN;04/03/2026;77.1;77.6;74.0;76.0;11189700;-0.012987012987012991;0.012987012987012991;0.04669260700389098;8048325.0;4.748.350.738.372.770;13.903.141.336.862.000;0.661571811579472;0.021368645442288035
MSN;05/03/2026;76.8;77.5;75.3;75.3;6074200;-0.009210526315789558;0.009210526315789558;0.02864583333333337;8166815.0;4.797.927.026.416.280;0.7437660826160505;-0.43614981813573717;0.01977478548307218
MSN;06/03/2026;74.9;75.0;73.2;73.3;7955900;-0.026560424966799445;0.026560424966799445;0.024032042723631467;7234405.0;2.812.433.353.123.790;1.099.731.076.709.140;0.25653763464248075;0.013888089853662697
MSN;09/03/2026;68.2;70.0;68.2;68.2;4325700;-0.0695770804911322;0.0695770804911322;0.0263929618768328;7093310.0;2.693.584.941.241.730;0.609828133833147;-1.027.481.984.185.780;0.014620813271269545
MSN;10/03/2026;69.0;69.8;66.1;68.3;13574400;0.0014662756598240456;0.0014662756598240456;0.05362318840579714;6717900.0;2.515.430.433.816.130;20.206.314.473.272.800;27.257.760.373.035.100;0.020225574977943223
MSN;11/03/2026;69.3;73.0;69.1;73.0;10575800;0.06881405563689613;0.06881405563689613;0.05627705627705636;6975280.0;29.288.652.269.221.400;15.161.828.629.101.600;12.293.225.263.163.300;0.020266526748531376
MSN;12/03/2026;73.2;74.5;71.8;73.1;8489100;0.001369863013698458;0.001369863013698458;0.03688524590163938;7087905.0;30.251.548.665.838.200;11.976.881.744.323.600;0.463181245852153;0.026818875546315155
MSN;13/03/2026;73.4;74.7;72.7;73.9;8344100;0.010943912448700521;0.010943912448700521;0.02724795640326975;6990640.0;2.942.025.675.296.740;11.936.103.132.188.100;0.46004357180311956;0.025624135845628376
MSN;16/03/2026;74.7;75.2;73.4;73.5;4578400;-0.005412719891745632;0.005412719891745632;0.024096385542168634;6936875.0;2.904.895.611.291.390;0.6600090098207045;-0.8118966446961308;0.025681713484929102
MSN;17/03/2026;74.0;75.7;73.8;75.4;8479300;0.025850340136054584;0.025850340136054584;0.025675675675675753;6981740.0;28.585.239.828.311.800;12.144.966.727.492.000;0.5238927533911268;0.025682387414688212
MSN;18/03/2026;75.8;75.8;74.0;75.3;5029900;-0.0013262599469496816;0.0013262599469496816;0.023746701846965663;7104775.0;2.867.828.106.475.260;0.7079604913596842;-0.7235004759577971;0.02618504612875183
MSN;19/03/2026;73.6;75.7;73.5;75.4;8216000;0.0013280212483401943;0.0013280212483401943;0.02989130434782613;7076270.0;2.886.345.628.736.500;11.610.636.677.232.400;0.3948695501511771;0.025905307389852424
MSN;20/03/2026;75.1;75.5;71.3;71.3;8880900;-0.05437665782493384;0.05437665782493384;0.055925432756324944;7349075.0;27.093.241.905.209.700;12.084.377.965.934.400;0.5653900723137336;0.025910896333891594
MSN;23/03/2026;70.6;72.8;70.6;70.8;8307600;-0.007012622720897643;0.007012622720897643;0.03116147308781874;7594925.0;26.071.414.818.118.700;10.938.356.863.300.100;0.27335493872189665;0.028484181009291107
MSN;24/03/2026;72.5;72.8;71.7;72.1;3692600;0.01836158192090398;0.01836158192090398;0.01517241379310337;7820730.0;24.513.009.798.450.800;0.4721554126021484;-16.840.567.657.509.200;0.028115996590182882
MSN;25/03/2026;73.5;73.5;72.2;73.2;4078200;0.015256588072122268;0.015256588072122268;0.017687074829931933;7581375.0;2.612.017.297.612.380;0.5379235297027254;-13.411.760.340.186.800;0.027969210426202692
MSN;26/03/2026;73.0;73.2;71.8;72.1;4014500;-0.015027322404371657;0.015027322404371657;0.0191780821917809;7492675.0;27.023.857.685.337.400;0.5357899548559093;-12.870.756.797.565.500;0.02833887400121868
MSN;27/03/2026;72.2;73.4;72.2;73.3;4263900;0.01664355062413314;0.01664355062413314;0.016620498614958488;7443830.0;2.758.226.890.613.830;0.5728099647627632;-11.528.892.024.152.200;0.028406778753627415
MSN;30/03/2026;72.0;75.3;71.8;74.8;6573900;0.02046384720327432;0.02046384720327432;0.04861111111111111;7404330.0;27.996.003.513.847.600;0.8878453553528813;-0.2966244805581786;0.02864631240901435
MSN;31/03/2026;75.5;76.4;75.0;75.5;5911100;0.009358288770053624;0.009358288770053624;0.01854304635761597;7220600.0;2.722.640.525.202.270;0.8186438800099715;-0.480966909835706;0.02911056188768534
MSN;01/04/2026;76.8;77.4;75.9;76.9;8282500;0.018543046357615944;0.018543046357615944;0.01953125;7127760.0;27.346.271.256.261.800;11.620.060.159.152.300;0.42226597885281447;0.02896319689738335
MSN;02/04/2026;76.6;76.7;75.3;76.1;5420300;-0.01040312093628104;0.01040312093628104;0.018276762402088847;6982400.0;2.580.259.086.542.320;0.7762803620531622;-0.6054043208867418;0.029110159712645103
MSN;03/04/2026;76.2;77.1;74.8;75.3;5241600;-0.010512483574244391;0.010512483574244391;0.030183727034120696;6949705.0;25.964.647.223.068.900;0.7542190639746579;-0.6578579656119458;0.02913337690216075
MSN;06/04/2026;75.1;76.2;74.5;75.3;4242400;0.0;0.0;0.022636484687083926;6813990.0;26.119.943.491.314.700;0.6226014420332286;-0.984531226438178;0.028551416164952798
MSN;07/04/2026;75.4;75.7;74.3;75.1;3191700;-0.0026560424966799445;0.0026560424966799445;0.018567639257294502;6809825.0;26.162.338.960.451.900;0.4686904582716883;-1.382.951.656.374.950;0.023128562050731157
MSN;08/04/2026;77.2;77.8;76.3;77.7;10008300;0.03462050599201083;0.03462050599201083;0.019430051813471502;6290690.0;220.036.177.405.827;1.590.970.147.948.790;1.689.544.893.857.780;0.02318204793967281
MSN;09/04/2026;77.6;79.5;76.8;78.0;6333100;0.0038610038610038533;0.0038610038610038533;0.03479381443298973;6262315.0;214.516.102.187.299;1.011.303.327.922.660;0.03299752292636567;0.0191367987355856
MSN;10/04/2026;78.5;78.7;77.5;78.0;3896000;0.0;0.0;0.015286624203821693;6154515.0;2.080.569.540.768.510;0.6330311974217302;-10.855.272.826.717.200;0.019131676943038793
MSN;13/04/2026;77.2;77.6;76.4;77.0;5031600;-0.012820512820512775;0.012820512820512775;0.015544041450777054;5932110.0;20.719.168.663.214.700;0.848197353049758;-0.4346265116316112;0.019061689455611357
MSN;14/04/2026;77.7;78.0;77.0;77.6;4522400;0.007792207792207684;0.007792207792207684;0.01287001287001287;5954770.0;20.587.690.305.514.800;0.7594583837830848;-0.6957409883012997;0.019301725112815134
MSN;15/04/2026;78.4;78.4;77.0;77.2;4323100;-0.005154639175257603;0.005154639175257603;0.01785714285714293;5756925.0;19.924.548.164.658.300;0.7509390864046345;-0.7196273602546638;0.0185604468536525
MSN;16/04/2026;77.2;78.8;76.7;78.0;7346700;0.010362694300518172;0.010362694300518172;0.02720207253886003;5721585.0;20.121.990.874.806.300;12.840.323.092.289.900;0.8076313174531435;0.018611935517467714
MSN;17/04/2026;78.3;82.5;78.3;79.5;13601600;0.019230769230769162;0.019230769230769162;0.053639846743295055;5678120.0;19.643.006.875.623.400;2.395.440.744.471.760;4.033.740.888.128.920;0.01871909036417343
MSN;20/04/2026;80.0;80.4;79.3;79.8;5211800;0.0037735849056603765;0.0037735849056603765;0.013750000000000106;5914155.0;2.562.077.197.874.490;0.8812416989409307;-0.27413498726060037;0.013621241882852726
MSN;21/04/2026;80.0;80.9;78.8;79.0;7452100;-0.010025062656641603;0.010025062656641603;0.026250000000000107;5759365.0;2.502.694.090.328.090;12.939.100.057.037.500;0.6763651245039253;0.013307784366990172
MSN;22/04/2026;78.9;79.2;78.1;79.0;4824100;0.0;0.0;0.013941698352344847;5947340.0;2.480.377.928.419.270;0.8111357346309442;-0.45285034475203234;0.013442580872765626
MSN;23/04/2026;79.2;79.3;77.1;78.2;6071800;-0.010126582278480956;0.010126582278480956;0.027777777777777814;5984635.0;2.456.285.000.880.930;10.145.647.980.202.600;0.03548651722773976;0.01324130196078757
MSN;24/04/2026;79.0;79.6;77.2;77.2;7800700;-0.012787723785166238;0.012787723785166238;0.03037974683544293;6087500.0;24.121.177.172.984.800;1.281.429.158.110.880;0.7102472602036771;0.012913855127820603
MSN;28/04/2026;77.2;77.9;76.7;77.4;3730200;0.002590673575129543;0.002590673575129543;0.015544041450777238;6264340.0;24.010.087.280.141.200;0.5954657633525638;-10.554.480.583.233.800;0.013090633582151052
MSN;29/04/2026;77.0;77.4;76.1;76.8;4028900;-0.007751937984496249;0.007751937984496249;0.01688311688311703;6122155.0;24.650.581.501.574.900;0.6580852657275094;-0.84917063715769;0.01240448969607056
MSN;04/05/2026;77.2;77.5;76.2;76.8;3381400;0.0;0.0;0.01683937823834193;6028045.0;25.090.757.412.315.900;0.5609447175659771;-10.548.286.592.181.000;0.012444455670141585
MSN;05/05/2026;76.9;78.4;76.6;76.6;4691700;-0.0026041666666667407;0.0026041666666667407;0.023407022106632137;5782990.0;2.516.627.691.114.480;0.8112931199950199;-0.4336318812087472;0.011733354078950204
MSN;06/05/2026;77.3;78.5;76.9;78.4;5808400;0.023498694516971508;0.023498694516971508;0.020698576972833047;5746560.0;2.527.404.646.626.550;1.010.761.220.625.900;0.024467787571151617;0.01149663825955111
MSN;07/05/2026;79.7;82.3;79.2;81.0;15769900;0.03316326530612246;0.03316326530612246;0.038895859473023764;5774900.0;2.524.620.734.205.230;2.730.765.900.708.230;39.590.105.018.869.200;0.012287385412557982
MSN;08/05/2026;81.0;82.4;80.0;80.2;8819100;-0.00987654320987652;0.00987654320987652;0.0296296296296297;6351275.0;3.340.404.900.744.970;13.885.558.411.500.000;0.7387801998044085;0.014095156089084631
MSN;11/05/2026;80.8;80.8;77.5;77.5;8192600;-0.03366583541147139;0.03366583541147139;0.04084158415841581;6632645.0;32.969.815.352.315.600;12.351.935.012.351.700;0.4731464169059819;0.014357850547885211
MSN;12/05/2026;77.7;78.0;76.6;77.7;6062900;0.002580645161290418;0.002580645161290418;0.01801801801801809;6541860.0;32.233.133.674.266.900;0.9267853485094453;-0.1485924405737734;0.014655844204661112
MSN;13/05/2026;77.7;79.3;77.5;78.9;6479900;0.015444015444015413;0.015444015444015413;0.02316602316602313;6528350.0;3.224.800.310.178.340;0.9925785229039497;-0.015024186101408729;0.01464075579885193
MSN;14/05/2026;79.3;79.5;78.6;79.1;4324500;0.0025348542458807355;0.0025348542458807355;0.011349306431273716;6657545.0;3.164.994.867.290.260;0.6495637656223128;-0.7371402159642229;0.015047444519354199
MSN;15/05/2026;79.1;79.1;77.1;77.5;4808600;-0.020227560050568805;0.020227560050568805;0.025284450063211127;6622190.0;31.879.795.614.315.400;0.7261344056875445;-0.5688838228265228;0.01471024931189693
MSN;18/05/2026;77.1;77.3;76.4;76.5;5621700;-0.012903225806451646;0.012903225806451646;0.011673151750972654;6636500.0;31.786.868.781.737.000;0.8470880735327356;-0.3192513257496589;0.015392779950864568
MSN;19/05/2026;76.8;77.4;76.3;76.5;5113200;0.0;0.0;0.014322916666666779;6701430.0;31.419.959.839.667.400;0.763001329566973;-0.5054844143991778;0.015626360860855764
MSN;20/05/2026;76.4;76.8;74.4;75.6;7861100;-0.01176470588235301;0.01176470588235301;0.031413612565444914;6589755.0;3.157.508.274.352.620;11.929.275.064.095.700;0.4026418585587591;0.015423306912405567
MSN;21/05/2026;76.0;76.9;75.8;76.2;3550000;0.00793650793650813;0.00793650793650813;0.014473684210526428;6302730.0;27.167.123.352.936.800;0.5632479893633394;-1.013.257.813.217.240;0.014844945113079622
MSN;22/05/2026;76.1;76.7;75.6;76.0;2603200;-0.002624671916010568;0.002624671916010568;0.014454664914586184;6219640.0;277.658.733.707.785;0.4185451247982198;-13.024.765.876.106.100;0.014964872396926824
MSN;25/05/2026;76.0;77.3;75.7;77.2;4612600;0.015789473684210575;0.015789473684210575;0.021052631578947295;5977195.0;28.733.200.733.050.700;0.7716997688715191;-0.4749192450496314;0.014852254535495586
MSN;26/05/2026;77.3;77.3;76.7;77.0;2637100;-0.002590673575129543;0.002590673575129543;0.007761966364812346;5966620.0;28.781.724.048.796.200;0.44197552383091265;-1.156.817.428.433.110;0.015365385937889867
MSN;27/05/2026;77.3;77.5;76.5;76.5;3270300;-0.00649350649350644;0.00649350649350644;0.0129366106080207;5794885.0;29.724.917.232.012.600;0.564342519307976;-0.8493160738833332;0.015222562598381232
MSN;28/05/2026;76.6;76.9;75.5;75.5;3042800;-0.013071895424836555;0.013071895424836555;0.018276762402088847;5568365.0;29.841.903.005.276.200;0.5464440639218154;-0.8463149952445931;0.015022450158312568
MSN;29/05/2026;75.8;75.8;74.7;74.7;3638900;-0.01059602649006619;0.01059602649006619;0.014511873350923408;5533995.0;3.010.319.490.908.250;0.6575539009341352;-0.6295328471690642;0.015267431312112103
MSN;01/06/2026;74.8;75.2;74.2;74.7;2089100;0.0;0.0;0.013368983957219251;5514495.0;3.021.823.381.316.060;0.3788379534300058;-11.335.523.515.964.600;0.015345388672466577
MSN;02/06/2026;74.7;74.8;73.2;73.2;3422300;-0.02008032128514059;0.02008032128514059;0.021419009370816523;5449880.0;3.083.032.077.884.230;0.6279587807437962;-0.6576577696173211;0.015345388672466577
MSN;03/06/2026;73.1;75.1;72.6;75.1;3872000;0.025956284153005438;0.025956284153005438;0.03419972640218878;5386410.0;3.112.388.860.818.540;0.7188461331387697;-0.4865748040242359;0.015912244215263462
MSN;04/06/2026;74.9;74.9;73.9;74.0;1879100;-0.01464713715046595;0.01464713715046595;0.013351134846461948;5289590.0;3.128.646.956.904.430;0.3552449244648451;-10.900.846.426.515.400;0.016128731464473592
MSN;05/06/2026;74.3;74.3;73.0;73.1;2864100;-0.01216216216216226;0.01216216216216226;0.017496635262449493;4595050.0;2.027.794.134.028.400;0.6233011610319801;-0.8536122927633206;0.014047746384115782
MSN;08/06/2026;72.4;72.7;70.8;70.8;5812600;-0.03146374829001364;0.03146374829001364;0.02624309392265201;4297300.0;17.992.325.878.727.200;13.526.167.593.605.200;0.8421923936980142;0.01410370086182479
MSN;09/06/2026;71.3;72.5;70.9;72.4;3417100;0.02259887005649719;0.02259887005649719;0.02244039270687229;4178300.0;15.951.748.328.532.600;0.8178206447598305;-0.47718907314908826;0.013870941831432478
MSN;10/06/2026;72.2;72.3;71.6;71.9;1527900;-0.006906077348066253;0.006906077348066253;0.009695290858725801;4046010.0;15.393.909.868.584.600;0.377631296017558;-16.357.832.555.190.300;0.01507280408544162
MSN;11/06/2026;71.5;71.8;71.0;71.0;1778000;-0.012517385257301838;0.012517385257301838;0.011188811188811149;3798410.0;15.254.975.001.790.800;0.46809059580192763;-13.244.269.490.856.600;0.014414906722715412
MSN;12/06/2026;72.0;72.2;71.1;71.1;2524400;0.0014084507042253502;0.0014084507042253502;0.015277777777777897;3671085.0;15.844.102.772.341.700;0.6876441161128113;-0.7237298422487576;0.014419257327167078
MSN;15/06/2026;72.1;72.8;71.9;72.2;2829700;0.015471167369901728;0.015471167369901728;0.012482662968099745;3556875.0;15.804.201.679.416.900;0.7955578984361272;-0.46011498381918087;0.014046254473619625
MSN;16/06/2026;72.5;73.2;72.2;73.0;1998300;0.011080332409972193;0.011080332409972193;0.013793103448275862;3417275.0;15.101.820.775.114.600;0.5847641761344932;-0.9396052443810201;0.014545709818826122
MSN;17/06/2026;73.1;73.3;72.5;72.5;2463600;-0.006849315068493178;0.006849315068493178;0.010943912448700372;3261530.0;14.865.103.356.519.200;0.755351016240844;-0.5367806606269284;0.014864992632886546
MSN;18/06/2026;72.5;73.2;72.1;72.1;2955300;-0.0055172413793104225;0.0055172413793104225;0.015172413793103566;2991655.0;10.261.974.871.365.000;0.9878478634735622;-0.03542690413464643;0.014739223493654958
MSN;19/06/2026;72.2;72.6;72.0;72.0;2203100;-0.001386962552010984;0.001386962552010984;0.008310249307479145;2961920.0;10.177.486.379.776.000;0.7438080704407951;-0.7455868489373456;0.014568452805013217
MSN;22/06/2026;72.6;72.6;71.5;71.5;1679500;-0.00694444444444442;0.00694444444444442;0.015151515151515074;2941915.0;10.290.403.619.903.700;0.5708866503620941;-1.226.788.614.547.860;0.014571242829507135
MSN;23/06/2026;71.8;72.3;70.7;71.5;3924900;0.0;0.0;0.022284122562674015;2795260.0;9.865.385.192.149.110;1.404.126.986.398.400;1.145.054.124.089.310;0.01393407681804095
MSN;24/06/2026;71.4;71.6;70.6;71.5;2086700;0.0;0.0;0.014005602240896357;2859650.0;10.172.216.352.708.800;0.7297046841396675;-0.7598639010407651;0.01395730266541523
MSN;25/06/2026;71.7;71.7;71.2;71.5;1092900;0.0;0.0;0.00697350069735007;2800470.0;10.264.612.198.688.900;0.3902559213274915;-1.663.550.426.403.920;0.013962124788351663
MSN;26/06/2026;71.4;71.5;70.9;71.4;1949700;-0.0013986013986013734;0.0013986013986013734;0.008403361344537735;2702975.0;10.926.981.587.722.300;0.7213163273800165;-0.6893715285897334;0.013784520684103104
MSN;29/06/2026;71.6;72.1;71.4;72.1;2189400;0.009803921568627194;0.009803921568627194;0.009776536312849004;2618515.0;10.817.771.403.307.200;0.8361227642385093;-0.3966759732682186;0.013657532340830895
MSN;30/06/2026;72.2;72.7;71.6;72.1;2684100;0.0;0.0;0.01523545706371203;2623530.0;10.794.235.859.939.300;10.230.872.145.544.300;0.056113281927434325;0.013912990458475135
MSN;01/07/2026;72.0;72.8;71.9;72.5;2278500;0.00554785020804438;0.00554785020804438;0.012499999999999881;2586620.0;10.631.714.852.023.500;0.8808792942140709;-0.289812136883407;0.013222494293626643
MSN;02/07/2026;72.8;73.1;71.9;72.4;3050700;-0.0013793103448275223;0.0013793103448275223;0.016483516483516328;2506945.0;1.020.632.224.330.640;12.168.994.533.186.800;0.5327629160019988;0.011766542832120547
MSN;03/07/2026;72.1;72.4;71.5;71.8;2721300;-0.008287292817679703;0.008287292817679703;0.01248266296809994;2565525.0;10.163.132.659.791.800;10.607.185.663.753.000;0.15327459083190845;0.011364987494756442
MSN;06/07/2026;71.6;71.8;69.2;70.5;4680200;-0.01810584958217265;0.01810584958217265;0.03631284916201109;2558385.0;10.146.054.370.646.000;1.829.357.192.134.880;2.091.271.071.973.250;0.011197025186133056
MSN;07/07/2026;70.4;70.4;68.3;68.6;9695900;-0.026950354609929117;0.026950354609929117;0.029829545454545574;2501765.0;8.400.227.692.872.760;3.875.623.809.590.420;8.564.214.284.457.920;0.009551488130010347
MSN;08/07/2026;68.4;69.7;67.5;69.0;10943100;0.005830903790087438;0.005830903790087438;0.03216374269005852;2815705.0;18.115.666.463.545.300;38.864.511.729.744.400;4.486.390.283.435.040;0.009758901455541551
MSN;09/07/2026;68.8;69.6;68.6;68.9;2298700;-0.0014492753623187582;0.0014492753623187582;0.014534883720930232;3286465.0;25.372.748.412.991.200;0.6994445399540236;-0.3893015387699385;0.009881133679933285
MSN;10/07/2026;68.6;69.1;68.1;68.8;2701100;-0.0014513788098694524;0.0014513788098694524;0.01457725947521866;3312500.0;2.523.616.508.943.170;0.8154264150943397;-0.24227135851795423;0.009566599990340438
MSN;13/07/2026;68.3;68.5;66.7;67.9;5488400;-0.013081395348837122;0.013081395348837122;0.026354319180087807;3321335.0;252.102.018.411.407;165.246.805.877.757;0.8595984330690887;0.009542870478324679
MSN;14/07/2026;67.3;68.4;67.1;68.4;2364800;0.007363770250368162;0.007363770250368162;0.019316493313521716;3454270.0;25.634.715.776.811.200;0.6846019564191566;-0.42499788547900214;0.008973460293688
MSN;15/07/2026;68.4;68.5;67.4;68.0;2633500;-0.005847953216374324;0.005847953216374324;0.016081871345029156;3472595.0;2.553.807.520.561.980;0.7583665817637818;-0.32856626556387863;0.008700266268473492
MSN;16/07/2026;67.5;68.0;66.7;68.0;3440100;0.0;0.0;0.019259259259259216;3481090.0;2.550.555.052.058.070;0.9882249525292365;-0.016071011667411247;0.008681097376385725
MSN;17/07/2026;67.8;68.2;67.4;68.0;2752400;0.0;0.0;0.011799410029498483;3505330.0;25.475.970.504.937.000;0.7852042461052169;-0.2955451686733928;0.008689994782659756
MSN;20/07/2026;67.8;67.8;64.6;64.8;6394700;-0.04705882352941182;0.04705882352941182;0.04719764011799414;3532795.0;25.357.525.405.322.500;18.100.965.382.933.300;11.286.215.647.049.200;0.008708109189388458
MSN;21/07/2026;64.5;66.1;64.5;64.9;4693800;0.0015432098765433278;0.0015432098765433278;0.02480620155038751;3768555.0;25.732.932.034.702.700;1.245.517.180.988.460;0.3595567729134938;0.013180127346292309
MSN;22/07/2026;65.5;67.0;63.5;63.9;9078900;-0.015408320493066396;0.015408320493066396;0.05343511450381679;3807000.0;25.814.825.860.550.100;23.847.911.741.528.700;20.421.985.522.886.800;0.013214322750901253
MSN;23/07/2026;63.9;64.6;61.7;64.0;5065800;0.0015649452269170805;0.0015649452269170805;0.04538341158059455;4156610.0;28.004.318.179.993.500;12.187.335.352.607.000;0.32466064488923385;0.013371291009917565
MSN;24/07/2026;63.9;64.0;62.8;63.9;3341400;-0.0015625000000000222;0.0015625000000000222;0.01877934272300474;4355255.0;27.111.568.685.273.700;0.767211104745876;-0.37395659829550815;0.013409795146532908
MSN;27/07/2026;65.0;65.1;63.5;63.9;4605200;0.0;0.0;0.02461538461538453;4424840.0;26.636.088.045.317.300;10.407.607.958.705.800;0.06771264597606994;0.013407246396521619
MSN;28/07/2026;63.2;66.4;63.2;65.7;5574000;0.028169014084507005;0.028169014084507005;0.050632911392405104;4545630.0;2.611.159.841.727.930;12.262.326.674.190.300;0.39383647969994706;0.012993148250720092
MSN;29/07/2026;65.8;66.6;65.1;66.3;3692600;0.00913242009132409;0.00913242009132409;0.022796352583586626;4690125.0;25.825.286.820.387.100;0.7873137709549319;-0.38625902083400143;0.015036605366769963
MSN;30/07/2026;66.0;68.1;65.9;67.9;4858200;0.024132730015083093;0.024132730015083093;0.03333333333333316;4760830.0;2.531.888.940.380.490;1.020.452.316.087.740;0.03845745302926563;0.015183670886743595
MSN;31/07/2026;67.9;67.9;66.1;66.1;3736800;-0.026509572901325607;0.026509572901325607;0.026509572901325645;4851205.0;2.499.687.917.463.000;0.770282847251353;-0.4458176527616442;0.01646395653753655
MSN;03/08/2026;66.5;68.3;66.4;68.2;4348300;0.03177004538577921;0.03177004538577921;0.028571428571428442;4901980.0;24.642.090.136.059.500;0.8870497227650868;-0.2246887325478051;0.017252987155900443
MSN;04/08/2026;68.4;68.6;67.7;68.4;3115600;0.0029325513196480912;0.0029325513196480912;0.01315789473684198;4885385.0;24.668.972.893.249.800;0.6377388885420494;-0.7174133303637723;0.018652264825203834
MSN;05/08/2026;68.8;69.4;67.0;67.2;4183900;-0.01754385964912286;0.01754385964912286;0.03488372093023264;4556370.0;22.177.766.185.030.800;0.9182529074680064;-0.167947482578928;0.017676850813423635
MSN;06/08/2026;67.5;67.5;66.4;66.5;2286900;-0.01041666666666674;0.01041666666666674;0.01629629629629621;4218410.0;16.305.666.441.293.900;0.5421236911537759;-11.845.636.650.020.400;0.01804028113053199
MSN;07/08/2026;66.3;67.8;66.2;67.4;3169000;0.013533834586466176;0.013533834586466176;0.02413273001508287;4217820.0;16.312.997.961.264.200;0.7513359982170884;-0.6429351628011338;0.01815876039266219
MSN;10/08/2026;67.4;68.1;66.9;67.7;3056100;0.004451038575667532;0.004451038575667532;0.017804154302670454;4241215.0;1.611.639.877.259.710;0.7205718172740594;-0.7353472799488333;0.018472257015432758
MSN;11/08/2026;67.8;68.2;67.1;67.1;2876400;-0.00886262924667669;0.00886262924667669;0.0162241887905606;4119600.0;16.043.280.567.528.000;0.6982231284590737;-0.7749038575790204;0.018276946077002677
MSN;12/08/2026;67.2;67.8;66.9;67.2;2039300;0.0014903129657228842;0.0014903129657228842;0.013392857142857015;4145180.0;1.578.750.975.863.350;0.4919689856652787;-13.338.899.118.326.000;0.01829357613742374
MSN;13/08/2026;67.5;68.3;67.4;67.6;5681100;0.005952380952380931;0.005952380952380931;0.013333333333333208;4115470.0;16.138.958.862.591.500;13.804.255.650.022.900;0.9700935564244914;0.0182605420763091
MSN;14/08/2026;67.4;67.9;65.8;66.3;6325400;-0.019230769230769162;0.019230769230769162;0.031157270029673716;4227520.0;16.420.864.024.962.700;14.962.436.605.858.700;12.775.698.019.366.200;0.01831637755368186
MSN;17/08/2026;66.3;66.9;65.9;66.9;3306800;0.009049773755656298;0.009049773755656298;0.015082956259426848;4406170.0;16.673.223.466.005.800;0.7504930585973759;-0.6593626015038089;0.018807141062282675
MSN;18/08/2026;66.9;67.3;66.1;66.8;2283000;-0.001494768310911887;0.001494768310911887;0.017937219730941745;4251775.0;16.156.621.399.273.800;0.5369522140752979;-12.185.561.271.420.700;0.015480740297740108
MSN;19/08/2026;66.7;66.8;65.5;66.4;3507000;-0.0059880239520956335;0.0059880239520956335;0.019490254872563676;4131235.0;16.699.670.643.695.200;0.8488986949423114;-0.3738007852482247;0.015497352361903591
MSN;20/08/2026;66.5;68.9;66.3;68.1;7132100;0.02560240963855409;0.02560240963855409;0.03909774436090238;3852640.0;11.996.707.185.943.300;18.512.240.956.850.300;2.733.633.445.552.940;0.01509243358521948
MSN;21/08/2026;68.2;70.2;67.9;69.8;7435200;0.02496328928046987;0.02496328928046987;0.033724340175953035;3955955.0;13.843.981.734.332.300;18.794.955.958.801.300;2.513.182.310.383.760;0.015984323255921962
MSN;24/08/2026;70.7;70.8;69.5;70.0;4715100;0.002865329512893977;0.002865329512893977;0.018387553041018346;4160645.0;15.778.752.493.797.700;11.332.617.899.388.100;0.35139343254033817;0.016652231807493287
MSN;25/08/2026;70.0;70.5;69.0;69.5;4643500;-0.0071428571428571175;0.0071428571428571175;0.02142857142857143;4166140.0;15.796.952.245.690.700;11.145.808.830.236.100;0.3021848724840072;0.016623266056020297
MSN;26/08/2026;69.5;70.3;69.1;70.1;3819500;0.008633093525179714;0.008633093525179714;0.017266187050359753;4119615.0;15.494.619.494.911.900;0.9271497457893517;-0.19368981606715135;0.01585698359896052
MSN;27/08/2026;70.3;71.1;69.6;70.2;4810800;0.0014265335235379428;0.0014265335235379428;0.021337126600284497;4125960.0;15.478.803.222.471.700;11.659.831.893.668.300;0.44243730613860816;0.015847101321037328
MSN;28/08/2026;70.6;70.6;69.8;70.2;3335400;0.0;0.0;0.01133144475920676;4123590.0;15.467.360.271.841.700;0.8088583006554968;-0.5095827511271561;0.015039372119913845
MSN;03/09/2026;69.5;69.6;68.3;69.0;5466400;-0.017094017094017144;0.017094017094017144;0.018705035971222982;4103520.0;15.546.032.713.068.300;13.321.246.149.647.100;0.8766738274353002;0.013505391585258474
MSN;04/09/2026;68.5;69.1;68.5;69.0;2788500;0.0;0.0;0.008759124087591158;4159425.0;1.583.700.738.568.400;0.6704051641753367;-0.8656464991228415;0.01242220961728899
MWG;05/05/2025;59.12;59.21;59.02;59.21;5099700;;;0.003213802435723913;;;;;
MWG;06/05/2025;59.21;59.4;58.34;58.73;4110300;-0.008106738726566531;0.008106738726566531;0.017902381354500847;;;;;
MWG;07/05/2025;58.14;58.73;57.37;58.34;7742800;-0.006640558487995829;0.006640558487995829;0.023391812865497064;;;;;
MWG;08/05/2025;58.34;58.53;57.17;58.53;9463100;0.0032567706547823594;0.0032567706547823594;0.023311621528968107;;;;;
MWG;09/05/2025;58.53;59.21;58.34;58.63;4780000;0.001708525542456929;0.001708525542456929;0.014864172219374635;;;;;
MWG;12/05/2025;58.92;59.12;58.34;59.02;6434100;0.006651884700665134;0.006651884700665134;0.013238289205702546;;;;;
MWG;13/05/2025;59.4;61.84;59.21;61.64;17084400;0.04439173161640109;0.04439173161640109;0.04427609427609432;;;;;
MWG;14/05/2025;61.94;62.42;61.74;62.12;9926500;0.0077871512005189825;0.0077871512005189825;0.01097836616080077;;;;;
MWG;15/05/2025;62.12;62.7;61.16;62.42;9777600;0.004829362524146896;0.004829362524146896;0.02479072762395374;;;;;
MWG;16/05/2025;61.94;62.61;61.64;61.94;5354600;-0.007689842999038854;0.007689842999038854;0.015660316435259912;;;;;
MWG;19/05/2025;61.64;62.52;61.25;61.84;6532900;-0.0016144656118823875;0.0016144656118823875;0.020603504218040285;;;;;
MWG;20/05/2025;61.64;63.29;61.44;62.8;11898400;0.015523932729624823;0.015523932729624823;0.03001297858533422;;;;;
MWG;21/05/2025;63.0;63.0;61.74;62.42;6780600;-0.006050955414012682;0.006050955414012682;0.01999999999999997;;;;;
MWG;22/05/2025;62.02;62.9;61.74;62.42;8712800;0.0;0.0;0.018703643985810973;;;;;
MWG;23/05/2025;62.32;62.42;61.44;62.32;7274000;-0.001602050624799789;0.001602050624799789;0.01572528883183575;;;;;
MWG;26/05/2025;62.32;63.1;60.57;62.61;7017400;0.004653401797175771;0.004653401797175771;0.040596919127086024;;;;;
MWG;27/05/2025;62.9;63.0;61.64;62.42;8162000;-0.003034659000159645;0.003034659000159645;0.021621621621621612;;;;;
MWG;28/05/2025;62.42;63.58;62.12;62.52;10272900;0.001602050624799789;0.001602050624799789;0.02338993912207627;;;;;
MWG;29/05/2025;62.61;62.7;61.54;62.42;7333000;-0.0015994881637876324;0.0015994881637876324;0.01852739179044887;;;;;
MWG;30/05/2025;61.94;62.02;60.28;60.28;12817900;-0.03428388337071453;0.03428388337071453;0.02809170164675496;;;;;
MWG;02/06/2025;60.18;60.18;58.24;59.21;14330200;-0.01775049767750503;0.01775049767750503;0.03223662346294446;8328750.0;30.991.495.562.662.400;172.057.031.367.252;19.364.828.611.983.300;
MWG;03/06/2025;59.21;60.96;59.21;60.57;6563500;0.02296909305860506;0.02296909305860506;0.029555818273940212;8790275.0;32.752.690.781.988.000;0.7466774361439205;-0.6798754382722617;0.01467245484194427
MWG;04/06/2025;60.96;60.96;59.31;59.5;6679500;-0.017665510979032573;0.017665510979032573;0.027066929133858244;8912935.0;31.336.527.747.855.200;0.7494164380195749;-0.7127257422937865;0.015385568699931651
MWG;05/06/2025;59.21;60.38;59.21;59.89;5366600;0.006554621848739561;0.006554621848739561;0.01976017564600577;8859770.0;31.634.283.549.572.200;0.6057267852325737;-11.042.355.343.771.400;0.015887756635566897
MWG;06/06/2025;59.4;59.5;58.63;58.73;6292000;-0.019368842878610848;0.019368842878610848;0.014646464646464604;8654945.0;3.253.641.394.285.060;0.7269832448386443;-0.72624629258481;0.015928335612125078
MWG;09/06/2025;58.73;58.92;58.14;58.73;7249100;0.0;0.0;0.013281116975991847;8730545.0;3.175.493.888.229.700;0.8303147168933899;-0.4665242800469964;0.01658160217319585
MWG;10/06/2025;59.21;61.06;58.82;59.7;10555000;0.0165162608547591;0.0165162608547591;0.03783144739064351;8771295.0;31.495.970.974.538.100;12.033.570.869.523.800;0.5663279920603109;0.01651226571464454
MWG;11/06/2025;59.7;60.38;59.7;60.08;4240600;0.006365159128978171;0.006365159128978171;0.011390284757118922;8444825.0;25.175.333.711.006.200;0.5021536858371843;-16.699.778.633.567.700;0.013450112249917207
MWG;12/06/2025;60.67;61.64;60.28;61.64;10592900;0.025965379494008012;0.025965379494008012;0.022416350749958784;8160530.0;26.585.035.890.020.600;12.980.651.991.966.200;0.9149395208877842;0.013402045052862695
MWG;13/06/2025;60.86;61.54;59.99;61.34;8830700;-0.004866969500324392;0.004866969500324392;0.025468287873808695;8201295.0;26.906.608.271.604.500;10.767.445.872.877.300;0.23392208845000811;0.014704297175150257
MWG;16/06/2025;61.16;62.42;60.76;62.42;8355900;0.017606781871535748;0.017606781871535748;0.027141922825376124;8375100.0;26.081.024.834.562.200;0.9977074900598202;-0.007361673907290793;0.014645338674370706
MWG;17/06/2025;62.52;62.61;61.94;62.52;5183800;0.001602050624799789;0.001602050624799789;0.010716570697376866;8466250.0;2.571.936.338.636.700;0.6122899749003395;-12.762.563.173.472.200;0.015181235978887276
MWG;18/06/2025;62.42;63.38;61.74;61.84;7677600;-0.010876519513755567;0.010876519513755567;0.026273630246715803;8130520.0;2.538.366.712.671.750;0.9442938459040751;-0.17842969565389552;0.01477349864728478
MWG;19/06/2025;61.74;62.42;61.25;62.12;7897700;0.004527813712807083;0.004527813712807083;0.018950437317784282;8175370.0;25.211.257.704.905.500;0.9660357879826845;-0.11013730582190352;0.01491420538379283
MWG;20/06/2025;62.12;62.7;61.84;62.22;4814200;0.0016097875080489654;0.0016097875080489654;0.013844172569220855;8134615.0;25.185.676.598.280.100;0.5918165764452282;-13.183.743.494.215.800;0.014954279722542207
MWG;23/06/2025;62.02;63.1;61.34;63.1;7778400;0.014143362262938108;0.014143362262938108;0.028377942599161526;8011625.0;26.207.918.136.308.900;0.9708891766651584;-0.08899028102384268;0.014954933794334048
MWG;24/06/2025;63.88;63.97;63.0;63.0;8021100;-0.0015847860538827918;0.0015847860538827918;0.015184721352535986;8049675.0;2.611.103.813.549.270;0.9964501672427769;-0.01094364760670238;0.015256972921014357
MWG;25/06/2025;62.9;63.29;62.61;63.1;6367900;0.0015873015873015817;0.0015873015873015817;0.010810810810810806;8042630.0;261.097.487.703.852;0.7917683643285841;-0.6414194233456397;0.015242727904204282
MWG;26/06/2025;63.1;63.38;62.32;62.61;5205000;-0.0077654516640254245;0.0077654516640254245;0.01679873217115693;7847380.0;25.812.560.326.117.800;0.6632786993875663;-10.236.799.320.237.700;0.015242675869452478
MWG;27/06/2025;62.8;64.36;62.7;63.88;11065400;0.020284299632646663;0.020284299632646663;0.026433121019108226;7740980.0;26.466.059.445.816.100;14.294.572.521.825.400;12.561.069.043.187.400;0.015350892006330606
MWG;30/06/2025;64.26;64.36;63.48;63.58;5031900;-0.004696305572949311;0.004696305572949311;0.013694366635543145;7653355.0;24.942.990.401.218.100;0.6574763616740632;-10.509.786.348.119.500;0.013641445247266395
MWG;01/07/2025;63.58;63.88;62.42;62.61;7109600;-0.015256369927650226;0.015256369927650226;0.02296319597357661;7188440.0;20.023.390.841.187.300;0.9890323908942691;-0.03937395050883637;0.01288820834142239
MWG;02/07/2025;62.61;63.2;62.42;62.9;5786300;0.004631847947612178;0.004631847947612178;0.01245807379012939;7215745.0;19.970.850.972.763.100;0.8018991801955307;-0.7157656936850206;0.01270479198578882
MWG;03/07/2025;62.8;64.65;62.8;63.48;12680700;0.009220985691573924;0.009220985691573924;0.029458598726114785;7171085.0;20.195.686.463.033.500;17.683.098.164.364.200;27.281.147.437.522.600;0.011863292202374542
MWG;04/07/2025;63.97;64.55;63.58;64.36;6182500;0.013862633900441068;0.013862633900441068;0.015163357823979973;7536790.0;23.160.695.064.790.400;0.8203094420834334;-0.5847363372348994;0.011921964655175497
MWG;07/07/2025;64.65;64.84;63.88;64.55;6683300;0.0029521441889373;0.0029521441889373;0.014849187935034815;7531315.0;23.192.941.413.226.700;0.8874014697300537;-0.36563495112197536;0.010916245312420267
MWG;08/07/2025;64.65;65.33;64.06;65.23;8520700;0.010534469403563174;0.010534469403563174;0.01964423820572306;7503025.0;23.263.576.524.766.800;11.356.352.937.648.400;0.4374542319047817;0.010870008263491682
MWG;09/07/2025;65.52;65.72;64.84;65.72;7522700;0.007511881036332824;0.007511881036332824;0.013431013431013362;7401310.0;22.282.994.554.261.800;10.164.011.506.071.200;0.05447652006753417;0.010609595327183821
MWG;10/07/2025;66.01;66.4;65.33;66.01;6943600;0.004412659768715965;0.004412659768715965;0.016209665202242197;7565415.0;21.004.647.306.013.000;0.9178082101246263;-0.29603686790874734;0.010623338462587133
MWG;11/07/2025;66.01;66.1;65.33;65.91;5780200;-0.001514921981518036;0.001514921981518036;0.011664899257688167;7382950.0;19.785.987.672.034.300;0.7829119796287392;-0.8100429589700692;0.009353899475926887
MWG;14/07/2025;65.91;66.98;64.46;66.98;8671000;0.016234258837809268;0.016234258837809268;0.03823395539371886;7230425.0;19.786.991.811.142.200;11.992.379.424.446.000;0.7280414394212253;0.009225770251994149
MWG;15/07/2025;67.37;69.31;67.27;67.27;10076100;0.004329650641982541;0.004329650641982541;0.030280540299836813;7246180.0;19.893.579.563.583.600;13.905.395.670.546.400;14.225.293.094.965.800;0.009120916382254015
MWG;16/07/2025;67.17;67.95;66.49;67.95;6383800;0.01010851791288836;0.01010851791288836;0.02173589400029787;7490795.0;20.229.168.943.761.900;0.852219290475844;-0.5472271268669013;0.009110311350406738
MWG;17/07/2025;67.75;68.73;67.56;68.43;6844300;0.007064017660044275;0.007064017660044275;0.017269372693726963;7426105.0;20.372.647.861.584.000;0.9216540838030165;-0.28558143445707335;0.008532356809110611
MWG;18/07/2025;68.43;69.89;67.66;68.63;7740900;0.002922694724535768;0.002922694724535768;0.032588046178576704;7373435.0;20.380.475.822.850.300;1.049.836.338.151.750;0.1803024635901787;0.008547609413602615
MWG;21/07/2025;68.92;68.92;67.17;67.95;7601100;-0.009908203409587535;0.009908203409587535;0.025391758560650027;7519770.0;19.476.867.399.423.700;10.108.154.903.673.900;0.041757228373596744;0.00852615877879658
MWG;22/07/2025;67.95;68.34;66.98;68.34;7908200;0.005739514348785946;0.005739514348785946;0.020014716703458415;7510905.0;1.946.850.931.355.820;1.052.895.756.237.090;0.20407058064960093;0.008851094321181143
MWG;23/07/2025;68.73;68.92;67.95;68.43;7547700;0.0013169446883232183;0.0013169446883232183;0.014113196566273807;7505260.0;19.454.569.141.031.000;100.565.470.083.648;0.021814926710708313;0.008770050109014639
MWG;24/07/2025;68.93;68.93;67.74;68.43;6607100;0.0;0.0;0.017263890903815637;7564250.0;19.269.537.791.140.900;0.8734639918035496;-0.49671663657653603;0.008774354974885983
MWG;25/07/2025;68.43;70.01;68.14;69.02;6469000;0.008621949437381149;0.008621949437381149;0.027327195674411872;7634355.0;1.860.979.479.078.860;0.8473538367026422;-0.6262051855492905;0.008384867900000698
MWG;28/07/2025;69.52;69.91;68.53;69.12;9571200;0.0014488554042306756;0.0014488554042306756;0.019850402761795102;7404535.0;16.910.178.443.065.400;12.926.132.431.003.400;12.812.786.141.168.700;0.007596984499816324
MWG;29/07/2025;69.12;69.12;65.38;65.58;18358200;-0.0512152777777779;0.0512152777777779;0.054108796296296426;7631500.0;16.601.531.920.436.200;24.055.821.267.116.500;6.461.271.195.579.000;0.007351113349679655
MWG;30/07/2025;66.46;66.86;65.09;66.07;13161600;0.007471790179932825;0.007471790179932825;0.026632560938910567;8193930.0;290.941.508.845.805;16.062.621.965.284.000;17.074.462.903.926.100;0.01387012837040107
MWG;31/07/2025;66.17;66.76;64.2;64.3;14552200;-0.02678976842742542;0.02678976842742542;0.03868822729333538;8562695.0;305.209.623.813.139;16.994.883.036.240.300;19.624.233.748.497.400;0.013908515783709975
MWG;01/08/2025;64.4;65.68;64.2;64.2;8228000;-0.0015552099533435726;0.0015552099533435726;0.022981366459627388;8656270.0;32.096.205.452.227.100;0.9505248796537077;-0.13343321865179608;0.015264998166502607
MWG;04/08/2025;64.2;65.97;64.2;65.97;8211500;0.027570093457943923;0.027570093457943923;0.027570093457943864;8758545.0;31.588.329.832.850.300;0.9375415665501519;-0.1731794630785128;0.014954370237098526
MWG;05/08/2025;66.27;68.43;64.99;68.24;15697200;0.03440958011217221;0.03440958011217221;0.051908857703335025;8834955.0;31.242.863.367.790.400;1.776.715.331.317.470;21.964.200.013.352.700;0.016174860947678126
MWG;06/08/2025;67.84;71.29;67.45;71.29;18002400;0.044695193434935776;0.044695193434935776;0.05660377358490571;9193780.0;3.478.344.129.580.830;19.581.064.589.320.100;2.532.417.630.874.690;0.017707289089032893
MWG;07/08/2025;71.58;71.68;70.5;71.29;8095800;0.0;0.0;0.016485051690416412;9717765.0;3.968.207.550.582.500;0.8330927944851517;-0.40873996113482214;0.020066166988062722
MWG;08/08/2025;71.49;71.68;69.42;70.9;11116900;-0.005470612989199042;0.005470612989199042;0.031612812980836555;9775375.0;3.934.029.358.635.390;11.372.351.444.317.900;0.34100533516743664;0.020088740556329383
MWG;11/08/2025;70.9;72.57;70.6;70.99;10677600;0.0012693935119885147;0.0012693935119885147;0.027785613540197443;10042210.0;38.283.526.799.395.000;10.632.719.291.869.000;0.16596955743639596;0.02016571332053698
MWG;12/08/2025;71.19;71.39;69.91;71.09;7809000;0.0014086491055078643;0.0014086491055078643;0.020789436718640315;10142540.0;38.168.020.646.112.900;0.7699254821770484;-0.6113861710661302;0.01995857181304907
MWG;13/08/2025;71.39;71.39;68.93;69.81;11739600;-0.018005345336896905;0.018005345336896905;0.0344586076481299;10029185.0;38.523.785.512.842.200;1.170.543.768.013.050;0.44398933729651746;0.019959798687130458
MWG;14/08/2025;69.91;70.8;69.02;70.8;9930500;0.014181349376880092;0.014181349376880092;0.025461307395222448;10296975.0;3.770.927.901.566.900;0.9644094503482818;-0.0971843030591281;0.020414319450878984
MWG;15/08/2025;70.9;71.19;68.73;69.42;9112800;-0.019491525423728784;0.019491525423728784;0.03469675599435816;10451285.0;36.843.563.694.533.600;0.8719310591951134;-0.3632886902844817;0.02057689327049961
MWG;18/08/2025;69.52;69.91;68.14;68.93;8199100;-0.007058484586574432;0.007058484586574432;0.025460299194476354;10519880.0;36.437.863.841.426.100;0.7793910196694259;-0.6369143948997105;0.021121757189771075
MWG;19/08/2025;68.93;68.93;66.96;66.96;14132300;-0.028579718555056033;0.028579718555056033;0.02857971855505604;10549780.0;3.620.957.041.068.440;1.339.582.436.790.150;0.9893848392476089;0.021055333447186356
MWG;20/08/2025;67.45;69.62;67.06;68.34;11461600;0.020609318996415826;0.020609318996415826;0.03795404002965162;10860985.0;36.493.316.012.769.900;1.055.300.232.897.840;0.16458219356931802;0.022018932344750646
MWG;21/08/2025;68.34;70.5;68.14;69.91;12495000;0.022973368451858267;0.022973368451858267;0.03453321627158325;11056680.0;35.663.024.623.919.800;11.300.860.656.182.500;0.40330847289808724;0.022532622388718962
MWG;22/08/2025;68.83;69.52;67.35;69.22;10901700;-0.009869832641968168;0.009869832641968168;0.031526950457649305;11351075.0;3.419.667.464.115.700;0.9604112385831298;-0.13140897608189042;0.0231015630408254
MWG;25/08/2025;69.22;69.52;67.55;67.74;6387100;-0.021381103727246553;0.021381103727246553;0.028459982663969936;11572710.0;32.246.846.101.024.400;0.5519104859622336;-16.080.983.497.593.100;0.023164096256875655
MWG;26/08/2025;67.94;72.47;67.55;72.47;16810900;0.06982580454679654;0.06982580454679654;0.07241683838681193;11413505.0;3.402.404.799.778.030;14.728.954.865.310.800;15.863.471.037.755.700;0.02366675653124532
MWG;27/08/2025;73.85;75.43;73.46;73.85;12565000;0.019042362356837206;0.019042362356837206;0.026675693974272354;11336140.0;32.503.780.127.370.000;11.084.019.780.983.600;0.3780667956725524;0.025486595544932523
MWG;28/08/2025;73.85;76.11;73.36;76.11;11875600;0.030602572782667536;0.030602572782667536;0.037237643872714964;11306310.0;3.235.446.633.107.110;10.503.515.293.672.200;0.17595406896057803;0.02566890403957045
MWG;29/08/2025;76.8;77.0;75.43;76.8;9402500;0.009065825778478587;0.009065825778478587;0.020442708333333247;11172480.0;31.483.016.577.196;0.8415768030016613;-0.562201527182133;0.02502325721888561
MWG;03/09/2025;75.72;76.41;74.54;74.64;8068800;-0.028124999999999956;0.028124999999999956;0.02469624933967235;11231205.0;3.101.087.733.186.700;0.7184269185719608;-10.197.728.255.660.400;0.024905273099160997
MWG;04/09/2025;74.83;76.31;72.77;76.31;12031500;0.022374062165058994;0.022374062165058994;0.04730722972070034;11224070.0;31.085.563.274.867.400;10.719.373.631.846.500;0.25974436842609955;0.025849550380344727
MWG;05/09/2025;76.8;77.1;73.85;73.85;9769500;-0.032236928318700175;0.032236928318700175;0.042317708333333336;11040785.0;29.341.053.488.557.900;0.8848555605421172;-0.43327858029901994;0.02529999673518965
MWG;08/09/2025;73.36;75.62;72.87;72.87;13715000;-0.013270142180094702;0.013270142180094702;0.037486368593238825;10629140.0;2.442.319.430.248.300;12.903.207.597.227.900;12.634.956.598.147.600;0.024937445365922475
MWG;09/09/2025;73.46;74.83;72.57;74.83;6933700;0.026897214217098897;0.026897214217098897;0.03076504219983672;10910100.0;24.587.064.393.165.800;0.6355303801065069;-1.617.273.187.402.260;0.025170497449426475
MWG;10/09/2025;74.44;75.13;73.36;74.34;7770800;-0.006548175865294548;0.006548175865294548;0.02377753895754965;10700940.0;2.613.261.144.200.750;0.7261791954725473;-11.212.580.137.666.000;0.02574008122980393
MWG;11/09/2025;74.24;78.18;72.87;77.59;18120100;0.043718052192628365;0.043718052192628365;0.07152478448275866;10555600.0;2.694.206.686.284.670;17.166.338.246.996.800;2.807.691.050.025.370;0.025827139988316074
MWG;12/09/2025;77.59;78.18;76.61;77.79;7900100;0.0025776517592472903;0.0025776517592472903;0.0202345663100916;11071155.0;3.097.351.612.600.500;0.7135750515641773;-1.023.795.615.292.640;0.027407067761854035
MWG;15/09/2025;77.79;78.38;76.9;78.28;8395500;0.0062990101555469025;0.0062990101555469025;0.019025581694305047;10879180.0;31.718.319.155.704.800;0.7717033820563682;-0.7830427545065175;0.02688973491385736
MWG;16/09/2025;78.38;80.15;77.69;79.07;8927700;0.010091977516606843;0.010091977516606843;0.03138555754018893;10802430.0;32.142.830.719.183.700;0.8264529369780689;-0.5832498128054127;0.026817559012127904
MWG;17/09/2025;78.58;79.86;76.8;76.8;8298600;-0.028708739091943825;0.028708739091943825;0.03894120641384579;10793175.0;3.219.666.112.122.900;0.7688747750314435;-0.7747930726752249;0.02618237496372918
MWG;18/09/2025;76.8;77.3;75.52;77.3;8718800;0.006510416666666741;0.006510416666666741;0.023177083333333348;10798150.0;32.155.210.096.785.500;0.8074346068539519;-0.6466603681771204;0.02721491143652672
MWG;19/09/2025;77.3;77.69;76.21;77.39;4279300;0.0011642949547219228;0.0011642949547219228;0.019146183699870686;10527475.0;31.472.107.366.557.100;0.406488735428011;-19.853.055.682.694.500;0.02598745113001062
MWG;22/09/2025;76.71;76.71;74.83;75.33;8126100;-0.02661842615324983;0.02661842615324983;0.02450788684656493;10168360.0;34.319.060.428.188.900;0.7991554193596607;-0.5950803939616401;0.025835366171102467
MWG;23/09/2025;75.62;77.0;75.13;76.61;4466900;0.01699190229656189;0.01699190229656189;0.02472890769637668;9949915.0;3.415.019.538.400.600;0.448938508519922;-160.555.889.603.136;0.026546206255857182
MWG;24/09/2025;76.51;77.99;75.92;77.99;4391900;0.018013314188748186;0.018013314188748186;0.027055286890602444;9628175.0;3.617.734.364.848.420;0.45615082816837044;-14.473.906.793.373.300;0.0264832320119073
MWG;25/09/2025;77.59;77.79;76.9;77.79;5302400;-0.0025644313373508476;0.0025644313373508476;0.011470550328650606;9528415.0;37.373.435.846.551.600;0.5564828987822213;-11.307.536.768.498.400;0.02584271059787037
MWG;26/09/2025;77.1;77.89;76.71;76.71;4081700;-0.013883532587736336;0.013883532587736336;0.0153047989623866;8952990.0;34.304.314.652.517.700;0.4559035584759952;-14.200.225.392.471.000;0.021308448290860843
MWG;29/09/2025;76.71;76.71;75.43;75.82;6021900;-0.01160213792204412;0.01160213792204412;0.016686220831703652;8528825.0;34.843.550.471.508;0.7060644344326445;-0.7194803532004993;0.02133780957909677
MWG;30/09/2025;75.62;76.61;75.03;76.51;7817600;0.009100501187021992;0.009100501187021992;0.020893943401216586;8236140.0;3.433.920.206.196.740;0.9491825053969457;-0.12188402026486102;0.02044055737117179
MWG;01/10/2025;76.31;77.1;76.02;76.51;4989600;0.0;0.0;0.014152797798453654;8156895.0;34.238.600.588.524.700;0.611703350355742;-0.9250655533688893;0.020441367609188306
MWG;02/10/2025;76.61;77.3;75.72;75.92;4725900;-0.007711410273166908;0.007711410273166908;0.0206239394334943;8002935.0;34.964.904.178.897.300;0.5905208526621796;-0.9372355157140158;0.019341890103696066
MWG;03/10/2025;75.82;76.21;74.24;75.82;9671700;-0.0013171759747103717;0.0013171759747103717;0.02598259034555525;7637655.0;34.345.343.089.634.900;12.663.179.994.383.000;0.5922331288674335;0.01878806387570042
MWG;06/10/2025;77.2;77.49;76.02;76.41;9452100;0.007781587971511517;0.007781587971511517;0.019041450777202058;7632765.0;3.431.407.492.295.860;12.383.585.764.791.600;0.5302008007165392;0.017209317908263
MWG;07/10/2025;76.8;78.28;76.31;76.8;7199900;0.005104043973301886;0.005104043973301886;0.025651041666666652;7419620.0;31.549.824.556.355.900;0.970386623573714;-0.0696422256192026;0.016902202315025344
MWG;08/10/2025;77.79;80.05;77.3;79.56;17337700;0.03593750000000018;0.03593750000000018;0.03535158760766165;7432930.0;31.533.857.086.429.600;23.325.525.734.804.400;31.409.953.983.277.300;0.01592124116839887
MWG;09/10/2025;79.56;80.64;79.27;80.25;7782900;0.008672699849170407;0.008672699849170407;0.01721970839617904;7911275.0;3.854.914.982.730.350;0.9837731591936825;-0.03330164233844525;0.017552855902097955
MWG;10/10/2025;80.15;80.74;79.36;80.74;7593200;0.00610591900311519;0.00610591900311519;0.0172177167810355;7394415.0;30.157.525.727.899.900;10.268.831.273.332.600;0.06591555348192772;0.014876523240682227
MWG;13/10/2025;79.95;81.73;79.76;81.73;7962500;0.012261580381471404;0.012261580381471404;0.024640400250156333;7379070.0;30.138.242.606.013.800;10.790.655.190.965.700;0.19358461195862214;0.014907219166093177
MWG;14/10/2025;82.61;83.7;81.14;82.91;12093100;0.01443778294383935;0.01443778294383935;0.030988984384457116;7357420.0;30.076.873.697.769.400;16.436.604.135.688.800;15.745.253.471.444.400;0.015057253290959745
MWG;15/10/2025;82.71;83.4;81.73;82.02;5687400;-0.01073453141961167;0.01073453141961167;0.020191028896143173;7515690.0;31.733.875.383.122.900;0.7567369063918283;-0.5761319655815939;0.015206740949362215
MWG;16/10/2025;82.02;83.5;81.73;83.2;6629400;0.014386734942696933;0.014386734942696933;0.02158010241404531;7385130.0;319.313.539.101.749;0.8976686937129069;-0.2366733343427656;0.01372521915504638
MWG;17/10/2025;83.5;84.58;82.51;83.2;9880500;0.0;0.0;0.024790419161676566;7280660.0;3.181.362.927.293.560;13.570.885.057.123.900;0.8172094977581582;0.01393114413498518
MWG;20/10/2025;85.67;86.55;78.58;79.66;14226400;-0.04254807692307705;0.04254807692307705;0.09303139955643748;7560720.0;314.962.542.076.957;18.816.197.399.189.400;21.163.405.514.968.500;0.013945059262074958
MWG;21/10/2025;81.04;81.73;79.27;81.73;12062300;0.025985438111975956;0.025985438111975956;0.030355380059230105;7865735.0;3.484.806.253.358.620;15.335.248.390.646.200;12.042.462.894.329.800;0.016063026149068765
MWG;22/10/2025;81.73;83.2;80.35;83.2;8203100;0.017986051633427147;0.017986051633427147;0.03487091643215476;8245505.0;35.086.973.983.419.500;0.9948571979520964;-0.012085681717676383;0.01659473310003774
MWG;23/10/2025;84.68;85.47;83.3;84.39;9156600;0.014302884615384537;0.014302884615384537;0.02562588568729336;8436065.0;33.898.723.438.586.700;10.854.112.669.828.800;0.2125552017630903;0.016593468142109106
MWG;24/10/2025;84.19;84.58;81.53;84.39;9652900;0.0;0.0;0.036227580472740196;8628775.0;3.310.986.711.870.670;11.186.871.832.907.900;0.30931111753733936;0.016704251183845956
MWG;27/10/2025;84.39;84.39;79.76;79.76;9884200;-0.05486432041711098;0.05486432041711098;0.05486432041711098;8907335.0;31.381.443.947.649.500;11.096.697.272.528.700;0.31128746071391833;0.016193285260481544
MWG;28/10/2025;79.66;83.11;79.17;82.91;8277300;0.039493480441323836;0.039493480441323836;0.04946020587496859;9100450.0;30.693.194.568.005.900;0.9095484289238445;-0.26818648615287377;0.020760217754484993
MWG;29/10/2025;81.73;83.11;81.73;82.81;5076100;-0.0012061271257990391;0.0012061271257990391;0.016884864798727462;9123435.0;3.060.916.806.461.570;0.5563803545484787;-13.222.623.337.740.100;0.022304893039880647
MWG;30/10/2025;82.91;83.11;82.22;82.61;5652200;-0.0024151672503320842;0.0024151672503320842;0.010734531419611634;9127760.0;30.548.234.242.019;0.6192318816445656;-11.377.286.073.115.700;0.022318654809148818
MWG;31/10/2025;82.61;82.71;80.74;81.33;6453200;-0.015494492192228537;0.015494492192228537;0.02384699188960173;9174075.0;29.909.268.162.006.900;0.7034169657431403;-0.9097096542991535;0.02220095031863696
MWG;03/11/2025;81.73;82.02;79.76;79.76;6146600;-0.01930406983892774;0.01930406983892774;0.027652024960234806;9013150.0;30.487.686.400.457.300;0.6819591374824562;-0.9402320538028759;0.022617831035258145
MWG;04/11/2025;79.66;80.74;77.3;80.55;13681700;0.009904714142427107;0.009904714142427107;0.04318353000251064;8847875.0;3.112.647.624.717.240;15.463.260.952.488.500;15.529.624.881.451.500;0.023168532252330374
MWG;05/11/2025;80.25;80.25;78.87;78.97;4679900;-0.01961514587212909;0.01961514587212909;0.017196261682242933;9171965.0;3.265.709.284.169.440;0.5102396269501682;-13.755.250.725.394.700;0.02322276773105701
MWG;06/11/2025;79.07;79.76;77.59;79.07;4495500;0.0012663036596174404;0.0012663036596174404;0.027444036929303174;8539075.0;2.792.100.796.302.040;0.5264621753527168;-14.482.195.647.647.900;0.022336546689997683
MWG;07/11/2025;78.38;79.27;74.34;75.33;8643300;-0.04729986088276206;0.04729986088276206;0.06289869864761409;8374705.0;2.932.208.243.569.660;10.320.721.744.825.600;0.09160161137566858;0.022244090144607553
MWG;10/11/2025;75.13;78.08;75.13;75.62;7274200;0.003849727864064789;0.003849727864064789;0.0392652735258885;8427210.0;292.687.471.364.396;0.8631801034980735;-0.39393896657930466;0.02450015976108996
MWG;11/11/2025;76.31;77.89;76.31;76.8;5881500;0.015604337476857966;0.015604337476857966;0.020705019001441467;8392795.0;2.936.656.754.932.290;0.700779656836608;-0.8551544186368147;0.024292576171709216
MWG;12/11/2025;76.8;79.27;76.71;79.27;5083400;0.03216145833333339;0.03216145833333339;0.03333333333333337;8082215.0;28.519.637.905.125.500;0.6289612439164264;-10.514.912.601.541.300;0.02433950382887988
MWG;13/11/2025;78.87;79.27;78.28;78.87;3798700;-0.005046045162104051;0.005046045162104051;0.01255230125523006;8052015.0;28.817.005.533.602.600;0.4717701097178781;-14.759.739.678.851.500;0.025532463508999313
MWG;14/11/2025;77.99;80.74;77.99;80.15;3951700;0.016229237986560285;0.016229237986560285;0.03526093088857546;7910480.0;30.213.797.426.097.600;0.49955249238984234;-13.102.556.901.968.700;0.025268864663930746
MWG;17/11/2025;79.95;81.14;79.95;81.14;4514700;0.012351840299438477;0.012351840299438477;0.01488430268918071;7614040.0;3.107.540.932.092.700;0.5929440875015104;-0.9973609576601206;0.02560702906613656
MWG;18/11/2025;81.23;81.92;80.64;81.73;4417900;0.007271382795168924;0.007271382795168924;0.015757724978456247;7128455.0;27.591.584.345.259.600;0.6197556132429818;-0.9823846887812672;0.023864144781567925
MWG;19/11/2025;81.73;81.92;80.35;81.14;6064700;-0.007218891471919786;0.007218891471919786;0.01920959256087125;6746235.0;2.562.159.753.282.780;0.8989755026322089;-0.2660001973439708;0.023198546092947976
MWG;20/11/2025;81.04;81.04;79.56;79.76;5080700;-0.017007641114123673;0.017007641114123673;0.018262586377097777;6639315.0;25.427.087.299.871.000;0.765244607312652;-0.6129742591507544;0.022867092786133355
MWG;21/11/2025;79.17;79.17;76.9;78.77;8331600;-0.012412236710130475;0.012412236710130475;0.028672476948338965;6435520.0;24.931.896.177.597.900;12.946.273.183.829.700;0.760503728434294;0.022835952190878177
MWG;24/11/2025;79.07;79.17;77.99;78.08;4147400;-0.008759680081249166;0.008759680081249166;0.014923485519160326;6369455.0;2.419.875.905.360.040;0.6511389121989244;-0.9182516322750808;0.02293098392137413
MWG;25/11/2025;77.79;78.58;77.3;77.3;4223700;-0.00998975409836067;0.00998975409836067;0.01645455714102071;6082615.0;23.192.414.917.665.500;0.6943888442717483;-0.8015185165491631;0.01952737749240445
MWG;26/11/2025;77.3;78.97;77.3;78.97;4735000;0.021604139715394544;0.021604139715394544;0.02160413971539459;5879935.0;22.943.417.806.868.300;0.8052810107594727;-0.4990254763426091;0.017130089229889824
MWG;27/11/2025;78.77;78.87;78.28;78.77;3506200;-0.002532607319235214;0.002532607319235214;0.007490161228894293;5862880.0;23.018.869.594.999.100;0.5980337308626477;-10.238.035.322.603.200;0.018017175213019657
MWG;28/11/2025;78.77;78.87;77.99;78.67;3026700;-0.0012695188523549339;0.0012695188523549339;0.01117176590072375;5755580.0;23.614.700.670.289.400;0.5258722839401068;-11.555.852.594.114.400;0.01801726268028831
MWG;01/12/2025;78.48;78.87;78.28;78.77;2955600;0.0012711325791279204;0.0012711325791279204;0.0075178389398573315;5584255.0;243.145.336.599.868;0.5292738243507863;-10.811.044.278.121.700;0.01774444338178603
MWG;02/12/2025;78.58;78.87;78.08;78.77;3953000;0.0;0.0;0.010053448714685751;5424705.0;24.964.376.209.384.500;0.7287032198064226;-0.5895220403892015;0.017248042304176633
MWG;03/12/2025;78.97;84.19;78.97;83.4;15177100;0.05877872286403463;0.05877872286403463;0.06610105103203746;4938270.0;15.839.222.485.901.700;3.073.363.748.843.210;6.464.225.127.914.860;0.017075452516369032
MWG;04/12/2025;83.7;84.88;83.3;84.48;7082600;0.012949640287769792;0.012949640287769792;0.0188769414575866;5463130.0;27.808.055.290.925.200;12.964.362.920.157.400;0.5823744174330985;0.02109620914961708
MWG;05/12/2025;84.39;84.39;82.81;83.79;6818100;-0.008167613636363646;0.008167613636363646;0.0187225974641545;5592485.0;2.793.568.076.525.820;12.191.539.181.598.100;0.43872745049557393;0.02120880723391742
MWG;08/12/2025;83.01;83.79;82.22;83.6;4614500;-0.0022675736961452753;0.0022675736961452753;0.01891338392964712;5501225.0;2.717.434.176.586.240;0.8388131734295543;-0.32630965181793015;0.01780494048092433
MWG;09/12/2025;83.2;83.2;81.23;82.71;6672700;-0.010645933014354125;0.010645933014354125;0.0236778846153846;5368240.0;2.691.054.012.327.350;12.429.958.422.127.100;0.484739434446297;0.01788683670580358
MWG;10/12/2025;81.92;83.11;81.23;81.73;4887900;-0.011848627735461137;0.011848627735461137;0.022949218749999944;5407800.0;27.047.768.897.189.800;0.9038610895373349;-0.19221548438104857;0.018043877433374305
MWG;11/12/2025;81.73;82.32;81.04;81.04;3015900;-0.008442432399363708;0.008442432399363708;0.015661323871283335;5398025.0;2.706.363.768.266.230;0.5587043409395103;-0.8801939443366296;0.01706864340360858
MWG;12/12/2025;81.04;81.04;77.3;77.3;8896500;-0.04615004935834166;0.04615004935834166;0.04615004935834167;5358885.0;27.362.068.668.476.400;1.660.140.122.432.180;12.928.901.841.678.500;0.017155596064191755
MWG;15/12/2025;77.2;77.99;76.41;76.51;5323900;-0.0102199223803362;0.0102199223803362;0.020466321243523294;5606125.0;28.243.465.034.317.800;0.9496577404178466;-0.09992577031786858;0.019802085519191815
MWG;16/12/2025;76.61;80.74;76.31;80.74;7552000;0.05528689060253544;0.05528689060253544;0.05782534917112639;5646585.0;2.813.664.331.581.820;13.374.455.533.742.900;0.6772005383203579;0.019605863657277064
MWG;17/12/2025;80.64;81.73;79.56;80.64;4829800;-0.001238543472875775;0.001238543472875775;0.026909722222222245;5803290.0;28.288.666.393.191.100;0.8322520501301848;-0.34412721563795984;0.023459104312678922
MWG;18/12/2025;80.05;80.35;79.27;80.35;3495200;-0.0035962301587302292;0.0035962301587302292;0.01349156777014364;5741545.0;2.836.327.698.845.250;0.6087560055699294;-0.7919906437167133;0.02340502266191496
MWG;19/12/2025;80.25;81.73;80.05;81.63;5439900;0.015930304915992455;0.015930304915992455;0.02093457943925242;5662270.0;2.877.626.952.908.460;0.9607277646597566;-0.07727547859365404;0.023083612453383275
MWG;22/12/2025;81.43;83.7;81.43;83.7;7856400;0.02535832414553485;0.02535832414553485;0.02787670391747508;5517685.0;28.082.587.791.754.100;1.423.858.012.916.640;0.8327989633087571;0.02311157564192294
MWG;23/12/2025;83.7;86.65;83.6;86.16;13817800;0.029390681003584218;0.029390681003584218;0.03643966547192367;5703135.0;2.835.341.832.779.690;2.422.842.875.015.230;28.619.706.118.625.500;0.02352829224466818
MWG;24/12/2025;86.26;86.65;85.67;86.65;6357400;0.005687093779015884;0.005687093779015884;0.011361001623000277;6182840.0;33.387.740.049.620.700;10.282.329.803.132.500;0.05228266415773254;0.023962580239766967
MWG;25/12/2025;86.65;88.62;84.68;84.68;8091600;-0.022735141373340984;0.022735141373340984;0.04547028274668202;6263960.0;33.214.093.925.700.600;12.917.707.009.623.300;0.5502603816585817;0.02366942769862462
MWG;26/12/2025;82.91;85.67;81.33;85.67;9310200;0.011691072272083103;0.011691072272083103;0.052345917259679214;6493230.0;32.790.176.626.063.100;1.433.831.852.560.280;0.8590896084899216;0.024423023685080494
MWG;29/12/2025;84.88;86.35;84.78;85.76;6228800;0.0010505427804365919;0.0010505427804365919;0.01849670122525911;6807405.0;3.230.052.557.251.230;0.9150035880045333;-0.1791317601631816;0.024450469141624086
MWG;30/12/2025;85.67;87.14;85.27;87.14;7753100;0.01609141791044766;0.01609141791044766;0.021827944437959663;6971065.0;3.105.125.143.723.550;11.121.830.021.668.100;0.25185297332725615;0.024452076525005605
MWG;31/12/2025;86.65;87.04;86.26;87.04;4804600;-0.001147578609134614;0.001147578609134614;0.009001731102135039;7161070.0;30.259.845.322.768.800;0.6709332543879616;-0.7787448927331064;0.024559311471806063
MWG;05/01/2026;86.55;86.85;84.48;86.06;5947300;-0.011259191176470673;0.011259191176470673;0.027383015597920165;6642445.0;2.404.949.299.055.240;0.8953480232053107;-0.28904767359256994;0.02111059137715414
MWG;06/01/2026;85.47;87.93;85.47;87.44;6390700;0.016035324192423817;0.016035324192423817;0.028782028782028877;6585680.0;24.074.105.583.429.300;0.9703933382733446;-0.08099158630184304;0.021164743908793995
MWG;07/01/2026;87.63;88.52;86.95;88.42;4998000;0.011207685269899459;0.011207685269899459;0.01791623873102811;6564310.0;24.071.357.836.539.500;0.7613900013862843;-0.6506944936950705;0.021296169526805166
MWG;08/01/2026;88.42;88.42;84.88;86.16;10543900;-0.025559828093191683;0.025559828093191683;0.040036190907034676;6583485.0;23.922.678.659.369.900;16.015.681.664.042.600;16.555.064.992.476.500;0.02135552093511737
MWG;09/01/2026;85.07;86.16;84.29;84.68;6472200;-0.01717734447539454;0.01717734447539454;0.021981897261079;6777045.0;25.511.976.907.605.700;0.9550180056351995;-0.11949093600391195;0.022105135134002866
MWG;12/01/2026;84.68;86.16;83.7;86.16;8471500;0.017477562588568585;0.017477562588568585;0.02905054322153984;6856260.0;25.137.741.054.145.300;12.355.861.650.520.800;0.642555747758266;0.022315461965276357
MWG;13/01/2026;86.16;87.34;84.88;85.76;6657100;-0.004642525533890329;0.004642525533890329;0.028551532033426277;7129040.0;236.681.666.699.343;0.9338003433842424;-0.19939862963678803;0.02242884524650255
MWG;14/01/2026;85.76;85.96;83.79;84.68;6951400;-0.012593283582089554;0.012593283582089554;0.025303171641790898;7017070.0;23.315.080.782.730.700;0.9906413930600664;-0.028166318878312026;0.01931611088096729
MWG;15/01/2026;83.7;85.57;82.71;82.71;7636600;-0.02326405290505451;0.02326405290505451;0.03416965352449223;7098445.0;22.974.553.262.880.700;10.758.130.830.062.000;0.2342395927539008;0.019423991696565023
MWG;16/01/2026;82.51;86.06;82.51;85.67;7671600;0.03578769193567899;0.03578769193567899;0.043025087868137156;7102675.0;22.984.120.302.767.800;10.801.001.031.301.500;0.24752959543615335;0.01649785705400346
MWG;19/01/2026;86.06;86.06;84.19;85.37;3055300;-0.003501809268121825;0.003501809268121825;0.021729026260748366;7244765.0;2.237.540.742.181.250;0.42172520433720073;-18.723.524.988.939.000;0.018185015408478233
MWG;20/01/2026;85.37;86.95;84.68;84.68;6841300;-0.008082464566006808;0.008082464566006808;0.02659013705048607;7222770.0;22.781.327.370.181.200;0.9471850827314174;-0.16744853967522155;0.018183173982645094
MWG;21/01/2026;84.58;84.58;83.11;84.09;5383600;-0.006967406707605095;0.006967406707605095;0.017379995270749574;7292840.0;2.241.669.777.173.860;0.7382034982256569;-0.8517043943943566;0.018090293476107758
MWG;22/01/2026;83.7;85.27;83.7;85.17;5450600;0.012843382090617084;0.012843382090617084;0.018757467144563836;7169200.0;22.768.681.736.104.000;0.7602800870390002;-0.7548087411994665;0.01732031114751392
MWG;23/01/2026;85.27;86.35;84.48;84.48;6722800;-0.00810144417048253;0.00810144417048253;0.021930338923419612;6750840.0;16.819.106.792.730.100;0.9958464428130426;-0.016671515524308282;0.016221673967427103
MWG;26/01/2026;84.48;84.58;82.61;82.81;6030600;-0.01976799242424243;0.01976799242424243;0.023319128787878774;6769110.0;16.793.946.666.017.800;0.890899985374739;-0.4397477345181509;0.016239984376410145
MWG;27/01/2026;82.91;84.48;82.71;83.7;5418600;0.010747494263977808;0.010747494263977808;0.02134845012664347;6666060.0;16.570.581.676.414.800;0.8128639706213265;-0.7528160594238685;0.016044724649183148
MWG;28/01/2026;83.6;84.48;83.01;84.19;6085200;0.005854241338112187;0.005854241338112187;0.017583732057416257;6471480.0;15.556.086.341.804.700;0.940310408129207;-0.2483143841661052;0.016006803950434235
MWG;29/01/2026;84.39;88.13;83.99;88.13;15892000;0.04679890723363811;0.04679890723363811;0.04905794525417704;6464300.0;1.557.118.354.694.430;2.458.425.506.241.970;60.545.815.105.044.200;0.01607573448040493
MWG;30/01/2026;88.62;91.97;88.42;91.48;20845900;0.03801202768637246;0.03801202768637246;0.04005867749943576;6871245.0;2.615.502.075.475.330;3.033.787.908.886.960;5.343.010.480.104.580;0.018978389105506144
MWG;02/02/2026;91.67;92.46;89.11;92.26;13866200;0.008526453869698303;0.008526453869698303;0.03654412566815746;7673310.0;4.027.079.172.421.040;1.807.068.918.107.040;1.537.811.832.062.110;0.020714620096582904
MWG;03/02/2026;92.95;92.95;90.1;90.1;10130300;-0.023412096249729175;0.023412096249729175;0.030661646046261523;8069255.0;4.232.501.398.821.540;12.554.194.903.990.500;0.4869567203389131;0.020484438201873473
MWG;04/02/2026;90.1;90.49;89.21;90.39;7656400;0.0032186459489456087;0.0032186459489456087;0.014206437291897904;8256235.0;4.237.044.792.662.250;0.9273476348480876;-0.14156919016735414;0.021121557118804334
MWG;05/02/2026;90.29;90.39;88.82;88.82;5643400;-0.017369178006416686;0.017369178006416686;0.017388415106877917;8389155.0;4.170.628.976.352.930;0.6727018394582053;-0.6583551343378101;0.02100770566877188
MWG;06/02/2026;88.32;88.52;84.68;87.04;13814700;-0.02004053141184403;0.02004053141184403;0.0434782608695651;8144130.0;41.813.135.344.995.900;16.962.769.503.924.900;13.561.695.274.015.400;0.02053075112027402
MWG;09/02/2026;87.63;88.62;87.14;87.93;5452400;0.010225183823529438;0.010225183823529438;0.016889193198676298;8511255.0;4.345.891.426.269.300;0.6406105797558644;-0.7038498434430172;0.02067889913593803
MWG;10/02/2026;88.32;88.32;86.45;87.93;5950600;0.0;0.0;0.021173007246376704;8360300.0;4.399.449.359.683.660;0.7117687164336208;-0.5477276365725149;0.020447676467002688
MWG;11/02/2026;88.13;90.49;87.93;90.49;8987000;0.029114068008643024;0.029114068008643024;0.029047997276750122;8324975.0;4.416.647.606.008.190;10.795.227.613.296.100;0.1498930997119656;0.020404002835975543
MWG;12/02/2026;91.08;92.46;89.7;91.48;7890300;0.010940435407227334;0.010940435407227334;0.030303030303030203;8426755.0;44.067.718.874.328.400;0.9363390771417942;-0.12173423397064262;0.021015801869506235
MWG;13/02/2026;90.49;91.77;90.1;91.38;5511500;-0.0010931351114998877;0.0010931351114998877;0.018455077909161254;8439440.0;4.404.742.371.031.230;0.6530646583185614;-0.6647244613569785;0.020091944347247242
MWG;23/02/2026;91.48;91.67;89.7;90.59;5003100;-0.008645217771941272;0.008645217771941272;0.021534761696545678;8331435.0;4.450.803.029.410.000;0.6005087959037069;-0.7478055034129882;0.01879119351457739
MWG;24/02/2026;90.2;90.79;89.11;90.79;6601300;0.0022077491996910226;0.0022077491996910226;0.018625277161862602;8428825.0;4.349.433.245.701.760;0.7831815229287593;-0.4201754336167851;0.018925298143785886
MWG;25/02/2026;90.79;92.66;90.59;91.57;8132700;0.008591254543451887;0.008591254543451887;0.0227998678268531;8416825.0;4.354.371.993.014.900;0.9662432092861619;-0.06525051154466839;0.01874314026003578
MWG;26/02/2026;91.57;92.85;91.08;92.16;5011100;0.006443158239598068;0.006443158239598068;0.019329474718794322;8554280.0;429.658.952.384.575;0.5858003245159148;-0.8246494063106602;0.01860141676335373
MWG;27/02/2026;92.26;92.46;91.18;91.67;5224300;-0.005316840277777679;0.005316840277777679;0.013873834814654096;8532305.0;4.314.385.887.564.500;0.6122964427549179;-0.766738322952235;0.018503901766525842
MWG;02/03/2026;90.39;90.79;88.62;88.62;10738700;-0.03327151739936729;0.03327151739936729;0.02400708042925104;8457380.0;4.360.232.368.095.700;126.974.311.193.301;0.523210647371151;0.01841743674555365
MWG;03/03/2026;88.82;89.8;85.57;86.85;13370000;-0.0199729180771836;0.0199729180771836;0.04762440891691065;8692785.0;43.493.965.054.179.700;1.538.057.135.889.130;10.753.710.300.207.500;0.01955662138267325
MWG;04/03/2026;85.76;87.44;82.51;87.44;13414100;0.006793321819228648;0.006793321819228648;0.05748600746268648;9090355.0;4.397.502.663.950.000;14.756.409.403.153.100;0.9832273748110135;0.020160847274916096
MWG;05/03/2026;87.54;87.63;83.89;83.89;11270500;-0.0405992680695334;0.0405992680695334;0.04272332647932368;9456800.0;4.439.065.450.484.390;1.191.787.919.803.730;0.40857698996127395;0.020171287603085383
MWG;06/03/2026;83.5;83.5;80.45;81.43;13359400;-0.02932411491238518;0.02932411491238518;0.0365269461077844;9225725.0;4.200.316.623.012.200;14.480.596.375.894.500;0.9841341429722001;0.019428495363338193
MWG;09/03/2026;75.82;75.82;75.82;75.82;4983800;-0.06889352818371619;0.06889352818371619;0.0;8851400.0;33.597.223.632.161.500;0.5630521725376777;-11.511.665.494.578.700;0.017848433704213133
MWG;10/03/2026;77.79;80.55;76.21;79.76;21042400;0.05196518069111078;0.05196518069111078;0.055791232806273336;8407280.0;32.471.218.999.697.500;2.502.878.457.717.590;38.911.751.357.772.200;0.022421751776082233
MWG;11/03/2026;79.76;85.27;79.27;85.17;17339300;0.0678284854563691;0.0678284854563691;0.07522567703109327;8952885.0;4.298.445.099.564.920;19.367.276.581.794.500;1.951.034.573.141.070;0.026011483950029224
MWG;12/03/2026;82.71;85.17;81.83;83.3;10104500;-0.021956087824351322;0.021956087824351322;0.04038205779228635;9437030.0;467.366.153.528.698;10.707.288.204.021.800;0.14281521992135765;0.030762383098407772
MWG;13/03/2026;83.2;83.2;80.74;80.74;6260000;-0.030732292917166948;0.030732292917166948;0.02956730769230779;9660085.0;458.876.171.661.467;0.6480274241893317;-0.7409591541197722;0.03089571892724418
MWG;16/03/2026;80.64;80.94;79.17;79.36;5282300;-0.01709189992568738;0.01709189992568738;0.02194940476190471;9282350.0;4.539.441.336.772.620;0.5690692550916524;-0.8811767138825704;0.03130048716954678
MWG;17/03/2026;80.25;82.51;80.25;81.43;3811100;0.026083669354838745;0.026083669354838745;0.02816199376947047;9273845.0;4.547.147.524.892.010;0.41095144462733635;-12.013.564.482.119.400;0.03127593190035869
MWG;18/03/2026;81.53;83.01;81.14;82.42;4304400;0.012157681444185053;0.012157681444185053;0.022936342450631725;9166870.0;4.653.370.110.055.490;0.46956049338541944;-10.449.351.512.987.600;0.03201516646741173
MWG;19/03/2026;80.74;81.33;80.15;81.14;7916000;-0.015530211113807368;0.015530211113807368;0.014614812979935506;8932740.0;4.779.000.877.677.470;0.8861782610934607;-0.21275158260571825;0.031327441191863516
MWG;20/03/2026;80.84;80.84;78.48;78.48;6488600;-0.03278284446635438;0.03278284446635438;0.02919346857991093;8934025.0;47.787.092.754.022.800;0.7262795884273886;-0.5117333696334017;0.03121333307870454
MWG;23/03/2026;76.8;76.9;73.06;73.06;17473900;-0.06906218144750254;0.06906218144750254;0.050000000000000044;8982880.0;4.746.765.515.213.600;19.452.447.322.016.900;17.888.012.316.567.700;0.031776159964735054
MWG;24/03/2026;75.43;75.62;73.85;74.83;7903300;0.024226663016698513;0.024226663016698513;0.02346546466922988;9606420.0;5.008.343.582.841.480;0.8227102292008885;-0.3400565420141833;0.03467055241280583
MWG;25/03/2026;75.82;78.28;75.62;77.99;7550200;0.042229052519043186;0.042229052519043186;0.03508309153257711;9671520.0;497.558.097.508.009;0.7806632256356808;-0.4263461916557099;0.035424132636107324
MWG;26/03/2026;76.8;77.69;76.21;77.3;7066800;-0.008847288113860707;0.008847288113860707;0.019270833333333386;9642395.0;4.986.754.988.490.690;0.7328884576912686;-0.5164871757173569;0.0370649481843314
MWG;27/03/2026;77.39;80.55;77.0;79.76;7595000;0.031824062095731076;0.031824062095731076;0.045871559633027484;9745180.0;4.906.817.395.441.820;0.7793596424078365;-0.43820257138515145;0.03692310212952667
MWG;30/03/2026;77.69;79.56;77.39;79.56;6027600;-0.0025075225677031465;0.0025075225677031465;0.027931522718496613;9863715.0;4.819.719.304.042.830;0.6110882157483261;-0.7959208323153225;0.03798931041426502
MWG;31/03/2026;79.56;80.84;79.27;80.55;6582900;0.012443438914027105;0.012443438914027105;0.019733534439416885;9628160.0;4.889.325.890.506.670;0.6837131913055039;-0.6228384174417183;0.037456609089003154
MWG;01/04/2026;81.73;82.61;80.55;81.14;5736600;0.00732464307883296;0.00732464307883296;0.025204943105346902;9288805.0;4.851.335.416.636.380;0.6175821324702155;-0.7322117922043988;0.03746273285991946
MWG;02/04/2026;80.55;80.55;78.77;80.55;5675700;-0.007271382795168924;0.007271382795168924;0.02209807572936066;8904930.0;4.811.316.443.016.610;0.6373660433041023;-0.6711738955950534;0.03747029704105611
MWG;03/04/2026;80.25;80.25;77.99;78.08;6903100;-0.03066418373680946;0.03066418373680946;0.02816199376947047;8625190.0;4.829.151.979.592.270;0.8003417895721717;-0.35660298273433005;0.036439993644898236
MWG;06/04/2026;77.1;78.08;76.41;77.1;6411000;-0.01255122950819676;0.01255122950819676;0.021660181582360594;8302375.0;47.103.588.373.616;0.7721886809497283;-0.4015352259360797;0.03649523924211619
MWG;07/04/2026;77.2;77.59;75.43;76.8;3806200;-0.0038910505836575737;0.0038910505836575737;0.02797927461139892;8373735.0;466.805.854.789.818;0.4545402977285524;-0.9784656625732681;0.03302588918540247
MWG;08/04/2026;79.36;80.74;78.67;80.64;10192500;0.050000000000000044;0.050000000000000044;0.026083669354838624;7511925.0;3.695.926.741.538.010;13.568.426.202.338.200;0.7252781744490187;0.030808007262872358
MWG;09/04/2026;79.66;80.74;79.46;79.46;3649300;-0.014632936507936622;0.014632936507936622;0.016068290233492356;7154585.0;29.699.544.611.562.800;0.5100645250563101;-11.802.487.364.184.300;0.028896952423385882
MWG;10/04/2026;80.05;80.94;79.76;80.25;4667000;0.00994210923735217;0.00994210923735217;0.014740787008119833;6831825.0;29.832.294.810.675.400;0.6831263974121117;-0.7256649257922055;0.02868076566707357
MWG;13/04/2026;79.56;80.05;78.58;80.05;4806700;-0.0024922118380062974;0.0024922118380062974;0.018476621417797875;6752175.0;3.020.335.512.885.070;0.7118743219777331;-0.6441254594730935;0.027966656318120925
MWG;14/04/2026;80.84;81.43;80.15;80.35;4600700;0.0037476577139288203;0.0037476577139288203;0.01583374567046018;6728395.0;3.034.357.092.137.520;0.6837737677410437;-0.7012012546292524;0.027684236520468232
MWG;15/04/2026;80.74;80.74;78.77;78.77;3798700;-0.01966397013067822;0.01966397013067822;0.024399306415655176;6767875.0;2.999.337.109.021.360;0.561284007166208;-0.9899437415918858;0.02705394038166614
MWG;16/04/2026;78.97;80.74;78.97;80.05;5775900;0.01624984131014351;0.01624984131014351;0.02241357477523105;6742590.0;30.232.340.931.525.600;0.8566292774734932;-0.3197536049853011;0.027216927803990102
MWG;17/04/2026;81.33;85.57;81.23;85.57;15089000;0.06895690193628967;0.06895690193628967;0.053362842739456406;6635585.0;3.017.384.196.404.310;22.739.517.314.599.900;2.801.570.648.535.090;0.027307319291552386
MWG;20/04/2026;86.16;87.14;85.07;85.96;10168300;0.00455767208133695;0.00455767208133695;0.024025069637883097;7065605.0;35.594.782.065.079.800;14.391.265.857.630.000;0.8716713012393728;0.030258359318909994
MWG;21/04/2026;86.06;86.06;84.29;84.29;7226400;-0.019427640763145515;0.019427640763145515;0.02056704624680451;6700325.0;2.708.207.203.041.390;10.785.148.481.603.500;0.19425212347460097;0.02478746418194697
MWG;22/04/2026;84.09;85.07;83.5;85.07;9172200;0.00925376675762224;0.00925376675762224;0.018670472113211954;6666480.0;26.965.868.798.597.200;1.375.868.524.318.680;0.9292190875490536;0.025242860304432613
MWG;23/04/2026;85.07;85.47;83.01;83.2;5417100;-0.02198189726107902;0.02198189726107902;0.028917362172328598;6747580.0;2.748.455.668.686.840;0.8028211595861034;-0.48408275787678096;0.023806317960378954
MWG;24/04/2026;83.2;83.89;82.22;82.22;4634400;-0.011778846153846168;0.011778846153846168;0.020072115384615404;6665095.0;2.763.087.163.696.470;0.6953239226147564;-0.734937003320346;0.02437176659069294
MWG;28/04/2026;82.42;84.58;82.42;84.29;5380700;0.025176356117732945;0.025176356117732945;0.026207231254549823;6517065.0;2.789.822.707.680.450;0.8256323974058875;-0.4073251668901966;0.023688762412789208
MWG;29/04/2026;83.7;84.39;82.71;82.71;4897200;-0.01874480958595337;0.01874480958595337;0.0200716845878137;6484720.0;279.952.937.315.505;0.7551906635907178;-0.5670667417255479;0.02422769421385828
MWG;04/05/2026;83.4;84.09;82.12;83.6;6372100;0.010760488453633199;0.010760488453633199;0.02362110311750598;6400435.0;2.821.705.631.309.390;0.9955729571505687;-0.01004179872116968;0.024599901495633136
MWG;05/05/2026;83.3;84.09;82.81;83.5;4720200;-0.0011961722488037507;0.0011961722488037507;0.015366146458583448;6432210.0;28.174.116.871.042.400;0.7338379810360669;-0.6076534742281896;0.0246538811918491
MWG;06/05/2026;83.89;85.07;83.6;84.68;6696800;0.014131736526946215;0.014131736526946215;0.017522946715937522;6384435.0;28.389.340.616.867.500;10.489.260.208.616.700;0.11002897327400683;0.02457382175337269
MWG;07/05/2026;84.88;86.06;84.68;84.68;6344700;0.0;0.0;0.016258246936851975;6374120.0;28.373.246.855.370.400;0.9953844609138203;-0.010368922580473512;0.023447838816439446
MWG;08/05/2026;84.39;84.58;83.3;83.3;4605300;-0.016296646197449305;0.016296646197449305;0.015167673895011271;6370805.0;28.373.180.597.315.700;0.722875680545865;-0.6222443035403035;0.023138427046045105
MWG;11/05/2026;83.01;83.89;82.22;82.22;5716900;-0.012965186074429758;0.012965186074429758;0.02011805806529336;6410760.0;28.047.420.627.066.200;0.8917663428361068;-0.24738816778410402;0.023550471256472125
MWG;12/05/2026;82.22;83.01;81.33;82.51;4934800;0.003527122354658241;0.003527122354658241;0.020432984675261577;6186980.0;2.662.046.276.951.540;0.7976104658492512;-0.47038250643559026;0.02121663946184303
MWG;13/05/2026;82.71;83.01;81.43;82.42;3536900;-0.001090776875530275;0.001090776875530275;0.01910288961431506;6251255.0;26.126.093.700.551.500;0.5657903892898306;-1.038.944.065.313.020;0.020890374921691175
MWG;14/05/2026;82.42;83.3;81.92;82.91;4001800;0.005945158942004314;0.005945158942004314;0.016743508857073472;6194750.0;26.604.592.950.327.800;0.6459986278703741;-0.8242749678953378;0.02081759727771007
MWG;15/05/2026;83.2;83.3;80.74;80.74;6691900;-0.026172958629839593;0.026172958629839593;0.030769230769230795;6154505.0;26.885.016.688.962.400;1.087.317.339.087.380;0.1998864297601962;0.02081715720215281
MWG;18/05/2026;80.74;80.74;77.79;77.79;11953700;-0.03653703244983886;0.03653703244983886;0.03653703244983885;6259065.0;2.665.457.507.737.200;1.909.821.994.179.640;2.136.456.868.462.460;0.021736598660089694
MWG;19/05/2026;77.99;78.48;76.9;77.0;7953500;-0.010155546985473829;0.010155546985473829;0.020259007565072425;6666815.0;2.884.065.856.112.640;11.929.984.557.843.500;0.4461357903020597;0.022857399652923088
MWG;20/05/2026;77.0;77.59;73.06;76.02;8786000;-0.01272727272727281;0.01272727272727281;0.058831168831168845;6775695.0;28.897.606.261.227.700;12.966.935.495.177.900;0.6956648871976813;0.02260742099644976
MWG;21/05/2026;77.0;78.28;76.51;78.28;6597700;0.029729018679294894;0.029729018679294894;0.022987012987012934;6460545.0;2.195.779.549.493.450;10.212.296.331.037.000;0.06246301001921622;0.01540008372947797
MWG;22/05/2026;78.97;79.76;77.89;78.18;6083900;-0.0012774655084312192;0.0012774655084312192;0.023679878434848735;6282015.0;20.162.682.296.692.800;0.9684631443891809;-0.09825825606174225;0.017211899828136118
MWG;25/05/2026;78.87;78.87;77.2;77.49;2510300;-0.008825786646201261;0.008825786646201261;0.021174083935590234;6224890.0;2.004.252.520.044.630;0.4032681702005979;-18.533.542.868.726.300;0.016859823889692056
MWG;26/05/2026;77.79;78.18;77.1;77.3;2518800;-0.002451929281197529;0.002451929281197529;0.013883532587736372;5891795.0;2.041.877.775.731.520;0.42750978267234346;-16.519.083.757.555.300;0.016616163121824266
MWG;27/05/2026;77.89;79.17;77.59;78.77;4631100;0.01901681759379037;0.01901681759379037;0.02028501733213504;5746880.0;21.757.973.124.448.200;0.8058459546745365;-0.5128143111576229;0.016102118178779712
MWG;28/05/2026;78.77;79.07;76.51;76.51;4026400;-0.028691126063221883;0.028691126063221883;0.03249968262028676;5746715.0;2.175.886.240.078.550;0.7006437590867131;-0.7906272710001122;0.01673361319274839
MWG;29/05/2026;76.51;77.1;74.64;75.13;7834500;-0.01803685792706844;0.01803685792706844;0.03215265978303481;5679000.0;2.208.702.261.986.720;1.379.556.259.904.910;0.9759124337841396;0.016460806196334738
MWG;01/06/2026;75.33;77.89;75.33;77.89;3799400;0.03673632370557711;0.03673632370557711;0.03398380459312362;5825865.0;22.512.280.906.382.900;0.652160666270159;-0.900159787640811;0.016429748850904237
MWG;02/06/2026;78.18;78.18;76.31;76.71;2969500;-0.015149569906278137;0.015149569906278137;0.02391916091071891;5697230.0;2.291.514.999.457.090;0.5212182060404793;-11.903.609.623.529.600;0.018597142469794537
MWG;03/06/2026;76.61;77.3;75.72;77.3;4801100;0.0076913049146134504;0.0076913049146134504;0.0206239394334943;5609695.0;2.363.120.758.540.990;0.8558575822749722;-0.3421725263414934;0.018772325697266196
MWG;04/06/2026;77.3;77.3;75.82;77.2;4308300;-0.001293661060801976;0.001293661060801976;0.019146183699870686;5514910.0;2.355.227.102.000.990;0.7812094848329347;-0.5123115299475222;0.018496976600035266
MWG;05/06/2026;77.3;77.69;76.41;76.8;3241800;-0.005181347150259086;0.005181347150259086;0.01655886157826651;5413090.0;23.614.760.029.537.300;0.5988815999733978;-0.9194630804141783;0.018483086157713866
MWG;08/06/2026;75.82;76.11;75.13;75.23;4633800;-0.02044270833333328;0.02044270833333328;0.012925349512002164;5344915.0;2.405.299.284.425.510;0.8669548533512694;-0.2956451218376521;0.018274094881439055
MWG;09/06/2026;75.33;76.31;75.13;76.21;1770800;0.013026718064601761;0.013026718064601761;0.015664409929642995;5290760.0;2.408.673.851.422.460;0.3346967165397788;-14.613.684.612.888.700;0.018543920816286873
MWG;10/06/2026;75.92;77.1;75.43;77.0;2866200;0.010366093688492395;0.010366093688492395;0.02199683877766053;5132560.0;25.339.313.205.497.800;0.5584347771872126;-0.8944046674115339;0.018872872605930815
MWG;11/06/2026;77.1;77.3;75.72;75.72;3302700;-0.01662337662337665;0.01662337662337665;0.020492866407263274;5099025.0;25.604.596.184.597.700;0.647712062600203;-0.7015634954948304;0.01913135879322013
MWG;12/06/2026;76.61;76.61;75.13;75.23;4139700;-0.006471209720021021;0.006471209720021021;0.019318626811121314;5064070.0;2.580.917.416.060.870;0.8174650034458449;-0.3581555900424044;0.019227557654466033
MWG;15/06/2026;75.82;78.48;75.82;78.18;7871700;0.03921307988834255;0.03921307988834255;0.035083091532577305;4936460.0;2.559.199.120.284.150;15.946.042.305.619.800;11.469.369.369.250.500;0.018543166240237118
MWG;16/06/2026;78.18;78.58;77.59;78.18;3183300;0.0;0.0;0.012663085188027562;4732360.0;20.898.418.858.347.800;0.6726664919828584;-0.7412331097867859;0.019137626129047167
MWG;17/06/2026;78.08;78.58;77.49;77.89;4068800;-0.003709388590432461;0.003709388590432461;0.0139600409836066;4493850.0;19.717.404.365.046.100;0.9054151785217575;-0.21557097076809179;0.0189762331862377
MWG;18/06/2026;77.39;77.79;76.8;77.49;3234500;-0.0051354474258570315;0.0051354474258570315;0.01279235043287258;4257990.0;16.938.427.771.133.200;0.7596307177799854;-0.6042414407222908;0.01874030479956673
MWG;19/06/2026;77.49;77.69;76.31;76.8;2425600;-0.008904374758033295;0.008904374758033295;0.017808749516066532;4089830.0;16.144.201.648.041.700;0.5930808860025967;-10.308.530.804.320.400;0.017548243302430887
MWG;22/06/2026;76.8;76.8;75.82;76.02;2992900;-0.010156249999999978;0.010156249999999978;0.012760416666666718;3906915.0;15.835.484.019.574.900;0.7660519873096804;-0.577194229661781;0.017651751028092206
MWG;23/06/2026;75.92;76.02;74.83;74.83;6295100;-0.015653775322283625;0.015653775322283625;0.0156743940990516;3931045.0;15.647.116.786.622.800;16.013.808.033.232.800;1.510.856.621.215.410;0.017686287349819755
MWG;24/06/2026;74.83;76.61;73.85;76.61;4218000;0.02378725110249902;0.02378725110249902;0.036883602833088405;4119860.0;1.612.442.216.475.890;10.238.211.978.076.900;0.060864196556755734;0.017994475500184362
MWG;25/06/2026;75.92;76.31;75.52;76.02;3553800;-0.007701344472001104;0.007701344472001104;0.010405690200210831;4099205.0;16.081.889.236.604.700;0.8669485912512305;-0.33914236814825083;0.018309190120410747
MWG;26/06/2026;75.92;77.3;75.33;77.3;4859300;0.016837674296237948;0.016837674296237948;0.025948366701791344;4075575.0;1.612.780.521.131.790;11.922.980.192.978.900;0.48594646930011914;0.01722161764016934
MWG;29/06/2026;77.2;77.99;76.9;77.79;4268900;0.006338939197930271;0.006338939197930271;0.014119170984455818;3926815.0;1.366.175.532.867.310;1.087.115.130.200.930;0.25039608144792036;0.017083625260007628
MWG;30/06/2026;77.59;77.79;76.41;76.9;4008800;-0.011441059262115916;0.011441059262115916;0.01778579713880667;3950290.0;1.367.903.547.653.940;1.014.811.570.796.060;0.042773483627810686;0.015016707636928826
MWG;01/07/2026;76.8;78.77;76.51;78.77;6029400;0.02431729518855641;0.02431729518855641;0.029427083333333215;4002255.0;13.482.836.920.263.600;15.065.007.102.246.100;1.503.500.347.878.090;0.014841120638545775
MWG;02/07/2026;78.97;80.15;78.18;78.48;4640200;-0.0036816046718293194;0.0036816046718293194;0.024946182094466238;4063670.0;14.130.079.308.825.000;1.141.874.217.148.530;0.40801611045447017;0.015720773779054155
MWG;03/07/2026;78.38;78.38;77.1;77.69;3276600;-0.010066258919469995;0.010066258919469995;0.016330696606277128;4080265.0;14.179.724.584.494.100;0.8030360773136058;-0.5667705287300331;0.015748622989567567
MWG;06/07/2026;77.39;77.59;75.52;76.8;4935700;-0.011455785815420283;0.011455785815420283;0.026747641814187977;4082005.0;141.691.037.657.181;12.091.361.965.504.600;0.6025045861160959;0.015885825981015105
MWG;07/07/2026;76.9;77.1;76.21;76.31;2154600;-0.006380208333333304;0.006380208333333304;0.01157347204161249;4097100.0;14.246.851.090.679.700;0.5258841619682214;-13.634.591.866.203.800;0.015375356719437305
MWG;08/07/2026;76.31;77.99;76.11;77.59;3145900;0.016773686279648814;0.016773686279648814;0.024636351723234116;4116290.0;13.939.548.995.573.800;0.7642561627096245;-0.6961416042284625;0.01519734654763609
MWG;09/07/2026;77.2;77.3;76.61;77.3;1582900;-0.0037375950509086486;0.0037375950509086486;0.008937823834196862;4130275.0;13.821.058.516.378.500;0.38324324651506253;-1.843.111.362.983.700;0.015488272793753862
MWG;10/07/2026;77.69;77.69;75.43;75.43;3169000;-0.024191461836998607;0.024191461836998607;0.02908997296949403;4044285.0;14.859.069.271.253.000;0.7835748469754233;-0.5890577559210656;0.014999008439740018
MWG;13/07/2026;75.62;76.11;74.83;74.83;3721700;-0.007954394803128872;0.007954394803128872;0.01692673895794765;3995750.0;14.984.268.138.003.300;0.9314146280422949;-0.1828918152531923;0.015964500368580558
MWG;14/07/2026;74.64;75.62;74.05;75.62;2788000;0.010557263129760797;0.010557263129760797;0.02103429796355851;3788250.0;1.188.793.404.432.020;0.7359598759321586;-0.841399351872999;0.013140223250673436
MWG;15/07/2026;75.62;75.62;74.64;75.03;1802400;-0.007802168738428983;0.007802168738428983;0.012959534514678708;3768485.0;12.025.868.579.091.500;0.4782823866885499;-16.348.798.318.137.900;0.013437942856187579
MWG;16/07/2026;75.03;75.52;73.85;75.52;4353900;0.006530721044915255;0.006530721044915255;0.02225776356124219;3655165.0;12.772.618.852.245.500;11.911.637.367.943.700;0.5470569568253837;0.013503116727751069
MWG;17/07/2026;75.33;75.52;74.74;75.52;1827000;0.0;0.0;0.01035444046196736;3711135.0;12.823.740.173.169.000;0.4923022202102591;-1.469.255.439.175.340;0.013602265748184454
MWG;20/07/2026;75.72;75.72;72.87;74.05;7676900;-0.01946504237288138;0.01946504237288138;0.03763866877971466;3681205.0;13.203.792.846.136.500;208.543.126.503.414;30.261.721.359.625.400;0.013481985087534735
MWG;21/07/2026;73.95;75.23;73.16;74.74;2872900;0.00931802835921669;0.00931802835921669;0.02799188640973641;3915405.0;15.814.625.078.255.600;0.7337427418108727;-0.6592031077824255;0.013975323169541011
MWG;22/07/2026;74.74;74.83;69.52;69.52;13474000;-0.06984211934706985;0.06984211934706985;0.07104629381857108;3744295.0;14.931.024.808.748.900;35.985.412.474.177.300;6.516.434.822.544.000;0.013731235668054285
MWG;23/07/2026;69.42;70.6;66.07;70.4;9066200;0.012658227848101333;0.012658227848101333;0.06525496974935178;4207095.0;26.409.411.351.727.200;2.154.978.672.932.270;18.399.141.636.612.800;0.019817087969326876
MWG;24/07/2026;68.53;69.81;66.96;66.96;3613700;-0.04886363636363655;0.04886363636363655;0.0415876258572889;4482715.0;28.486.525.980.715.900;0.8061409212943496;-0.30506176870717194;0.020171962669704228
MWG;27/07/2026;67.45;67.94;62.33;62.33;7694800;-0.06914575866188766;0.06914575866188766;0.08317272053372868;4420435.0;28.535.979.662.386;17.407.336.608.274.900;1.147.451.406.518.910;0.02193532647172639
MWG;28/07/2026;62.92;64.89;61.54;64.2;6958300;0.030001604363869783;0.030001604363869783;0.053242212333121444;4591730.0;2.945.371.654.343.560;15.153.983.357.035.300;0.8034877352438694;0.025704246839358246
MWG;29/07/2026;65.0;67.8;64.6;66.5;4613000;0.03582554517133962;0.03582554517133962;0.04923076923076927;4739205.0;29.881.779.180.587.100;0.9733700061508207;-0.04223476762788937;0.027263937547543787
MWG;30/07/2026;66.5;70.9;66.1;69.8;8424500;0.049624060150375904;0.049624060150375904;0.07218045112781972;4668385.0;29.727.353.454.308.200;18.045.855.258.295.900;12.635.214.923.431.500;0.028104201049319037
MWG;31/07/2026;70.5;70.5;68.5;69.9;4562900;0.0014326647564470996;0.0014326647564470996;0.028368794326241134;4857600.0;3.089.008.633.509.260;0.9393321805006588;-0.09540277641283465;0.030925882978809785
MWG;03/08/2026;70.0;73.0;69.9;72.5;5091200;0.03719599427753928;0.03719599427753928;0.044285714285714206;4921915.0;30.676.758.828.785.600;10.343.941.331.778.300;0.05518346998286893;0.030941074918246325
MWG;04/08/2026;72.2;72.9;71.4;72.1;3706800;-0.0055172413793104225;0.0055172413793104225;0.02077562326869806;4929690.0;3.067.909.707.533.610;0.7519336915708695;-0.3986069071710457;0.0322745073360394
MWG;05/08/2026;72.4;72.9;71.0;72.2;3955700;0.0013869625520113171;0.0013869625520113171;0.02624309392265201;5007300.0;3.013.157.101.953.470;0.7899866195354782;-0.34900271191244314;0.032269444850016114
MWG;06/08/2026;71.5;71.9;69.8;71.2;5330100;-0.013850415512465353;0.013850415512465353;0.02937062937062949;5047790.0;2.992.195.660.099.080;10.559.274.454.761.300;0.09434877664071316;0.03197206779929628
MWG;07/08/2026;71.3;71.6;70.2;71.0;3084600;-0.002808988764045006;0.002808988764045006;0.019635343618513205;5235150.0;28.789.949.208.379.200;0.5892094782384459;-0.7469794352308515;0.03206253142140299
MWG;10/08/2026;71.0;73.8;70.7;73.0;4628400;0.028169014084507005;0.028169014084507005;0.043661971830985837;5230930.0;28.822.428.825.117.200;0.8848139814526289;-0.20904900265550366;0.03169433430451068
MWG;11/08/2026;72.3;74.0;72.3;73.2;3120600;0.00273972602739736;0.00273972602739736;0.02351313969571235;5276265.0;2.864.329.797.660.030;0.5914411046450472;-0.7525896639978515;0.032390930220671146
MWG;12/08/2026;73.3;74.2;73.2;74.0;3065700;0.010928961748633892;0.010928961748633892;0.013642564802182811;5292895.0;2.850.052.782.055.100;0.579210432098124;-0.7814574572173453;0.03229458120728902
MWG;13/08/2026;74.0;74.7;72.8;73.6;2669200;-0.005405405405405461;0.005405405405405461;0.025675675675675753;5356060.0;27.818.042.443.898.300;0.4983514000963395;-0.9658695450690647;0.03236215047782153
MWG;14/08/2026;73.1;73.5;72.2;72.4;3164500;-0.016304347826086807;0.016304347826086807;0.01778385772913813;5271825.0;2.838.673.184.480.640;0.6002665111228085;-0.7423626684188194;0.0323418556475286
MWG;17/08/2026;72.3;74.2;71.8;73.5;2140400;0.015193370165745845;0.015193370165745845;0.03319502074688805;5338700.0;2.768.124.936.144.550;0.40092157266750333;-11.554.030.521.666.300;0.03252609741136687
MWG;18/08/2026;73.6;73.9;72.1;72.8;1649500;-0.009523809523809601;0.009523809523809601;0.024456521739130592;5061875.0;27.986.566.290.341.600;0.3258673910359304;-12.192.903.425.875.500;0.03244713980480883
MWG;19/08/2026;72.7;72.7;71.2;72.2;1995300;-0.008241758241758212;0.008241758241758212;0.02063273727647868;5000705.0;2.861.679.262.522.730;0.39900374047259335;-10.502.242.649.480.400;0.032440068541171076
MWG;20/08/2026;72.3;73.2;71.9;72.7;2493500;0.006925207756232732;0.006925207756232732;0.01798063623789761;4426770.0;2.130.513.395.034.410;0.5632775138532158;-0.9074197817792975;0.028185745406090118
MWG;21/08/2026;72.5;75.1;71.8;75.0;4995900;0.031636863823933936;0.031636863823933936;0.045517241379310305;4098135.0;18.679.550.048.889.000;1.219.066.721.813.700;0.4806138250923209;0.028103619615937436
MWG;24/08/2026;75.5;75.6;74.6;75.1;2470100;0.0013333333333331865;0.0013333333333331865;0.013245033112582781;4167245.0;18.746.458.330.701.800;0.5927417274482302;-0.905315004072273;0.026132849735770784
MWG;25/08/2026;75.0;75.3;73.8;73.9;2556400;-0.01597869507323557;0.01597869507323557;0.02;3906010.0;17.143.884.187.724.400;0.65447861116587;-0.7872253365817556;0.019331281129856256
MWG;26/08/2026;73.9;75.5;73.2;75.5;2162400;0.021650879566982306;0.021650879566982306;0.031123139377537173;3685915.0;15.791.330.413.852.900;0.5866657261494093;-0.9647793821497771;0.019502790093673117
MWG;27/08/2026;75.5;75.9;74.8;75.9;2305700;0.005298013245033095;0.005298013245033095;0.014569536423841173;3563385.0;15.983.692.581.980.700;0.6470532934274573;-0.7868550984381768;0.01864806521039396
MWG;28/08/2026;75.7;75.7;74.8;75.0;2717400;-0.011857707509881465;0.011857707509881465;0.011889035667107075;3257445.0;11.383.332.291.117.600;0.8342120895364311;-0.47441732015623617;0.015649744991404688
MWG;03/09/2026;74.0;74.6;73.3;73.7;555900;-0.01733333333333331;0.01733333333333331;0.01756756756756753;3165170.0;11.011.331.627.966.400;0.17563037688339014;-23.696.225.744.150.600;0.01605539757772268
MWG;04/09/2026;73.2;73.6;72.8;73.1;2437300;-0.008141112618724633;0.008141112618724633;0.01092896174863384;2938405.0;11.495.454.861.424.800;0.8294636035536286;-0.4359157650051354;0.01462490734625576
PNJ;05/05/2025;46.19;46.25;45.99;45.99;809800;;;0.0056289240095258285;;;;;
PNJ;06/05/2025;46.05;47.8;46.05;47.8;1834900;0.03935638182213519;0.03935638182213519;0.038002171552660155;;;;;
PNJ;07/05/2025;47.55;47.61;46.97;47.29;1248300;-0.010669456066945582;0.010669456066945582;0.013459516298633031;;;;;
PNJ;08/05/2025;46.77;48.33;46.77;48.07;1628400;0.016493973355889313;0.016493973355889313;0.03335471456061567;;;;;
PNJ;09/05/2025;48.19;49.69;48.19;49.63;2041400;0.03245267318493861;0.03245267318493861;0.03112678979041295;;;;;
PNJ;12/05/2025;50.01;51.05;49.37;51.05;1464300;0.028611726778158264;0.028611726778158264;0.03359328134373125;;;;;
PNJ;13/05/2025;51.64;54.62;51.64;53.39;4000600;0.045837414299706225;0.045837414299706225;0.05770720371804797;;;;;
PNJ;14/05/2025;53.39;56.12;53.33;55.86;2680500;0.0462633451957295;0.0462633451957295;0.05225697696197788;;;;;
PNJ;15/05/2025;56.51;56.51;54.57;54.82;1447700;-0.018617973505191565;0.018617973505191565;0.0343302070430012;;;;;
PNJ;16/05/2025;54.57;54.75;52.61;52.61;1435100;-0.04031375410434146;0.04031375410434146;0.03921568627450982;;;;;
PNJ;19/05/2025;52.55;53.97;51.89;53.0;959400;0.007413039346132022;0.007413039346132022;0.03958135109419597;;;;;
PNJ;20/05/2025;53.2;53.65;52.61;53.45;1117200;0.008490566037735903;0.008490566037735903;0.01954887218045111;;;;;
PNJ;21/05/2025;53.65;53.65;52.03;52.42;681100;-0.019270346117867154;0.019270346117867154;0.030195712954333598;;;;;
PNJ;22/05/2025;51.96;52.29;50.99;51.25;1049600;-0.022319725295688708;0.022319725295688708;0.025019245573518034;;;;;
PNJ;23/05/2025;51.31;51.96;50.66;51.31;660300;0.0011707317073170742;0.0011707317073170742;0.025336191775482443;;;;;
PNJ;26/05/2025;51.96;52.29;50.66;52.29;744800;0.01909959072305578;0.01909959072305578;0.031370284834488116;;;;;
PNJ;27/05/2025;52.61;52.61;51.96;52.16;538400;-0.0024861350162554974;0.0024861350162554974;0.012355065576886497;;;;;
PNJ;28/05/2025;52.49;52.55;51.25;51.51;773000;-0.012461656441717817;0.012461656441717817;0.024766622213754946;;;;;
PNJ;29/05/2025;55.01;55.01;53.65;54.57;2348100;0.05940594059405946;0.05940594059405946;0.024722777676786028;;;;;
PNJ;30/05/2025;55.86;55.86;53.13;53.59;1052600;-0.017958585303280095;0.017958585303280095;0.04887218045112776;;;;;
PNJ;02/06/2025;50.01;51.71;50.01;50.79;2998100;-0.05224855383467075;0.05224855383467075;0.033993201359728116;1425775.0;8.418.779.595.735.880;2.102.786.203.994.310;18.676.400.565.188.500;
PNJ;03/06/2025;50.66;51.44;50.47;50.53;1639700;-0.0051191179366016915;0.0051191179366016915;0.01914725621792339;1535190.0;8.979.438.306.779.720;10.680.762.641.757.600;0.11638812632755886;0.030383171402543343
PNJ;04/06/2025;50.93;51.25;50.47;51.25;1156900;0.014248961013259454;0.014248961013259454;0.015315138425289636;1525430.0;8.955.724.556.188.390;0.7584091043181267;-0.4115021600852455;0.029379034571336404
PNJ;05/06/2025;51.05;51.18;50.53;50.59;1001000;-0.012878048780487705;0.012878048780487705;0.012732615083251688;1520860.0;8.972.925.964.137.600;0.6581802401272964;-0.5793650834496373;0.02928863713265714
PNJ;06/06/2025;50.59;50.59;49.17;49.17;1268500;-0.02806878829808268;0.02806878829808268;0.028068788298082657;1489490.0;9.042.750.541.615.900;0.8516337806900348;-0.24438360760144326;0.029388347951778276
PNJ;09/06/2025;49.17;49.3;48.19;48.45;690600;-0.014643075045759568;0.014643075045759568;0.02257474069554605;1450845.0;8.959.240.249.009.600;0.47599846985722116;-0.84855967567567;0.029308142658420445
PNJ;10/06/2025;48.39;49.76;48.39;49.43;626600;0.020227038183694424;0.020227038183694424;0.028311634635255163;1412160.0;9.118.742.453.696.230;0.44371742578744616;-0.8614784373930607;0.028670010593896934
PNJ;11/06/2025;49.88;49.88;49.17;49.37;403500;-0.0012138377503541076;0.0012138377503541076;0.014234161988773072;1243460.0;6.938.325.001.870.330;0.32449777234490856;-12.106.091.884.908.400;0.026929573522527384
PNJ;12/06/2025;50.15;51.05;50.08;50.86;1064800;0.03018027141989066;0.03018027141989066;0.019341974077766676;1129610.0;6.294.475.279.330.690;0.94262621612769;-0.1029633084950194;0.0242732824682676
PNJ;13/06/2025;50.66;51.57;50.15;50.66;910500;-0.003932363350373613;0.003932363350373613;0.028030003947887915;1110465.0;6.250.712.837.454.280;0.8199267874268887;-0.3199075132708214;0.025353710177774037
PNJ;16/06/2025;50.66;53.59;50.53;53.26;1581800;0.05132254243979473;0.05132254243979473;0.06040268456375844;1084235.0;6.217.295.886.011.090;14.589.088.158.932.300;0.8002916527095327;0.023827882652736186
PNJ;17/06/2025;53.26;53.39;52.35;52.67;485300;-0.011077731881336761;0.011077731881336761;0.019526849417949667;1115355.0;6.306.648.125.297.280;0.4351081045945013;-0.9990330639705699;0.026569025256749517
PNJ;18/06/2025;52.35;52.67;51.51;51.96;764700;-0.013480159483577059;0.013480159483577059;0.02215854823304687;1083760.0;6.462.045.068.177.550;0.7055990256145273;-0.49374462207206815;0.026622528920952192
PNJ;19/06/2025;51.96;52.42;51.64;52.16;245700;0.0038491147036181506;0.0038491147036181506;0.015011547344110875;1087940.0;6.437.284.401.295.150;0.22583966027538283;-13.083.777.995.431.500;0.026437373293341383
PNJ;20/06/2025;52.09;52.29;51.64;51.71;499500;-0.008627300613496813;0.008627300613496813;0.012478402764446122;1047745.0;6.707.782.318.244.030;0.4767381376193635;-0.8173267616464922;0.02592297019083336
PNJ;23/06/2025;51.64;52.29;51.05;52.29;598300;0.011216399149100775;0.011216399149100775;0.024012393493415995;1039705.0;6.766.049.694.692.800;0.5754516906237827;-0.6523821430785999;0.02601590568449269
PNJ;24/06/2025;52.35;52.61;51.96;52.09;372900;-0.0038248231019314405;0.0038248231019314405;0.012416427889207231;1032380.0;6.807.460.192.589.020;0.3612042077529592;-0.9687607144848913;0.025781236517452778
PNJ;25/06/2025;52.16;52.35;51.64;51.71;487600;-0.007295066231522429;0.007295066231522429;0.013611963190184066;1024105.0;6.880.336.523.861.230;0.4761230537884299;-0.7797656381186918;0.025790621621673365
PNJ;26/06/2025;51.71;52.87;51.64;52.55;851400;0.01624444014697346;0.01624444014697346;0.023786501643782574;1009835.0;6.964.242.153.012.010;0.8431080325003589;-0.2274978332444647;0.025682287080477567
PNJ;27/06/2025;52.94;53.45;52.55;53.2;801100;0.012369172216936342;0.012369172216936342;0.017000377786173134;935000.0;6.214.274.721.621.940;0.8567914438502674;-0.21547164552302212;0.022025352344444395
PNJ;30/06/2025;53.45;54.11;53.39;53.97;916200;0.014473684210526194;0.014473684210526194;0.013470533208606151;922425.0;6.214.671.434.554.980;0.9932514838604765;-0.010016619648446076;0.02188729984536325
PNJ;01/07/2025;54.04;54.17;53.26;54.17;924400;0.0037057624606262607;0.0037057624606262607;0.01683937823834204;818330.0;3.847.831.557.479.720;11.296.176.359.170.500;0.2756617549794055;0.018320770641494098
PNJ;02/07/2025;54.11;54.62;53.85;53.85;846400;-0.005907328779767407;0.005907328779767407;0.014230271668822694;782565.0;3.343.590.038.377.430;10.815.714.988.531.300;0.19091754451744192;0.01821587157207885
PNJ;03/07/2025;53.85;54.62;53.39;53.59;903400;-0.004828226555246062;0.004828226555246062;0.022841225626740888;767040.0;3.230.814.324.593.720;11.777.743.012.098.400;0.4220607757059741;0.01815550013937579
PNJ;04/07/2025;53.59;54.3;53.59;53.72;382300;0.002425825713752383;0.002425825713752383;0.013248740436648511;762160.0;32.008.478.383.407.300;0.5016007137608901;-11.867.480.717.137.500;0.017880708488987446
PNJ;07/07/2025;53.91;54.11;53.26;53.59;331700;-0.0024199553239016014;0.0024199553239016014;0.015767019105917296;717850.0;3.073.894.332.670.050;0.46207424949501985;-1.256.224.053.949.770;0.01632101598792101
PNJ;08/07/2025;53.72;53.85;53.45;53.45;484900;-0.002612427691733532;0.002612427691733532;0.007446016381236012;699905.0;3.193.089.420.921.370;0.6928083096991735;-0.6733447506708399;0.01578414642847773
PNJ;09/07/2025;53.91;54.17;53.33;53.79;660500;0.006361085126286081;0.006361085126286081;0.015581524763494777;692820.0;32.257.642.032.139.900;0.9533500764989463;-0.10019331223217705;0.015460361957998674
PNJ;10/07/2025;53.91;53.97;53.26;53.45;596100;-0.006320877486521548;0.006320877486521548;0.013170098312001501;705670.0;31.548.554.575.280.800;0.8447291226777389;-0.3473059272447654;0.015417905589044056
PNJ;11/07/2025;53.45;54.23;53.45;54.04;676900;0.011038353601496631;0.011038353601496631;0.014593077642656577;682235.0;30.462.562.921.344;0.992180113890375;-0.017513299894612484;0.014328374908663462
PNJ;14/07/2025;54.43;56.9;54.3;56.9;1846700;0.05292376017764622;0.05292376017764622;0.04776777512401252;670555.0;29.985.380.731.809.600;27.539.873.686.722.100;3.922.394.751.360.620;0.014361147234043125
PNJ;15/07/2025;56.9;56.97;56.31;56.31;680600;-0.010369068541300486;0.010369068541300486;0.011599297012302225;683800.0;34.471.764.341.879.900;0.9953202690845276;-0.009282959723974155;0.014644444200249757
PNJ;16/07/2025;55.86;57.16;55.4;57.16;763400;0.015095009767359224;0.015095009767359224;0.03150733977801643;693565.0;3.415.503.126.611.760;1.100.689.913.706.710;0.2044647520767386;0.014608356380168322
PNJ;17/07/2025;56.83;57.48;56.05;56.05;958100;-0.019419174247725657;0.019419174247725657;0.02516276614464191;693500.0;34.153.618.595.368.400;13.815.428.983.417.400;0.7747348915932513;0.014258973593705287
PNJ;18/07/2025;55.99;56.7;55.86;55.99;471000;-0.0010704727921497792;0.0010704727921497792;0.015002679049830388;729120.0;3.293.058.881.951.550;0.6459842001316656;-0.7838305030459444;0.015261106893650806
PNJ;21/07/2025;55.99;56.19;55.21;55.21;460300;-0.013931059117699651;0.013931059117699651;0.017503125558135324;727695.0;3.304.116.228.282.530;0.6325452284267448;-0.8092784318879447;0.015031358171181362
PNJ;22/07/2025;55.21;55.86;54.62;55.79;479000;0.010505343234921138;0.010505343234921138;0.02245969932983159;720795.0;3.346.694.983.585.730;0.6645440104329248;-0.7224889067749308;0.015449767651341772
PNJ;23/07/2025;55.79;55.93;55.47;55.86;382100;0.0012547051442910462;0.0012547051442910462;0.008245205233912903;726100.0;3.296.681.601.087.270;0.5262360556397191;-10.434.735.337.696.700;0.015457092215072415
PNJ;24/07/2025;55.86;56.05;55.28;55.86;560300;0.0;0.0;0.013784461152882134;720825.0;3.344.939.663.919.680;0.777303783858773;-0.47990402257926695;0.015258366083149219
PNJ;25/07/2025;55.86;56.31;55.86;56.12;489900;0.0046544933762977525;0.0046544933762977525;0.008055853920515626;706270.0;33.484.635.455.368.800;0.6936440737961402;-0.6461769616348247;0.015001113085380303
PNJ;28/07/2025;56.12;56.19;55.79;55.86;691100;-0.004632929436920841;0.004632929436920841;0.007127583749109027;690710.0;33.742.839.536.707.600;10.005.646.363.886.400;0.0011558007724149378;0.014850377455072034
PNJ;29/07/2025;55.93;55.99;54.75;54.75;1558300;-0.019871106337271738;0.019871106337271738;0.02217057035580193;679455.0;333.239.397.865.069;22.934.557.844.154.500;26.372.782.018.885.100;0.014671883471799223
PNJ;30/07/2025;54.69;55.53;54.43;55.53;720900;0.014246575342465873;0.014246575342465873;0.02011336624611449;711150.0;38.403.676.153.530.700;10.137.101.877.241.000;0.025388194507789626;0.015439692890221181
PNJ;31/07/2025;54.95;55.4;54.43;54.82;541500;-0.012785881505492536;0.012785881505492536;0.01765241128298451;704875.0;3.827.336.188.869.690;0.7682213158361412;-0.42686346831802274;0.0156459302453607
PNJ;01/08/2025;54.75;58.65;54.3;58.65;1139200;0.06986501276906232;0.06986501276906232;0.07945205479452057;686780.0;38.140.640.515.693.600;1.658.755.351.058.560;11.861.887.841.496.600;0.015918199333305072
PNJ;04/08/2025;55.86;56.45;54.57;56.19;775500;-0.041943734015345235;0.041943734015345235;0.033655567490154005;724625.0;3.871.132.689.876.640;10.702.087.286.527.500;0.13142148326003558;0.02211589169011019
PNJ;05/08/2025;56.12;56.25;55.53;55.53;1006700;-0.011745862253069839;0.011745862253069839;0.012829650748396274;746815.0;3.759.638.326.320.340;13.479.911.356.895.600;0.6912500018435446;0.024423990341580513
PNJ;06/08/2025;55.53;56.25;55.53;56.05;446600;0.009364307581487319;0.009364307581487319;0.012965964343598034;772905.0;3.749.353.803.622.270;0.5778200425666803;-0.8702966353422136;0.02461221368241838
PNJ;07/08/2025;56.19;57.09;55.99;56.12;551700;0.0012488849241747424;0.0012488849241747424;0.019576437088449927;762210.0;38.130.707.738.403.900;0.723816271106388;-0.552074725295438;0.02464811905519244
PNJ;08/08/2025;56.51;56.51;55.67;55.73;752900;-0.0069493941553813166;0.0069493941553813166;0.014864625729959235;759990.0;3.824.526.126.821.050;0.9906709298806563;-0.018538244386091324;0.024566062284866623
PNJ;11/08/2025;56.05;56.51;55.86;56.19;518400;0.008254082181948785;0.008254082181948785;0.011596788581623526;763790.0;3.819.608.369.288.250;0.6787205907382919;-0.6424480634534953;0.02457481592933697
PNJ;12/08/2025;56.19;56.83;56.19;56.83;777800;0.011389927033280012;0.011389927033280012;0.011389927033279953;697375.0;28.757.522.379.736.600;11.153.253.271.195.500;0.27966595639918446;0.02152687442379098
PNJ;13/08/2025;56.83;57.87;56.45;57.16;1126700;0.005806792187225129;0.005806792187225129;0.02498680274502894;702235.0;2.880.976.685.175.760;160.444.865.322.862;14.733.371.574.442.400;0.02154697258544198
PNJ;14/08/2025;57.16;57.29;56.12;57.16;789700;0.0;0.0;0.020468859342197374;720400.0;303.213.933.508.479;10.961.965.574.680.700;0.22855150222858117;0.02131873436940408
PNJ;15/08/2025;57.16;57.16;55.86;55.99;808800;-0.02046885934219722;0.02046885934219722;0.022743177046885887;711980.0;2.985.683.710.819.450;11.359.869.659.260.000;0.3242808327256693;0.02081381879295351
PNJ;18/08/2025;55.99;56.05;54.82;55.21;1043200;-0.013931059117699651;0.013931059117699651;0.021968208608680064;728870.0;29.373.418.721.157.000;143.125.660.268.635;10.701.171.796.989.100;0.02136893391032038
PNJ;19/08/2025;55.21;55.4;54.95;55.15;680000;-0.0010867596449919414;0.0010867596449919414;0.008150697337438792;758015.0;29.460.058.290.398.600;0.8970798730895827;-0.26481617663813645;0.02136893391032038
PNJ;20/08/2025;55.28;55.6;54.89;55.4;964900;0.00453309156844961;0.00453309156844961;0.012843704775687425;768065.0;2.879.343.387.777.290;12.562.738.830.697.900;0.6836107177614068;0.021231846859728735
PNJ;21/08/2025;55.4;55.67;54.95;55.6;670700;0.0036101083032491488;0.0036101083032491488;0.012996389891696731;797205.0;2.760.634.680.553.310;0.8413143419823007;-0.45824607251055993;0.021257661980866715
PNJ;22/08/2025;55.86;55.86;54.75;55.08;878100;-0.009352517985611541;0.009352517985611541;0.01987110633727174;802725.0;2.721.531.938.468.710;10.938.989.068.485.400;0.2769579843417535;0.02127479342458651
PNJ;25/08/2025;55.15;55.53;54.23;54.23;533900;-0.015432098765432167;0.015432098765432167;0.023572076155938426;822135.0;2.623.343.392.555.220;0.6494067276055636;-10.987.314.921.027.100;0.02134318058322804
PNJ;26/08/2025;53.85;54.82;53.85;54.69;383400;0.008482389821132141;0.008482389821132141;0.01801299907149487;814275.0;2.687.437.105.751.200;0.4708483006355347;-1.603.293.335.043.680;0.021582578570879755
PNJ;27/08/2025;56.45;56.45;55.15;55.4;1316400;0.012982263667946636;0.012982263667946636;0.02302922940655455;755530.0;22.187.016.378.717.400;1.742.353.050.176.690;25.279.198.898.415.500;0.021224152813417677
PNJ;28/08/2025;55.4;55.86;55.28;55.6;688500;0.0036101083032491488;0.0036101083032491488;0.010469314079422353;785305.0;25.453.217.452.499.200;0.8767294235997478;-0.3803251992823987;0.021181813818824714
PNJ;29/08/2025;55.6;55.79;55.47;55.6;677700;0.0;0.0;0.005755395683453243;792655.0;2.491.877.129.584.710;0.8549747368022658;-0.46131889343660254;0.020973429543702876
PNJ;03/09/2025;55.6;56.25;55.28;56.05;659000;0.008093525179855954;0.008093525179855954;0.017446043165467606;769580.0;23.645.049.687.764.300;0.8563112346994465;-0.4676666002407356;0.01329828795763998
PNJ;04/09/2025;56.38;58.07;56.05;57.41;1615100;0.024264049955396993;0.024264049955396993;0.03582830791060665;763755.0;23.772.852.601.012.600;21.146.833.735.949.300;358.116.467.673.608;0.009731719062507495
PNJ;05/09/2025;57.55;57.55;56.64;56.64;620800;-0.013412297509144633;0.013412297509144633;0.015812337098175443;794175.0;3.009.669.240.001.380;0.7816916926370132;-0.5760599792684196;0.010738747708460988
PNJ;08/09/2025;56.19;56.64;55.08;55.08;749500;-0.02754237288135597;0.02754237288135597;0.027762947143619904;802885.0;2.927.882.228.631.610;0.9335085348462109;-0.18233315356044952;0.011087566678355929
PNJ;09/09/2025;55.6;55.73;54.89;55.67;432300;0.010711692084241164;0.010711692084241164;0.015107913669064681;812775.0;28.714.325.578.377.300;0.531881517025007;-13.250.354.738.838.300;0.012742064175765965
PNJ;10/09/2025;55.67;56.19;55.28;55.99;357000;0.005748158792886704;0.005748158792886704;0.01634632656727136;796745.0;29.935.111.662.780.800;0.4480730974151077;-14.689.940.193.099.200;0.012908547543114258
PNJ;11/09/2025;56.19;56.19;55.34;55.99;458100;0.0;0.0;0.015127246841074823;788675.0;3.092.612.553.795.690;0.5808476241797952;-10.689.182.503.455.500;0.012836434960894457
PNJ;12/09/2025;56.19;57.61;55.93;57.16;764100;0.02089658867654931;0.02089658867654931;0.029898558462359847;772690.0;3.179.919.825.205.790;0.988882993179671;-0.02701325968004266;0.012549311656052584
PNJ;15/09/2025;57.16;57.29;56.7;57.29;485200;0.0022743177046886665;0.0022743177046886665;0.010321903428971244;754560.0;3.068.889.639.764.290;0.6430237489397794;-0.8777115882886158;0.013384945554514714
PNJ;16/09/2025;57.29;58.39;57.09;57.61;679700;0.005585617036131918;0.005585617036131918;0.022691569209286038;739335.0;31.255.482.596.952.800;0.9193396768717834;-0.19079852571469788;0.01339384083959865
PNJ;17/09/2025;57.61;58.78;56.58;56.58;618200;-0.017878840479083502;0.017878840479083502;0.038187814615518186;732880.0;3.123.777.632.088.560;0.8435214496234036;-0.3671196016706369;0.012516130783346341
PNJ;18/09/2025;57.16;57.94;56.83;57.23;426000;0.011488158359844514;0.011488158359844514;0.019419174247725674;711630.0;30.451.334.963.390.800;0.5986256903165971;-0.9379884341471044;0.012800233201400715
PNJ;19/09/2025;57.81;57.81;57.09;57.48;437800;0.004368338284116646;0.004368338284116646;0.012454592631032673;698930.0;3.111.267.690.525.080;0.6263860472436439;-0.8393041871492893;0.012984118881531507
PNJ;22/09/2025;57.81;58.26;56.51;57.09;464800;-0.006784968684759751;0.006784968684759751;0.030271579311537795;672575.0;3.097.328.711.121.380;0.6910753447570903;-0.6708199851502856;0.01298243467286508
PNJ;23/09/2025;57.03;57.16;55.99;57.09;346000;0.0;0.0;0.020515518148342883;662280.0;31.320.094.205.679.400;0.5224376396690221;-10.098.309.344.888.400;0.013118782740708178
PNJ;24/09/2025;57.09;57.09;56.19;56.9;168700;-0.0033280784725872037;0.0033280784725872037;0.015764582238570777;635675.0;31.648.563.761.376.200;0.2653871868486255;-14.755.013.956.427.700;0.012879647610157622
PNJ;25/09/2025;56.97;57.03;55.99;55.99;766900;-0.01599297012302281;0.01599297012302281;0.018255222046691225;617415.0;3.327.824.455.690.940;12.421.142.991.342.900;0.44919737200790194;0.012294814991260615
PNJ;26/09/2025;56.45;56.71;55.79;55.93;448400;-0.001071619932130785;0.001071619932130785;0.01629760850310012;636590.0;32.962.243.935.496.200;0.7043780141064108;-0.5709259368636088;0.01287031593095956
PNJ;29/09/2025;56.12;56.12;55.07;55.13;285800;-0.014303593777936663;0.014303593777936663;0.018709907341411213;593190.0;29.018.784.642.111.800;0.4818017835769315;-10.592.793.729.683.500;0.012576588508777586
PNJ;30/09/2025;55.13;55.73;54.87;54.87;268100;-0.004716125521494696;0.004716125521494696;0.015599492109559212;573055.0;2.971.148.094.149.530;0.4678434007206987;-10.263.877.475.528.200;0.012978755147919832
PNJ;01/10/2025;55.07;55.46;55.07;55.07;468900;0.003644979041370622;0.003644979041370622;0.007081895769021256;552575.0;3.035.687.174.005.420;0.8485725919558431;-0.2756377558152518;0.013014964355321897
PNJ;02/10/2025;55.07;55.2;54.87;54.87;383100;-0.003631741420010992;0.003631741420010992;0.005992373343018075;543070.0;3.030.367.080.421.980;0.705433921962178;-0.5278898422356271;0.012896403802145948
PNJ;03/10/2025;54.8;55.2;54.8;54.8;228600;-0.0012757426644797176;0.0012757426644797176;0.007299270072992805;481470.0;16.940.213.165.874.300;0.47479593744158516;-1.492.720.295.334.880;0.011472608548982757
PNJ;06/10/2025;54.8;55.86;54.8;55.59;227500;0.014416058394160602;0.014416058394160602;0.019343065693430698;461860.0;17.503.141.191.767.500;0.4925735071233707;-1.338.959.661.196.290;0.011165032315932329
PNJ;07/10/2025;55.66;56.32;55.66;56.05;232300;0.008274869580859656;0.008274869580859656;0.01185770750988149;435760.0;16.868.649.651.131.900;0.5330916100605838;-1.206.142.780.885.530;0.009902626333427457
PNJ;08/10/2025;56.78;56.78;55.46;55.46;353700;-0.010526315789473606;0.010526315789473606;0.02324762240225432;425760.0;1.747.225.692.648.960;0.830749718151071;-0.4124252539507369;0.009784756678783205
PNJ;09/10/2025;55.59;56.45;55.53;56.12;379600;0.011900468806346876;0.011900468806346876;0.016549739161719763;425595.0;17.479.246.483.518.100;0.8919277717078443;-0.263140633913313;0.009989889708758129
PNJ;10/10/2025;56.52;56.65;55.79;56.12;478400;0.0;0.0;0.015215852795470618;421670.0;17.490.547.251.526.900;1.134.536.485.877.580;0.32434662669029696;0.010364128941958756
PNJ;13/10/2025;55.99;56.32;55.53;56.05;189600;-0.0012473271560941024;0.0012473271560941024;0.014109662439721364;407385.0;1.561.250.048.249.120;0.46540741558967563;-1.394.939.908.852.110;0.00914608234027162
PNJ;14/10/2025;56.45;56.52;55.93;55.93;617400;-0.0021409455842996694;0.0021409455842996694;0.010451727192205551;392605.0;16.224.275.014.213.800;15.725.729.422.702.200;13.855.472.728.554.000;0.009116052376062085
PNJ;15/10/2025;55.79;57.31;55.79;56.85;997700;0.016449132844627234;0.016449132844627234;0.0272450259903209;389490.0;15.695.233.570.804.400;25.615.548.537.831.500;3.875.125.510.278.260;0.008982610849730358
PNJ;16/10/2025;56.91;60.81;56.91;60.81;2980200;0.06965699208443277;0.06965699208443277;0.06852925672113874;408465.0;20.241.395.904.381.000;7.296.096.360.765.300;12.705.324.337.060.000;0.008955863393006601
PNJ;17/10/2025;60.75;60.81;58.83;59.49;1440500;-0.021706956092747864;0.021706956092747864;0.03259259259259266;536175.0;6.098.219.480.221.040;26.866.228.376.929.100;1.482.932.851.028.210;0.01783367042318335
PNJ;20/10/2025;59.49;59.49;55.39;55.39;2295500;-0.06891914607497063;0.06891914607497063;0.0689191460749706;586310.0;6.416.930.344.183.670;39.151.643.328.614.500;26.635.632.745.323.600;0.0186758314904935
PNJ;21/10/2025;55.46;57.77;55.33;57.37;1027500;0.035746524643437416;0.035746524643437416;0.04399567255679778;677845.0;7.456.054.307.706.830;15.158.332.657.170.800;0.46895447051476596;0.02446420767972892
PNJ;22/10/2025;58.23;58.23;56.59;57.91;624100;0.009412584974725524;0.009412584974725524;0.028164176541301624;711920.0;7.452.141.024.741.250;0.8766434430834925;-0.1178453275487352;0.02582636205575164
PNJ;23/10/2025;57.64;61.41;57.64;60.94;2073400;0.05232256950440339;0.05232256950440339;0.06540596807772374;734690.0;7.346.245.742.948.530;282.214.267.241.966;18.223.049.525.466.600;0.025882443939610728
PNJ;24/10/2025;60.75;63.19;59.42;62.73;1714300;0.029373153921890438;0.029373153921890438;0.06205761316872421;800015.0;79.337.891.343.889;21.428.348.218.470.900;11.523.938.744.944.000;0.027921785816634365
PNJ;27/10/2025;62.66;62.73;61.73;61.73;810700;-0.015941335883947083;0.015941335883947083;0.015959144589849986;863310.0;8.140.771.565.010.540;0.9390601290382365;-0.06462532400014821;0.02842092201147701
PNJ;28/10/2025;61.73;62.73;60.61;62.66;849400;0.01506560829418424;0.01506560829418424;0.0343431070792159;889555.0;8.028.627.964.812.440;0.9548594521980092;-0.05001477235710728;0.02848520073154683
PNJ;29/10/2025;62.66;63.12;60.61;63.05;1134200;0.006224066390041472;0.006224066390041472;0.04005745292052343;918620.0;7.895.933.447.701.180;12.346.781.041.126.900;0.273026617344101;0.028434922046830218
PNJ;30/10/2025;63.05;63.52;62.07;62.46;544100;-0.009357652656621696;0.009357652656621696;0.022997620935765312;951885.0;7.836.416.610.422.470;0.5716026620862814;-0.5203717722940404;0.028424543787978897
PNJ;31/10/2025;62.46;62.46;60.87;62.46;1203300;0.0;0.0;0.025456292026897268;959935.0;7.783.000.025.527.970;12.535.223.739.107.300;0.3126879085208418;0.028567570457446137
PNJ;03/11/2025;62.07;62.46;61.34;61.34;503500;-0.01793147614473256;0.01793147614473256;0.018044143708715925;1008670.0;7.604.064.225.620.950;0.4991721772234725;-0.6643421005018502;0.028549805316638956
PNJ;04/11/2025;61.27;61.27;58.1;59.42;1015200;-0.031300945549396886;0.031300945549396886;0.051738207932103826;1022470.0;7.478.848.061.454.100;0.9928897669369272;-0.009720748356246861;0.029017029091571497
PNJ;05/11/2025;59.55;60.35;59.42;60.35;297100;0.015651295859979708;0.015651295859979708;0.015617128463476066;1061615.0;7.244.722.066.333.600;0.2798566335253364;-10.552.716.764.011.100;0.030133763336868163
PNJ;06/11/2025;60.21;60.28;59.09;59.42;318400;-0.0154101077050538;0.0154101077050538;0.019764158777611656;1058785.0;7.274.873.464.444.870;0.30072205405252245;-10.177.290.417.744.600;0.030067581538439213
PNJ;07/11/2025;59.75;60.02;57.77;57.77;419200;-0.027768428138673862;0.027768428138673862;0.03765690376569038;1055725.0;7.306.165.153.485.100;0.3970731014231926;-0.8712162764297384;0.030340502544376848
PNJ;10/11/2025;57.77;58.63;57.44;57.44;229700;-0.0057123074259997075;0.0057123074259997075;0.020598926778604896;1052765.0;7.331.939.517.043.150;0.21818734475405244;-1.122.574.726.764.690;0.03112456205123499
PNJ;11/11/2025;57.84;58.83;57.37;58.83;398000;0.024199164345403812;0.024199164345403812;0.025242047026279406;1054770.0;7.307.600.881.418.280;0.37733344710221184;-0.8987491389547974;0.031164379928166074
PNJ;12/11/2025;58.83;59.23;58.23;59.03;158600;0.0033996260411355284;0.0033996260411355284;0.016998130205677375;1043800.0;7.392.686.044.149.880;0.1519448170147538;-11.973.996.930.391.600;0.031548358332876426
PNJ;13/11/2025;58.89;60.28;58.7;59.62;528400;0.00999491783838713;0.00999491783838713;0.026829682458821502;1001845.0;7.653.720.357.653.380;0.5274268973743443;-0.6185815235940461;0.03139017129212897
PNJ;14/11/2025;59.49;59.75;58.89;59.42;220700;-0.0033545790003354226;0.0033545790003354226;0.014456211127920648;879255.0;613.007.607.469.752;0.251007955598774;-10.743.015.126.977.700;0.027214323748360844
PNJ;17/11/2025;59.42;60.02;59.23;59.29;276300;-0.0021878155503197716;0.0021878155503197716;0.013295186805789401;818265.0;6.149.065.545.396.220;0.3376656706568166;-0.881377822368094;0.026772159225530365
PNJ;18/11/2025;59.36;59.62;58.76;59.03;271500;-0.0043852251644459495;0.0043852251644459495;0.014487870619946082;717305.0;5.176.737.302.841.580;0.37850008016115877;-0.861169833275664;0.021290611094833222
PNJ;19/11/2025;59.03;59.16;58.83;58.96;153600;-0.0011858377096392037;0.0011858377096392037;0.005590377774013185;679505.0;521.419.120.715.158;0.22604690178880213;-1.008.603.212.092.960;0.01995264690894393
PNJ;20/11/2025;58.83;58.96;57.31;57.97;1169700;-0.01679104477611948;0.01679104477611948;0.028046914839367647;655980.0;5.345.001.566.638.530;17.831.336.321.229.300;0.9611222627256918;0.019875233184899487
PNJ;21/11/2025;57.71;57.71;57.11;57.51;258200;-0.007935138864930136;0.007935138864930136;0.010396811644429066;610795.0;4.378.243.477.096.360;0.4227277564485629;-0.8053343808870124;0.016158533939693447
PNJ;24/11/2025;57.84;57.84;57.51;57.77;135200;0.0045209528777605534;0.0045209528777605534;0.005705394190871463;537990.0;3.585.571.684.580.180;0.2513057863529062;-11.233.634.004.089.300;0.014353695797933006
PNJ;25/11/2025;57.91;57.97;57.44;57.44;283600;-0.0057123074259997075;0.0057123074259997075;0.00915213261958213;504215.0;36.330.034.301.778.700;0.5624584750552839;-0.6072523856361962;0.014203950369327133
PNJ;26/11/2025;57.44;57.71;57.25;57.57;427200;0.00226323119777172;0.00226323119777172;0.008008356545961017;475925.0;3.569.805.727.796.750;0.8976204233860378;-0.1364920214581887;0.01354103822068046
PNJ;27/11/2025;57.64;59.55;57.64;59.55;831600;0.03439291297550806;0.03439291297550806;0.03313671061762659;440575.0;3.216.178.802.881.650;18.875.333.371.162.600;12.158.061.599.362.700;0.013408067759052041
PNJ;28/11/2025;59.75;60.21;58.63;60.09;436200;0.009068010075566901;0.009068010075566901;0.026443514644351435;454950.0;33.272.190.616.505.100;0.9587866798549292;-0.05635336794054909;0.01590224523209299
PNJ;01/12/2025;59.75;60.61;58.43;60.48;564200;0.006490264603095319;0.006490264603095319;0.03648535564853556;416595.0;28.230.957.154.196.900;1.354.312.941.825.990;0.522848018201381;0.01609821761832411
PNJ;02/12/2025;60.15;60.48;58.83;60.48;444000;0.0;0.0;0.027431421446384018;419630.0;2.836.162.828.448.620;10.580.749.708.076.100;0.08592595515163122;0.015733026852146434
PNJ;03/12/2025;60.48;60.48;59.55;60.35;401200;-0.002149470899470818;0.002149470899470818;0.015376984126984123;391070.0;2.468.648.172.583.530;1.025.903.290.970.920;0.04103460392818382;0.013975765352441537
PNJ;04/12/2025;60.48;60.75;59.62;59.62;302200;-0.012096106048053112;0.012096106048053112;0.018683862433862476;396275.0;24.587.469.396.336.600;0.7626017285975648;-0.3826135926538928;0.013552452725013249
PNJ;05/12/2025;59.29;60.75;59.16;60.48;455900;0.014424689701442395;0.014424689701442395;0.02681733850565025;395465.0;24.617.125.035.227.000;11.528.200.978.594.800;0.24549982954353;0.013372064700173733
PNJ;08/12/2025;60.68;60.68;59.03;59.03;422100;-0.023974867724867677;0.023974867724867677;0.027191825972313753;397300.0;24.649.405.885.869.000;10.624.213.440.724.800;0.10061094419406376;0.011973858158255406
PNJ;09/12/2025;59.29;59.55;57.64;58.43;675000;-0.010164323225478555;0.010164323225478555;0.032214538708045144;406920.0;24.334.310.756.625.100;16.588.027.130.639.900;11.016.543.787.952.300;0.0132503418029168
PNJ;10/12/2025;58.37;58.5;57.97;58.17;364200;-0.004449768954304267;0.004449768954304267;0.00908000685283538;420770.0;25.058.377.756.540.300;0.8655560044679992;-0.2257528422215402;0.012341886669705876
PNJ;11/12/2025;58.37;58.63;58.03;58.1;179000;-0.001203369434416346;0.001203369434416346;0.010279253040945716;431050.0;24.337.601.944.749.000;0.4152650504581835;-10.356.402.433.247.100;0.012343885913895262
PNJ;12/12/2025;58.63;60.15;58.1;59.29;814000;0.02048192771084323;0.02048192771084323;0.03496503496503491;413580.0;24.850.648.747.223.800;19.681.802.795.106.100;16.113.060.229.251.800;0.01208635917176665
PNJ;15/12/2025;59.29;60.02;59.23;60.02;563000;0.012312362961713674;0.012312362961713674;0.01332433799966278;443245.0;25.944.142.929.925.800;12.701.778.925.876.200;0.4615878054767647;0.013005263682813262
PNJ;16/12/2025;60.09;61.01;59.62;61.01;807000;0.016494501832722275;0.016494501832722275;0.023131968713596282;457580.0;25.764.602.727.079.000;17.636.260.326.063.200;13.562.017.769.160.100;0.013279893880200622
PNJ;17/12/2025;61.14;61.14;60.15;61.01;350100;0.0;0.0;0.01619234543670268;484355.0;2.650.102.867.417.550;0.7228169421189004;-0.5066029762490972;0.013674330693399357
PNJ;18/12/2025;60.75;60.75;60.15;60.68;163400;-0.0054089493525650845;0.0054089493525650845;0.009876543209876567;494180.0;255.577.108.768.207;0.3306487514670768;-12.942.473.666.528.400;0.013663546253605819
PNJ;19/12/2025;60.61;61.14;60.02;61.07;553200;0.00642715886618328;0.00642715886618328;0.018478798878072883;443865.0;21.070.429.085.381.800;12.463.248.960.832.600;0.5189025793302607;0.013072778423589377
PNJ;22/12/2025;60.87;62.26;60.35;62.0;582800;0.015228426395939021;0.015228426395939021;0.031378347297519246;458615.0;20.732.139.624.772.300;12.707.826.826.423.000;0.5989975094110138;0.012869935025249512
PNJ;23/12/2025;62.39;62.46;61.14;61.67;394100;-0.005322580645161223;0.005322580645161223;0.02115723673665652;480995.0;1.943.231.748.646.400;0.819343236416179;-0.44716745730676843;0.013152385467495798
PNJ;24/12/2025;62.19;63.32;61.41;63.25;894300;0.025620236743959746;0.025620236743959746;0.030712333172535838;486520.0;1.899.368.138.701.860;18.381.567.047.603.300;21.469.245.044.759.900;0.013138110235489378
PNJ;25/12/2025;63.19;63.52;62.99;62.99;1122600;-0.004110671936758847;0.004110671936758847;0.008387403070106048;509875.0;2.099.248.509.022.110;22.017.161.068.889.400;2.918.782.589.896.520;0.014017871832510374
PNJ;26/12/2025;62.85;63.32;60.75;63.32;615400;0.0052389268137800205;0.0052389268137800205;0.04089101034208433;524425.0;24.115.853.242.868.600;11.734.757.114.935.400;0.37724147300034794;0.01227686266774332
PNJ;29/12/2025;63.45;64.05;62.85;63.39;337600;0.0011054958938723214;0.0011054958938723214;0.018912529550827357;533385.0;241.037.066.979.116;0.6329386840649812;-0.8122609624060986;0.012204985155896872
PNJ;30/12/2025;63.32;64.31;63.19;63.91;576600;0.00820318662249564;0.00820318662249564;0.017687934301958377;522055.0;2.448.085.513.534.800;1.104.481.328.595.640;0.22280675939804978;0.01217614388162678
PNJ;31/12/2025;63.25;64.71;63.25;64.05;459400;0.0021905805038335835;0.0021905805038335835;0.02308300395256907;528685.0;24.437.856.154.357.100;0.868948428648439;-0.28351504961144763;0.012228291971464241
PNJ;05/01/2026;64.51;65.03;63.71;65.03;549100;0.015300546448087537;0.015300546448087537;0.020461943884669046;531595.0;24.312.389.840.096.800;10.329.292.036.230.500;0.07200032623337652;0.012173609586639935
PNJ;06/01/2026;64.71;65.37;64.31;65.17;383300;0.0021528525296017342;0.0021528525296017342;0.016380775768814748;543940.0;23.705.559.507.823.200;0.704673309556201;-0.6776469458440164;0.011918340090999208
PNJ;07/01/2026;65.17;68.01;64.97;67.74;1263000;0.03943532300138086;0.03943532300138086;0.046647230320699805;540310.0;23.902.239.247.665.300;23.375.469.637.800.500;30.235.242.502.251.700;0.011689847274774562
PNJ;08/01/2026;67.74;68.67;67.35;68.67;1117700;0.01372896368467691;0.01372896368467691;0.019486271036315433;582355.0;286.398.137.444.326;19.192.760.429.634.800;1.869.233.524.970.340;0.012339531864230976
PNJ;09/01/2026;68.8;69.47;68.0;68.67;727400;0.0;0.0;0.021366279069767426;604490.0;3.100.650.167.812.850;12.033.284.256.149.800;0.39640073322653635;0.011734465480511025
PNJ;12/01/2026;69.33;69.33;66.13;68.8;1194900;0.0018931119848550892;0.0018931119848550892;0.04615606519544213;622650.0;3.058.583.994.699.440;19.190.556.492.411.400;18.709.638.217.937.200;0.01152284924668851
PNJ;13/01/2026;67.0;69.0;66.93;68.6;928900;-0.0029069767441860517;0.0029069767441860517;0.0308955223880596;673445.0;31.258.514.204.343.700;137.932.570.588.541;0.8172333410668047;0.011407336625762305
PNJ;14/01/2026;67.4;68.67;67.0;67.67;565000;-0.013556851311953277;0.013556851311953277;0.02477744807121664;679190.0;31.633.771.078.257.100;0.8318732607959481;-0.3609749837207558;0.011318107828393589
PNJ;15/01/2026;66.73;68.0;66.33;67.67;753400;0.0;0.0;0.025026225086168166;679290.0;3.162.993.616.979.430;11.090.992.065.244.500;0.2343033498460641;0.012170735338913496
PNJ;16/01/2026;67.67;72.4;67.67;71.8;4710600;0.061031476281956376;0.061031476281956376;0.06989803457957741;676610.0;3.153.860.823.615.530;6.962.060.862.239.690;12.790.640.505.738.900;0.011985730878314406
PNJ;19/01/2026;71.8;76.67;71.33;76.13;2878700;0.06030640668523679;0.06030640668523679;0.07437325905292484;894635.0;9.488.405.047.463.810;3.217.736.842.399.410;20.910.416.345.793.800;0.01720760304238607
PNJ;20/01/2026;75.27;76.0;73.8;74.6;1915700;-0.02009720215420996;0.02009720215420996;0.029228112129666573;1030400.0;10.295.332.197.293.600;1.859.180.900.621.110;0.8599042585849914;0.020423273005716246
PNJ;21/01/2026;73.13;75.2;72.33;73.27;1994000;-0.017828418230563026;0.017828418230563026;0.03924517981676473;1098525.0;10.413.061.205.575.000;18.151.612.389.340.200;0.8599536508251476;0.021603822231543494
PNJ;22/01/2026;73.47;74.6;71.8;73.6;1620200;0.004503889722942578;0.004503889722942578;0.038110793521165066;1169085.0;10.522.752.097.866.600;1.385.870.146.311.000;0.42870438817185075;0.02245253624549872
PNJ;23/01/2026;73.33;76.67;72.6;74.93;2202500;0.018070652173913127;0.018070652173913127;0.05550252284194746;1230390.0;1.040.397.600.059.960;1.790.082.819.268.680;0.9343639392708851;0.022237883098388787
PNJ;26/01/2026;75.87;78.53;75.2;77.87;3634400;0.039236620846123005;0.039236620846123005;0.04389086595492287;1295800.0;10.591.105.543.406.600;28.047.538.200.339.500;22.080.792.136.528.700;0.02200575190271237
PNJ;27/01/2026;77.87;78.27;76.93;77.33;1294600;-0.006934634647489446;0.006934634647489446;0.01720816745858468;1421390.0;1.179.566.890.140.520;0.910798584484202;-0.10748860540235676;0.022794696065047408
PNJ;28/01/2026;77.93;80.73;76.0;79.0;2418400;0.021595758437863655;0.021595758437863655;0.06069549595791099;1455350.0;11.648.260.116.293.800;16.617.308.551.207.600;0.8267758363782275;0.02311412454871584
PNJ;29/01/2026;79.93;84.33;79.33;84.33;6501500;0.0674683544303798;0.0674683544303798;0.06255473539346929;1559390.0;11.525.985.953.487.800;4.169.258.492.102.680;4.287.798.041.697.650;0.023139614097450058
PNJ;30/01/2026;83.2;84.67;81.0;84.67;3736300;0.004031779912249567;0.004031779912249567;0.04411057692307694;1855635.0;15.718.668.080.962.600;2.013.488.644.049.070;11.964.531.538.634.100;0.026299030440002136
PNJ;02/02/2026;82.2;82.4;78.8;78.8;3359900;-0.06932797921341682;0.06932797921341682;0.043795620437956304;2019480.0;15.893.571.188.244.300;16.637.451.225.067.800;0.8433724454523116;0.02625767581782256
PNJ;03/02/2026;77.47;80.0;75.67;80.0;6753100;0.015228426395939021;0.015228426395939021;0.05589260358848584;2160020.0;15.767.178.363.196.100;3.126.406.236.979.280;29.130.640.208.403.900;0.032238012511190364
PNJ;04/02/2026;80.47;80.67;79.33;79.8;2147700;-0.0025000000000000577;0.0025000000000000577;0.01665216851000377;2478510.0;18.230.350.041.100.400;0.8665286805379038;-0.18146113445665382;0.03220006905876618
PNJ;05/02/2026;79.93;80.0;76.27;77.47;2863500;-0.029197994987468667;0.029197994987468667;0.046665832603528135;2522745.0;18.026.079.336.908.600;11.350.731.048.916.900;0.1890344503822851;0.0315965650540153
PNJ;06/02/2026;75.33;75.33;72.07;72.6;5025100;-0.06286304375887442;0.06286304375887442;0.04327625116155589;2610035.0;17.730.153.252.150.300;19.252.998.523.008.300;1.362.123.026.041.580;0.03267632640596368
PNJ;09/02/2026;73.67;75.87;73.33;75.27;2245000;0.03677685950413223;0.03677685950413223;0.03447807791502655;2824920.0;17.931.565.328.096.400;0.7947127706271329;-0.32340734865535764;0.03617565849924334
PNJ;10/02/2026;75.33;76.27;70.0;75.27;2252400;0.0;0.0;0.08323377140581437;2877425.0;17.579.444.212.743.100;0.7827832176338219;-0.35554309478506;0.03693183785790782
PNJ;11/02/2026;74.07;77.27;74.0;77.27;2808300;0.026571011026969682;0.026571011026969682;0.04414742810854592;2943600.0;17.048.433.658.566.000;0.9540358744394619;-0.07936212951271236;0.036904162232861464
PNJ;12/02/2026;77.27;79.93;75.33;79.0;1754400;0.022389025495017423;0.022389025495017423;0.05953151287692518;3055765.0;16.113.458.827.867.100;0.5741279188681067;-0.8076261055443787;0.03691598835506451
PNJ;13/02/2026;78.0;80.0;76.93;80.0;1728500;0.012658227848101333;0.012658227848101333;0.03935897435897427;3105815.0;15.504.641.367.141.700;0.5565366900475398;-0.8883243200444968;0.037022168237275895
PNJ;23/02/2026;80.2;81.27;79.53;80.13;1204700;0.0016249999999999876;0.0016249999999999876;0.021695760598503675;2956710.0;15.312.852.777.977.000;0.40744611409302905;-11.441.434.364.991.300;0.03492508484539397
PNJ;24/02/2026;80.13;81.2;79.2;80.33;1746700;0.002495944090852298;0.002495944090852298;0.02495944090852365;2873010.0;15.807.259.677.622.400;0.6079686461237518;-0.7125270432511835;0.03250405949445484
PNJ;25/02/2026;80.87;80.87;74.73;79.67;2794900;-0.00821610855222199;0.00821610855222199;0.07592432298751083;2864560.0;1.586.553.710.471.380;0.975682129192616;-0.04390648708596386;0.03204588589461344
PNJ;26/02/2026;79.2;81.27;78.0;80.0;2723400;0.004142086105183962;0.004142086105183962;0.041287878787878735;2904605.0;15.734.776.537.389.300;0.9376145809843335;-0.11516210577850673;0.03176900713321076
PNJ;27/02/2026;80.6;81.47;79.73;81.27;2033500;0.01587499999999986;0.01587499999999986;0.021588089330024752;2959765.0;15.451.638.159.704.000;0.6870477892670533;-0.5994607111727392;0.03176921605673107
PNJ;02/03/2026;80.93;84.6;80.0;83.0;4182400;0.021287067798695825;0.021287067798695825;0.05683924379093036;2951315.0;15.499.776.172.492.500;14.171.310.077.033.400;0.7942598565938036;0.03172420564487141
PNJ;03/03/2026;83.0;83.27;79.67;81.33;1980000;-0.020120481927710876;0.020120481927710876;0.043373493975903545;2978715.0;15.674.339.006.545.200;0.6647161611634547;-0.6371656243896222;0.030935446563343363
PNJ;04/03/2026;79.27;80.6;76.6;80.6;3158200;-0.008975777695807263;0.008975777695807263;0.05046045162104201;3012985.0;15.358.493.498.884.000;1.048.196.389.958.790;0.09455028907005202;0.031311240104358755
PNJ;05/03/2026;79.87;79.87;75.33;77.33;2272900;-0.040570719602977645;0.040570719602977645;0.05684236884938032;3049975.0;15.296.718.285.391.500;0.7452192231083862;-0.5080011186073238;0.031100955835343076
PNJ;06/03/2026;76.67;77.33;73.73;76.33;2642800;-0.012931591878960313;0.012931591878960313;0.04695448023998949;2838545.0;13.029.276.748.013.100;0.9310403745580923;-0.15023473964496886;0.0282894517641812
PNJ;09/03/2026;71.13;72.6;71.0;71.0;2019500;-0.06982837678501241;0.06982837678501241;0.02249402502460276;2783870.0;12.861.070.378.226.000;0.725428989141016;-0.5943284481936172;0.028292331063421727
PNJ;10/03/2026;75.8;75.8;72.47;75.67;1808000;0.06577464788732401;0.06577464788732401;0.04393139841688652;2716850.0;12.894.301.530.031.300;0.665476562931336;-0.7048462438103008;0.028352571934138475
PNJ;11/03/2026;75.53;79.67;74.33;79.33;1930700;0.04836791330778367;0.04836791330778367;0.07070038395339605;2469595.0;8.856.150.354.563.290;0.7817881069568087;-0.6084980250163938;0.03222142236966665
PNJ;12/03/2026;79.07;79.07;76.67;78.6;997100;-0.009202067313752726;0.009202067313752726;0.030352851903376648;2458745.0;8.910.786.724.526.620;0.4055320905583946;-16.403.097.113.489.100;0.03415291738408176
PNJ;13/03/2026;76.67;78.27;76.6;77.93;1048900;-0.00852417302798969;0.00852417302798969;0.02178166166688407;2365425.0;9.426.951.803.347.220;0.4434298276208292;-1.396.554.291.847.060;0.03353212253486872
PNJ;16/03/2026;76.73;78.73;76.13;78.67;717500;0.009495701270370693;0.009495701270370693;0.03388505147921293;2166615.0;7.523.181.194.953.710;0.3311617430877198;-19.261.997.849.686.400;0.03008732420172549
PNJ;17/03/2026;79.13;79.47;76.93;78.47;699700;-0.002542265158256063;0.002542265158256063;0.03209907746745851;2090240.0;8.185.608.606.122.790;0.33474624923453766;-16.987.618.965.312.800;0.029125185874295315
PNJ;18/03/2026;78.47;78.47;75.67;76.67;878600;-0.022938702688925616;0.022938702688925616;0.035682426404995506;2012605.0;8.741.178.268.613.680;0.4365486521200136;-12.973.136.631.611.600;0.02914274463238053
PNJ;19/03/2026;75.33;77.0;74.73;76.6;651100;-0.0009130037824442994;0.0009130037824442994;0.030134076729058757;1916120.0;88.805.545.203.818;0.3398012650564683;-14.244.831.188.149.800;0.029092146482673754
PNJ;20/03/2026;76.6;76.6;75.07;76.13;1026100;-0.006135770234986904;0.006135770234986904;0.019973890339425603;1860955.0;9.318.195.536.153.970;0.5513835638153529;-0.8959406322402425;0.028611489506368434
PNJ;23/03/2026;74.07;74.67;70.87;70.87;1814500;-0.06909234204649928;0.06909234204649928;0.051302821655191004;1825835.0;950.131.187.216.298;0.9937918815227006;-0.011929931521571641;0.02844216754679432
PNJ;24/03/2026;71.47;72.33;70.8;72.33;910500;0.020601100606744582;0.020601100606744582;0.02140758360151114;1856325.0;9.388.672.676.072.000;0.49048523291988205;-1.007.410.773.208.150;0.03211442878305813
PNJ;25/03/2026;73.0;74.0;72.2;74.0;1209800;0.02308862159546532;0.02308862159546532;0.024657534246575304;1814515.0;9.623.318.430.141.160;0.6667346370793298;-0.6283851089307966;0.03260687606256592
PNJ;26/03/2026;74.0;74.33;68.87;70.67;2293700;-0.04499999999999993;0.04499999999999993;0.0737837837837837;1735260.0;942.406.419.422.332;1.321.819.208.648.840;0.5925681197527365;0.03317672468389084
PNJ;27/03/2026;68.53;73.27;67.13;73.27;2116700;0.03679071741898965;0.03679071741898965;0.089595797460966;1713775.0;9.233.996.055.053.120;12.351.096.264.095.300;0.43634954747409377;0.03440471472810887
PNJ;30/03/2026;70.13;72.0;70.07;72.0;1202000;-0.01733315135799096;0.01733315135799096;0.027520319406816013;1717935.0;9.251.016.491.943.490;0.6996772287659312;-0.557706280655014;0.03539589926358856
PNJ;31/03/2026;72.0;73.33;71.4;72.0;1492200;0.0;0.0;0.026805555555555454;1568915.0;7.257.993.830.942.530;0.9511031509036499;-0.10569725159168072;0.03496191597399976
PNJ;01/04/2026;72.73;73.13;71.93;72.87;813000;0.012083333333333446;0.012083333333333446;0.016499381273202097;1544525.0;7.194.261.974.328.080;0.5263754228646348;-10.168.172.949.641.800;0.034838609785760304
PNJ;02/04/2026;71.0;72.6;70.8;72.6;937100;-0.003705228489090273;0.003705228489090273;0.025352112676056297;1427265.0;6.278.656.697.390.300;0.6565704336615835;-0.7806845056582484;0.03504545079488863
PNJ;03/04/2026;71.6;72.53;71.2;72.53;1010700;-0.0009641873278235513;0.0009641873278235513;0.018575418994413385;1360475.0;603.761.706.980.319;0.742902295154266;-0.5793262407272903;0.033998981342611874
PNJ;06/04/2026;71.2;71.8;69.73;69.73;705500;-0.03860471529022469;0.03860471529022469;0.02907303370786507;1278870.0;5.266.994.250.194.200;0.5516588863606152;-10.886.095.043.275.500;0.03391272918396991
PNJ;07/04/2026;69.73;70.07;66.67;66.67;1434500;-0.043883550838950236;0.043883550838950236;0.048759500932166806;1213170.0;5.111.763.503.507.310;11.824.393.943.140.600;0.43298168987696656;0.031239137361038623
PNJ;08/04/2026;69.0;71.33;68.47;71.33;971800;0.06989650517474111;0.06989650517474111;0.041449275362318835;1194495.0;49.486.378.186.856.800;0.8135655653644427;-0.45001272705616163;0.028510400663818602
PNJ;09/04/2026;71.33;73.33;71.13;73.33;1176800;0.028038693396887693;0.028038693396887693;0.030842562736576516;1146550.0;4.653.540.751.547.750;102.638.349.832.105;0.06500426581617214;0.030968432335994334
PNJ;10/04/2026;72.67;73.2;72.13;72.67;477400;-0.009000409109504948;0.009000409109504948;0.014724095224989782;1155535.0;46.404.962.560.734.200;0.4131419645445616;-14.613.415.518.059.400;0.03180100885749812
PNJ;13/04/2026;72.67;74.0;72.53;73.33;723700;0.009082152194853421;0.009082152194853421;0.020228429888537208;1126960.0;4.879.422.144.389.410;0.6421700858947966;-0.8264503215072037;0.03180555498809024
PNJ;14/04/2026;72.33;73.53;72.27;73.0;577200;-0.004500204554752418;0.004500204554752418;0.017420157610949883;1127270.0;4.876.702.780.621.980;0.5120334968552344;-1.127.954.736.519.420;0.03179713296185339
PNJ;15/04/2026;73.4;75.0;72.67;72.8;551200;-0.002739726027397249;0.002739726027397249;0.03174386920980924;1121145.0;4.940.506.201.158.340;0.4916402427875074;-11.536.166.068.699.000;0.03179857729474216
PNJ;16/04/2026;72.87;73.33;71.47;72.6;542200;-0.0027472527472527375;0.0027472527472527375;0.025524907369287763;1104775.0;50.774.444.346.385.500;0.4907786653390962;-11.079.884.915.373.700;0.031455052826594776
PNJ;17/04/2026;72.6;75.0;72.2;74.0;1411900;0.019283746556473913;0.019283746556473913;0.038567493112947625;1099330.0;51.341.788.878.681.900;12.843.277.268.881.900;0.6088023164494468;0.031454039121279365
PNJ;20/04/2026;74.33;76.67;74.33;76.67;1866600;0.03608108108108121;0.03608108108108121;0.03148123234225755;1118620.0;5.177.510.035.569.310;1.668.663.174.268.290;1.444.671.270.285.140;0.03179858259666399
PNJ;21/04/2026;76.93;77.07;74.27;74.6;1077600;-0.026998826137994092;0.026998826137994092;0.03639672429481343;1121225.0;52.155.361.623.256.100;0.9610916631363018;-0.08364432465280339;0.0284545841383773
PNJ;22/04/2026;76.0;76.0;72.67;73.33;2344800;-0.017024128686327078;0.017024128686327078;0.04381578947368419;1129580.0;5.193.339.515.794.790;20.758.157.899.396.200;23.399.587.034.586.900;0.029006743512770237
PNJ;23/04/2026;75.1;76.6;71.1;71.7;1660400;-0.022228283103777335;0.022228283103777335;0.07323568575233023;1186330.0;5.862.620.422.733.550;1.399.610.563.671.150;0.8086315773774015;0.02885410279815607
PNJ;24/04/2026;71.9;72.4;69.0;70.0;1338800;-0.023709902370990243;0.023709902370990243;0.04728789986091802;1154665.0;5.384.569.115.097.600;11.594.704.957.715.000;0.3419679384998703;0.02740018263117054
PNJ;28/04/2026;70.1;70.1;66.9;67.0;1616500;-0.042857142857142816;0.042857142857142816;0.04564907275320954;1115770.0;4.913.418.255.949.170;14.487.752.852.290.300;1.019.107.216.027.690;0.026577051383000896
PNJ;29/04/2026;67.5;69.0;67.0;67.3;2045300;0.004477611940298498;0.004477611940298498;0.02962962962962963;1136495.0;5.037.555.489.834.110;17.996.559.597.710.500;1.804.059.532.116.290;0.02793290744828884
PNJ;04/05/2026;67.6;68.9;67.6;68.3;1225800;0.014858841010401136;0.014858841010401136;0.019230769230769402;1164150.0;5.383.076.751.801.830;10.529.570.931.580.900;0.11452558238067924;0.027978022702070587
PNJ;05/05/2026;68.3;68.3;67.2;67.4;1150100;-0.013177159590043841;0.013177159590043841;0.01610541727672027;1184790.0;532.012.174.277.005;0.9707205496332684;-0.06520527476113322;0.02806353420470617
PNJ;06/05/2026;68.1;68.1;67.2;68.0;1205200;0.008902077151335286;0.008902077151335286;0.01321585903083688;1195440.0;5.289.158.090.401.820;1.008.164.357.893.320;0.018452842273161327;0.02815827262963282
PNJ;07/05/2026;68.2;70.0;68.1;69.1;1209000;0.016176470588235237;0.016176470588235237;0.027859237536656974;1205165.0;5.271.253.523.893.320;10.031.821.368.858.200;0.007275309340779887;0.02828813477302344
PNJ;08/05/2026;69.1;70.1;69.1;70.1;986700;0.01447178002894356;0.01447178002894356;0.014471780028943561;1230340.0;5.138.623.401.569.500;0.801973438236585;-0.47413476520887704;0.027277224296134876
PNJ;11/05/2026;70.1;70.2;68.6;69.1;1038900;-0.014265335235377985;0.014265335235377985;0.022824536376604972;1207950.0;5.142.541.093.150.030;0.8600521544765926;-0.32872853505279315;0.025404483218391036
PNJ;12/05/2026;69.2;69.5;68.2;69.5;644500;0.005788712011577601;0.005788712011577601;0.018786127167630017;1211305.0;5.128.493.391.928.320;0.5320707831636128;-11.052.076.247.033.600;0.020131015431460213
PNJ;13/05/2026;69.5;70.0;68.9;69.6;459800;0.0014388489208632116;0.0014388489208632116;0.01582733812949632;1184690.0;5.283.133.339.620.570;0.3881184107234804;-13.720.834.841.773.200;0.019002024514353746
PNJ;14/05/2026;69.6;69.6;68.3;69.5;669200;-0.001436781609195359;0.001436781609195359;0.01867816091954019;1183810.0;5.295.666.290.766.230;0.5652934170179337;-0.9717568512526886;0.018957575228136975
PNJ;15/05/2026;69.1;69.1;67.1;67.3;1447200;-0.031654676258992875;0.031654676258992875;0.028943560057887122;1181085.0;5.321.925.455.628.160;1.225.314.012.115.970;0.500035188802902;0.01877947347061595
PNJ;18/05/2026;67.1;67.1;64.5;64.7;2277600;-0.03863298662704295;0.03863298662704295;0.03874813710879277;1224585.0;515.529.584.913.467;18.598.953.931.331.800;204.258.888.493.616;0.0198802622180791
PNJ;19/05/2026;64.3;66.7;64.3;65.0;1273000;0.004636785162287493;0.004636785162287493;0.03732503888024892;1310905.0;540.760.414.382.522;0.9710848612218277;-0.07009573739468813;0.021339593191266854
PNJ;20/05/2026;64.5;66.1;63.4;65.8;1042000;0.012307692307692353;0.012307692307692353;0.04186046511627901;1347445.0;5.098.937.283.240.590;0.7733154228929566;-0.5990365894555123;0.021456246008095495
PNJ;21/05/2026;65.9;66.1;64.7;65.3;855200;-0.0075987841945288626;0.0075987841945288626;0.02124430955993917;1328950.0;51.412.375.993.170.600;0.6435155573949358;-0.9214707370515819;0.021089243365402615
PNJ;22/05/2026;65.3;65.7;64.4;65.5;952100;0.003062787136294043;0.003062787136294043;0.019908116385911136;1278380.0;5.081.631.841.094.050;0.7447707254493969;-0.6420772110278521;0.018663165607148594
PNJ;25/05/2026;66.0;66.0;64.3;64.3;710200;-0.018320610687022953;0.018320610687022953;0.025757575757575802;1272105.0;5.115.366.493.789.990;0.5582872483010444;-10.984.647.936.411.700;0.018243614956988
PNJ;26/05/2026;64.8;65.4;64.1;65.2;762200;0.013996889580093486;0.013996889580093486;0.020061728395061904;1190375.0;45.901.450.140.491.000;0.640302425706185;-0.9328136664298837;0.018285893682572617
PNJ;27/05/2026;65.0;65.6;65.0;65.3;514200;0.0015337423312882237;0.0015337423312882237;0.009230769230769143;1145465.0;4.545.248.592.298.260;0.4489006647955197;-1.388.845.928.184.540;0.018427839992627957
PNJ;28/05/2026;65.3;66.2;64.5;65.9;958700;0.009188361408882129;0.009188361408882129;0.026033690658499278;1104235.0;47.308.522.240.489.900;0.8682028734825468;-0.30762956251345513;0.01790548089010899
PNJ;29/05/2026;65.3;66.1;64.9;65.8;738800;-0.0015174506828529166;0.0015174506828529166;0.018376722817763994;1071345.0;45.822.959.595.083.100;0.6896004555021958;-0.7257169832296965;0.015472878365993398
PNJ;01/06/2026;65.8;66.0;65.0;65.8;414900;0.0;0.0;0.015197568389057751;1006020.0;40.171.760.256.494.200;0.4124172481660404;-147.148.144.922.138;0.015425040366105232
PNJ;02/06/2026;65.2;65.7;64.6;65.0;694300;-0.012158054711246202;0.012158054711246202;0.01687116564417191;965475.0;41.892.125.107.860.300;0.7191278904166343;-0.6473173640673552;0.014971561889516097
PNJ;03/06/2026;65.2;65.7;64.5;65.4;433300;0.006153846153846176;0.006153846153846176;0.018404907975460166;942685.0;4.207.428.947.081.180;0.45964452600815753;-1.210.679.981.544.010;0.014932323637070918
PNJ;04/06/2026;65.4;65.5;64.3;65.0;660300;-0.006116207951070374;0.006116207951070374;0.018348623853211052;904090.0;43.068.089.041.472.400;0.7303476423807365;-0.5660571560656947;0.014841957920234398
PNJ;05/06/2026;65.0;65.7;64.5;65.7;672500;0.010769230769230864;0.010769230769230864;0.018461538461538505;876655.0;4.277.015.947.880.120;0.7671204749873097;-0.47733046237807003;0.014242580757189167
PNJ;08/06/2026;64.7;65.5;64.6;65.1;1098900;-0.009132420091324311;0.009132420091324311;0.013910355486862529;860945.0;4.292.145.647.636.640;12.763.881.548.763.200;0.5543963777907294;0.01402655281020105
PNJ;09/06/2026;64.8;64.9;63.5;64.8;1099300;-0.004608294930875556;0.004608294930875556;0.021604938271605027;863945.0;4.307.308.543.871.110;12.724.189.618.552.100;0.5464084998853571;0.013858249451893763
PNJ;10/06/2026;63.9;64.7;63.6;64.0;878500;-0.012345679012345623;0.012345679012345623;0.01721439749608766;886685.0;43.054.103.206.253.400;0.9907689878592736;-0.019010963858169867;0.013709987397696848
PNJ;11/06/2026;63.4;63.4;61.7;62.0;1190100;-0.03125;0.03125;0.0268138801261829;907620.0;4.187.083.353.663.520;13.112.315.726.846.000;0.6746462301803512;0.013799885522888024
PNJ;12/06/2026;62.8;63.3;62.0;62.0;783600;0.0;0.0;0.020700636942675116;933665.0;41.929.770.516.022.400;0.8392731868496731;-0.35789606800413165;0.015051259995546991
PNJ;15/06/2026;63.1;65.2;63.1;65.0;1400200;0.048387096774193505;0.048387096774193505;0.03328050713153726;900485.0;4.024.388.678.976.410;15.549.398.379.762.000;12.417.165.434.604.500;0.013775811268844798
PNJ;16/06/2026;64.9;68.5;64.5;68.2;2527000;0.04923076923076919;0.04923076923076919;0.06163328197226502;856615.0;27.066.794.820.260.700;2.949.983.364.755.460;6.171.343.933.008.420;0.015848455094637722
PNJ;17/06/2026;68.4;68.4;66.9;68.0;915200;-0.0029325513196480912;0.0029325513196480912;0.021929824561403508;919315.0;45.480.738.580.657.300;0.9955238411208346;-0.00904778622427667;0.01925434786174468
PNJ;18/06/2026;67.5;68.0;66.9;68.0;799900;0.0;0.0;0.01629629629629621;912975.0;4.538.900.178.341.360;0.8761466633807059;-0.24912422736144132;0.019150359695427124
PNJ;19/06/2026;66.8;67.9;66.8;67.1;668200;-0.013235294117647123;0.013235294117647123;0.016467065868263603;910210.0;4.544.286.127.713.150;0.7341163028312148;-0.5325588952775474;0.01902871050341764
PNJ;22/06/2026;65.0;66.0;64.8;66.0;1405400;-0.016393442622950727;0.016393442622950727;0.018461538461538505;896015.0;4.574.751.086.412.400;1.568.500.527.334.920;11.134.704.170.308.600;0.019336183366551223
PNJ;23/06/2026;66.4;66.4;64.9;65.2;659700;-0.012121212121212088;0.012121212121212088;0.02259036144578313;930775.0;46.888.258.756.436.100;0.7087642018747817;-0.5781298073108558;0.019237379868984387
PNJ;24/06/2026;64.8;66.0;64.4;65.5;724500;0.004601226993864893;0.004601226993864893;0.02469135802469127;925650.0;4.713.756.770.850.260;0.7826932425862907;-0.4267296973062033;0.019229356180226247
PNJ;25/06/2026;65.0;65.0;63.8;64.1;804500;-0.021374045801526798;0.021374045801526798;0.018461538461538505;936165.0;464.002.294.997.726;0.8593570577836172;-0.28375937235535714;0.0192530025871779
PNJ;26/06/2026;63.6;63.8;62.7;63.5;542200;-0.009360374414976502;0.009360374414976502;0.01729559748427664;928455.0;4.648.884.093.323.660;0.5839809145300526;-0.8308553025761752;0.0197197887948539
PNJ;29/06/2026;63.5;63.6;62.7;63.2;636200;-0.0047244094488188;0.0047244094488188;0.01417322834645667;918625.0;471.146.125.365.971;0.6925568104504014;-0.599442476112101;0.019804190646032765
PNJ;30/06/2026;63.1;63.2;62.3;63.0;715400;-0.0031645569620253333;0.0031645569620253333;0.014263074484944622;929690.0;46.118.674.594.092.300;0.76950381309899;-0.4646490860503825;0.019812347885863595
PNJ;01/07/2026;62.5;63.4;62.5;62.7;586500;-0.004761904761904745;0.004761904761904745;0.014399999999999977;930745.0;4.606.437.468.940.940;0.6301403714228924;-0.7473128688299435;0.019667138572427
PNJ;02/07/2026;63.0;64.8;62.8;63.1;2175200;0.006379585326953707;0.006379585326953707;0.031746031746031744;938405.0;45.314.922.309.845.700;23.179.757.141.106.400;2.729.332.716.369.400;0.01959837990173939
PNJ;03/07/2026;58.7;58.7;58.7;58.7;1185500;-0.06973058637083995;0.06973058637083995;0.0;1014150.0;5.251.121.950.292.330;11.689.592.269.388.100;0.32631121810161107;0.019656880602383422
PNJ;06/07/2026;54.6;54.6;54.6;54.6;565000;-0.06984667802385014;0.06984667802385014;0.0;1039800.0;52.005.015.851.206.100;0.5433737257164839;-0.9129888573795873;0.024660048567612867
PNJ;07/07/2026;50.8;50.8;50.8;50.8;994200;-0.06959706959706968;0.06959706959706968;0.0;1013105.0;5.304.556.606.055.020;0.9813395452593758;-0.03563917100709303;0.028578849561861484
PNJ;08/07/2026;47.25;52.0;47.25;52.0;25605600;0.023622047244094446;0.023622047244094446;0.10052910052910052;1007850.0;5.300.772.768.886.460;2.540.616.163.119.510;46.404.083.088.374.300;0.03165825853409764
PNJ;09/07/2026;52.0;54.0;50.0;50.0;4764300;-0.038461538461538436;0.038461538461538436;0.07692307692307693;2244205.0;5.524.108.674.897.600;21.229.344.021.602.300;0.4561993885912669;0.03262133151453526
PNJ;10/07/2026;49.7;49.8;46.5;46.6;10169700;-0.06799999999999995;0.06799999999999995;0.06639839034205225;2422915.0;5.545.983.622.906.990;4.197.299.533.825.990;13.968.279.617.709.000;0.0329093326847277
PNJ;13/07/2026;45.9;46.5;43.75;43.85;6681400;-0.05901287553648071;0.05901287553648071;0.05991285403050109;2892220.0;5.791.650.674.039.760;23.101.285.517.699.200;0.6542487130628322;0.035233488402997885
PNJ;14/07/2026;43.9;46.9;43.8;46.9;5620000;0.06955530216647654;0.06955530216647654;0.07061503416856496;3156280.0;5.840.234.047.184.640;17.805.771.351.084.100;0.4218529565930094;0.03343124919402932
PNJ;15/07/2026;46.8;46.8;43.65;43.65;8168200;-0.06929637526652455;0.06929637526652455;0.06730769230769228;3310930.0;586.359.837.095.744;24.670.409.824.429.900;0.8283769952693535;0.035835148093749276
PNJ;16/07/2026;41.7;42.75;40.6;40.9;14681800;-0.06300114547537228;0.06300114547537228;0.05155875299760188;3673580.0;5.931.526.742.451.810;39.965.918.804.000.400;1.855.883.059.788.700;0.037411402950957365
PNJ;17/07/2026;41.5;43.0;40.5;43.0;7504500;0.05134474327628369;0.05134474327628369;0.060240963855421686;4367675.0;6.373.318.948.130.970;17.181.910.284.075.600;0.49218076570919145;0.03817292848554445
PNJ;20/07/2026;43.35;43.35;40.6;41.0;5780000;-0.046511627906976716;0.046511627906976716;0.06343713956170703;4709490.0;6.347.736.852.395.750;12.273.091.141.503.600;0.16864435701930044;0.04173214607558826
PNJ;21/07/2026;40.9;41.5;38.15;38.15;9655900;-0.06951219512195128;0.06951219512195128;0.08190709046454772;4928220.0;6.303.105.435.426.670;19.593.078.231.085.400;0.7500556746882295;0.04209267119369605
PNJ;22/07/2026;35.5;36.95;35.5;35.5;7538000;-0.06946264744429875;0.06946264744429875;0.04084507042253529;5378030.0;6.303.456.607.883.770;1.401.628.477.342.070;0.34266437200479966;0.04327509405333304
PNJ;23/07/2026;33.05;33.05;33.05;33.05;586700;-0.06901408450704238;0.06901408450704238;0.0;5718705.0;6.222.314.169.137.340;0.10259315701719184;-0.8247743300161098;0.04372641342345495
PNJ;24/07/2026;30.75;32.05;30.75;30.75;41349200;-0.06959152798789703;0.06959152798789703;0.04227642276422755;5707815.0;6.231.551.177.446.230;7.244.313.279.249.590;5.719.504.499.777.890;0.044564593558164604
PNJ;27/07/2026;30.95;32.9;30.9;32.9;10257100;0.06991869918699178;0.06991869918699178;0.06462035541195477;7748165.0;9.995.200.309.742.090;13.238.102.182.903.900;0.2510139789349292;0.04501349004339061
PNJ;28/07/2026;33.1;35.2;32.65;32.65;20423300;-0.0075987841945288626;0.0075987841945288626;0.07703927492447142;8229210.0;9.865.578.592.251.680;24.818.056.654.283.900;12.360.238.060.013.100;0.05039683458997944
PNJ;29/07/2026;32.9;33.9;32.45;32.75;7236500;0.003062787136294043;0.003062787136294043;0.04407294832826735;9214605.0;10.057.941.618.258.100;0.7853293765712149;-0.19667095665072773;0.050277975972400746
PNJ;30/07/2026;32.75;33.45;31.8;32.5;7820300;-0.007633587786259555;0.007633587786259555;0.05038167938931304;9547105.0;9.865.781.322.140.150;0.8191278926962676;-0.1750297258388259;0.050523790513950576
PNJ;31/07/2026;30.35;31.25;30.25;31.0;17734700;-0.0461538461538461;0.0461538461538461;0.032948929159802305;9829360.0;9.723.500.277.564.110;1.804.257.856.055.730;0.8130138092596843;0.05007715282705411
PNJ;03/08/2026;31.2;33.15;31.2;33.15;8005300;0.0693548387096774;0.0693548387096774;0.06249999999999998;10656820.0;9.653.106.887.618.590;0.7511903175618994;-0.27468047654179933;0.04940123647393272
PNJ;04/08/2026;34.0;35.45;34.0;35.45;10647300;0.0693815987933637;0.0693815987933637;0.042647058823529496;11028835.0;9.383.313.305.755.790;0.9654056842812501;-0.04066101040940023;0.05319091011956124
PNJ;05/08/2026;37.25;37.9;36.75;37.9;7807700;0.06911142454160779;0.06911142454160779;0.030872483221476472;11511490.0;908.346.489.558.739;0.6782527717958318;-0.4077507914187289;0.05583657432696764
PNJ;06/08/2026;39.1;39.7;36.2;36.45;8463700;-0.03825857519788911;0.03825857519788911;0.08951406649616368;10621595.0;8.481.910.215.367.320;0.796838892840482;-0.2544114409617748;0.058417377757593134
PNJ;07/08/2026;36.1;37.9;35.1;36.0;3949500;-0.012345679012345734;0.012345679012345734;0.077562326869806;10806565.0;8.387.263.355.279.580;0.36547228467140114;-0.8175568966346618;0.05841293605462911
PNJ;10/08/2026;35.4;36.4;34.55;35.95;2725500;-0.001388888888888773;0.001388888888888773;0.052259887005649756;10495555.0;85.262.959.941.259;0.25968136034730893;-0.911304862668748;0.0570173344105576
PNJ;11/08/2026;36.3;36.75;34.85;34.85;3197000;-0.030598052851182223;0.030598052851182223;0.05234159779614322;10297760.0;866.420.422.837.247;0.31045586613010984;-0.8195513186020368;0.05592396095445164
PNJ;12/08/2026;35.1;35.6;34.85;35.05;2360000;0.0057388809182208345;0.0057388809182208345;0.021367521367521368;10176610.0;874.957.463.873.771;0.2319043374954921;-0.893370286298591;0.05298266456222098
PNJ;13/08/2026;35.6;35.75;35.15;35.3;2472100;0.007132667617689048;0.007132667617689048;0.0168539325842697;9886200.0;8.914.579.993.117.130;0.25005563310473183;-0.8316824803551441;0.051451518966779616
PNJ;14/08/2026;35.35;37.5;35.25;36.5;4771400;0.03399433427762055;0.03399433427762055;0.06364922206506364;9275715.0;898.666.337.403.289;0.5143970033576927;-0.5012221791922563;0.0499938936783202
PNJ;17/08/2026;36.6;37.0;35.6;36.2;2983300;-0.008219178082191747;0.008219178082191747;0.03825136612021854;9139060.0;9.035.661.548.110.350;0.3264340096246222;-0.6812738577273698;0.049085975883449255
PNJ;18/08/2026;36.2;36.25;34.85;35.05;4749600;-0.03176795580110514;0.03176795580110514;0.03867403314917123;8999225.0;9.111.702.808.036.140;0.5277787809505818;-0.4663919675093012;0.048203331816242805
PNJ;19/08/2026;35.35;36.6;34.6;35.7;3352700;0.018544935805991702;0.018544935805991702;0.056577086280056574;8753910.0;9.159.016.077.867.290;0.3829945704262438;-0.5897150910185638;0.046248180152008767
PNJ;20/08/2026;36.5;37.8;36.5;37.3;5683400;0.04481792717086819;0.04481792717086819;0.03561643835616431;8544645.0;9.235.750.704.134.500;0.6651417349696799;-0.30980102123362047;0.04373171627733408
PNJ;21/08/2026;39.9;39.9;39.9;39.9;4043900;0.06970509383378021;0.06970509383378021;0.0;8799480.0;90.735.061.032.019;0.45956124680094734;-0.5241171324414308;0.04146347353119556
PNJ;24/08/2026;42.65;42.65;42.65;42.65;1143100;0.06892230576441105;0.06892230576441105;0.0;6934215.0;490.857.866.524.731;0.164849229509036;-11.797.946.808.922.500;0.0396002780036676
PNJ;25/08/2026;45.55;45.55;40.8;42.65;22381900;0.0;0.0;0.10428100987925358;6478515.0;5.005.948.798.892.330;34.547.886.359.759.900;3.176.897.255.425.170;0.0395265723224707
PNJ;26/08/2026;42.75;43.45;42.3;43.1;5908700;0.010550996483001285;0.010550996483001285;0.026900584795321772;6576445.0;5.303.423.741.367.450;0.898464139820222;-0.12590828728081713;0.03934626558831682
PNJ;27/08/2026;43.15;43.25;41.4;41.9;6328700;-0.02784222737819031;0.02784222737819031;0.042873696407879525;6510055.0;5.303.036.976.803.200;0.9721423244504078;-0.03419832839056026;0.03927056368605853
PNJ;28/08/2026;42.0;42.05;41.2;41.5;1916000;-0.009546539379474916;0.009546539379474916;0.020238095238095104;6435475.0;5.294.121.499.199.790;0.29772472117442766;-0.8536779899522738;0.04012199315567485
PNJ;03/09/2026;41.6;41.6;39.8;39.8;8105000;-0.04096385542168679;0.04096385542168679;0.04326923076923087;5644540.0;4.660.970.825.618.110;14.359.008.882.920.400;0.527885732834148;0.03803653211857547
PNJ;04/09/2026;39.5;40.5;38.2;40.05;8025100;0.00628140703517599;0.00628140703517599;0.05822784810126575;5649525.0;4.663.681.120.821.890;14.204.911.032.343.400;0.5093776650795856;0.03779318435296518
QNS;05/05/2025;41.0;41.0;41.0;41.0;116400;;;0.0;;;;;
QNS;06/05/2025;41.18;41.18;40.91;40.91;68400;-0.002195121951219625;0.002195121951219625;0.0065565808644974044;;;;;
QNS;07/05/2025;40.91;40.91;40.29;40.46;415800;-0.010999755560987423;0.010999755560987423;0.015155218772916096;;;;;
QNS;08/05/2025;40.65;41.0;40.46;40.91;223300;0.011122095897182271;0.011122095897182271;0.013284132841328393;;;;;
QNS;09/05/2025;40.82;40.91;40.74;40.91;148100;0.0;0.0;0.004164625183733331;;;;;
QNS;12/05/2025;40.91;41.0;40.55;41.0;223700;0.002199951112197507;0.002199951112197507;0.010999755560987604;;;;;
QNS;13/05/2025;41.18;41.55;41.0;41.36;496700;0.008780487804878057;0.008780487804878057;0.013355998057309304;;;;;
QNS;14/05/2025;41.27;41.45;41.27;41.36;324700;0.0;0.0;0.004361521686455045;;;;;
QNS;15/05/2025;41.45;41.55;41.27;41.36;398600;0.0;0.0;0.0067551266586247044;;;;;
QNS;16/05/2025;41.36;41.81;41.36;41.63;148100;0.0065280464216634915;0.0065280464216634915;0.010880077369439141;;;;;
QNS;19/05/2025;41.55;41.72;41.55;41.55;72300;-0.001921691088157762;0.001921691088157762;0.004091456077015685;;;;;
QNS;20/05/2025;41.55;41.63;41.36;41.55;177100;0.0;0.0;0.006498194945848451;;;;;
QNS;21/05/2025;41.55;41.72;41.45;41.63;269300;0.0019253910950662867;0.0019253910950662867;0.0064981949458482804;;;;;
QNS;22/05/2025;41.63;41.9;41.63;41.81;389500;0.004323804948354493;0.004323804948354493;0.006485707422531732;;;;;
QNS;23/05/2025;41.81;42.0;41.81;42.0;195300;0.004544367376225766;0.004544367376225766;0.004544367376225729;;;;;
QNS;26/05/2025;42.0;42.26;41.9;42.26;301600;0.00619047619047608;0.00619047619047608;0.008571428571428558;;;;;
QNS;27/05/2025;42.26;42.98;42.26;42.8;327200;0.012778040700425874;0.012778040700425874;0.017037387600567888;;;;;
QNS;28/05/2025;42.8;43.16;42.71;43.16;263700;0.008411214953270907;0.008411214953270907;0.010514018691588686;;;;;
QNS;29/05/2025;43.16;43.25;42.71;42.71;471400;-0.010426320667284439;0.010426320667284439;0.012511584800741408;;;;;
QNS;30/05/2025;42.71;42.98;42.63;42.8;254500;0.0021072348396158347;0.0021072348396158347;0.008194802154062148;;;;;
QNS;02/06/2025;42.71;42.71;42.26;42.53;542300;-0.00630841121495318;0.00630841121495318;0.010536174198080141;264285.0;1.261.777.162.534.940;20.519.514.917.607.800;22.033.605.319.140.500;
QNS;03/06/2025;42.45;42.9;42.45;42.8;179900;0.006348459910651139;0.006348459910651139;0.010600706713780817;285580.0;13.550.069.566.727.600;0.6299460746550879;-0.7799221950822947;0.006396688960668593
QNS;04/06/2025;42.71;42.9;42.71;42.71;109700;-0.0021028037383176157;0.0021028037383176157;0.004448606883633756;291155.0;12.819.143.363.694.200;0.37677525716542737;-14.155.002.003.792.800;0.006397398130869219
QNS;05/06/2025;42.8;42.8;42.63;42.71;66200;0.0;0.0;0.003971962616822304;275850.0;13.077.351.051.582.100;0.23998549936559724;-16.031.534.151.913.400;0.005696275832455911
QNS;06/06/2025;42.71;42.9;42.63;42.63;117800;-0.0018730976352141493;0.0018730976352141493;0.006321704518847952;267995.0;13.858.117.695.150.000;0.43956043956043955;-10.838.051.985.412.400;0.005366726664155306
QNS;09/06/2025;42.63;42.8;42.35;42.35;85200;-0.006568144499178974;0.006568144499178974;0.010555946516537549;266480.0;14.011.798.261.690.600;0.31972380666466527;-129.376.684.287.294;0.005422621167394144
QNS;10/06/2025;42.45;42.53;42.35;42.45;131000;0.0023612750885477762;0.0023612750885477762;0.00424028268551236;259555.0;14.565.661.303.577.200;0.5047099843963707;-0.8825895187362897;0.005756188713718833
QNS;11/06/2025;42.53;42.53;42.35;42.53;283200;0.00188457008244991;0.00188457008244991;0.004232306607100863;241270.0;13.701.765.963.784.200;11.737.887.014.548.000;0.3060189475635997;0.005510628072134527
QNS;12/06/2025;42.53;42.63;42.35;42.53;189900;0.0;0.0;0.006583588055490269;239195.0;13.599.814.037.041.200;0.7939129162398879;-0.362468191592452;0.005503050137587656
QNS;13/06/2025;42.53;42.53;42.26;42.45;159100;-0.001881025158711469;0.001881025158711469;0.006348459910651378;228760.0;13.103.969.828.382.400;0.6954887218045113;-0.5315946305761508;0.005503050137587656
QNS;16/06/2025;42.45;42.53;42.35;42.45;173600;0.0;0.0;0.00424028268551236;229310.0;13.070.599.350.007.600;0.7570537700056692;-0.42622375996833906;0.0054119288691413196
QNS;17/06/2025;42.45;42.8;42.45;42.63;282300;0.004240282685512353;0.004240282685512353;0.008244994110718358;234375.0;126.186.048.419.742;120.448;0.3797963451599936;0.005374448796228534
QNS;18/06/2025;42.53;43.34;42.53;42.8;437700;0.003987802017358488;0.003987802017358488;0.019045379731953967;239635.0;12.586.510.855.924.900;18.265.278.444.300.700;15.736.291.198.347.700;0.005412862397043299
QNS;19/06/2025;42.8;42.9;42.63;42.9;241600;0.00233644859813098;0.00233644859813098;0.006308411214953178;248055.0;13.336.343.093.414.400;0.9739775453024531;-0.04840157421555472;0.005444998728294171
QNS;20/06/2025;42.9;42.9;42.45;42.63;325300;-0.0062937062937061805;0.0062937062937061805;0.010489510489510391;240660.0;12.914.120.138.335.700;13.516.994.930.607.400;0.6554066331530018;0.005406850216321704
QNS;23/06/2025;42.63;42.71;42.45;42.53;207800;-0.002345765892563967;0.002345765892563967;0.0060989913206661505;247160.0;13.000.666.946.454.300;0.8407509305712898;-0.3027536984226372;0.005604249958040314
QNS;24/06/2025;42.63;42.71;42.53;42.63;296500;0.002351281448389475;0.002351281448389475;0.004222378606615053;242470.0;12.963.075.536.631.700;12.228.316.905.184.100;0.4167992375522232;0.00549282065633034
QNS;25/06/2025;42.63;42.8;42.63;42.71;198200;0.0018766127140510402;0.0018766127140510402;0.00398780201735854;240935.0;12.875.342.928.493.800;0.8226285097640442;-0.331913489507337;0.004684829595291766
QNS;26/06/2025;42.71;42.9;42.53;42.8;196600;0.0021072348396158347;0.0021072348396158347;0.008663076562865779;237660.0;1.289.767.396.409.950;0.8272321804258184;-0.318351976598958;0.004262313550939868
QNS;27/06/2025;42.98;42.98;42.63;42.71;79700;-0.0021028037383176157;0.0021028037383176157;0.008143322475569901;223920.0;11.683.113.590.045.000;0.3559306895319757;-12.344.312.061.032.000;0.003598047784127643
QNS;30/06/2025;42.71;42.98;42.63;42.8;169000;0.0021072348396158347;0.0021072348396158347;0.008194802154062148;215180.0;12.089.083.635.987.200;0.7853889766706943;-0.38199752264538545;0.0035982907773441106
QNS;01/07/2025;42.8;42.9;42.63;42.71;144200;-0.0021028037383176157;0.0021028037383176157;0.006308411214953178;196515.0;9.342.453.906.763.470;0.733786224970104;-0.5599706514166106;0.0033148570701564857
QNS;02/07/2025;42.71;43.25;42.71;43.08;277400;0.00866307656286569;0.00866307656286569;0.01264340903769607;194730.0;94.097.324.197.092;1.424.536.537.770.240;0.8785584574843293;0.0030328234082978036
QNS;03/07/2025;42.98;43.34;42.98;43.08;245000;0.0;0.0;0.008375988832015043;203115.0;935.920.277.475.317;12.062.132.289.589.600;0.4475274337787241;0.003567146577825546
QNS;04/07/2025;43.16;43.43;43.16;43.43;133300;0.008124419684308215;0.008124419684308215;0.0062557924003707865;212055.0;8.821.028.985.805.510;0.6286105019924076;-0.892809672507932;0.003567146577825546
QNS;07/07/2025;43.34;43.61;43.34;43.61;106500;0.004144600506562179;0.004144600506562179;0.006229810798338625;212830.0;8.740.299.344.506.400;0.5003993797866843;-12.165.487.222.909.800;0.003910310543056902
QNS;08/07/2025;43.53;43.61;43.43;43.61;161200;0.0;0.0;0.004135079255685728;213895.0;8.588.252.364.958.220;0.7536408050679072;-0.6135706982133645;0.0035447291335742727
QNS;09/07/2025;43.61;43.79;43.61;43.61;93700;0.0;0.0;0.0041274936941068496;215405.0;846.043.203.761.829;0.4349945451591189;-1.438.519.917.881.890;0.0035528980347648404
QNS;10/07/2025;41.81;43.79;41.81;43.61;199600;0.0;0.0;0.04735709160487914;205930.0;8.718.412.518.463.740;0.969261399504686;-0.0726049608984939;0.0035630865236968194
QNS;11/07/2025;43.79;43.88;43.53;43.7;366500;0.0020637468470534603;0.0020637468470534603;0.007992692395524125;206415.0;8.711.721.248.138.230;1.775.549.257.563.640;1.837.581.752.678.450;0.0035630865236968194
QNS;14/07/2025;43.7;43.79;43.7;43.79;162500;0.002059496567505592;0.002059496567505592;0.0020594965675056363;216785.0;9.331.230.118.602.570;0.7495906082062873;-0.581756095498903;0.00348842409091255
QNS;15/07/2025;43.79;44.15;43.34;43.88;295800;0.002055263758849124;0.002055263758849124;0.01849737382964136;216230.0;9.361.519.276.158.900;1.367.987.790.778.330;0.8499688742044451;0.003473488990973901
QNS;16/07/2025;43.79;44.05;43.61;44.05;185400;0.003874202370100166;0.003874202370100166;0.010047956154373093;216905.0;9.416.371.787.030.230;0.8547520804038634;-0.3345768488388895;0.0034187085446159703
QNS;17/07/2025;44.05;44.05;43.61;43.61;240400;-0.009988649262201998;0.009988649262201998;0.009988649262201992;204290.0;7.864.934.770.700.160;11.767.585.295.413.300;0.45912650330582905;0.003414364640365711
QNS;18/07/2025;43.88;43.98;43.7;43.79;270400;0.004127493694106921;0.004127493694106921;0.006381039197812079;204230.0;7.861.983.879.805.130;13.239.974.538.510.500;0.841645073452377;0.004254167830215208
QNS;21/07/2025;43.79;43.79;43.7;43.79;66800;0.0;0.0;0.002055263758848968;201485.0;7.504.746.761.041.870;0.3315383279152294;-1.794.664.154.414.470;0.0039640753385995165
QNS;22/07/2025;43.7;43.88;43.7;43.7;192200;-0.002055263758849013;0.002055263758849013;0.004118993135011435;194435.0;8.082.353.926.920.050;0.9885051559647183;-0.027652835055340018;0.0038828178970734943
QNS;23/07/2025;43.88;43.88;43.7;43.88;219500;0.004118993135011406;0.004118993135011406;0.004102096627164989;189220.0;7.717.384.749.280.100;1.160.025.367.297.320;0.3923608966473338;0.003954422709660678
QNS;24/07/2025;43.98;44.15;43.88;43.98;117700;0.002278942570647091;0.002278942570647091;0.006139154160982175;190285.0;7.745.076.721.443.930;0.6185458654124077;-0.9371759972245675;0.004004662617399713
QNS;25/07/2025;44.15;44.43;43.98;44.33;235400;0.00795816280127326;0.00795816280127326;0.010192525481313768;186340.0;7.910.394.494.121.740;12.632.821.723.730.800;0.6201966290866624;0.004006532933470041
QNS;28/07/2025;44.33;44.33;44.15;44.15;214800;-0.004060455673358887;0.004060455673358887;0.004060455673358893;194125.0;7.564.248.232.031.350;11.065.035.415.325.100;0.2733252448333228;0.004175797642410577
QNS;29/07/2025;44.24;44.24;43.53;43.88;263600;-0.006115515288788176;0.006115515288788176;0.01604882459312841;196415.0;75.535.012.968.891;13.420.563.602.576.100;0.889455066720781;0.004380208308666651
QNS;30/07/2025;43.7;43.79;43.43;43.7;125500;-0.004102096627164986;0.004102096627164986;0.00823798627002287;202385.0;7.590.847.172.053.570;0.6201052449539245;-1.012.864.549.335.930;0.004641093059753801
QNS;31/07/2025;43.7;43.98;43.61;43.88;260900;0.004118993135011406;0.004118993135011406;0.008466819221967905;194790.0;7.560.639.001.120.420;13.393.911.391.755.200;0.8743969919765123;0.0044583993502988984
QNS;01/08/2025;43.98;44.05;43.79;43.79;133900;-0.002051048313582604;0.002051048313582604;0.00591177808094584;195585.0;7.624.304.817.317.340;0.6846128281821203;-0.8090573695308292;0.004517925067778303
QNS;04/08/2025;43.98;44.15;43.79;43.98;162600;0.004338890157570274;0.004338890157570274;0.008185538881309674;195615.0;7.621.736.419.782.010;0.8312245993405414;-0.4331690074496728;0.0042288086780200036
QNS;05/08/2025;44.15;44.15;43.88;44.05;220500;0.001591632560254741;0.001591632560254741;0.006115515288788132;198420.0;7.375.770.860.694.740;11.112.791.049.289.300;0.2993585405108452;0.004238025083712099
QNS;06/08/2025;43.88;44.15;43.88;43.88;213500;-0.0038592508513052293;0.0038592508513052293;0.006153144940747402;201385.0;733.736.527.716.362;10.601.584.030.588.100;0.16511376416962648;0.004244443636047683
QNS;07/08/2025;44.24;44.5;44.15;44.43;110400;0.012534184138559556;0.012534184138559556;0.007911392405063323;207375.0;6.887.184.036.118.710;0.532368896925859;-14.080.500.752.038.900;0.004355161677021752
QNS;08/08/2025;44.24;44.33;44.15;44.33;224900;-0.0022507314877335816;0.0022507314877335816;0.004068716094032543;202915.0;7.220.917.914.387.050;11.083.458.591.035.600;0.30446267719228326;0.005138441672161647
QNS;11/08/2025;44.33;44.43;44.24;44.33;168300;0.0;0.0;0.004286036544101009;195835.0;6.146.882.200.715.550;0.8593969413026272;-0.44795066996394795;0.0051793778598211975
QNS;12/08/2025;44.33;44.33;44.24;44.33;127000;0.0;0.0;0.0020302278366793663;196125.0;6.131.676.919.253.430;0.6475462077756533;-11.273.425.020.641.200;0.005171993901300317
QNS;13/08/2025;45.06;45.06;44.15;44.33;359200;0.0;0.0;0.020195295162006296;187685.0;5.842.388.908.476.970;19.138.450.062.604.800;29.356.998.085.345.100;0.005162503920701753
QNS;14/08/2025;44.33;44.51;43.97;44.15;236800;-0.004060455673358887;0.004060455673358887;0.012181367020076678;196375.0;6.987.037.528.241.320;12.058.561.425.843.400;0.5785713878965694;0.005102473083391298
QNS;15/08/2025;44.43;44.43;43.97;44.05;242600;-0.0022650056625141968;0.0022650056625141968;0.010353364843574181;196195.0;6.975.553.156.711.320;12.365.248.859.552.900;0.6652519012825929;0.004621022459194925
QNS;18/08/2025;44.05;44.24;43.87;44.05;106700;0.0;0.0;0.008399545970488186;194805.0;6.846.407.029.276.470;0.5477272143938811;-12.868.793.751.707.500;0.004587010064962028
QNS;19/08/2025;43.97;44.05;43.87;44.05;83400;0.0;0.0;0.004093700250170564;196800.0;6.503.313.325.569.230;0.42378048780487804;-17.437.265.332.756.200;0.004587010064962028
QNS;20/08/2025;44.05;44.51;43.51;43.97;464600;-0.0018161180476730099;0.0018161180476730099;0.022701475595913737;191360.0;6.981.305.412.539.830;24.278.846.153.846.100;391.388.119.919.816;0.004554231314741974
QNS;21/08/2025;43.6;43.97;42.77;42.95;1045900;-0.023197634750966478;0.023197634750966478;0.027522935779816415;203615.0;9.275.545.820.228.470;5.136.654.961.569.620;908.070.550.590.254;0.004492698361426093
QNS;22/08/2025;43.05;43.51;42.87;43.14;405800;0.004423748544819528;0.004423748544819528;0.014866434378629514;250025.0;208.055.255.502.247;1.623.037.696.230.370;0.7487193708419331;0.006842950236013221
QNS;25/08/2025;43.6;43.6;43.05;43.14;79900;0.0;0.0;0.012614678899082667;258545.0;21.089.445.470.736.200;0.30903711152797386;-0.8470824908501652;0.006637585399034723
QNS;26/08/2025;43.14;43.33;43.14;43.33;87000;0.004404265183124645;0.004404265183124645;0.004404265183124658;251800.0;2.144.937.074.282.500;0.3455123113582208;-0.7683209077596221;0.0066119978029062325
QNS;27/08/2025;43.41;43.51;43.33;43.33;72000;0.0;0.0;0.004146510020732544;242970.0;21.759.497.406.153.900;0.29633288060254354;-0.7857258686114998;0.006613412887133728
QNS;28/08/2025;43.41;43.51;43.41;43.41;68000;0.0018462958689129394;0.0018462958689129394;0.002303616678184783;240295.0;21.943.615.658.270.500;0.2829854969932791;-0.7851714260911342;0.006562812005607393
QNS;29/08/2025;43.41;43.69;43.23;43.69;222200;0.006450126698917424;0.006450126698917424;0.01059663671964987;230650.0;22.269.790.607.102.900;0.9633644049425536;-0.037943778408517564;0.006499739651059802
QNS;03/09/2025;43.33;43.69;43.33;43.6;89000;-0.0020599679560538986;0.0020599679560538986;0.008308331410108456;235065.0;22.155.120.419.204.900;0.3786186799395912;-0.6592832592928934;0.00666995538949214
QNS;04/09/2025;43.51;43.69;43.51;43.69;143300;0.002064220183486176;0.002064220183486176;0.004136980004596638;231385.0;22.342.156.818.798.600;0.6193141301294379;-0.3942546850529917;0.006599273493715832
QNS;05/09/2025;43.69;43.87;43.33;43.33;116500;-0.008239871824216038;0.008239871824216038;0.012359807736324082;227525.0;22.428.473.884.539.500;0.5120316448741896;-0.4950180764484912;0.006607669594736381
QNS;08/09/2025;43.41;43.69;43.41;43.41;209300;0.0018462958689129394;0.0018462958689129394;0.006450126698917327;222675.0;22.564.861.335.830.600;0.9399348826765466;-0.05927357496658717;0.006798590942217695
QNS;09/09/2025;43.41;43.6;43.41;43.51;116100;0.0023036166781846834;0.0023036166781846834;0.004376871688551137;227620.0;22.413.726.903.043.300;0.5100606273613918;-0.4975522387794311;0.0060947929941157705
QNS;10/09/2025;43.51;43.69;43.14;43.14;145800;-0.00850379223167086;0.00850379223167086;0.01264077223626746;222180.0;22.552.281.154.312.400;0.656224682689711;-0.3386797081739755;0.006136157597179229
QNS;11/09/2025;43.41;43.41;43.14;43.41;104900;0.006258692628650753;0.006258692628650753;0.006219765031098734;221055.0;22.586.159.822.473.400;0.4745425346633191;-0.5142751176515824;0.00635995935592542
QNS;12/09/2025;43.69;43.69;43.41;43.41;45300;0.0;0.0;0.006408789196612524;219950.0;22.639.938.976.112.600;0.20595589906797;-0.7714243407823348;0.006579558544154441
QNS;15/09/2025;43.41;43.69;43.41;43.6;78100;0.004376871688551054;0.004376871688551054;0.006450126698917327;204255.0;2.271.172.186.918.370;0.3823651807789283;-0.5554620681189864;0.006579558544154441
QNS;16/09/2025;43.69;43.87;43.6;43.87;155400;0.006192660550458529;0.006192660550458529;0.00617990386816196;196320.0;22.868.721.594.536.500;0.7915647921760391;-0.1789343572654102;0.0066450079606894365
QNS;17/09/2025;43.87;43.97;43.51;43.51;118500;-0.008206063369044947;0.008206063369044947;0.010485525416001843;191960.0;22.858.966.086.118.500;0.6173161075224005;-0.32136186616336004;0.006801120004631665
QNS;18/09/2025;43.78;43.97;43.41;43.87;112600;0.008273960009193226;0.008273960009193226;0.012791228871630934;192550.0;22.837.314.456.366.000;0.5847831732017658;-0.3500849460769819;0.007033103070506478
QNS;19/09/2025;43.78;43.78;43.6;43.6;18600;-0.006154547526783571;0.006154547526783571;0.004111466423024205;194010.0;22.773.105.305.670.500;0.09587134683779186;-0.7702506867006974;0.007307789208023613
QNS;22/09/2025;43.69;43.78;43.33;43.6;71700;0.0;0.0;0.01029983978027015;171710.0;2.215.936.463.558.080;0.41756449828198705;-0.45132160440834973;0.007422429111543824
QNS;23/09/2025;43.6;43.69;43.33;43.33;63800;-0.006192660550458751;0.006192660550458751;0.00825688073394494;123000.0;831.332.791.682.318;0.5186991869918699;-0.712109525719544;0.005130379010470999
QNS;24/09/2025;43.41;43.51;43.33;43.41;31100;0.0018462958689129394;0.0018462958689129394;0.004146510020732544;105900.0;5.077.934.723.155.820;0.29367327667610954;-14.730.398.100.413.800;0.005278841791129145
QNS;25/09/2025;43.41;43.69;43.41;43.6;83700;0.004376871688551054;0.004376871688551054;0.006450126698917327;103460.0;5.320.875.867.749.590;0.8090083123912624;-0.37136743068500216;0.005290683060988328
QNS;26/09/2025;43.6;43.6;43.33;43.33;102700;-0.006192660550458751;0.006192660550458751;0.006192660550458787;103295.0;5.326.757.160.046.370;0.9942397986349775;-0.011170023001289211;0.00528957493833277
QNS;29/09/2025;43.41;43.78;43.41;43.6;82000;0.0062312485575815035;0.0062312485575815035;0.00852338170928368;104830.0;5.275.818.818.963.210;0.7822188304874559;-0.4327290375844728;0.005487096238174419
QNS;30/09/2025;43.6;43.69;43.41;43.69;89300;0.002064220183486176;0.002064220183486176;0.006422018348623879;105530.0;52.334.984.776.714.600;0.846204870652895;-0.3101176023886263;0.005649354768425978
QNS;01/10/2025;43.51;43.6;43.41;43.6;47100;-0.0020599679560538986;0.0020599679560538986;0.0043668122270743475;98885.0;4.460.851.081.175.100;0.4763108661576579;-11.608.771.298.942.000;0.005477863708476007
QNS;02/10/2025;43.51;43.69;43.41;43.51;54400;-0.0020642201834862872;0.0020642201834862872;0.006435302229372585;96790.0;4.605.754.866.982.920;0.5620415332162414;-0.9203703024639757;0.005477863708476007
QNS;03/10/2025;43.6;43.6;43.41;43.51;43400;0.0;0.0;0.004357798165137725;92345.0;4.562.041.873.178.230;0.46997671774324545;-1.072.874.852.108.740;0.0054743345949322866
QNS;06/10/2025;43.51;43.6;43.33;43.51;36000;0.0;0.0;0.006205470006895039;88690.0;4.650.308.308.964.150;0.40590821964144774;-113.304.315.540.611;0.005136427225186557
QNS;07/10/2025;43.6;43.6;43.41;43.51;68200;0.0;0.0;0.004357798165137725;80025.0;3.826.226.497.546.410;0.852233676975945;-0.3090512286082077;0.005122228866247139
QNS;08/10/2025;43.51;43.78;43.51;43.6;54400;0.002068490002298473;0.002068490002298473;0.006205470006895039;77630.0;3.737.415.515.679.530;0.7007600154579415;-0.6215525114224912;0.005096556647801593
QNS;09/10/2025;43.6;43.78;43.51;43.6;91700;0.0;0.0;0.006192660550458787;73060.0;3.403.907.043.074.870;12.551.327.675.882.800;0.5476060234348171;0.004699593351105756
QNS;10/10/2025;43.6;43.69;43.41;43.6;83400;0.0;0.0;0.006422018348623879;72400.0;3.351.312.390.220.000;11.519.337.016.574.500;0.3282296222847158;0.004503092385884122
QNS;13/10/2025;43.6;43.6;42.77;42.87;470500;-0.016743119266055095;0.016743119266055095;0.01903669724770638;74305.0;32.970.057.787.730.900;6.332.009.958.952.960;12.016.812.422.677.400;0.004503092385884122
QNS;14/10/2025;43.23;43.33;42.95;43.23;101700;0.008397480755773179;0.008397480755773179;0.008790191996298762;93925.0;9.456.567.127.774.500;1.082.778.812.882.610;0.08221799618134536;0.0057755523057201955
QNS;15/10/2025;43.14;43.23;42.68;42.87;213800;-0.00832755031228316;0.00832755031228316;0.012749188687992517;91240.0;9.348.451.827.920.350;2.343.270.495.396.750;13.110.192.174.704.100;0.00593544097330505
QNS;16/10/2025;42.87;43.23;42.77;43.05;93500;0.0041987403778867005;0.0041987403778867005;0.010730114299043475;96005.0;9.729.810.121.477.190;0.973907608978699;-0.025745620610525207;0.005943564503379403
QNS;17/10/2025;43.14;43.14;42.77;43.05;231700;0.0;0.0;0.008576726935558587;95050.0;9.722.034.928.855.930;24.376.643.871.646.500;140.556.993.468.939;0.005683005617107861
QNS;20/10/2025;43.05;43.23;41.85;42.22;211500;-0.01927990708478511;0.01927990708478511;0.03205574912891976;105705.0;10.003.740.603.026.000;20.008.514.261.387.800;1.057.554.410.877.040;0.005550152488823442
QNS;21/10/2025;42.22;43.05;42.22;42.77;293900;0.01302700142112756;0.01302700142112756;0.019658929417337715;112695.0;10.239.274.478.306.800;2.607.924.042.770.300;17.697.054.648.149.600;0.006937722062635473
QNS;22/10/2025;42.77;43.41;42.77;42.95;502500;0.004208557400046775;0.004208557400046775;0.014963759644610554;124200.0;10.930.364.273.796.800;4.045.893.719.806.760;34.610.008.461.190.100;0.0075681929030605236
QNS;23/10/2025;42.95;43.14;42.49;42.68;354700;-0.006286379511059481;0.006286379511059481;0.015133876600698452;147770.0;13.578.830.699.213.100;24.003.518.982.202.000;15.239.161.941.387.900;0.007626961017123373
QNS;24/10/2025;42.77;42.77;42.49;42.59;102300;-0.0021087160262417415;0.0021087160262417415;0.006546644844517211;161320.0;14.241.781.230.997.000;0.6341433176295561;-0.4144144545033725;0.0076404467810579635
QNS;27/10/2025;42.59;43.05;42.49;42.49;87500;-0.002347969006809114;0.002347969006809114;0.013148626438130901;161300.0;1.424.265.055.166.490;0.5424674519528828;-0.5181619792769037;0.007549462514074366
QNS;28/10/2025;42.49;42.49;42.13;42.31;100400;-0.004236290891974526;0.004236290891974526;0.00847258178394915;161575.0;14.227.055.720.481.400;0.6213832585486616;-0.42999058415109487;0.007368469669800411
QNS;29/10/2025;42.49;42.49;41.39;41.49;255600;-0.019380761049397344;0.019380761049397344;0.0258884443398447;162130.0;14.199.515.595.888.900;15.765.126.750.138.700;0.658261891884968;0.007353416676153242
QNS;30/10/2025;41.85;41.95;41.3;41.49;196300;0.0;0.0;0.01553166069295115;172555.0;14.075.379.577.942.400;113.760.829.880.328;0.16869882526799426;0.008363763209451047
QNS;31/10/2025;41.49;41.67;41.21;41.39;94100;-0.002410219329959107;0.002410219329959107;0.011087008917811541;179650.0;13.803.459.329.953.600;0.5237962705260228;-0.6197721741705402;0.008381410862168013
QNS;03/11/2025;41.3;41.3;41.03;41.13;140700;-0.00628171055810578;0.00628171055810578;0.00653753026634373;182185.0;1.358.489.186.947.260;0.7722919010895518;-0.305376004451116;0.00836329472171958
QNS;04/11/2025;41.3;41.58;40.47;41.58;153100;0.01094091903719896;0.01094091903719896;0.02687651331719127;187420.0;13.187.843.125.992.500;0.816881869597695;-0.2602396743130574;0.008383935715726244
QNS;05/11/2025;41.39;41.58;41.21;41.39;35400;-0.004569504569504557;0.004569504569504557;0.008939357332688993;191665.0;12.917.767.150.629.900;0.18469725823702815;-12.096.904.842.597.200;0.008914684463744766
QNS;06/11/2025;41.49;41.76;41.03;41.3;83100;-0.0021744382701136544;0.0021744382701136544;0.017594601108700817;190715.0;13.030.522.175.181.400;0.4357287051359358;-0.8258686686015456;0.008869756714964157
QNS;07/11/2025;41.03;41.3;40.93;41.03;88500;-0.0065375302663437385;0.0065375302663437385;0.009017791859614854;190285.0;13.066.286.177.551.900;0.46509183593031506;-0.7789895201810918;0.00885003084286251
QNS;10/11/2025;41.03;41.3;40.67;40.67;189600;-0.008774067755300985;0.008774067755300985;0.015354618571776637;190540.0;13.044.808.767.838.400;0.9950666526713551;-0.007205931621761618;0.008866990477217252
QNS;11/11/2025;40.93;40.93;40.57;40.57;95900;-0.002458814851241775;0.002458814851241775;0.008795504519912031;176495.0;11.262.312.782.485.000;0.5433581687866512;-0.7156167792226462;0.008382524165924382
QNS;12/11/2025;40.75;40.75;40.01;40.38;359100;-0.004683263495193435;0.004683263495193435;0.018159509202454037;176205.0;11.283.313.004.983.100;20.379.671.405.465.200;16.209.334.963.873.300;0.00797467207802563
QNS;13/11/2025;40.47;40.75;40.3;40.67;183700;0.007181773155027216;0.007181773155027216;0.01111934766493706;183470.0;11.984.125.069.616.400;10.012.536.109.445.600;0.001919205604613739;0.00789109740808237
QNS;14/11/2025;40.47;40.57;40.21;40.57;174100;-0.002458814851241775;0.002458814851241775;0.008895478131949578;187980.0;11.795.967.910.577.200;0.9261623576976274;-0.11766732586271293;0.008059869419904752
QNS;17/11/2025;40.57;40.75;39.46;40.3;124000;-0.006655163914222384;0.006655163914222384;0.03179689425684001;185100.0;11.753.847.298.471.600;0.6699081577525662;-0.5198297923093211;0.008033483874948573
QNS;18/11/2025;40.57;40.57;40.21;40.21;126400;-0.0022332506203472935;0.0022332506203472935;0.00887355188562976;180725.0;11.813.105.957.724.200;0.6994051736063079;-0.45987058944881676;0.007126033163411777
QNS;19/11/2025;40.38;40.93;40.21;40.75;281600;0.013429495150460102;0.013429495150460102;0.017830609212481398;172350.0;11.559.544.017.595.800;16.338.845.372.787.900;0.9451064837306739;0.006148436310453045
QNS;20/11/2025;40.75;41.13;40.67;40.93;144200;0.004417177914110448;0.004417177914110448;0.011288343558282229;161305.0;9.014.039.035.684.400;0.8939586497628715;-0.18975955098802472;0.007008051318572325
QNS;21/11/2025;40.84;40.93;40.67;40.93;108900;0.0;0.0;0.0063663075416258074;150780.0;7.781.758.426.636.380;0.7222443294866693;-0.538181702693929;0.0071197051253051305
QNS;24/11/2025;40.84;41.21;40.75;40.84;74400;-0.0021988761299779336;0.0021988761299779336;0.011263467189030383;151110.0;7.761.490.564.928.470;0.49235656144530476;-0.9883410842065087;0.007134654041360614
QNS;25/11/2025;40.84;40.84;40.38;40.47;150600;-0.009059745347698489;0.009059745347698489;0.011263467189030383;150455.0;7.823.278.673.965.690;10.009.637.433.119.500;0.0018534428599933555;0.007134307001714402
QNS;26/11/2025;40.57;40.84;40.38;40.38;148300;-0.002223869532987255;0.002223869532987255;0.011338427409415845;152965.0;773.425.482.070.374;0.9695028274441866;-0.06031608872663872;0.007295226483360519
QNS;27/11/2025;40.38;40.84;40.38;40.38;208500;0.0;0.0;0.011391778107974265;147600.0;734.731.171.747.084;14.126.016.260.162.600;0.8288745917120768;0.00607466881532759
QNS;28/11/2025;40.75;40.75;40.21;40.3;121300;-0.001981178801386929;0.001981178801386929;0.013251533742331267;148210.0;7.394.783.296.351.560;0.8184333040955402;-0.36390518723215126;0.00607466881532759
QNS;01/12/2025;40.3;40.67;40.3;40.3;67800;0.0;0.0;0.00918114143920607;149570.0;7.314.607.662.968.530;0.45329945844754965;-11.179.000.127.918.600;0.0060714379240376015
QNS;02/12/2025;40.3;40.47;40.3;40.3;121700;0.0;0.0;0.004218362282878455;145925.0;7.539.319.999.352.170;0.833990063388727;-0.3213154502273622;0.005962540670391494
QNS;03/12/2025;40.38;40.75;40.3;40.67;41900;0.009181141439206009;0.009181141439206009;0.011144130757800961;144355.0;755.626.716.183.677;0.29025665893110736;-13.558.943.563.755.000;0.0052709350194720785
QNS;04/12/2025;40.67;42.13;40.67;41.39;162300;0.017703466928940204;0.017703466928940204;0.03589869682812886;144680.0;7.508.183.325.019.790;1.121.786.010.505.940;0.23467727461161234;0.005732781712218229
QNS;05/12/2025;41.39;41.67;41.39;41.58;141200;0.004590480792461937;0.004590480792461937;0.006764919062575528;148640.0;7.373.961.586.127.520;0.94994617868676;-0.10089556221714953;0.007062157977990858
QNS;08/12/2025;41.49;41.67;41.3;41.39;31400;-0.004569504569504557;0.004569504569504557;0.008917811520848506;151275.0;724.070.211.410.905;0.20756899686002314;-16.555.714.916.984.900;0.006946418163901725
QNS;09/12/2025;41.49;41.49;40.93;41.03;76100;-0.008697753080454174;0.008697753080454174;0.013497228247770601;143365.0;7.652.402.632.678.940;0.5308129599274579;-0.8790049769826594;0.006704364477917955
QNS;10/12/2025;41.21;41.49;41.13;41.21;90500;0.0043870338776506035;0.0043870338776506035;0.008735743751516608;142375.0;7.729.460.303.213.120;0.6356453028972783;-0.6711335328086965;0.007007134509797807
QNS;11/12/2025;44.05;44.05;41.3;41.3;79800;0.0021839359378790224;0.0021839359378790224;0.062429057888762775;128945.0;5.877.192.737.496.720;0.6188685098297724;-0.8361985423151584;0.006941287207218816
QNS;12/12/2025;41.39;41.39;41.03;41.13;46000;-0.004116222760290444;0.004116222760290444;0.008697753080454201;123750.0;58.267.084.686.765.800;0.3717171717171717;-13.343.725.778.966.100;0.006797028725418335
QNS;15/12/2025;41.13;41.21;40.93;41.13;34200;0.0;0.0;0.006807682956479482;117345.0;59.469.350.575.693.500;0.2914482934935447;-1.398.115.149.990.940;0.006848640586892403
QNS;16/12/2025;41.03;41.21;40.75;41.03;47000;-0.0024313153415997935;0.0024313153415997935;0.011211308798440187;112855.0;62.264.744.396.302.200;0.4164636037393115;-10.576.611.313.273.200;0.006630257937092727
QNS;17/12/2025;40.93;41.3;40.93;41.13;24500;0.002437241043139249;0.002437241043139249;0.00903982408990954;108885.0;6.386.633.471.968.090;0.22500803600128577;-13.212.751.345.505.900;0.006635551098630941
QNS;18/12/2025;41.3;41.3;40.93;41.13;22000;0.0;0.0;0.008958837772397032;96030.0;5.205.493.151.217.130;0.2290950744558992;-14.221.515.205.084.900;0.005977093450443467
QNS;19/12/2025;41.13;41.39;41.13;41.3;39400;0.004133236080719582;0.004133236080719582;0.006321419888159445;89920.0;53.261.051.237.723.100;0.43816725978647686;-0.9485355400611815;0.005905173719459819
QNS;22/12/2025;41.3;41.39;41.03;41.39;77700;0.002179176755447987;0.002179176755447987;0.008716707021791755;86445.0;5.421.621.892.696.720;0.898837411070623;-0.16129859612268563;0.005967581869438097
QNS;23/12/2025;41.21;41.58;41.21;41.39;119000;0.0;0.0;0.0089784033001698;86610.0;5.418.264.336.579.810;1.373.975.291.536.770;0.5977929090932032;0.005944903899352131
QNS;24/12/2025;41.49;41.67;41.3;41.3;61900;-0.0021744382701136544;0.0021744382701136544;0.008917811520848506;85030.0;52.657.723.979.838.300;0.7279783605786193;-0.4392517992015004;0.005491075877175377
QNS;25/12/2025;41.49;41.95;41.39;41.67;151700;0.008958837772397255;0.008958837772397255;0.013497228247770601;80710.0;5.070.167.546.281.720;18.795.688.266.633.600;14.001.509.684.243.300;0.005489493560246257
QNS;26/12/2025;41.58;41.58;41.3;41.39;21500;-0.006719462443004587;0.006719462443004587;0.0067340067340067615;77870.0;44.361.269.261.894.600;0.2761011942981893;-12.707.030.465.519.200;0.005750767321446213
QNS;29/12/2025;41.39;42.13;41.39;42.13;159300;0.017878714665378048;0.017878714665378048;0.01787871466537816;72880.0;44.829.461.647.213.000;21.857.848.518.111.900;19.277.501.184.396.300;0.005997889700954552
QNS;30/12/2025;42.04;42.49;41.95;42.41;175800;0.0066460954189411225;0.0066460954189411225;0.012844909609895318;77455.0;487.787.321.537.401;226.970.498.999.419;20.161.450.627.711.600;0.007029376110922216
QNS;31/12/2025;42.59;43.23;42.59;43.14;169800;0.017212921480783017;0.017212921480783017;0.01502700164357815;80160.0;5.270.359.420.480.980;21.182.634.730.538.900;17.008.327.677.169.900;0.0070745474084745515
QNS;05/01/2026;43.23;43.23;42.95;43.05;161200;-0.0020862308762170656;0.0020862308762170656;0.00647698357622008;86555.0;55.502.152.400.178.400;18.623.996.302.928.700;13.449.027.969.545.900;0.007671823394468124
QNS;06/01/2026;43.05;43.14;42.87;42.95;94200;-0.0023228803716607294;0.0023228803716607294;0.006271777003484393;86500.0;5.542.363.166.888.670;10.890.173.410.404.600;0.13892990711979206;0.006911432393309383
QNS;07/01/2026;43.05;43.05;42.77;42.95;42500;0.0;0.0;0.006504065040650269;84150.0;5.395.931.703.363.970;0.5050505050505051;-0.7718778199886076;0.006947349276946649
QNS;08/01/2026;42.95;43.05;42.77;42.77;61300;-0.004190919674039617;0.004190919674039617;0.006519208381839209;84705.0;5.344.281.227.827.110;0.7236880939732011;-0.4379447675420336;0.0068059176950942425
QNS;09/01/2026;43.05;43.33;42.77;43.14;249200;0.008650923544540445;0.008650923544540445;0.013008130081300702;83965.0;536.702.139.777.834;29.679.032.930.387.600;30.787.095.439.641.500;0.006505465374381621
QNS;12/01/2026;43.14;43.33;42.95;43.23;232100;0.0020862308762168436;0.0020862308762168436;0.008808530366249316;91900.0;65.183.934.087.763.500;25.255.712.731.229.500;2.150.836.735.494.280;0.006652604966246377
QNS;13/01/2026;43.14;43.8;42.86;42.95;113700;-0.006476983576220063;0.006476983576220063;0.021789522484932725;99515.0;7.221.307.123.987.140;11.425.413.254.283.200;0.19643258147657838;0.00665273981588485
QNS;14/01/2026;43.14;43.23;42.76;43.05;105500;0.002328288707799553;0.002328288707799553;0.010894761242466362;102900.0;7.115.143.967.918.750;10.252.672.497.570.400;0.036541776409909035;0.00679218731440968
QNS;15/01/2026;43.33;43.89;43.14;43.8;270500;0.017421602787456525;0.017421602787456525;0.017309023771059313;106465.0;6.928.997.250.305.190;25.407.410.886.206.700;23.673.699.681.837.000;0.006772617967812772
QNS;16/01/2026;43.8;43.89;43.6;43.6;247400;-0.004566210045662045;0.004566210045662045;0.0066210045662100266;117640.0;7.680.963.755.319.140;2.103.026.181.570.890;16.893.713.358.579.400;0.007461663687514821
QNS;19/01/2026;43.6;44.07;43.52;43.99;79500;0.008944954128440319;0.008944954128440319;0.012614678899082504;128785.0;7.873.107.642.307.990;0.6173079162945996;-0.6259916952634494;0.007665734422831309
QNS;20/01/2026;43.89;44.17;43.8;44.17;128900;0.004091839054330526;0.004091839054330526;0.00843016632490327;131660.0;7.561.457.949.085.580;0.9790369132614309;-0.03650089729499547;0.007745216950506734
QNS;21/01/2026;44.07;44.07;43.7;43.8;101900;-0.008376726284808789;0.008376726284808789;0.008395734059450816;136135.0;7.244.922.922.840.160;0.7485216880302641;-0.4725378084019583;0.007745014861987258
QNS;22/01/2026;43.8;44.07;43.6;43.7;234300;-0.0022831050228309113;0.0022831050228309113;0.01073059360730591;137345.0;7.161.925.259.387.500;17.059.230.405.184.000;135.375.609.893.326;0.008179577203137167
QNS;23/01/2026;43.8;43.89;43.7;43.8;58200;0.0022883295194506825;0.0022883295194506825;0.0043378995433789435;143110.0;7.464.162.025.093.110;0.4066801760883237;-11.375.690.896.653.600;0.008237398063026386
QNS;26/01/2026;43.14;43.8;37.23;43.6;201300;-0.004566210045662045;0.004566210045662045;0.15229485396383866;142925.0;7.485.776.600.713.480;14.084.309.952.772.400;0.7798122107255531;0.008157000792473213
QNS;27/01/2026;43.7;43.89;42.2;43.7;159600;0.002293577981651307;0.002293577981651307;0.03867276887871848;145405.0;7.597.702.197.652.300;10.976.238.781.334.800;0.1868328032702607;0.008195297519431979
QNS;28/01/2026;43.8;44.36;43.6;44.17;247200;0.010755148741418807;0.010755148741418807;0.017351598173515937;152310.0;7.017.763.851.376.320;16.230.057.120.346.600;13.521.401.120.014.900;0.007916397761274523
QNS;29/01/2026;44.17;44.83;44.17;44.54;189300;0.008376726284808678;0.008376726284808678;0.014942268508037052;156705.0;7.332.051.106.003.880;12.080.022.973.102.300;0.44455500280555116;0.007339032225353351
QNS;30/01/2026;44.45;44.73;44.45;44.54;186000;0.0;0.0;0.006299212598425062;157380.0;7.356.728.105.690.240;11.818.528.402.592.400;0.38903164000125484;0.007401758362615825
QNS;02/02/2026;44.54;44.73;43.6;44.64;269300;0.0022451728783117186;0.0022451728783117186;0.025370453524921316;158190.0;7.380.004.207.672.460;17.023.832.100.638.400;15.055.546.971.705.900;0.006550128461040992
QNS;03/02/2026;44.64;45.86;44.64;45.48;410700;0.018817204301075252;0.018817204301075252;0.027329749103942626;163595.0;7.787.796.441.937.390;25.104.679.238.363.000;31.729.771.295.682.000;0.006492545610458427
QNS;04/02/2026;45.77;46.24;45.48;46.24;219200;0.01671064204045747;0.01671064204045747;0.016604762945160695;179420.0;9.360.363.578.183.780;12.217.144.131.089.000;0.4249834920164351;0.007432759864161466
QNS;05/02/2026;46.24;46.42;45.77;45.77;255500;-0.010164359861591699;0.010164359861591699;0.014057093425605505;188255.0;8.818.204.540.369.290;13.572.016.679.503.800;0.7625702000010977;0.008007567641610727
QNS;06/02/2026;45.95;46.14;45.58;45.86;165400;0.0019663535066636317;0.0019663535066636317;0.012187159956474477;197965.0;8.406.264.127.360.470;0.8355012249640088;-0.3873896835338346;0.00841927688633692
QNS;09/02/2026;45.95;46.24;45.86;46.05;116800;0.004143044047099753;0.004143044047099753;0.008269858541893417;193775.0;8.346.078.735.739.200;0.6027609340730228;-0.9222894060462326;0.00833330332966959
QNS;10/02/2026;46.05;46.05;45.67;45.77;311300;-0.006080347448425449;0.006080347448425449;0.008251900108577535;188010.0;846.478.768.347.535;16.557.629.913.302.400;14.565.043.402.173.200;0.008332895333088843
QNS;11/02/2026;45.95;46.14;45.95;46.05;63600;0.006117544242953743;0.006117544242953743;0.004134929270946631;197890.0;8.701.668.261.104.640;0.3213906715852241;-15.432.672.904.833.500;0.008309096888686647
QNS;12/02/2026;46.05;46.14;45.77;45.95;182800;-0.0021715526601518986;0.0021715526601518986;0.008034744842562377;195795.0;8.981.743.749.933.740;0.9336295615311934;-0.14468237306476106;0.008330931305868082
QNS;13/02/2026;46.05;46.14;45.86;46.05;63900;0.0021762785636560977;0.0021762785636560977;0.00608034744842565;191410.0;8.810.273.249.839.770;0.33383835745258866;-1.447.287.687.726.580;0.0077262063993696626
QNS;23/02/2026;46.14;46.32;45.86;46.14;102300;0.001954397394136942;0.001954397394136942;0.009969657563935867;182235.0;9.145.607.099.068.190;0.5613630751502181;-0.8740261760003254;0.007550094082565083
QNS;24/02/2026;45.95;46.42;45.86;46.05;180500;-0.0019505851755526882;0.0019505851755526882;0.012187159956474477;183375.0;9.024.212.387.268.290;0.9843217450579413;-0.03185873599402604;0.007409401979700474
QNS;25/02/2026;46.14;46.79;45.95;46.24;406400;0.0041259500542889516;0.0041259500542889516;0.018205461638491467;185955.0;8.933.579.158.374.740;21.854.749.805.060.300;24.676.000.077.006.600;0.007460431993717292
QNS;26/02/2026;46.52;46.61;46.14;46.24;154500;0.0;0.0;0.010103181427343053;201180.0;9.961.281.147.787.330;0.7679689830002983;-0.4686144212521184;0.007047639454553867
QNS;27/02/2026;46.32;46.89;46.32;46.42;120000;0.0038927335640137617;0.0038927335640137617;0.01230569948186529;197190.0;9.981.435.873.924.320;0.6085501293169024;-0.7733356300134384;0.006980201541868003
QNS;02/03/2026;46.42;46.52;45.48;46.24;145200;-0.0038776389487289453;0.0038776389487289453;0.02240413614821211;200280.0;9.617.536.942.591.140;0.7249850209706411;-0.572703804818039;0.0069826031375162185
QNS;03/03/2026;46.05;46.05;45.67;45.67;117100;-0.012326989619377171;0.012326989619377171;0.008251900108577535;197475.0;9.695.895.428.370.440;0.5929864539815166;-0.8289590228543576;0.006945283855499168
QNS;04/03/2026;45.86;45.95;45.3;45.86;424200;0.0041602802715130505;0.0041602802715130505;0.014173571740078625;195350.0;9.828.932.854.213.200;21.714.870.744.816.900;2.328.330.078.090.850;0.007743427647660224
QNS;05/03/2026;45.67;46.14;45.48;45.77;56800;-0.0019624945486261813;0.0019624945486261813;0.014451499890519021;204200.0;11.042.322.886.822.400;0.2781586679725759;-13.348.640.635.740.000;0.007498064064059778
QNS;06/03/2026;45.95;46.14;45.67;45.77;135900;0.0;0.0;0.01022850924918387;197575.0;11.523.418.660.778.500;0.6878400607364292;-0.535214434323374;0.007383990453630453
QNS;09/03/2026;45.95;45.95;43.89;43.99;322900;-0.038890102687349826;0.038890102687349826;0.044831338411316694;195070.0;11.604.077.368.707.400;16.553.032.244.835.100;11.015.955.507.563.000;0.007383990453630453
QNS;10/03/2026;44.27;45.01;44.17;44.92;109200;0.021141168447374348;0.021141168447374348;0.018974474813643467;197750.0;11.843.953.154.069.300;0.552212389380531;-0.7476388909016904;0.011637038320224254
QNS;11/03/2026;43.23;44.73;40.89;44.64;53000;-0.006233303650934996;0.006233303650934996;0.08882720333102005;182675.0;1.086.953.292.706.870;0.290132749418366;-11.930.135.440.968.700;0.0118514690955455
QNS;12/03/2026;44.83;44.92;44.36;44.45;17100;-0.0042562724014336695;0.0042562724014336695;0.0124916350658042;174365.0;11.205.713.427.580.200;0.09807014022309524;-1.403.435.854.542.990;0.0111842373995744
QNS;13/03/2026;44.45;44.64;44.45;44.54;20600;0.0020247469066365653;0.0020247469066365653;0.004274465691788475;162445.0;11.559.614.123.499.500;0.1268121518052264;-1.227.073.832.089.620;0.011025778372867912
QNS;16/03/2026;44.54;44.83;44.54;44.54;44600;0.0;0.0;0.006511001347103708;155205.0;11.985.732.955.213.200;0.2873618762282143;-0.9228054755874738;0.011026725401464668
QNS;17/03/2026;44.83;45.01;44.83;44.92;16100;0.008531656937584176;0.008531656937584176;0.00401516841400847;151595.0;12.214.049.061.375.300;0.10620403047593918;-11.093.372.829.856.800;0.01095578617858902
QNS;18/03/2026;44.83;45.01;44.83;44.83;18200;-0.002003561887800598;0.002003561887800598;0.00401516841400847;136835.0;11.963.623.493.961.300;0.13300690612781818;-0.9916310059396419;0.01112769284261387
QNS;19/03/2026;44.73;45.01;44.64;44.92;14400;0.0020075842070044203;0.0020075842070044203;0.008271853342275821;134565.0;12.151.490.822.550.300;0.10701148144019619;-0.9888910073239835;0.01100652889726976
QNS;20/03/2026;45.48;45.77;44.92;45.01;80900;0.002003561887800487;0.002003561887800487;0.01868953386103785;126145.0;12.380.941.837.738.900;0.6413254587974156;-0.36544069581270994;0.01102842561373906
QNS;23/03/2026;45.01;45.2;44.73;44.73;51400;-0.0062208398133748455;0.0062208398133748455;0.0104421239724507;126995.0;12.341.732.572.647.000;0.4047403441080358;-0.6125152976296137;0.011025813581275884
QNS;24/03/2026;45.2;45.2;44.92;45.01;28500;0.006259780907668322;0.006259780907668322;0.006194690265486751;124450.0;12.447.365.183.041.700;0.22900763358778625;-0.7708458664868444;0.011058774919576757
QNS;25/03/2026;45.2;45.3;44.92;45.01;27700;0.0;0.0;0.008407079646017598;116850.0;12.550.733.046.320.400;0.23705605477107403;-0.710317076070202;0.011192426984389657
QNS;26/03/2026;44.92;45.01;44.07;44.64;88700;-0.008220395467673836;0.008220395467673836;0.02092609082813886;97915.0;10.667.894.418.102.800;0.905887759791656;-0.08638068243685136;0.011129244382297414
QNS;27/03/2026;44.64;44.92;44.45;44.64;16300;0.0;0.0;0.010528673835125422;94625.0;10.585.345.319.181.400;0.17225891677675034;-0.7399380713453854;0.011230527996705462
QNS;30/03/2026;44.54;44.73;44.17;44.64;82200;0.0;0.0;0.01257296811854502;89440.0;10.707.777.498.032.300;0.919051878354204;-0.06761440458891115;0.011162049731418731
QNS;31/03/2026;44.83;45.11;44.36;45.01;93400;0.008288530465949684;0.008288530465949684;0.016729868391701985;86290.0;10.627.475.265.852.900;10.823.965.697.068.000;0.06690206114000652;0.01115944178066191
QNS;01/04/2026;44.92;45.01;44.54;44.73;50700;-0.0062208398133748455;0.0062208398133748455;0.01046304541406943;85105.0;10.604.501.266.220.000;0.5957346806885612;-0.32443769995666655;0.011077922506631602
QNS;02/04/2026;44.73;44.73;44.27;44.27;83500;-0.010283925776883418;0.010283925776883418;0.010283925776883385;66430.0;699.204.517.930.725;12.569.622.158.663.200;0.2441345781133989;0.011082965360582956
QNS;03/04/2026;44.27;44.54;44.27;44.45;34900;0.004065958888637811;0.004065958888637811;0.006098938332956765;67765.0;6.998.177.413.102.870;0.5150151258024054;-0.46962227534366285;0.011268240621734593
QNS;06/04/2026;44.54;44.73;44.17;44.45;115100;0.0;0.0;0.01257296811854502;62715.0;6.843.329.656.641.840;1.835.286.614.047.670;0.7654899387925492;0.011335174731122631
QNS;07/04/2026;44.54;44.54;44.27;44.45;55600;0.0;0.0;0.006061966771441312;52325.0;339.257.063.689.407;10.625.895.843.287.100;0.09653446753280553;0.007115927468697078
QNS;08/04/2026;44.83;44.92;44.45;44.64;188600;0.004274465691788576;0.004274465691788576;0.010484050858799885;49645.0;31.204.275.601.101.100;379.897.270.621.412;4.453.075.654.641.900;0.00521034056794502
QNS;09/04/2026;44.54;44.64;44.45;44.54;121600;-0.0022401433691756623;0.0022401433691756623;0.004265828468792046;56425.0;4.405.636.192.782.820;2.155.073.105.892.770;14.793.550.158.945.800;0.005132352509563837
QNS;10/04/2026;44.54;44.73;44.36;44.36;160700;-0.00404131118096096;0.00404131118096096;0.008307139649752973;61650.0;45.325.495.323.446.700;26.066.504.460.665.000;21.853.043.037.515.700;0.005063431632340379
QNS;13/04/2026;44.54;44.92;44.45;44.64;61400;0.006311992786294018;0.006311992786294018;0.010552312528064635;68655.0;4.929.930.580.273.500;0.8943267059937368;-0.14716231561210957;0.005124225853998648
QNS;14/04/2026;44.83;45.3;44.64;45.11;169400;0.010528673835125346;0.010528673835125346;0.01472228418469767;69495.0;4.901.014.368.689.940;24.375.854.378.012.800;20.384.555.621.432.400;0.005326910528118517
QNS;15/04/2026;45.11;45.2;44.92;45.01;117900;-0.0022168033695411093;0.0022168033695411093;0.006207049434715166;77160.0;5.210.961.523.557.820;15.279.937.791.601.800;0.7818134871236672;0.005508396390652423
QNS;16/04/2026;46.38;46.38;44.62;44.62;63200;-0.008664741168629253;0.008664741168629253;0.037947391116860824;82145.0;5.092.785.893.584.650;0.769371233793901;-0.37199678910250067;0.005513142338248255
QNS;17/04/2026;44.72;44.91;44.23;44.62;80800;0.0;0.0;0.015205724508050083;84585.0;48.628.422.217.551.200;0.9552521132588521;-0.07783513894542722;0.005837436304031413
QNS;20/04/2026;44.52;44.91;44.03;44.23;134800;-0.008740475123263147;0.008740475123263147;0.019766397124887588;84580.0;4.862.882.619.231.220;15.937.573.894.537.700;10.327.207.940.696.500;0.005812623006268887
QNS;21/04/2026;44.23;44.33;43.64;43.64;156600;-0.013339362423694268;0.013339362423694268;0.015600271309066195;88750.0;49.206.252.277.103;17.645.070.422.535.200;13.788.898.129.836.300;0.005970160071881684
QNS;22/04/2026;43.94;43.94;43.06;43.15;283500;-0.011228230980751652;0.011228230980751652;0.020027309968138268;95155.0;49.288.052.091.225.700;29.793.494.824.234.100;3.821.311.494.546.340;0.0063883086630318
QNS;23/04/2026;43.25;43.25;43.06;43.25;168000;0.002317497103128563;0.002317497103128563;0.004393063583814976;107945.0;6.232.719.669.107.880;15.563.481.402.566.100;0.9635440576231773;0.006731405168326686
QNS;24/04/2026;43.25;43.94;43.15;43.25;69600;0.0;0.0;0.018265895953757206;111910.0;6.354.886.971.540.300;0.6219283352694129;-0.6657868218503472;0.006637767053393428
QNS;28/04/2026;43.25;44.03;43.25;43.94;171300;0.015953757225433574;0.015953757225433574;0.01803468208092488;114575.0;6.036.622.334.594.600;14.950.905.520.401.400;0.9396811139719807;0.006637767053393428
QNS;29/04/2026;43.94;44.33;43.84;44.23;283700;0.006599908966772761;0.006599908966772761;0.011151570323167841;119030.0;6.113.409.850.484.430;2.383.432.748.046.710;2.693.586.787.526.620;0.007707457245395376
QNS;04/05/2026;44.23;45.11;44.23;45.11;241300;0.019895998191272968;0.019895998191272968;0.01989599819127295;128545.0;7.095.543.059.963.030;18.771.636.391.925.000;15.890.961.276.272.900;0.007611753127929419
QNS;05/05/2026;45.11;45.5;44.91;45.21;307600;0.0022168033695411093;0.0022168033695411093;0.013079139880292693;138075.0;727.273.992.747.106;22.277.747.600.941.500;2.330.964.694.057.860;0.008790196090759804
QNS;06/05/2026;45.21;45.7;45.21;45.7;185300;0.010838310108383098;0.010838310108383098;0.010838310108383145;149280.0;8.070.266.153.571.010;12.412.915.326.902.400;0.4463297655190902;0.008422816227550462
QNS;07/05/2026;45.7;46.09;45.5;45.99;222500;0.006345733041575485;0.006345733041575485;0.012910284463895041;156800.0;7.637.480.984.557.260;14.190.051.020.408.100;0.8602312743277948;0.008681148987800038
QNS;08/05/2026;45.99;46.58;45.89;46.38;388800;0.008480104370515384;0.008480104370515384;0.015003261578603995;162170.0;770.611.452.371.633;23.974.841.216.007.800;29.409.113.931.868.400;0.008742140950127526
QNS;11/05/2026;46.38;47.07;46.38;46.97;392400;0.012721000431220375;0.012721000431220375;0.014877102199223754;178830.0;8.804.390.710.859.770;2.194.262.707.599.390;24.257.215.179.759.300;0.008858154435577642
QNS;12/05/2026;46.97;48.14;46.97;47.65;1081900;0.014477325952735765;0.014477325952735765;0.024909516712795437;189020.0;10.019.003.837.444.900;5.723.732.938.313.400;8.911.864.038.448.160;0.009160239625376338
QNS;13/05/2026;47.56;48.05;47.56;47.95;276200;0.006295907660021083;0.006295907660021083;0.010302775441547412;237035.0;222.107.520.844.724;11.652.287.636.846.800;0.17633351563714209;0.009454591790412872
QNS;14/05/2026;47.95;47.95;47.26;47.95;281500;0.0;0.0;0.014389989572471425;242810.0;22.151.905.204.982.400;11.593.426.959.350.900;0.17465766326635349;0.009306464964393352
QNS;15/05/2026;47.95;47.95;47.56;47.65;140600;-0.006256517205422418;0.006256517205422418;0.00813347236704902;253815.0;21.746.242.815.230.100;0.5539467722553828;-0.5206186694499205;0.009328779844006499
QNS;18/05/2026;47.07;47.75;43.74;47.75;137400;0.0020986358866736943;0.0020986358866736943;0.08519226683662626;252375.0;2.181.451.131.580.460;0.5444279346210995;-0.5270574175856072;0.009429410496000868
QNS;19/05/2026;47.65;47.75;47.65;47.65;123500;-0.0020942408376963817;0.0020942408376963817;0.002098635886673692;253350.0;21.755.522.347.936.800;0.48746792974146436;-0.5968599508819156;0.009358040181090906
QNS;20/05/2026;47.46;47.56;47.17;47.46;122600;-0.003987408184679908;0.003987408184679908;0.008217446270543627;256365.0;21.518.626.270.720.600;0.4782244066077663;-0.6216242538772454;0.00903677945618305
QNS;21/05/2026;47.36;47.65;47.36;47.65;88800;0.0040033712600082705;0.0040033712600082705;0.0061233108108107925;258455.0;21.358.839.776.049.300;0.343580120330425;-0.794308126185028;0.009157274220839989
QNS;22/05/2026;47.17;47.65;47.17;47.56;42200;-0.0018887722980062138;0.0018887722980062138;0.010175959296162749;256155.0;21.523.139.683.654.500;0.1647440026546427;-0.9940696531486299;0.008720812257771554
QNS;25/05/2026;47.56;47.95;47.46;47.85;138800;0.0060975609756097615;0.0060975609756097615;0.01030277544154756;250435.0;2.194.943.597.764.740;0.5542356300037934;-0.5086007682096498;0.007873355121456769
QNS;26/05/2026;47.85;47.85;47.36;47.65;58100;-0.004179728317659448;0.004179728317659448;0.010240334378265454;243200.0;22.072.844.473.648.900;0.23889802631578946;-0.8385869805813947;0.006971873897995181
QNS;27/05/2026;47.65;47.85;47.46;47.75;10500;0.0020986358866736943;0.0020986358866736943;0.008184679958027295;237705.0;2.240.421.658.504.200;0.044172398561241874;-10.141.171.378.948.800;0.0072589979492086315
QNS;28/05/2026;47.65;47.75;47.46;47.46;16000;-0.006073298429319363;0.006073298429319363;0.006086044071353602;234750.0;2.267.494.710.723.240;0.06815761448349308;-0.9647211037163872;0.007199655038532656
QNS;29/05/2026;47.46;47.46;46.58;46.58;90000;-0.01854193004635485;0.01854193004635485;0.01854193004635488;226985.0;23.164.297.454.897;0.3965019714959138;-0.5913626358266306;0.007117859248845946
QNS;01/06/2026;46.48;46.68;46.09;46.58;35900;0.0;0.0;0.012693631669535205;217300.0;23.319.104.433.467.100;0.16520938794293602;-0.7779029444186458;0.008665049331227305
QNS;02/06/2026;46.38;46.87;46.28;46.38;114200;-0.004293688278230956;0.004293688278230956;0.012721000431220273;207030.0;23.657.687.100.546.500;0.551610877650582;-0.3923883159222916;0.00766222352406463
QNS;03/06/2026;46.58;46.58;46.19;46.48;69600;0.0021561017680034045;0.0021561017680034045;0.008372692142550464;197360.0;23.620.203.305.867.700;0.35265504661532227;-0.5408928887934749;0.007773584358349005
QNS;04/06/2026;46.48;46.48;46.19;46.38;53700;-0.002151462994836373;0.002151462994836373;0.0062392426850258;191575.0;23.792.352.348.247.400;0.2803079733785724;-0.5794929310979022;0.0074489511661372425
QNS;05/06/2026;46.38;46.58;46.28;46.48;167000;0.0021561017680034045;0.0021561017680034045;0.006468305304010288;183135.0;2.397.556.810.698.400;0.9118955961449204;-0.0672976754002333;0.007362193692678367
QNS;08/06/2026;46.48;46.97;46.19;46.97;153500;0.010542168674698926;0.010542168674698926;0.01678141135972464;172045.0;2.348.208.084.453.910;0.8922084338399837;-0.07897511350367695;0.007131251806804917
QNS;09/06/2026;46.97;47.17;46.77;47.17;45400;0.004258037044922336;0.004258037044922336;0.008516074089844552;160100.0;22.902.647.054.549.400;0.2835727670206121;-0.500815472232567;0.00694296722888715
QNS;10/06/2026;47.07;48.34;47.07;47.85;260600;0.01441594233623067;0.01441594233623067;0.026981091990652288;108275.0;7.480.979.301.922.280;2.406.834.449.318.860;2.036.163.901.173.460;0.006154485432083939
QNS;11/06/2026;47.85;47.95;47.07;47.36;25600;-0.010240334378265437;0.010240334378265437;0.0183908045977012;107495.0;7.302.686.221.701.690;0.23815061165635612;-1.121.436.653.770.350;0.006853680918231558
QNS;12/06/2026;47.36;47.46;47.17;47.17;36500;-0.004011824324324231;0.004011824324324231;0.0061233108108107925;94700.0;626.100.462.764.312;0.38542766631467795;-0.9295632803566333;0.007219954835074578
QNS;15/06/2026;47.17;47.46;47.07;47.46;31300;0.006147975408098416;0.006147975408098416;0.0082679669281323;89495.0;6.291.971.889.889.370;0.3497402089502207;-0.9249087729319657;0.007144349565487218
QNS;16/06/2026;47.26;47.46;47.26;47.26;25700;-0.004214075010535279;0.004214075010535279;0.0042319085907745;84190.0;6.314.054.415.183.230;0.30526190758997507;-0.9263461502541175;0.007277464683894809
QNS;17/06/2026;47.26;47.26;47.17;47.26;30700;0.0;0.0;0.0019043588658484195;79300.0;637.203.594.663.929;0.3871374527112232;-0.7627075617116126;0.007320597989230849
QNS;18/06/2026;47.26;47.95;47.07;47.95;122200;0.014600084638171973;0.014600084638171973;0.01862039779940759;74705.0;6.374.711.118.325.700;16.357.673.515.828.900;0.7450533697670426;0.00727146729223667
QNS;19/06/2026;47.36;47.65;47.36;47.56;50000;-0.008133472367048977;0.008133472367048977;0.0061233108108107925;76375.0;64.568.004.745.710.600;0.6546644844517185;-0.40848404877730277;0.007947434601180038
QNS;22/06/2026;47.46;47.75;47.36;47.46;111900;-0.002102607232968956;0.002102607232968956;0.008217446270543627;76765.0;6.437.398.358.931.890;14.576.955.643.848.100;0.5457950252721296;0.008159603657346286
QNS;23/06/2026;47.36;47.56;47.17;47.56;39400;0.0021070375052676393;0.0021070375052676393;0.008234797297297309;75420.0;63.281.381.647.036.600;0.5224078493768232;-0.5692037541295806;0.008043961371774138
QNS;24/06/2026;47.56;47.56;47.36;47.46;101200;-0.002102607232968956;0.002102607232968956;0.004205214465937823;74485.0;636.876.033.132.782;13.586.628.180.170.500;0.41946938823540564;0.008010360771843743
QNS;25/06/2026;47.46;48.05;47.46;48.05;248600;0.012431521281078828;0.012431521281078828;0.012431521281078725;79020.0;62.101.102.626.027.700;3.146.038.977.474.050;27.307.083.582.913.000;0.008005747481595195
QNS;26/06/2026;47.85;48.24;47.65;48.14;186200;0.0018730489073881529;0.0018730489073881529;0.01233019853709516;90650.0;7.084.271.310.445.420;2.054.054.054.054.050;13.487.625.729.285.100;0.008361655208499182
QNS;29/06/2026;47.85;48.34;47.85;47.95;41400;-0.00394682176983796;0.00394682176983796;0.010240334378265454;95460.0;7.399.209.346.096.950;0.4336895034569453;-0.7306186035743989;0.0070364034244007985
QNS;30/06/2026;48.05;48.14;47.85;47.85;114600;-0.002085505735140769;0.002085505735140769;0.006035379812695092;95735.0;737.689.656.256.186;1.197.054.368.830.620;0.255730846162882;0.007140339015113786
QNS;01/07/2026;48.14;48.14;47.56;48.05;53700;0.004179728317659226;0.004179728317659226;0.012048192771084302;95755.0;737.742.893.097.447;0.5608062242180565;-0.5700495442718557;0.007063106430391546
QNS;02/07/2026;47.85;48.34;47.75;48.05;84600;0.0;0.0;0.01233019853709516;94960.0;7.415.565.705.786.860;0.8909014321819714;-0.13970613181831015;0.0070861756483393944
QNS;03/07/2026;47.65;48.14;47.56;47.85;83500;-0.004162330905306932;0.004162330905306932;0.012172088142707205;96505.0;7.357.036.356.262.520;0.8652401429977722;-0.1767695491803539;0.00704103843924872
QNS;06/07/2026;48.05;48.54;47.75;48.05;508500;0.004179728317659226;0.004179728317659226;0.016441207075962524;92330.0;717.049.297.284.952;550.741.904.039.857;5.803.924.522.006.970;0.0071645887774681285
QNS;07/07/2026;47.75;48.34;47.56;47.95;76500;-0.002081165452653355;0.002081165452653355;0.016335078534031437;110080.0;1.171.694.211.949.420;0.6949491279069767;-0.2865935468276373;0.0068763855916030275
QNS;08/07/2026;48.05;48.05;47.75;48.05;21200;0.002085505735140547;0.002085505735140547;0.0062434963579603995;111635.0;11.647.013.294.583.700;0.18990459981188695;-0.776465156453932;0.006872151421604892
QNS;09/07/2026;47.85;48.44;47.85;47.85;491200;-0.004162330905306932;0.004162330905306932;0.012330198537095011;99665.0;11.259.214.834.268.400;49.285.105.102.092;34.774.627.339.761.500;0.006100098837505974
QNS;10/07/2026;47.95;47.95;47.46;47.46;220500;-0.008150470219435713;0.008150470219435713;0.010218978102189823;122945.0;14.101.842.162.229.000;17.934.848.916.182.000;0.6917890505206136;0.0056887549997423174
QNS;13/07/2026;47.46;47.95;47.36;47.46;87000;0.0;0.0;0.012431521281078875;132145.0;14.108.398.944.936.000;0.6583677021453707;-0.3199866985346614;0.005932708145714771
QNS;14/07/2026;47.65;47.65;47.46;47.56;77700;0.0021070375052676393;0.0021070375052676393;0.003987408184679911;134930.0;13.952.973.310.750.800;0.5758541465945305;-0.41016347358669275;0.005772118088283084
QNS;15/07/2026;47.56;47.65;47.46;47.65;107500;0.0018923465096718495;0.0018923465096718495;0.003994953742640826;137530.0;1.378.617.274.472.390;0.7816476405147967;-0.21782695281758113;0.005700940220655675
QNS;16/07/2026;47.56;47.65;47.46;47.56;62800;-0.0018887722980062138;0.0018887722980062138;0.003994953742640826;141370.0;1.357.833.998.845.600;0.44422437575157386;-0.5786421614630213;0.005710838089527311
QNS;17/07/2026;47.46;47.56;47.46;47.46;26400;-0.002102607232968956;0.002102607232968956;0.0021070375052676237;138400.0;1.368.700.574.690.420;0.1907514450867052;-0.818294388641814;0.004648336017921407
QNS;20/07/2026;47.46;47.46;46.97;47.36;107600;-0.0021070375052676393;0.0021070375052676393;0.010324483775811251;137220.0;13.777.105.952.305.500;0.7841422533158432;-0.21499435442059017;0.004302894935932123
QNS;21/07/2026;47.26;47.46;47.17;47.17;51300;-0.004011824324324231;0.004011824324324231;0.006136267456622919;137005.0;13.781.600.042.696.100;0.37443888909163897;-0.6218798959081766;0.004303003760764741
QNS;22/07/2026;47.17;47.17;46.87;46.87;110000;-0.006359974560101844;0.006359974560101844;0.0063599745601018495;137600.0;13.739.747.948.350.800;0.7994186046511628;-0.20087704740837561;0.004355280451618662
QNS;23/07/2026;46.87;46.87;46.48;46.77;142400;-0.0021335609131639677;0.0021335609131639677;0.008320887561339889;138040.0;13.728.882.501.385.200;10.315.850.478.122.200;0.03175786521270083;0.004542748295931522
QNS;24/07/2026;46.58;47.17;46.28;46.58;136300;-0.0040624331836648375;0.0040624331836648375;0.019106912838127967;132730.0;1.348.191.345.938.380;10.268.967.076.018.900;0.026479920752756046;0.0033526694265593525
QNS;27/07/2026;46.58;46.77;46.48;46.58;121800;0.0;0.0;0.006225848003435085;130235.0;13.423.800.260.025.200;0.9352324643912927;-0.06283615545978156;0.003315429599667873
QNS;28/07/2026;46.48;46.58;46.38;46.38;78600;-0.004293688278230956;0.004293688278230956;0.004302925989672886;134255.0;1.326.319.143.740.530;0.5854530557521135;-0.4196199705226267;0.0032882793298084976
QNS;29/07/2026;46.38;46.48;46.28;46.38;215400;0.0;0.0;0.004312203536006807;132455.0;13.315.594.923.167.900;1.626.212.676.003.170;0.6229162157500252;0.0033475193870862014
QNS;30/07/2026;46.38;46.48;46.28;46.38;21100;0.0;0.0;0.004312203536006807;140540.0;1.330.314.185.288.170;0.15013519282766472;-0.8978330181011069;0.003091422860640445
QNS;31/07/2026;46.48;46.48;45.99;46.19;185500;-0.004096593359206646;0.004096593359206646;0.010542168674698685;137365.0;13.517.723.755.363.300;13.504.167.728.315.000;0.3560880579535558;0.003091422860640445
QNS;03/08/2026;46.19;46.19;45.7;45.89;167900;-0.006494912318683599;0.006494912318683599;0.010608356787183262;142465.0;13.496.201.522.143.700;1.178.535.078.791.280;0.18846043428047324;0.003088770906109807
QNS;04/08/2026;45.89;46.19;45.8;46.19;26800;0.0065373719764654226;0.0065373719764654226;0.008498583569405112;125435.0;10.436.400.506.224.100;0.21365647546538047;-0.9451055461236382;0.0029265243275571093
QNS;05/08/2026;46.19;46.28;45.89;45.89;49600;-0.006494912318683599;0.006494912318683599;0.008443386014288819;122950.0;10.616.664.904.018.100;0.40341602277348515;-0.6908949341731491;0.0035313885634289124
QNS;06/08/2026;45.89;46.28;45.7;46.28;38500;0.008498583569405138;0.008498583569405138;0.012638919154499854;124370.0;10.491.666.417.234.500;0.30956018332395274;-0.8184591139777619;0.003547731872640791
QNS;07/08/2026;46.28;46.28;45.89;45.99;178200;-0.0062662057044079456;0.0062662057044079456;0.008426966292134843;101735.0;61.432.532.740.783.000;17.516.095.738.929.500;12.446.988.035.256.000;0.004255293382308824
QNS;10/08/2026;45.99;46.19;45.89;45.99;218200;0.0;0.0;0.006523157208088653;99620.0;5.774.602.834.371.980;21.903.232.282.674.100;20.534.745.574.912.900;0.004122780448412798
QNS;11/08/2026;46.87;46.87;45.7;45.7;154200;-0.006305718634485702;0.006305718634485702;0.024962662684019515;106180.0;6.341.125.252.956.630;14.522.508.947.071.000;0.7572788438078877;0.004122780448412798
QNS;12/08/2026;45.8;46.19;45.7;45.89;105000;0.0041575492341356934;0.0041575492341356934;0.010698689956331766;110005.0;6.390.821.934.618.430;0.9545020680878142;-0.07831543502860594;0.0041575554570384195
QNS;13/08/2026;46.09;46.19;45.5;45.89;124400;0.0;0.0;0.014970709481449287;109880.0;639.158.212.849.239;11.321.441.572.624.600;0.22717379997782952;0.004297234968041632
QNS;14/08/2026;45.89;45.89;45.6;45.6;74000;-0.006319459577249886;0.006319459577249886;0.006319459577249927;112960.0;63.005.424.996.165.000;0.6550991501416431;-0.6183594508309619;0.004317535759403472
QNS;17/08/2026;45.7;45.8;45.4;45.6;111200;0.0;0.0;0.008752735229759268;115340.0;60.409.108.758.966.500;0.9641061210334663;-0.0685327111267057;0.004435631531057763
QNS;18/08/2026;46.1;46.1;45.3;45.4;240800;-0.004385964912280715;0.004385964912280715;0.01735357917570508;115520.0;6.039.019.265.096.830;20.844.875.346.260.300;2.074.509.030.366.390;0.004457614387406906
QNS;19/08/2026;45.8;45.8;45.4;45.6;174600;0.004405286343612369;0.004405286343612369;0.008733624454148442;124995.0;645.094.401.496.484;13.968.558.742.349.600;0.7689572237013185;0.00446779509900336
QNS;20/08/2026;45.5;46.1;45.5;46.0;306700;0.00877192982456143;0.00877192982456143;0.013186813186813218;128225.0;6.533.115.541.930.250;23.918.892.571.651.300;27.318.512.714.879.700;0.004550042405069351
QNS;21/08/2026;46.1;47.0;46.0;46.5;205000;0.010869565217391353;0.010869565217391353;0.021691973969631236;136440.0;7.657.047.252.797.850;15.024.919.378.481.300;0.8953843137764165;0.005075874610958158
QNS;24/08/2026;46.7;46.7;46.4;46.6;195400;0.0021505376344086446;0.0021505376344086446;0.006423982869379106;139875.0;7.808.975.183.790.300;13.969.615.728.328.800;0.7110408048838157;0.005640240701023579
QNS;25/08/2026;46.7;47.4;46.4;46.8;379700;0.0042918454935620964;0.0042918454935620964;0.021413276231263382;143555.0;7.892.289.691.778.140;26.449.792.762.355.800;29.920.974.675.575.500;0.005662119405909716
QNS;26/08/2026;47.0;47.0;46.6;46.7;165600;-0.002136752136752018;0.002136752136752018;0.00851063829787231;158610.0;9.329.068.831.515.720;10.440.703.612.634.700;0.07492709214864174;0.0056419542163115444
QNS;27/08/2026;47.0;47.1;46.8;46.8;183600;0.0021413276231261325;0.0021413276231261325;0.006382978723404346;156120.0;9.235.505.058.425.910;11.760.184.473.481.900;0.29754734393143883;0.005671396109961117
QNS;28/08/2026;47.2;47.5;47.2;47.3;157900;0.010683760683760646;0.010683760683760646;0.00635593220338977;164245.0;8.683.441.274.542.090;0.9613686870224359;-0.0730701089509538;0.0056844572438487844
QNS;03/09/2026;47.3;48.5;46.8;48.5;418500;0.025369978858351017;0.025369978858351017;0.03594080338266391;162865.0;8.669.804.996.896.450;2.569.612.869.554.530;2.948.566.895.005.250;0.006011415983437396
QNS;04/09/2026;48.0;49.2;48.0;48.9;421000;0.008247422680412342;0.008247422680412342;0.02500000000000006;175395.0;10.387.197.826.373.100;2.400.296.473.673.700;23.644.971.830.266.600;0.007815241851650386
SAB;05/05/2025;40.27;40.44;40.27;40.44;1250000;;;0.004221504842314244;;;;;
SAB;06/05/2025;40.91;40.91;40.31;40.39;789500;-0.0012363996043520675;0.0012363996043520675;0.014666340747983241;;;;;
SAB;07/05/2025;40.56;40.86;40.52;40.56;767300;0.004208962614508538;0.004208962614508538;0.008382642998027523;;;;;
SAB;08/05/2025;40.61;41.16;40.61;40.98;858200;0.010355029585798592;0.010355029585798592;0.01354346220142815;;;;;
SAB;09/05/2025;41.95;41.95;41.23;41.36;939400;0.009272816007808826;0.009272816007808826;0.017163289630512658;;;;;
SAB;12/05/2025;41.53;41.79;41.36;41.75;1225700;0.009429400386847142;0.009429400386847142;0.01035396099205393;;;;;
SAB;13/05/2025;41.87;41.87;41.53;41.58;1005900;-0.004071856287425235;0.004071856287425235;0.008120372581800725;;;;;
SAB;14/05/2025;41.45;41.92;41.45;41.79;1128000;0.005050505050504972;0.005050505050504972;0.011338962605548826;;;;;
SAB;15/05/2025;41.79;42.72;41.79;42.47;1279400;0.016271835367312804;0.016271835367312804;0.022254127781765966;;;;;
SAB;16/05/2025;42.47;42.8;42.37;42.64;699300;0.0040028255238993005;0.0040028255238993005;0.010124793972215676;;;;;
SAB;19/05/2025;42.37;42.37;41.87;41.95;753400;-0.01618198874296428;0.01618198874296428;0.011800802454566911;;;;;
SAB;20/05/2025;41.79;42.12;41.75;42.05;583600;0.0023837902264598476;0.0023837902264598476;0.008853792773390703;;;;;
SAB;21/05/2025;42.05;42.17;41.79;41.87;576400;-0.004280618311533924;0.004280618311533924;0.009036860879904936;;;;;
SAB;22/05/2025;41.87;41.95;41.7;41.92;793900;0.001194172438500285;0.001194172438500285;0.0059708621925005975;;;;;
SAB;23/05/2025;41.92;41.95;41.63;41.75;396500;-0.004055343511450427;0.004055343511450427;0.007633587786259549;;;;;
SAB;26/05/2025;42.12;42.12;41.11;41.75;715800;0.0;0.0;0.0239791073124406;;;;;
SAB;27/05/2025;42.0;42.0;41.7;41.75;590800;0.0;0.0;0.007142857142857075;;;;;
SAB;28/05/2025;41.87;41.95;41.58;41.75;597900;0.0;0.0;0.008836876044900993;;;;;
SAB;29/05/2025;41.79;42.05;41.58;41.58;773000;-0.004071856287425235;0.004071856287425235;0.011246709739172025;;;;;
SAB;30/05/2025;41.58;41.63;41.11;41.16;1703200;-0.010101010101010166;0.010101010101010166;0.012506012506012581;;;;;
SAB;02/06/2025;41.16;41.65;40.98;41.49;569400;0.008017492711370311;0.008017492711370311;0.016277939747327545;871360.0;31.337.409.693.779.500;0.6534612559676827;-0.9635767695883897;
SAB;03/06/2025;41.53;41.83;41.53;41.79;604500;0.007230657989877098;0.007230657989877098;0.007223693715386399;837330.0;30.698.139.340.151.600;0.7219375873311598;-0.7584498767828238;0.007527450446142879
SAB;04/06/2025;41.87;42.8;41.83;42.29;1483800;0.0119645848289065;0.0119645848289065;0.02316694530690229;828080.0;3.112.559.271.893.890;1.791.855.859.337.260;21.066.908.056.051.700;0.0076143339453623796
SAB;05/06/2025;42.22;42.37;41.79;41.79;994000;-0.011823126034523512;0.011823126034523512;0.013737565135007066;863905.0;34.346.000.222.963.200;11.505.894.745.371.300;0.3787777300281401;0.007937701583673072
SAB;06/06/2025;41.79;42.0;41.4;41.4;754000;-0.00933237616654703;0.00933237616654703;0.014357501794687758;870695.0;34.468.145.244.253.300;0.8659748821343869;-0.3385589772036129;0.008269028108302351
SAB;09/06/2025;41.4;41.7;41.23;41.23;923500;-0.004106280193236778;0.004106280193236778;0.011352657004831063;861425.0;34.522.909.689.379.400;10.720.608.294.395.900;0.17980813482560112;0.008336990207745342
SAB;10/06/2025;41.58;41.58;41.2;41.23;844500;0.0;0.0;0.00913900913900903;846315.0;33.490.534.762.589.400;0.9978554084472093;-0.005419441680660902;0.008083746843270692
SAB;11/06/2025;41.28;41.45;41.23;41.36;347400;0.0031530439000728716;0.0031530439000728716;0.00532945736434123;838245.0;3.327.954.697.866.630;0.41443730651539823;-14.749.149.088.917.900;0.008042755126611402
SAB;12/06/2025;41.45;41.87;41.45;41.75;631300;0.009429400386847142;0.009429400386847142;0.010132689987937142;799215.0;342.652.786.167.603;0.7899000894627853;-0.49004416942889567;0.00798617017453071
SAB;13/06/2025;41.7;41.7;41.28;41.45;961900;-0.007185628742514938;0.007185628742514938;0.010071942446043206;766810.0;32.504.443.728.592.900;12.544.176.523.519.500;0.6001948583675861;0.007351830513611641
SAB;16/06/2025;41.36;41.95;41.36;41.83;976600;0.009167671893847817;0.009167671893847817;0.014264990328820198;779940.0;32.746.863.313.027.400;12.521.476.010.975.200;0.6005460679397772;0.007390405268983213
SAB;17/06/2025;41.87;42.89;41.83;42.17;1505900;0.008128137700215143;0.008128137700215143;0.025316455696202587;791100.0;33.030.753.453.171.600;19.035.520.161.800.000;21.640.438.841.741.400;0.006875534214983187
SAB;18/06/2025;42.17;42.29;41.79;41.79;1297100;-0.009011145364002937;0.009011145364002937;0.011856770215793217;837215.0;3.626.154.411.828.190;1.549.303.345.018.900;12.682.443.927.371;0.007101920564390787
SAB;19/06/2025;41.95;42.07;41.53;41.75;1024900;-0.0009571667863125244;0.0009571667863125244;0.012872467222884366;873250.0;37.104.465.116.464.700;117.366.160.893.215;0.40871091800945236;0.00733284301683979
SAB;20/06/2025;41.79;41.87;41.63;41.79;716600;0.0009580838323353102;0.0009580838323353102;0.005743000717874968;884800.0;3.720.386.072.212.900;0.8099005424954792;-0.4521036170312121;0.007329099615192207
SAB;23/06/2025;41.53;41.75;41.45;41.58;1049600;-0.005025125628140725;0.005025125628140725;0.007223693715386399;900805.0;35.648.672.592.841.000;1.165.180.033.414.550;0.41739282048297305;0.007275029230231909
SAB;24/06/2025;41.79;41.92;41.65;41.92;710200;0.008177008177008283;0.008177008177008283;0.006460875807609551;917495.0;3.551.808.219.618.190;0.7740641638374051;-0.5836322998945124;0.00736391686484336
SAB;25/06/2025;41.65;42.64;41.65;42.47;1762000;0.013120229007633544;0.013120229007633544;0.023769507803121297;923465.0;3.503.715.085.073.040;19.080.311.652.309.500;23.932.739.382.047.000;0.007597621721274821
SAB;26/06/2025;42.8;42.89;42.47;42.64;1283600;0.0040028255238993005;0.0040028255238993005;0.009813084112149574;981670.0;3.881.016.973.341.960;13.075.677.162.386.500;0.7779661930723444;0.008124799979246002
SAB;27/06/2025;42.72;42.96;42.47;42.72;3001500;0.0018761726078799779;0.0018761726078799779;0.011470037453183568;1007200.0;390.439.601.097.613;29.800.436.854.646.500;51.078.322.854.382;0.008065844776626844
SAB;30/06/2025;42.72;42.85;42.08;42.18;1923100;-0.012640449438202195;0.012640449438202195;0.018024344569288465;1072115.0;5.760.553.658.286.670;17.937.441.412.535.000;14.772.625.175.981.800;0.007607151460290039
SAB;01/07/2025;42.18;42.18;41.73;41.78;904400;-0.009483167377904222;0.009483167377904222;0.010668563300142314;1139800.0;5.931.532.073.321.530;0.7934725390419372;-0.3968620536653033;0.008116664065642367
SAB;02/07/2025;41.73;41.73;41.37;41.64;1099500;-0.00335088559119201;0.00335088559119201;0.008626887131560016;1154795.0;5.826.054.857.954.450;0.9521170424187843;-0.0949098512598184;0.008284512781220433
SAB;03/07/2025;41.64;41.82;41.5;41.5;1535400;-0.00336215177713739;0.00336215177713739;0.007684918347742562;1135580.0;5.774.983.623.581.240;13.520.843.974.004.400;0.6923309676020506;0.007817022276775115
SAB;04/07/2025;41.82;41.82;41.55;41.64;848400;0.0033734939759035854;0.0033734939759035854;0.00645624103299864;1162650.0;5.831.736.335.278.750;0.7297122951877177;-0.5388618105022382;0.007403976391320394
SAB;07/07/2025;41.73;41.86;41.55;41.64;1320400;0.0;0.0;0.007428708363287857;1167370.0;5.800.658.275.711.380;11.310.895.431.611.200;0.26381488570145545;0.007130212199192669
SAB;08/07/2025;41.68;42.05;41.68;42.05;1639400;0.009846301633045007;0.009846301633045007;0.008877159309021053;1187215.0;5.780.693.841.755.090;13.808.787.793.280.900;0.7822330889309143;0.00705497875400485
SAB;09/07/2025;42.18;42.85;42.08;42.76;2602200;0.016884661117716915;0.016884661117716915;0.0182550972024657;1226960.0;580.587.019.090.887;212.085.153.550.238;23.687.060.764.007.800;0.007354100168416865
SAB;10/07/2025;42.8;43.38;42.8;43.16;2150900;0.009354536950420878;0.009354536950420878;0.013551401869159006;1339700.0;6.184.870.147.128.560;16.055.086.959.767.100;13.115.877.628.839.300;0.008161316002705954
SAB;11/07/2025;43.16;43.3;42.63;43.21;2444000;0.0011584800741428758;0.0011584800741428758;0.015523632993512388;1415680.0;6.202.186.894.449.740;1.726.378.842.676.310;16.579.958.287.297.400;0.008157599418166258
SAB;14/07/2025;43.21;43.38;42.76;43.08;1272000;-0.003008562832677697;0.003008562832677697;0.014348530432770297;1489785.0;6.509.284.035.938.690;0.8538144765855475;-0.33457596687681423;0.007888517338338804
SAB;15/07/2025;43.08;43.88;43.03;43.12;2151700;0.0009285051067779992;0.0009285051067779992;0.01973073351903439;1504555.0;6.419.606.624.077.110;14.301.238.572.202.400;100.807.578.703.163;0.007784406307643133
SAB;16/07/2025;43.12;43.21;42.76;43.08;1366400;-0.0009276437847866026;0.0009276437847866026;0.010435992578849787;1536845.0;6.580.712.771.145.370;0.8890942157471964;-0.25900689777459185;0.0076267363107336015
SAB;17/07/2025;43.12;43.7;42.94;43.43;2042400;0.008124419684308215;0.008124419684308215;0.017625231910946317;1540310.0;6.569.239.328.711.860;13.259.668.508.287.200;0.7643046247463368;0.007266011773463266
SAB;18/07/2025;43.57;43.57;43.08;43.25;1338400;-0.00414460050656229;0.00414460050656229;0.011246270369520358;1591185.0;6.543.021.033.091.180;0.8411341233106144;-0.38634294268892805;0.007384139986291238
SAB;21/07/2025;43.12;43.38;42.8;42.8;1645300;-0.010404624277456698;0.010404624277456698;0.013450834879406433;1622275.0;6.246.591.987.678.260;1.014.193.031.391.100;0.036860099147532015;0.00750914191911736
SAB;22/07/2025;42.85;42.98;42.63;42.9;797900;0.00233644859813098;0.00233644859813098;0.008168028004667312;1652060.0;6.099.445.077.433.810;0.4829727733859545;-14.003.896.898.098.900;0.00785289430614209
SAB;23/07/2025;42.94;43.88;42.63;43.61;2660200;0.01655011655011651;0.01655011655011651;0.029110386585933862;1656445.0;6.030.937.009.113.480;16.059.694.103.939.400;16.643.433.656.879.500;0.007697658364119054
SAB;24/07/2025;43.93;44.87;43.7;43.97;2245700;0.00825498738821362;0.00825498738821362;0.026633280218529357;1701355.0;6.434.594.948.810.930;13.199.479.238.606.800;0.8459662252720215;0.008009465919271203
SAB;25/07/2025;43.97;44.06;43.83;44.06;1335000;0.002046850125085431;0.002046850125085431;0.005230839208551376;1749460.0;6.465.402.958.093.660;0.7630926114343854;-0.6410427976204661;0.008138822633893336
SAB;28/07/2025;44.28;44.42;43.88;44.25;2668300;0.004312301407171981;0.004312301407171981;0.012195121951219492;1666135.0;5.807.247.987.372.510;1.601.490.875.589.310;17.257.141.458.039.000;0.00813925190840823
SAB;29/07/2025;44.25;44.42;42.5;42.5;2638000;-0.039548022598870025;0.039548022598870025;0.043389830508474614;1703395.0;6.206.160.805.581.560;1.548.671.916.965.820;15.059.310.083.610.000;0.007432796442198651
SAB;30/07/2025;42.53;42.9;42.5;42.72;2020500;0.005176470588235338;0.005176470588235338;0.009405125793557454;1790075.0;6.242.025.277.567.320;11.287.236.568.300.200;0.3691510203076306;0.01175268508393029
SAB;31/07/2025;42.8;43.43;42.63;42.76;1914100;0.000936329588014928;0.000936329588014928;0.018691588785046665;1836125.0;6.042.279.509.510.680;104.246.715.229.083;0.12904897874596108;0.011744218797350284
SAB;01/08/2025;42.8;43.12;42.8;43.03;1031600;0.006314312441534131;0.006314312441534131;0.007476635514018699;1855060.0;6.002.285.007.000.510;0.5561006113009822;-13.719.108.623.459.000;0.011692711127003694
SAB;04/08/2025;43.08;43.16;42.76;43.16;804800;0.0030211480362536403;0.0030211480362536403;0.00928505106778084;1864220.0;5.852.689.310.771.670;0.431708703908337;-18.101.422.162.460.800;0.011735097708085245
SAB;05/08/2025;43.16;43.25;42.53;42.63;2101200;-0.012279888785912796;0.012279888785912796;0.01668211306765521;1838440.0;6.207.632.436.215.750;11.429.255.238.136.600;0.4232853711940808;0.011731377463968934
SAB;06/08/2025;42.72;43.21;42.5;42.9;980700;0.006333567909922566;0.006333567909922566;0.016619850187265937;1861530.0;6.215.581.448.856.440;0.5268247087073537;-14.171.321.013.934.300;0.011979332252556998
SAB;07/08/2025;43.08;43.08;42.67;42.8;860100;-0.002331002331002363;0.002331002331002363;0.009517177344475316;1780455.0;6.256.012.833.771.660;0.48307876357447954;-14.711.526.725.643.400;0.011452320524718621
SAB;08/08/2025;42.8;43.21;42.72;42.94;930800;0.0032710280373831058;0.0032710280373831058;0.011448598130841169;1715915.0;6.514.226.514.451.190;0.5424511120888855;-12.052.313.475.104.000;0.011258576677899592
SAB;11/08/2025;43.08;43.57;43.08;43.25;1467500;0.007219375873311673;0.007219375873311673;0.011374187558031617;1640255.0;6.502.828.141.622.200;0.8946779616584006;-0.26566133417283316;0.01128343077430078
SAB;12/08/2025;43.43;43.57;43.25;43.35;1258100;0.0023121387283238093;0.0023121387283238093;0.007368178678332956;1650030.0;6.459.105.593.126.480;0.7624709853760234;-0.6067867978765908;0.011383252897131147
SAB;13/08/2025;43.48;43.48;42.94;43.03;1126700;-0.007381776239907767;0.007381776239907767;0.012419503219871186;1605350.0;6.402.638.785.770.490;0.7018407200921918;-0.7475823890983402;0.011391734096448199
SAB;14/08/2025;43.16;43.16;42.85;42.98;1143800;-0.001161980013943853;0.001161980013943853;0.007182576459684782;1593365.0;6.471.782.787.609.600;0.7178518418566995;-0.6946540308193031;0.01151989258028991
SAB;15/08/2025;43.03;43.03;42.53;42.63;1553000;-0.008143322475569925;0.008143322475569925;0.011619800139437602;1548435.0;6.455.539.002.935.460;10.029.481.379.586.400;0.0070714467032484815;0.011361508805736305
SAB;18/08/2025;42.67;42.85;42.31;42.31;962200;-0.007506450856204605;0.007506450856204605;0.012655261307710315;1559165.0;6.436.597.828.658.760;0.6171251920098257;-0.9274542481775553;0.011464509783587875
SAB;19/08/2025;42.4;42.5;42.22;42.31;1046500;0.0;0.0;0.0066037735849056875;1525010.0;6.568.376.030.167.890;0.686225008360601;-0.7285057947386859;0.011352604470144167
SAB;20/08/2025;42.31;42.31;41.78;41.95;1212700;-0.008508626802174457;0.008508626802174457;0.012526589458756822;1537440.0;6.445.916.646.259.570;0.7887787490893954;-0.5037918077771599;0.011333741142542297
SAB;21/08/2025;41.78;42.08;41.55;41.82;1406200;-0.0030989272943982016;0.0030989272943982016;0.012685495452369583;1465065.0;5.909.213.637.906.570;0.9598208953186378;-0.09961562334181202;0.010702016136026737
SAB;22/08/2025;41.73;41.82;41.01;41.1;1847600;-0.017216642754662836;0.017216642754662836;0.019410496046010122;1423090.0;5.616.427.586.249.010;12.983.015.831.746.400;0.7558363274180715;0.010433703115967464
SAB;25/08/2025;41.1;41.28;40.83;40.92;990900;-0.004379562043795637;0.004379562043795637;0.01094890510948912;1448720.0;5.690.583.233.451.740;0.6839831023248109;-0.8045221047092912;0.010876404414762723
SAB;26/08/2025;40.92;41.19;40.78;41.19;696900;0.006598240469208205;0.006598240469208205;0.010019550342130904;1364850.0;4.991.709.110.325.360;0.5106055610506649;-1.338.118.839.133.360;0.010724017479718838
SAB;27/08/2025;41.37;41.55;41.15;41.28;1209900;0.002184996358339575;0.002184996358339575;0.009668842156151767;1267795.0;4.212.208.565.274.090;0.9543340997558754;-0.1374457107306906;0.00693313747401389
SAB;28/08/2025;41.28;41.86;41.28;41.78;545500;0.012112403100775104;0.012112403100775104;0.014050387596899184;1227265.0;38.217.153.667.871.200;0.44448428008620794;-17.839.240.617.575.100;0.006811789453674201
SAB;29/08/2025;42.0;42.08;41.78;41.78;788100;0.0;0.0;0.007142857142857075;1158835.0;3.751.809.728.580.810;0.6800795626642274;-0.9881497912215189;0.007465681395890095
SAB;03/09/2025;41.82;41.82;41.5;41.6;558900;-0.004308281474389664;0.004308281474389664;0.007651841224294602;1146660.0;3.833.883.264.290.980;0.4874156245094448;-15.330.670.223.437.100;0.0072650254163545945
SAB;04/09/2025;41.73;42.36;41.6;42.27;1013000;0.01610576923076934;0.01610576923076934;0.018212317277737793;1134365.0;3.985.708.538.674.540;0.8930106270909275;-0.3045004390621103;0.007212403969977067
SAB;05/09/2025;42.4;42.63;42.27;42.45;1242400;0.004258339247693366;0.004258339247693366;0.008490566037735837;1079955.0;3.275.962.188.506.800;11.504.183.044.663.800;0.49586958167561407;0.007812493513201936
SAB;08/09/2025;42.63;42.67;41.95;42.0;869100;-0.010600706713780994;0.010600706713780994;0.016889514426460212;1093040.0;3.286.478.556.945.580;0.7951218619629656;-0.6813980256366773;0.007731789644162553
SAB;09/09/2025;41.95;42.0;41.46;41.55;858200;-0.010714285714285787;0.010714285714285787;0.012872467222884366;1093490.0;32.831.811.258.691.000;0.7848265644861865;-0.7166525116329518;0.008049532270284862
SAB;10/09/2025;41.73;41.82;41.41;41.5;506700;-0.001203369434416346;0.001203369434416346;0.009825065899832345;1089860.0;33.060.492.306.965.800;0.4649221000862496;-17.639.180.765.530.400;0.008271404396900613
SAB;11/09/2025;41.64;41.73;41.01;41.64;705600;0.0033734939759035854;0.0033734939759035854;0.017291066282420723;1041820.0;3.424.370.454.627.580;0.6772763049279146;-0.9818447053403445;0.008008357947550808
SAB;12/09/2025;41.55;42.53;41.55;41.86;1050800;0.005283381364072914;0.005283381364072914;0.023586040914560867;1014195.0;3.463.344.527.065.980;1.036.092.664.625.630;0.10569263240758323;0.008042109312726886
SAB;15/09/2025;42.13;42.18;41.86;41.91;507500;0.0011944577161968617;0.0011944577161968617;0.007595537621647289;1010400.0;3.454.514.986.141.130;0.5022763262074426;-14.557.759.975.497.000;0.008092817937493309
SAB;16/09/2025;42.13;43.21;41.82;42.9;2744100;0.023622047244094446;0.023622047244094446;0.03299311654403039;978585.0;3.614.493.475.105.320;28.041.508.913.380.000;48.845.433.313.406.500;0.00811277117582313
SAB;17/09/2025;42.9;43.21;42.45;42.45;983000;-0.010489510489510412;0.010489510489510412;0.01771561771561767;1038140.0;5.230.689.623.447.570;0.9468857764848672;-0.10541631021811033;0.009651299836216452
SAB;18/09/2025;42.58;42.67;41.91;42.0;1010400;-0.010600706713780994;0.010600706713780994;0.017848755284171094;1039180.0;52.293.068.635.990.500;0.9723050867029773;-0.055035974653421346;0.009801151832384229
SAB;19/09/2025;42.13;42.13;41.28;41.28;1385500;-0.017142857142857126;0.017142857142857126;0.020175646807500627;1037375.0;52.296.639.207.203.500;13.355.826.003.132.900;0.6656737512724293;0.010095365033352536
SAB;22/09/2025;41.37;41.68;40.83;41.01;1354200;-0.006540697674418672;0.006540697674418672;0.020546289581822613;1046015.0;5.274.238.416.212.580;12.946.277.061.036.400;0.5843213288437324;0.010634229058327237
SAB;23/09/2025;41.1;41.37;40.96;41.1;447500;0.002194586686174116;0.002194586686174116;0.009975669099756607;1043415.0;525.680.102.118.349;0.42888016752682295;-1.133.607.678.127.100;0.01070185591552388
SAB;24/09/2025;41.19;41.37;40.83;41.37;503600;0.006569343065693234;0.006569343065693234;0.013109978150036396;973410.0;50.579.999.157.145.500;0.517356509589998;-0.9288454089142252;0.010003862988435728
SAB;25/09/2025;41.41;41.5;41.06;41.15;468600;-0.0053178631858834535;0.0053178631858834535;0.010625452789181302;949045.0;5.165.361.081.534.530;0.49375951614517755;-0.9301285862038301;0.01004833667373723
SAB;26/09/2025;41.33;41.33;40.96;40.96;480800;-0.0046172539489671705;0.0046172539489671705;0.008952334865714916;937630.0;524.857.159.615.833;0.5127822275311157;-0.8703891937653567;0.010026889392133483
SAB;29/09/2025;41.01;41.01;40.7;40.83;571100;-0.003173828125000111;0.003173828125000111;0.007559131919044018;901175.0;5.302.436.916.173.540;0.6337281881987405;-0.6224967976388405;0.01006413581325437
SAB;30/09/2025;40.83;40.92;40.52;40.56;553000;-0.00661278471711968;0.00661278471711968;0.009796718099436654;902455.0;5.293.700.879.098.510;0.6127729360466727;-0.6601336342591194;0.009640106386081454
SAB;01/10/2025;40.65;40.88;40.56;40.65;324100;0.002218934911242476;0.002218934911242476;0.007872078720787216;890700.0;53.462.723.068.459;0.3638711126080611;-10.598.038.548.737.300;0.009713323299896246
SAB;02/10/2025;40.75;41.06;40.75;40.75;696400;0.002460024600245969;0.002460024600245969;0.00760736196319024;878960.0;5.447.784.198.523.670;0.7922999908983344;-0.3351087219083917;0.00972139024086486
SAB;03/10/2025;40.78;41.1;40.75;40.88;425600;0.0031901840490797806;0.0031901840490797806;0.00858263854830803;863130.0;5.452.781.357.879.850;0.4930891059284233;-0.8023978430158802;0.008893119870880904
SAB;06/10/2025;41.33;41.46;41.01;41.41;894200;0.012964774951076175;0.012964774951076175;0.010887974836680447;822290.0;5.459.643.962.750.680;1.087.450.899.317.750;0.13171188540977719;0.008858010422929866
SAB;07/10/2025;41.68;41.68;41.19;41.28;690800;-0.003139338324076202;0.003139338324076202;0.011756238003838819;823545.0;5.461.064.909.405.200;0.8388126939025797;-0.24307530161632537;0.009193076699187147
SAB;08/10/2025;41.55;41.64;41.23;41.23;517900;-0.001211240310077577;0.001211240310077577;0.009867629362214289;815175.0;5.468.297.540.079.730;0.6353237034992486;-0.5436335492374565;0.008909006385623914
SAB;09/10/2025;41.28;41.33;40.88;40.92;557300;-0.007518796992481036;0.007518796992481036;0.01090116279069757;815735.0;5.465.028.600.830.440;0.6831875547818839;-0.4728886505017181;0.008909049106560464
SAB;10/10/2025;40.92;41.23;40.88;41.15;481500;0.0056207233626588415;0.0056207233626588415;0.008553274682306801;808320.0;5.490.758.471.238.160;0.5956799287410927;-0.5952183140306699;0.009005792209982913
SAB;13/10/2025;40.83;41.23;40.7;41.23;521600;0.001944106925880984;0.001944106925880984;0.012980651481753466;779855.0;5.505.982.903.552.320;0.6688422847837098;-0.46904431874167285;0.009018158723529792
SAB;14/10/2025;41.1;41.23;40.75;40.75;579100;-0.011642008246422475;0.011642008246422475;0.011678832116788244;780560.0;550.240.116.389.391;0.7419032489494721;-0.3661310653282718;0.009028508749463302
SAB;15/10/2025;40.78;41.01;40.61;40.61;544100;-0.003435582822085892;0.003435582822085892;0.009808729769494815;672310.0;2.994.077.555.863.620;0.8092992815814133;-0.42821202059015606;0.007287989615971927
SAB;16/10/2025;40.65;40.92;40.48;40.56;467500;-0.0012312238364934336;0.0012312238364934336;0.01082410824108253;650365.0;29.141.514.477.676.500;0.7188271201556049;-0.6275068515745166;0.007049941024471623
SAB;17/10/2025;40.56;40.83;40.3;40.61;825800;0.0012327416173569805;0.0012327416173569805;0.013067061143984248;623220.0;2.812.201.171.961.020;1.325.053.753.088.790;0.7203609827768316;0.006767229460674007
SAB;20/10/2025;40.43;40.61;39.48;39.48;961100;-0.02782565870475262;0.02782565870475262;0.02794954241899586;595235.0;2.232.434.339.813.590;16.146.563.962.132.600;16.388.611.905.627.100;0.005731362202974854
SAB;21/10/2025;39.62;39.93;39.48;39.89;806800;0.010385005065856268;0.010385005065856268;0.011357900050479628;575580.0;16.173.694.236.727.600;14.017.165.294.138.000;1.429.605.361.741.900;0.008267895034949124
SAB;22/10/2025;39.89;40.2;39.71;40.2;390300;0.007771371270995253;0.007771371270995253;0.012283780396089294;593545.0;16.664.195.931.776.300;0.6575744046365481;-1.219.650.806.028.020;0.008672572045422435
SAB;23/10/2025;40.2;40.96;39.98;40.78;730200;0.014427860696517358;0.014427860696517358;0.024378109452736416;587880.0;17.170.934.621.897.300;12.420.902.224.943.800;0.8288424779074359;0.008735062408482916
SAB;24/10/2025;40.83;40.83;40.38;40.52;354200;-0.006375674350171612;0.006375674350171612;0.011021307861866171;600960.0;17.210.820.158.444.300;0.5893903088391906;-14.337.492.212.939.500;0.009361957849572127
SAB;27/10/2025;40.83;41.06;40.56;40.78;691600;0.006416584402763936;0.006416584402763936;0.012245897624295862;594630.0;178.952.231.497.388;11.630.761.986.445.300;0.5418764504281433;0.009411677886252762
SAB;28/10/2025;40.78;40.96;40.7;40.78;405600;0.0;0.0;0.006375674350171604;600655.0;18.014.287.158.866.500;0.675262838068442;-10.827.794.532.185.700;0.009511924246513459
SAB;29/10/2025;41.1;41.28;40.78;41.06;762700;0.006866110838646522;0.006866110838646522;0.0121654501216545;593285.0;18.514.101.958.123.400;12.855.541.603.108.100;0.9150592363766575;0.009384702122570943
SAB;30/10/2025;41.19;41.19;40.75;41.01;623700;-0.001217730150998686;0.001217730150998686;0.010682204418548136;615215.0;17.739.179.437.202.300;1.013.791.926.399.710;0.047831975712503215;0.009491309758350396
SAB;31/10/2025;41.15;41.19;40.92;41.15;575000;0.003413801511826353;0.003413801511826353;0.00656136087484802;611580.0;17.638.263.609.491.000;0.9401877105202917;-0.20739002891597894;0.009487881048022291
SAB;03/11/2025;41.1;41.86;41.06;41.55;858900;0.009720534629404476;0.009720534629404476;0.019464720194647133;619050.0;17.117.848.026.332.900;13.874.485.098.134.200;14.011.691.167.664.900;0.009491521462776356
SAB;04/11/2025;41.68;41.68;40.83;41.5;851500;-0.001203369434416346;0.001203369434416346;0.020393474088291782;617285.0;16.835.075.625.484.700;13.794.276.549.729.800;13.912.322.416.030.500;0.009290582011858685
SAB;05/11/2025;41.55;41.6;41.23;41.46;566500;-0.0009638554216867545;0.0009638554216867545;0.008904933814681217;625320.0;17.571.785.878.144.700;0.9059361606857289;-0.33474116067598114;0.009263894850656863
SAB;06/11/2025;41.28;41.55;41.19;41.41;543600;-0.001205981669078704;0.001205981669078704;0.008720930232558126;627750.0;17.448.588.994.378.200;0.8659498207885304;-0.48227395365385906;0.009261926105951244
SAB;07/11/2025;41.19;41.64;41.19;41.37;560000;-0.0009659502535619424;0.0009659502535619424;0.010924981791697083;627065.0;17.480.362.297.522.000;0.8930493648983757;-0.38365909618192945;0.009086661813717863
SAB;10/11/2025;41.46;41.6;41.28;41.28;515600;-0.002175489485134019;0.002175489485134019;0.007718282682103238;630990.0;1.722.254.119.644.240;0.8171286391226485;-0.669994042597124;0.009015530308024516
SAB;11/11/2025;41.23;42.4;41.19;42.0;1271900;0.01744186046511631;0.01744186046511631;0.029347562454523426;630690.0;1.724.310.904.314.190;20.166.801.439.693.000;37.186.449.287.985.300;0.009023181012698634
SAB;12/11/2025;42.0;42.27;41.82;42.13;753600;0.003095238095238262;0.003095238095238262;0.010714285714285782;665330.0;22.353.703.119.570.400;11.326.710.053.657.500;0.3948786450631545;0.009368296691053385
SAB;13/11/2025;42.27;42.67;42.05;42.53;1122200;0.009494422027058969;0.009494422027058969;0.014667612964277372;675805.0;2.224.632.021.019.960;1.660.538.172.993.680;2.006.601.522.328.770;0.009298796203791157
SAB;14/11/2025;42.53;42.67;42.22;42.27;842800;-0.006113331765812302;0.006113331765812302;0.010580766517752242;708540.0;2.378.360.302.039.150;11.894.882.434.301.500;0.5645065631346448;0.009418419013726715
SAB;17/11/2025;42.27;42.72;42.27;42.4;1032700;0.003075467234445073;0.003075467234445073;0.010645848119233397;709390.0;23.830.707.280.181.200;14.557.577.637.124.800;13.566.949.406.863.700;0.009608344952538204
SAB;18/11/2025;42.45;42.63;42.0;42.36;623200;-0.0009433962264150386;0.0009433962264150386;0.014840989399293346;712970.0;24.278.321.085.627.800;0.8740900739161536;-0.3697537390801769;0.006548934118196528
SAB;19/11/2025;42.36;42.36;42.08;42.18;665000;-0.004249291784702569;0.004249291784702569;0.0066100094428706594;703790.0;24.251.958.119.532.900;0.9448841273675386;-0.15994584770768633;0.006419311290060604
SAB;20/11/2025;42.53;42.63;42.13;42.22;776700;0.0009483167377903889;0.0009483167377903889;0.01175640724194686;717525.0;23.135.241.714.979.400;10.824.709.940.420.100;0.25577861138872693;0.006513857062434721
SAB;21/11/2025;42.13;42.13;41.73;41.91;542300;-0.007342491710090049;0.007342491710090049;0.009494422027059237;719850.0;2.317.198.614.934.120;0.7533513926512468;-0.7662269382335508;0.005872569290436734
SAB;24/11/2025;41.91;42.18;41.41;41.41;863800;-0.011930326890956855;0.011930326890956855;0.018372703412073567;729255.0;21.959.805.261.096.000;11.844.965.067.089.000;0.6126875826096667;0.005946516227397479
SAB;25/11/2025;41.46;42.0;41.37;41.55;435300;0.0033808258874667985;0.0033808258874667985;0.0151953690303908;737865.0;22.141.228.576.904.600;0.589945315199935;-13.665.230.858.761.100;0.006564405667348403
SAB;26/11/2025;41.64;42.0;41.64;41.73;374600;0.0043321299638989785;0.0043321299638989785;0.008645533141210361;739350.0;21.915.460.176.250.900;0.5066612565090959;-16.643.501.759.331.800;0.006586559457674577
SAB;27/11/2025;41.95;41.95;41.6;41.64;301100;-0.0021567217828899476;0.0021567217828899476;0.008343265792610284;719945.0;23.367.907.699.731.200;0.4182263922938558;-179.239.410.469.264;0.006490566813443754
SAB;28/11/2025;41.64;41.86;41.55;41.64;381200;0.0;0.0;0.007444764649375655;703815.0;25.115.279.533.635.100;0.541619601741935;-1.284.536.768.017.820;0.006509523821872686
SAB;01/12/2025;41.78;44.51;41.78;43.97;4104800;0.05595581171950048;0.05595581171950048;0.0653422690282431;694125.0;2.599.682.184.523.000;5.913.632.270.844.580;1.311.958.446.422.860;0.006481596537691491
SAB;02/12/2025;43.97;47.02;43.83;47.02;5646800;0.06936547646122371;0.06936547646122371;0.07254946554468968;856420.0;8.066.449.630.544.110;65.934.938.464.771.900;5.938.647.384.421.670;0.013900595132306896
SAB;03/12/2025;48.46;48.82;46.58;46.58;3231900;-0.009357720119098412;0.009357720119098412;0.04622368964094102;1096185.0;13.408.720.074.225.800;29.483.162.057.499.400;15.927.806.592.854.800;0.020287128613155375
SAB;04/12/2025;46.22;46.85;45.32;45.68;2805000;-0.019321597252039524;0.019321597252039524;0.03310255300735615;1229455.0;1.415.818.743.407.570;2.281.498.712.844.300;11.128.154.697.316.600;0.020533946125776983
SAB;05/12/2025;45.68;46.03;44.69;44.69;2542700;-0.02167250437828372;0.02167250437828372;0.029334500875656817;1342525.0;14.480.942.110.508.300;18.939.684.549.635.900;0.8287962142525725;0.021256874667195554
SAB;08/12/2025;44.69;47.74;44.6;47.74;5248000;0.06824793018572395;0.06824793018572395;0.07026180353546656;1441660.0;14.595.255.128.041.800;36.402.480.473.898.100;26.079.297.460.767.800;0.022058387829459247
SAB;09/12/2025;48.9;49.63;47.83;47.83;4328800;0.001885211562630884;0.001885211562630884;0.03680981595092033;1678280.0;16.699.343.874.914.100;2.579.307.386.133.420;15.872.000.839.396.000;0.02623145949191514
SAB;10/12/2025;47.83;47.92;46.13;46.22;2433700;-0.033660882291448924;0.033660882291448924;0.03742421074639346;1831125.0;17.678.088.726.994.000;13.290.736.569.049.000;0.3408598119998582;0.02615518974825218
SAB;11/12/2025;46.4;47.56;46.22;46.93;1643600;0.015361315447858015;0.015361315447858015;0.02887931034482766;1915130.0;17.537.736.111.176.400;0.858218502138236;-0.15482614077364243;0.027678740679064524
SAB;12/12/2025;46.67;47.2;44.83;44.87;2534500;-0.043895163008736415;0.043895163008736415;0.05078208699378625;1941200.0;174.522.074.248.503;13.056.356.892.643.700;0.33995699544299285;0.02775988567564555
SAB;15/12/2025;45.13;46.22;44.87;45.32;1509700;0.010028972587474927;0.010028972587474927;0.029913582982495045;2025785.0;17.301.132.187.701.300;0.7452419679284821;-0.29829550713846525;0.029788200327002582
SAB;16/12/2025;45.77;46.67;43.16;46.4;2083100;0.02383053839364524;0.02383053839364524;0.0766877867598865;2049635.0;17.189.545.890.560.400;10.163.272.972.992.700;0.019468228080636557;0.02982475616099838
SAB;17/12/2025;46.48;46.48;44.96;44.96;1555300;-0.03103448275862064;0.03103448275862064;0.03270223752151455;2122630.0;1.685.872.106.062.610;0.7327230840985004;-0.3365201891411616;0.030132495049897092
SAB;18/12/2025;45.41;45.5;44.69;45.05;1042600;0.0020017793594304667;0.0020017793594304667;0.017837480731116545;2167145.0;16.568.625.520.209.700;0.48109378929420965;-0.6787195465479751;0.03114293874620539
SAB;19/12/2025;45.05;45.05;44.51;44.6;1138800;-0.009988901220865598;0.009988901220865598;0.011986681465038828;2180440.0;16.461.503.069.442.400;0.5222799068078002;-0.6327733230713302;0.031139022578784557
SAB;22/12/2025;44.6;45.13;44.38;44.51;995900;-0.002017937219730981;0.002017937219730981;0.016816143497757848;2210265.0;16.201.060.141.643.700;0.45057945540466865;-0.7495589729208862;0.03119399387681347
SAB;23/12/2025;44.6;44.78;43.88;44.42;1429100;-0.0020220175241517646;0.0020220175241517646;0.020179372197309385;2216870.0;16.145.875.843.303.400;0.64464763382607;-0.48790787668959573;0.03101300238445657
SAB;24/12/2025;44.42;44.51;43.8;43.8;997100;-0.013957676722197276;0.013957676722197276;0.015983791085096823;2266560.0;15.715.928.270.723.500;0.43991776083580403;-0.8077537502921923;0.031042785052796333
SAB;25/12/2025;43.8;44.42;43.25;43.25;1145900;-0.012557077625570678;0.012557077625570678;0.026712328767123327;2297685.0;15.379.551.873.134.000;0.49871936318511895;-0.7489067363607708;0.031294479442964526
SAB;26/12/2025;43.16;44.15;43.16;43.75;1433800;0.011560693641618602;0.011560693641618602;0.022937905468025998;2339925.0;14.911.209.078.990.400;0.6127546823081936;-0.6076804336924676;0.03146849882369877
SAB;29/12/2025;43.8;44.2;43.61;43.8;882900;0.0011428571428571122;0.0011428571428571122;0.013470319634703276;2392555.0;14.359.015.182.016.000;0.3690197299539614;-10.513.638.859.375.000;0.03152899496367367
SAB;30/12/2025;43.88;44.78;43.43;44.51;1279000;0.01621004566210038;0.01621004566210038;0.030765724703737497;2231460.0;14.142.636.828.511.000;0.5731673433536788;-0.6734670567795906;0.028955082281475718
SAB;31/12/2025;44.51;44.51;43.97;43.97;579700;-0.012132105144911254;0.012132105144911254;0.012132105144911236;2013070.0;11.763.333.402.882.300;0.2879681282816792;-12.185.066.519.059.800;0.02434445490967468
SAB;05/01/2026;44.11;44.15;43.12;43.16;1623700;-0.018421651125767657;0.018421651125767657;0.023350714123781483;1880460.0;11.811.844.449.757.300;0.86345894089744;-0.2173750264763053;0.024393677801147186
SAB;06/01/2026;43.25;43.25;42.31;42.67;1942000;-0.011353104726598562;0.011353104726598562;0.021734104046242722;1821395.0;11.618.976.123.362.200;10.662.157.302.507.100;0.1038000239603723;0.024362017829038265
SAB;07/01/2026;42.72;43.83;42.72;43.53;2000300;0.020154675415983148;0.020154675415983148;0.025983146067415717;1791360.0;114.997.340.490.987;1.116.637.638.442.300;0.18169115834150604;0.024042992505037244
SAB;08/01/2026;43.53;44.33;43.35;43.35;1599300;-0.004135079255685681;0.004135079255685681;0.02251320928095559;1628975.0;8.173.853.010.635.410;0.9817830230666523;-0.036304787915060796;0.018381831749879025
SAB;09/01/2026;43.88;44.78;43.61;43.93;2041500;0.013379469434832814;0.013379469434832814;0.026663628076572507;1492500.0;5.147.085.501.319.620;13.678.391.959.798.900;10.666.230.430.002.400;0.018321940304062194
SAB;12/01/2026;44.16;44.4;43.18;43.97;1678300;0.0009105394946504752;0.0009105394946504752;0.027626811594202876;1472890.0;483.486.540.279.643;11.394.605.163.997.300;0.42485153750338783;0.017411180962303267
SAB;13/01/2026;44.02;46.97;44.02;46.97;3322400;0.06822833750284274;0.06822833750284274;0.06701499318491584;1474625.0;48.419.312.249.186.300;22.530.473.849.283.700;38.161.942.294.648.100;0.01692881929454714
SAB;14/01/2026;48.0;50.24;48.0;50.24;4550700;0.06961890568447959;0.06961890568447959;0.04666666666666671;1514020.0;5.944.619.297.269.890;30.057.066.617.349.800;51.082.833.872.887.500;0.020829294429685265
SAB;15/01/2026;51.46;53.42;49.31;49.31;6078400;-0.01851114649681529;0.01851114649681529;0.07986785853089777;1666070.0;9.024.334.774.142.050;36.483.461.079.066.300;4.889.368.701.882.490;0.025664916026125976
SAB;16/01/2026;49.31;50.34;48.47;49.12;2852800;-0.003853173798418319;0.003853173798418319;0.037923342121273663;1865835.0;1.337.120.990.972.760;15.289.669.236.561.600;0.7381269209467521;0.025816651995587674
SAB;19/01/2026;49.12;49.31;46.97;47.81;2768200;-0.02666938110749173;0.02666938110749173;0.04763843648208476;1930710.0;1.352.647.520.080.130;14.337.730.679.387.300;0.6191487342913863;0.0245977489894709
SAB;20/01/2026;48.65;50.8;48.18;48.93;3633500;0.02342606149341142;0.02342606149341142;0.05385405960945524;2016990.0;13.480.437.350.003.400;18.014.467.101.968.700;11.991.524.889.209.800;0.025579936468313382
SAB;21/01/2026;48.65;48.65;46.97;47.34;2222400;-0.032495401594114015;0.032495401594114015;0.03453237410071942;2141725.0;137.760.140.170.286;10.376.682.347.173.400;0.05856193228337111;0.025758338235247605
SAB;22/01/2026;47.72;48.65;47.25;47.34;1396700;0.0;0.0;0.02933780385582562;2203050.0;135.095.103.401.855;0.6339847030253513;-0.5968758154034826;0.027060860945409295
SAB;23/01/2026;47.44;48.0;45.75;46.13;2328200;-0.025559780312632063;0.025559780312632063;0.0474283305227656;2201430.0;13.519.470.260.176.200;10.575.852.968.297.800;0.09376846692981855;0.02704320626620174
SAB;26/01/2026;46.13;46.78;45.19;45.38;1694200;-0.01625840017342295;0.01625840017342295;0.03446780836765669;2267985.0;1.321.970.677.784.130;0.7470067041889606;-0.4340376149354292;0.02755756486225698
SAB;27/01/2026;45.8;46.36;45.14;46.36;1290400;0.021595416483032093;0.021595416483032093;0.026637554585152816;2295400.0;13.030.257.464.031.400;0.5621678138886469;-0.7712817668984582;0.02767932497337905
SAB;28/01/2026;46.69;47.06;45.61;45.8;1151800;-0.012079378774805916;0.012079378774805916;0.031055900621118075;2288230.0;1.308.399.747.421.490;0.5033584910607762;-0.8685648267967024;0.027936958168270406
SAB;29/01/2026;45.94;47.34;45.85;47.06;1623900;0.02751091703056785;0.02751091703056785;0.03243360905528955;2301675.0;1.294.506.478.963.680;0.7055296686109029;-0.5235779125204485;0.02814546219052993
SAB;30/01/2026;47.72;48.09;46.69;46.69;1724800;-0.00786230344241401;0.00786230344241401;0.02933780385582577;2318920.0;12.824.064.642.612.100;0.7437945250375174;-0.4632852504703092;0.028543638587425355
SAB;02/02/2026;46.69;47.62;46.03;46.69;1193500;0.0;0.0;0.03405440137074312;2376175.0;12.249.444.695.791.800;0.5022778204467263;-0.9654927463008127;0.0284389571724771
SAB;03/02/2026;47.62;49.03;47.06;48.75;2564900;0.04412079674448499;0.04412079674448499;0.04136917261654765;2354665.0;12.425.046.446.063.700;10.892.844.629.703.100;0.16920258681737316;0.027990420304415106
SAB;04/02/2026;49.03;49.87;48.28;48.37;1558600;-0.007794871794871816;0.007794871794871816;0.03242912502549452;2385810.0;12.394.193.075.366.900;0.6532791798173366;-0.6674173905230294;0.02908459145307795
SAB;05/02/2026;48.84;48.84;46.78;46.87;1682000;-0.03101095720487901;0.03101095720487901;0.04217854217854222;2363725.0;1.250.535.625.400.060;0.7115887000391331;-0.5451464045911566;0.029094574426744742
SAB;06/02/2026;46.31;46.59;45.56;45.61;1886100;-0.026882867505867214;0.026882867505867214;0.022241416540703975;2367860.0;12.480.091.322.202.900;0.7965420252886573;-0.38602281630977653;0.03017239009431002
SAB;09/02/2026;45.75;46.27;45.75;46.27;519800;0.014470510852883312;0.014470510852883312;0.011366120218579303;2360090.0;12.506.289.676.125.200;0.22024583808244602;-14.714.915.835.614.600;0.03087220848156616
SAB;10/02/2026;46.27;46.45;44.68;45.24;1278300;-0.022260644045818068;0.022260644045818068;0.03825372811757084;2302165.0;1.309.320.978.006.290;0.5552599400998626;-0.7819816662214016;0.03098826721661562
SAB;11/02/2026;45.28;45.66;44.96;45.56;675500;0.007073386383731117;0.007073386383731117;0.015459363957597078;2199960.0;13.052.648.428.172.400;0.3070510372915871;-1.167.931.556.870.590;0.0273563924557542
SAB;12/02/2026;45.56;46.03;45.38;45.66;508400;0.0021949078138716605;0.0021949078138716605;0.014266900790166782;2006200.0;1.222.976.328.040.470;0.25341441531253117;-12.247.170.821.367.000;0.021807746928821807
SAB;13/02/2026;45.85;45.85;45.28;45.38;758900;-0.006132282084975738;0.006132282084975738;0.012431842966194116;1727700.0;8.119.858.010.166.370;0.43925450020258144;-11.931.243.117.638.500;0.021605735577834913
SAB;23/02/2026;45.47;45.99;45.47;45.71;747400;0.0072719259585720675;0.0072719259585720675;0.011436111722014584;1623005.0;7.940.767.710.963.060;0.46050381853413885;-1.102.670.461.939.250;0.021613057260682658
SAB;24/02/2026;45.71;46.08;45.52;45.66;812400;-0.001093852548676555;0.001093852548676555;0.012251148545176005;1521965.0;7.688.553.127.009.140;0.5337836284014416;-0.9228849541370363;0.02104210769699211
SAB;25/02/2026;45.66;46.69;45.66;46.03;1341700;0.008103372755146943;0.008103372755146943;0.022558037669732835;1380910.0;6.016.907.545.452.750;0.9716056803122579;-0.06516636611714724;0.020177189725087776
SAB;26/02/2026;46.31;46.36;45.66;45.94;1107900;-0.0019552465783185813;0.0019552465783185813;0.015115525804361969;1336875.0;5.681.574.048.716.830;0.8287237026647967;-0.4030133164447857;0.01909427623707786
SAB;27/02/2026;45.94;46.03;45.24;45.28;1197000;-0.014366565084893312;0.014366565084893312;0.01719634305616019;1322435.0;5.702.231.394.029.230;0.9051484572020553;-0.2199752892022973;0.019092654141702494
SAB;02/03/2026;44.02;44.77;43.97;44.16;1618800;-0.024734982332155542;0.024734982332155542;0.018173557473875605;1265875.0;51.901.344.559.705.300;12.787.992.495.309.500;0.6799920175362859;0.01849979812128618
SAB;03/03/2026;43.97;44.4;42.38;43.04;2424900;-0.0253623188405796;0.0253623188405796;0.04594041391858076;1262105.0;51.600.355.310.384.100;19.213.139.952.698.000;2.253.463.165.138.310;0.018964624239518158
SAB;04/03/2026;43.09;43.51;42.29;43.04;1327100;0.0;0.0;0.028312833604084445;1318830.0;5.779.214.462.191.200;10.062.707.096.441.500;0.014309903282018727;0.018901689138498455
SAB;05/03/2026;43.18;43.46;42.71;42.71;768200;-0.007667286245353067;0.007667286245353067;0.017369152385363594;1327595.0;5.765.826.562.144.990;0.5786403232913652;-0.9701904730757186;0.01880720284960106
SAB;06/03/2026;42.71;43.23;42.62;42.66;804600;-0.001170686022008982;0.001170686022008982;0.014282369468508532;1284810.0;585.123.406.596.735;0.626240455787237;-0.8206986673000403;0.017402409263645398
SAB;09/03/2026;40.93;41.17;39.72;39.72;3538000;-0.06891701828410679;0.06891701828410679;0.035426337649645805;1238800.0;5.848.837.338.354.200;28.559.896.674.200.800;39.310.376.866.233.100;0.01740262537794293
SAB;10/03/2026;40.79;41.87;40.33;41.87;1473200;0.05412890231621348;0.05412890231621348;0.037754351556754086;1356025.0;7.782.952.084.186.100;10.864.106.487.712.200;0.1505534130655688;0.022554394364959027
SAB;11/03/2026;41.73;42.1;41.21;41.92;966300;0.001194172438500285;0.001194172438500285;0.02132758207524564;1301440.0;7.255.446.581.344.030;0.7424852471108926;-0.4619150540805403;0.023841405676393507
SAB;12/03/2026;41.78;41.78;40.89;40.93;824200;-0.023616412213740556;0.023616412213740556;0.021302058401148887;1271825.0;7.265.829.382.694.100;0.648045131995361;-0.616068691436881;0.02391630316871041
SAB;13/03/2026;40.93;41.78;40.84;41.54;599500;0.014903493769850895;0.014903493769850895;0.022966039579770284;1228935.0;7.264.139.071.493.600;0.4878207553694866;-0.8664963511919378;0.023577995155361922
SAB;16/03/2026;41.35;41.78;41.26;41.64;465900;0.002407318247472423;0.002407318247472423;0.012575574365175408;1164605.0;7.221.102.747.649.090;0.40004980229348147;-0.9675876724333705;0.023526805497709642
SAB;17/03/2026;41.64;42.29;41.49;41.49;700800;-0.0036023054755043304;0.0036023054755043304;0.01921229586935632;1161910.0;724.739.214.730.665;0.603144821888098;-0.6362426520156804;0.023169563504517928
SAB;18/03/2026;41.64;41.96;41.07;41.59;577100;0.002410219329959107;0.002410219329959107;0.021373679154658994;1133035.0;7.313.323.150.431.100;0.5093399586067509;-0.760167421245742;0.022810848617170996
SAB;19/03/2026;41.49;41.59;40.79;41.49;840600;-0.0024044241404184152;0.0024044241404184152;0.019281754639672313;1128115.0;7.348.946.743.545.880;0.7451367989965562;-0.39123293450521496;0.022714613537381526
SAB;20/03/2026;41.49;41.49;39.86;39.86;1019800;-0.03928657507833222;0.03928657507833222;0.039286575078332185;1144725.0;7.238.215.037.853.630;0.8908689860010046;-0.17259089339938194;0.02266863036166223
SAB;23/03/2026;39.76;40.42;39.48;40.14;789200;0.00702458605117906;0.00702458605117906;0.023641851106639963;1157770.0;718.835.890.135.828;0.6816552510429532;-0.51273177238042;0.023967025499031947
SAB;24/03/2026;40.65;42.2;40.47;42.2;779500;0.05132037867463879;0.05132037867463879;0.04255842558425594;1159860.0;7.176.397.222.474.290;0.672063869777387;-0.5300152544633788;0.023959777392747593
SAB;25/03/2026;41.92;42.24;41.54;41.87;817400;-0.00781990521327025;0.00781990521327025;0.016698473282442814;1158215.0;7.185.152.749.172.930;0.7057411620467703;-0.47433229591288856;0.02719571923976772
SAB;26/03/2026;41.78;41.78;40.79;40.93;472100;-0.022450441843802182;0.022450441843802182;0.023695548109143177;1132000.0;7.210.286.292.585.930;0.4170494699646643;-0.9152202467723789;0.027068478019660926
SAB;27/03/2026;41.17;41.49;40.93;41.31;346700;0.009284143659907151;0.009284143659907151;0.013602137478746714;1100210.0;7.360.076.700.830.310;0.31512165859245056;-10.237.800.917.414.200;0.02735842143841857
SAB;30/03/2026;41.07;41.68;39.34;41.31;668100;0.0;0.0;0.05697589481373256;1057695.0;7.544.498.528.729.390;0.6316565739650845;-0.5163961508063462;0.02746141937591539
SAB;31/03/2026;41.4;41.78;41.31;41.45;413500;0.003389009924957609;0.003389009924957609;0.011352657004830891;1010160.0;7.471.507.615.073.760;0.4093410944800824;-0.798580461587483;0.02704257208731515
SAB;01/04/2026;41.87;41.92;41.49;41.64;469200;0.004583835946923909;0.004583835946923909;0.01026988297110102;909590.0;6.789.573.406.489.190;0.515836805593729;-0.6486269072208478;0.02654990038862114
SAB;02/04/2026;41.82;41.82;41.26;41.35;401600;-0.00696445725264172;0.00696445725264172;0.013390722142515597;866695.0;6.782.914.863.832.500;0.4633694667674326;-0.6856860351881376;0.02658369066244884
SAB;03/04/2026;41.73;41.87;41.26;41.26;543600;-0.002176541717049618;0.002176541717049618;0.014617780972921147;848365.0;6.860.029.072.172.550;0.6407619361949161;-0.444261965647154;0.026575313960865554
SAB;06/04/2026;41.35;41.87;41.21;41.54;640800;0.0067862336403297085;0.0067862336403297085;0.015961305925030148;835315.0;6.893.536.280.458.670;0.7671357511836852;-0.2821701258777703;0.026576049340136906
SAB;07/04/2026;41.59;41.73;41.07;41.21;408500;-0.007944150216658619;0.007944150216658619;0.015869199326761157;690455.0;2.658.255.808.746.930;0.5916388468473688;-10.606.767.003.846.300;0.02131308006803112
SAB;08/04/2026;42.06;42.62;41.64;42.48;901300;0.030817762678961413;0.030817762678961413;0.023300047551117375;637220.0;19.904.127.210.204.300;1.414.425.159.285.640;13.267.600.091.734.300;0.01758597964961274
SAB;09/04/2026;42.1;42.52;41.96;42.2;510700;-0.006591337099811523;0.006591337099811523;0.013301662707838533;633970.0;19.384.807.969.128.700;0.8055586226477593;-0.6359103489511655;0.018944371594466516
SAB;10/04/2026;42.24;42.99;42.24;42.85;627600;0.01540284360189581;0.01540284360189581;0.017755681818181816;618295.0;19.029.871.386.848.500;10.150.494.505.050.100;0.048896809709552916;0.018153941779257776
SAB;13/04/2026;42.57;43.04;42.34;42.52;427500;-0.007701283547257853;0.007701283547257853;0.01644350481559774;619700.0;1.902.563.727.406.280;0.6898499273842181;-10.102.158.326.229.700;0.018173412165997053
SAB;14/04/2026;42.8;42.99;42.15;42.24;554900;-0.006585136406397019;0.006585136406397019;0.019626168224299148;617780.0;19.207.522.265.480.900;0.8982161934669299;-0.3273717407736954;0.018293151066487663
SAB;15/04/2026;42.71;43.37;42.24;43.18;805700;0.022253787878787845;0.022253787878787845;0.02645750409740097;610485.0;19.152.602.757.025.400;13.197.703.465.277.600;10.192.609.457.656.700;0.018346479131907116
SAB;16/04/2026;43.23;43.23;42.38;42.8;349400;-0.008800370541917624;0.008800370541917624;0.019662271570668386;621915.0;19.619.319.231.442.700;0.5618131095085341;-13.890.135.370.408.500;0.01895027656753011
SAB;17/04/2026;43.04;43.46;42.38;42.57;676000;-0.0053738317757008325;0.0053738317757008325;0.025092936802973937;597355.0;19.811.227.936.915.400;11.316.553.808.037.000;0.3969718598485059;0.019082853220396764
SAB;20/04/2026;42.57;42.95;42.43;42.57;249100;0.0;0.0;0.012215175005872754;580165.0;17.283.036.488.509.600;0.4293606129290805;-1.915.548.811.229.450;0.01659065547862034
SAB;21/04/2026;42.76;42.76;42.24;42.24;486700;-0.007751937984496138;0.007751937984496138;0.012160898035547148;553160.0;1.804.758.867.112.450;0.8798539301467929;-0.3682486409186258;0.016584745651191606
SAB;22/04/2026;42.29;42.38;41.92;42.15;621600;-0.0021306818181818787;0.0021306818181818787;0.010877275951761666;538520.0;17.286.439.954.941.100;11.542.746.787.491.600;0.48060792283753173;0.012227537422319253
SAB;23/04/2026;42.15;45.1;41.96;45.1;3372800;0.06998813760379607;0.06998813760379607;0.0744958481613286;528730.0;1.614.035.905.815.950;6.379.059.255.196.410;17.620.859.546.877.300;0.012098650718660734
SAB;24/04/2026;45.0;45.0;43.65;43.97;825900;-0.025055432372505626;0.025055432372505626;0.03000000000000003;673765.0;65.533.420.342.922;1.225.798.312.467.990;0.2321487253433606;0.018741809010471053
SAB;28/04/2026;44.21;46.22;44.07;45.38;1524700;0.03206731862633627;0.03206731862633627;0.04863153132775387;697725.0;6.514.957.429.072.850;218.524.490.307.786;12.693.482.789.459.800;0.01987002038706326
SAB;29/04/2026;44.91;45.38;44.44;44.44;590700;-0.02071397091229632;0.02071397091229632;0.020930750389668334;740555.0;6.770.994.325.449.040;0.7976450094861286;-0.2213190453236155;0.020858318851109236
SAB;04/05/2026;44.44;44.72;43.55;44.3;884900;-0.0031503150315032036;0.0031503150315032036;0.026327632763276366;749415.0;67.374.564.720.789;1.180.787.681.057.890;0.20109220825614466;0.02163279651805827
SAB;05/05/2026;44.21;44.25;43.18;44.02;1090900;-0.006320541760722165;0.006320541760722165;0.024202669079393807;770200.0;671.052.831.867.875;14.163.853.544.533.800;0.47790573971252287;0.021685333752869157
SAB;06/05/2026;43.97;44.72;43.55;44.72;654100;0.015901862789641008;0.015901862789641008;0.02660905162610875;804665.0;6.688.226.877.565.490;0.8128848651302094;-0.22511945655588392;0.02166973520950477
SAB;07/05/2026;44.72;44.72;43.51;43.65;1146500;-0.02392665474060829;0.02392665474060829;0.027057245080500916;810190.0;6.670.065.232.064.820;14.151.001.616.904.600;0.5042079624398065;0.02180366828305154
SAB;08/05/2026;43.41;43.65;43.23;43.27;886100;-0.008705612829324028;0.008705612829324028;0.009675190048375991;835475.0;6.698.264.173.217.600;10.605.942.727.191.100;0.07557928246906032;0.022679959045283818
SAB;11/05/2026;43.27;44.72;42.85;44.54;1480800;0.02935058932285628;0.02935058932285628;0.04321700947538704;859355.0;6.622.740.452.609.590;1.723.152.829.738.580;0.9383502259327233;0.02269943284735518
SAB;12/05/2026;44.63;44.68;43.55;43.97;656300;-0.012797485406376263;0.012797485406376263;0.025319291956083408;888330.0;6.767.248.839.272.240;0.7388020217711886;-0.3428719787182418;0.022605895140296577
SAB;13/05/2026;43.97;43.97;43.18;43.55;586800;-0.009551967250398086;0.009551967250398086;0.017966795542415263;895610.0;6.732.227.416.648.490;0.6551959000011166;-0.4587040527423759;0.022780736526793965
SAB;14/05/2026;43.65;44.44;43.65;43.97;511700;0.0096440872560275;0.0096440872560275;0.018098510882016017;893570.0;6.741.388.019.657.290;0.5726467987958413;-0.5664560456785762;0.022708453210732296
SAB;15/05/2026;44.4;45.94;44.11;45.42;1646900;0.032977029793040735;0.032977029793040735;0.04121621621621618;897780.0;6.713.320.745.471.560;18.344.137.762.035.200;11.158.710.098.952.300;0.022687858439830153
SAB;18/05/2026;45.42;45.52;44.68;45.28;570000;-0.003082342580361108;0.003082342580361108;0.01849405548216652;952380.0;6.862.192.074.195.960;0.5985005985005984;-0.5572271890171526;0.023613347107602742
SAB;19/05/2026;45.33;46.03;44.58;45.38;972600;0.0022084805653710404;0.0022084805653710404;0.031987646150452305;940595.0;6.908.789.569.320.940;10.340.263.343.947.100;0.04632504678116246;0.023253483581203407
SAB;20/05/2026;45.38;45.38;44.16;44.63;716000;-0.016527104451300123;0.016527104451300123;0.026884089907448346;971755.0;676.720.217.764.756;0.7368112332841097;-0.37793314472674217;0.023098490953604372
SAB;21/05/2026;45.0;45.52;44.58;44.91;665600;0.006273806856374575;0.006273806856374575;0.020888888888888995;973755.0;6.758.586.900.536.620;0.6835394940205699;-0.4559459019096623;0.023447838643051735
SAB;22/05/2026;45.19;46.17;44.96;45.0;917600;0.002004008016032177;0.002004008016032177;0.02677583536180573;994580.0;6.585.500.593.209.130;0.922600494681172;-0.1168931638687886;0.023452892042393814
SAB;25/05/2026;44.91;45.8;44.77;44.82;439000;-0.0040000000000000036;0.0040000000000000036;0.022934758405700157;1016125.0;6.480.243.464.196.620;0.4320334604502399;-0.8905915390195105;0.023319998875998924
SAB;26/05/2026;44.91;44.91;44.07;44.16;880400;-0.014725568942436484;0.014725568942436484;0.018704074816299186;1006995.0;6.551.227.956.208.700;0.8742843807566075;-0.19323858190589113;0.023347158245581902
SAB;27/05/2026;44.3;44.68;44.02;44.68;437900;0.011775362318840576;0.011775362318840576;0.014898419864559743;882375.0;34.511.033.914.417.900;0.4962742598101714;-12.879.214.256.583.200;0.017592530379243385
SAB;28/05/2026;44.63;44.63;44.16;44.16;345600;-0.011638316920322356;0.011638316920322356;0.01053103293748613;862975.0;3.590.750.674.705.040;0.40047510066919667;-14.408.547.038.496.300;0.016843361982295357
SAB;29/05/2026;44.25;44.35;43.93;43.93;520300;-0.005208333333333259;0.005208333333333259;0.009491525423728851;804020.0;34.105.457.596.911.500;0.6471232058904007;-0.8318903190018836;0.015361675160816999
SAB;01/06/2026;43.83;44.21;43.79;44.16;416200;0.005235602094240788;0.005235602094240788;0.009582477754962394;800500.0;3.437.249.558.341.050;0.5199250468457214;-11.180.450.923.833.300;0.01470490148614897
SAB;02/06/2026;44.11;44.21;43.79;43.97;596100;-0.0043025362318840354;0.0043025362318840354;0.009521650419406068;777065.0;3.535.064.359.944.150;0.767117293920071;-0.5119143007706344;0.01474410691766246
SAB;03/06/2026;43.74;45.0;43.74;44.44;625500;0.01068910620877861;0.01068910620877861;0.02880658436213987;752325.0;3.476.525.623.074.660;0.8314225899710896;-0.36480386958239897;0.014705832469477133
SAB;04/06/2026;44.44;44.82;44.3;44.72;285400;0.006300630063006407;0.006300630063006407;0.011701170117011772;750895.0;34.813.633.970.948.100;0.3800797714727092;-13.371.054.581.330.200;0.014454046017474754
SAB;05/06/2026;44.82;45.19;43.97;44.72;589100;0.0;0.0;0.027219991075412737;707840.0;3.498.786.953.698.150;0.832250226039783;-0.339374764943873;0.013385026267927718
SAB;08/06/2026;44.72;44.72;43.6;43.97;771900;-0.016771019677996435;0.016771019677996435;0.025044722719141266;692990.0;3.482.134.129.343.210;11.138.688.869.969.200;0.22661390132861908;0.013182680224255722
SAB;09/06/2026;44.21;44.35;43.97;44.11;316800;0.0031839890834659546;0.0031839890834659546;0.008595340420719352;657545.0;2.959.600.141.466.470;0.4817921206913595;-11.513.210.694.440.600;0.012085276505961189
SAB;10/06/2026;44.25;44.49;44.11;44.49;284900;0.008614826569938838;0.008614826569938838;0.008587570621468985;640570.0;30.561.386.559.203.200;0.4447601355043165;-11.637.888.199.574.900;0.011758511439822636
SAB;11/06/2026;44.44;46.03;44.4;45.47;1436400;0.022027421892560017;0.022027421892560017;0.03667866786678674;625475.0;315.698.858.632.883;2.296.494.664.055.310;25.686.662.394.399.100;0.01166487106925456
SAB;12/06/2026;45.56;46.17;45.38;45.47;850800;0.0;0.0;0.01733977172958734;671710.0;36.241.519.646.888.200;12.666.180.345.684.800;0.49415698277811293;0.012443125993218913
SAB;15/06/2026;45.38;46.13;45.05;45.38;567600;-0.001979327028810096;0.001979327028810096;0.02379903040987231;631905.0;2.851.536.658.217.430;0.8982362855176015;-0.22550998885000678;0.010040635193431372
SAB;16/06/2026;45.38;46.64;45.05;45.94;1268100;0.012340237990303926;0.012340237990303926;0.03503746143675635;631785.0;2.851.815.917.787.700;20.071.701.607.350.600;2.231.262.530.064.070;0.010025236084188031
SAB;17/06/2026;45.94;46.22;45.52;45.66;423500;-0.006094906399651712;0.006094906399651712;0.015237265999129206;646560.0;31.031.547.343.410.200;0.6550049492699827;-0.7188168786155228;0.010383870584995762
SAB;18/06/2026;45.47;45.56;45.1;45.1;563100;-0.012264564169951697;0.012264564169951697;0.010116560369474397;631935.0;3.137.442.979.561.530;0.8910726577891713;-0.21939840962343093;0.009715328276263629
SAB;19/06/2026;45.1;45.33;45.0;45.05;318800;-0.0011086474501109667;0.0011086474501109667;0.00731707317073167;626810.0;3.140.024.989.843.560;0.5086070739139452;-0.9809157602129303;0.010081828472202778
SAB;22/06/2026;45.0;45.28;44.96;45.1;310900;0.0011098779134295356;0.0011098779134295356;0.0071111111111111175;596870.0;3.133.635.086.067.220;0.5208839445775462;-0.9125823273790884;0.010077502496642946
SAB;23/06/2026;45.8;45.8;44.54;44.72;602600;-0.00842572062084268;0.00842572062084268;0.027510917030567645;590465.0;31.803.446.565.129.500;10.205.515.991.633.700;0.03815624188764892;0.010032661385288785
SAB;24/06/2026;44.72;44.96;44.44;44.72;266600;0.0;0.0;0.011627906976744257;576575.0;31.068.674.505.461.400;0.46238563933573257;-0.9977091232054659;0.009624726575417812
SAB;25/06/2026;44.86;45.8;44.86;45.47;642500;0.016771019677996435;0.016771019677996435;0.020954079358002625;568010.0;3.170.078.347.031.150;1.131.142.057.358.140;0.2349784196020313;0.009263275765374099
SAB;26/06/2026;45.52;45.75;45.38;45.56;485600;0.001979327028810207;0.001979327028810207;0.008128295254832983;582855.0;31.297.052.572.675.900;0.8331403179178355;-0.3107481120599488;0.009544814564836182
SAB;29/06/2026;45.61;45.8;44.72;44.91;753400;-0.014266900790166903;0.014266900790166903;0.02367901775926328;581120.0;3.134.314.037.267.240;12.964.620.044.052.800;0.5496577495157694;0.009413111080676587
SAB;30/06/2026;45.0;45.56;45.0;45.38;653200;0.010465375194834259;0.010465375194834259;0.012444444444444496;597980.0;31.316.232.985.802.200;10.923.442.255.593.800;0.1763302758190453;0.010035192802764345
SAB;01/07/2026;45.38;45.47;45.0;45.24;372900;-0.0030850594975759815;0.0030850594975759815;0.010356985456148058;600835.0;3.134.044.759.613.860;0.6206362811753643;-0.7272869964629447;0.010175340311428461
SAB;02/07/2026;45.24;45.66;45.1;45.47;650500;0.005083996463306706;0.005083996463306706;0.012378426171529512;588205.0;31.742.223.328.590.300;11.059.069.542.081.400;0.19625279349569294;0.009994343490014329
SAB;03/07/2026;45.66;45.66;44.82;44.82;800100;-0.014295139652518163;0.014295139652518163;0.018396846254927646;606460.0;30.949.071.136.473.900;13.192.955.842.100.000;0.6256730586392055;0.009963652516000137
SAB;06/07/2026;44.82;45.05;43.79;44.11;863000;-0.015841142347166492;0.015841142347166492;0.02811244979919674;617010.0;31.244.995.708.786.700;13.986.807.345.099.700;0.7872940751623224;0.010526851067414064
SAB;07/07/2026;44.11;44.4;43.97;44.21;398900;0.002267059623668244;0.002267059623668244;0.009748356381772834;621565.0;31.547.622.693.819.200;0.6417671522688697;-0.7058059561604445;0.010449888656906036
SAB;08/07/2026;44.21;44.35;44.02;44.16;485900;-0.0011309658448316329;0.0011309658448316329;0.007464374575887769;625670.0;3.118.147.832.490.160;0.7766074767848866;-0.44824686804018204;0.010438162461070436
SAB;09/07/2026;44.16;44.58;44.07;44.11;302100;-0.0011322463768115298;0.0011322463768115298;0.011548913043478217;635720.0;3.033.785.313.155.120;0.47520921160259233;-10.996.822.964.148.200;0.0102486923495044
SAB;10/07/2026;44.16;44.35;43.79;44.11;377800;0.0;0.0;0.012681159420289908;579005.0;24.651.402.751.802.500;0.6524986830856383;-0.8162010171420686;0.008795934674201937
SAB;13/07/2026;44.11;44.16;42.95;43.18;900100;-0.02108365450011329;0.02108365450011329;0.0274314214463839;555355.0;2.417.086.795.362.500;16.207.650.961.997.200;14.262.830.803.653.300;0.008795934674201937
SAB;14/07/2026;43.18;43.88;42.95;43.79;400600;0.0141269106067623;0.0141269106067623;0.02153774895785085;571980.0;2.537.311.042.484.890;0.7003741389559075;-0.6754394598470697;0.009829577504400593
SAB;15/07/2026;43.93;43.93;43.04;43.09;311700;-0.015985384791048052;0.015985384791048052;0.02025950375597543;528605.0;19.606.258.795.276.700;0.5896652509908155;-11.063.048.910.292.500;0.0099779310515534
SAB;16/07/2026;43.13;43.6;42.8;43.37;515200;0.0064980273845438585;0.0064980273845438585;0.018548574078367824;523015.0;20.075.462.706.865.100;0.9850577899295432;-0.03892811893858624;0.010409270087308296
SAB;17/07/2026;43.32;43.88;43.09;43.88;341400;0.011759280608715894;0.011759280608715894;0.018236380424746054;520620.0;2.005.368.494.815.840;0.6557565979025008;-0.8937010851786508;0.010360627727887975
SAB;20/07/2026;44.02;44.82;43.79;44.25;609300;0.00843208751139457;0.00843208751139457;0.023398455247614743;521750.0;19.940.021.775.841.900;1.167.800.670.819.350;0.43906672211396514;0.010802652221891163
SAB;21/07/2026;44.07;44.49;43.97;43.97;492300;-0.006327683615819257;0.006327683615819257;0.011799410029498596;536670.0;1.938.805.440.688.170;0.917323494885125;-0.2288522564917648;0.011009272102787387
SAB;22/07/2026;44.25;44.25;43.88;43.93;518500;-0.0009097111667045743;0.0009097111667045743;0.008361581920903896;531155.0;19.347.477.320.937.900;0.9761745629806742;-0.06540904423908894;0.010943519705317175
SAB;23/07/2026;44.21;44.21;42.1;43.97;875600;0.0009105394946504752;0.0009105394946504752;0.0477267586518887;543750.0;1.832.765.224.577.610;16.102.988.505.747.100;18.106.519.894.084.000;0.010941961420474162
SAB;24/07/2026;43.88;43.88;43.09;43.51;618600;-0.010461678417102549;0.010461678417102549;0.018003646308113016;555405.0;1.967.995.867.427.190;11.137.818.348.772.500;0.32111347917928484;0.010144589104176807
SAB;27/07/2026;43.69;44.11;43.46;43.6;892500;0.002068490002298473;0.002068490002298473;0.01487754634927898;562055.0;1.965.636.216.142.370;15.879.228.901.086.100;16.811.096.442.276.000;0.010292189060228388
SAB;28/07/2026;43.0;43.5;42.7;43.15;567000;-0.010321100917431214;0.010321100917431214;0.01860465116279063;569010.0;205.928.122.104.981;0.9964675489007223;-0.009760687270169507;0.009930061822120802
SAB;29/07/2026;43.4;43.4;42.95;43.0;547800;-0.0034762456546928444;0.0034762456546928444;0.010368663594469947;564700.0;20.497.316.897.584.300;0.970072604922968;-0.08244981567315128;0.009704527586318302
SAB;30/07/2026;43.5;44.0;43.0;43.4;677700;0.009302325581395321;0.009302325581395321;0.022988505747126436;573445.0;20.003.090.149.432.200;1.181.804.706.641.430;0.521194471559981;0.009706223634759202
SAB;31/07/2026;43.95;44.0;43.55;43.55;518400;0.003456221198156584;0.003456221198156584;0.010238907849829415;574805.0;20.067.380.044.293.300;0.9018710693191604;-0.2810780474356948;0.009922903869237174
SAB;03/08/2026;43.9;44.8;43.55;44.8;1227400;0.028702640642939148;0.028702640642939148;0.02847380410022779;560720.0;19.379.661.775.333.200;21.889.713.225.852.400;3.440.101.317.188.930;0.009579588848428472
SAB;04/08/2026;44.65;45.15;44.25;45.1;643600;0.006696428571428603;0.006696428571428603;0.020156774916013406;578940.0;23.620.186.594.030.900;11.116.868.760.147.800;0.2737488958547863;0.011100838507569126
SAB;05/08/2026;45.0;45.1;44.4;44.4;488100;-0.015521064301552201;0.015521064301552201;0.01555555555555562;591175.0;23.269.674.386.476.200;0.8256438448851863;-0.44295849734753734;0.011174855549429982
SAB;06/08/2026;44.35;44.4;43.7;43.7;580800;-0.015765765765765716;0.015765765765765716;0.015783540022547816;591285.0;23.264.487.342.638.500;0.9822674344859078;-0.045068691373153044;0.011770478656932757
SAB;07/08/2026;43.7;45.3;43.7;44.75;782500;0.024027459954233388;0.024027459954233388;0.03661327231121268;605220.0;22.253.886.615.009.100;12.929.182.776.511.000;0.7966248910445767;0.012309098176325355
SAB;10/08/2026;45.1;46.55;44.85;46.5;2429700;0.03910614525139655;0.03910614525139655;0.03769401330376931;625455.0;21.914.506.484.830.500;38.846.919.442.645.700;8.233.108.061.315.060;0.01346769439152223
SAB;11/08/2026;46.05;46.35;45.65;45.65;549400;-0.018279569892473146;0.018279569892473146;0.015200868621064123;701935.0;45.741.567.905.720.900;0.7826935542464758;-0.3334712975173775;0.014960917006727486
SAB;12/08/2026;45.9;46.35;45.35;46.3;965700;0.014238773274917849;0.014238773274917849;0.02178649237472767;709375.0;4.534.493.552.351.320;13.613.392.070.484.500;0.5652781221115302;0.015529488612731615
SAB;13/08/2026;46.25;46.3;45.55;45.85;687300;-0.009719222462202914;0.009719222462202914;0.016216216216216217;742075.0;44.679.450.931.343.200;0.9261867061954654;-0.12259550835611215;0.015132662183403754
SAB;14/08/2026;45.85;46.5;45.3;45.3;812400;-0.01199563794983649;0.01199563794983649;0.02617230098146135;750680.0;4.438.425.783.042.780;10.822.187.882.986.000;0.13905831260219384;0.015407223785055477
SAB;17/08/2026;45.3;45.9;45.05;45.75;644800;0.009933774834437248;0.009933774834437248;0.018763796909492307;774230.0;433.355.065.433.464;0.8328274543740232;-0.29866963680357;0.015602383017351151
SAB;18/08/2026;45.85;46.3;45.5;46.3;907600;0.012021857923497192;0.012021857923497192;0.017448200654307463;776005.0;43.271.619.783.458.600;11.695.800.929.117.700;0.3041138756962008;0.015640011964640262
SAB;19/08/2026;46.2;46.55;45.65;45.9;445500;-0.008639308855291516;0.008639308855291516;0.01948051948051945;796770.0;428.327.706.687.052;0.5591324974584887;-0.8200963760129754;0.015677331703422535
SAB;20/08/2026;45.95;47.2;45.9;46.8;1646400;0.019607843137254832;0.019607843137254832;0.028291621327530016;793120.0;43.112.568.884.137.100;207.585.233.003.833;19.791.908.069.619.900;0.015865171662575745
SAB;21/08/2026;47.0;47.0;46.4;46.8;646200;0.0;0.0;0.012765957446808541;831660.0;4.714.532.408.582.940;0.7770002164346007;-0.3933794148118794;0.016322390419513288
SAB;24/08/2026;46.9;46.9;45.65;46.1;1184800;-0.014957264957264904;0.014957264957264904;0.026652452025586356;833040.0;47.083.675.615.585.500;1.422.260.635.743.780;0.7470954537873024;0.016024794338634504
SAB;25/08/2026;45.85;46.35;45.6;46.1;630400;0.0;0.0;0.016357688113413305;847655.0;47.727.215.062.598.900;0.7436987925512148;-0.45520150236096624;0.016563248993885463
SAB;26/08/2026;46.1;46.65;45.75;46.15;490300;0.0010845986984815426;0.0010845986984815426;0.01952277657266808;850825.0;47.551.727.720.562.600;0.5762642141450944;-0.7581743446181861;0.01628744695968779
SAB;27/08/2026;46.1;46.25;45.65;45.75;382500;-0.008667388949079036;0.008667388949079036;0.013015184381778773;847950.0;47.761.500.406.212.400;0.45108791791968866;-0.9745296861307525;0.016217337506408153
SAB;28/08/2026;45.95;46.1;45.6;45.6;564100;-0.003278688524590123;0.003278688524590123;0.010881392818280738;833190.0;4.876.100.274.216.110;0.6770364502694464;-0.5518549350244011;0.016385490930574863
SAB;03/09/2026;45.6;45.8;44.9;45.0;761300;-0.013157894736842146;0.013157894736842146;0.019736842105263126;835475.0;48.616.217.228.735.200;0.9112181693048864;-0.1525725451879828;0.016439687115498525
SAB;04/09/2026;45.2;45.5;44.9;45.35;352900;0.007777777777777883;0.007777777777777883;0.013274336283185872;812170.0;4.774.798.845.032.770;0.43451494145314407;-0.961862509617089;0.015559901497081047
SBT;05/05/2025;15.94;15.99;15.9;15.94;1311100;;;0.005646173149309904;;;;;
SBT;06/05/2025;15.9;15.9;15.61;15.85;2683800;-0.00564617314930993;0.00564617314930993;0.018238993710691882;;;;;
SBT;07/05/2025;15.85;15.94;15.75;15.94;2053000;0.005678233438485725;0.005678233438485725;0.011987381703470001;;;;;
SBT;08/05/2025;15.94;16.46;15.9;16.37;2362900;0.026976160602258492;0.026976160602258492;0.0351317440401506;;;;;
SBT;09/05/2025;16.37;16.42;16.13;16.37;1411000;0.0;0.0;0.017715332926084463;;;;;
SBT;12/05/2025;16.37;16.37;16.13;16.32;1862500;-0.0030543677458766405;0.0030543677458766405;0.014660965180207817;;;;;
SBT;13/05/2025;16.32;16.37;16.13;16.37;1671900;0.0030637254901961786;0.0030637254901961786;0.014705882352941298;;;;;
SBT;14/05/2025;16.37;16.42;16.18;16.42;2401200;0.0030543677458767515;0.0030543677458767515;0.014660965180207817;;;;;
SBT;15/05/2025;16.46;16.51;16.18;16.51;1460100;0.005481120584652777;0.005481120584652777;0.020048602673147134;;;;;
SBT;16/05/2025;16.56;16.56;16.32;16.51;1224800;0.0;0.0;0.014492753623188312;;;;;
SBT;19/05/2025;16.51;16.51;16.32;16.51;1271200;0.0;0.0;0.011508176862507647;;;;;
SBT;20/05/2025;16.56;16.6;16.37;16.51;2987300;0.0;0.0;0.013888888888888916;;;;;
SBT;21/05/2025;16.65;17.03;16.46;16.98;2517000;0.028467595396729273;0.028467595396729273;0.03423423423423425;;;;;
SBT;22/05/2025;17.03;17.03;16.7;16.84;1347300;-0.008244994110718551;0.008244994110718551;0.019377568995889712;;;;;
SBT;23/05/2025;16.98;16.98;16.65;16.93;1287700;0.005344418052256605;0.005344418052256605;0.019434628975265125;;;;;
SBT;26/05/2025;16.98;16.98;16.65;16.98;1402700;0.002953337271116352;0.002953337271116352;0.019434628975265125;;;;;
SBT;27/05/2025;16.93;17.03;16.79;17.03;1929700;0.002944640753828054;0.002944640753828054;0.014176018901358653;;;;;
SBT;28/05/2025;17.03;17.17;16.79;17.08;1744800;0.0029359953024072905;0.0029359953024072905;0.02231356429829727;;;;;
SBT;29/05/2025;17.08;17.12;16.93;17.12;1458200;0.0023419203747074846;0.0023419203747074846;0.011124121779859561;;;;;
SBT;30/05/2025;17.17;17.17;16.98;17.17;1666800;0.0029205607476636697;0.0029205607476636697;0.011065812463599374;;;;;
SBT;02/06/2025;17.17;17.31;16.98;17.22;1260800;0.0029120559114732547;0.0029120559114732547;0.019219569015725;1802750.0;5.313.032.323.794.400;0.6993759534045209;-1.020.038.966.397.540;
SBT;03/06/2025;17.26;17.36;17.17;17.36;1520900;0.008130081300812941;0.008130081300812941;0.011008111239860818;1800235.0;5.338.658.882.203.120;0.8448341466530759;-0.5232306580425788;0.008885744413480497
SBT;04/06/2025;17.45;17.45;17.22;17.36;1134600;0.0;0.0;0.013180515759312346;1742090.0;49.444.104.847.904.000;0.6512866729043849;-1.228.639.899.273.550;0.008636734185700712
SBT;05/06/2025;17.36;17.45;17.22;17.45;1381400;0.005184331797235098;0.005184331797235098;0.013248847926267305;1696170.0;5.065.452.233.149.150;0.8144230825919572;-0.6214055241506238;0.008692409388717019
SBT;06/06/2025;17.5;17.5;17.31;17.45;915700;0.0;0.0;0.01085714285714293;1647095.0;48.566.597.517.982.200;0.555948503273946;-15.059.630.226.910.400;0.006878360701802208
SBT;09/06/2025;17.45;17.45;17.26;17.45;1160600;0.0;0.0;0.010888252148997005;1622330.0;5.103.398.785.948.540;0.7153908267738376;-0.9047499898916496;0.006878360701802208
SBT;10/06/2025;17.45;17.59;17.31;17.59;1468300;0.008022922636103269;0.008022922636103269;0.016045845272206368;1587235.0;5.170.446.802.183.590;0.9250678065944866;-0.2300284763586992;0.006764647648699381
SBT;11/06/2025;17.59;17.64;17.5;17.64;1162400;0.002842524161455362;0.002842524161455362;0.007959067652075075;1577055.0;51.729.425.350.618.900;0.7370700451157379;-0.801584392615021;0.006843093664229595
SBT;12/06/2025;17.64;17.88;17.59;17.88;1348400;0.013605442176870763;0.013605442176870763;0.016439909297052104;1515115.0;48.667.865.035.413.900;0.8899654481673008;-0.3425566333733508;0.00684418307124586
SBT;13/06/2025;17.83;17.88;17.55;17.83;1165900;-0.002796420581655523;0.002796420581655523;0.018508132361188912;1509530.0;48.798.239.086.003.200;0.7723596086199016;-0.7041852460995113;0.007193168821874867
SBT;16/06/2025;17.78;17.92;17.74;17.92;1232100;0.0050476724621426605;0.0050476724621426605;0.010123734533183536;1506585.0;48.996.489.699.719.600;0.817809814912534;-0.5602136024074605;0.007301741372542556
SBT;17/06/2025;17.92;17.97;17.74;17.92;1757200;0.0;0.0;0.01283482142857145;1504630.0;4.910.303.818.448.880;11.678.618.663.724.600;0.5143673575778542;0.007247671813248437
SBT;18/06/2025;17.97;18.07;17.83;17.92;1379700;0.0;0.0;0.013355592654424151;1443125.0;35.325.031.064.909.700;0.9560502381983542;-0.17954690509247245;0.007247671813248437
SBT;19/06/2025;17.92;18.02;17.74;18.02;1238300;0.005580357142856984;0.005580357142856984;0.015625000000000062;1386260.0;2.467.763.219.043.340;0.893266775352387;-0.5995712994594289;0.004485642227754621
SBT;20/06/2025;18.02;18.07;17.92;17.92;1525500;-0.005549389567147456;0.005549389567147456;0.008324084350721342;1380810.0;24.887.671.202.720.700;1.104.786.321.072.410;0.5813721935710167;0.0037066478113241953
SBT;23/06/2025;17.74;18.07;17.69;18.02;1262400;0.005580357142856984;0.005580357142856984;0.02142051860202926;1392700.0;24.987.270.654.011.800;0.9064407266460831;-0.5214655165992671;0.004176309914446158
SBT;24/06/2025;18.07;18.07;17.88;18.02;1317400;0.0;0.0;0.010514665190924255;1385685.0;25.154.102.997.952.000;0.9507211234876614;-0.27146664703392354;0.004220681297371121
SBT;25/06/2025;18.02;18.11;17.88;18.02;1142500;0.0;0.0;0.012763596004439536;1355070.0;2.166.916.147.310.200;0.8431298752093987;-0.9809793529106502;0.0042732017515068514
SBT;26/06/2025;18.02;18.07;17.83;18.07;1508400;0.002774694783573839;0.002774694783573839;0.013318534961154383;1324955.0;20.095.929.536.783.500;11.384.537.588.069.000;0.9128465526524806;0.004319831758085353
SBT;27/06/2025;18.02;18.3;17.83;18.3;2063000;0.01272827891532935;0.01272827891532935;0.02608213096559392;1327465.0;2.030.141.251.891.490;1.554.089.938.341.120;36.230.730.217.155.800;0.004319074346169809
SBT;30/06/2025;18.25;18.63;18.11;18.63;2016600;0.0180327868852459;0.0180327868852459;0.028493150684931485;1347275.0;25.142.695.261.248.300;14.967.990.944.684.600;26.621.052.080.745.200;0.004866056124087104
SBT;01/07/2025;18.63;18.73;18.44;18.58;1160200;-0.0026838432635534204;0.0026838432635534204;0.015566290928609724;1385065.0;2.913.716.279.129.310;0.8376502185817994;-0.7717463831694523;0.005886171348158759
SBT;02/07/2025;18.54;18.68;18.49;18.68;1151100;0.005382131324004336;0.005382131324004336;0.010248112189859833;1367030.0;2.936.753.472.441.070;0.8420444320900053;-0.7352677098241934;0.005978820444762151
SBT;03/07/2025;18.68;18.77;18.58;18.63;1064500;-0.002676659528907943;0.002676659528907943;0.010171306209850175;1367855.0;293.010.456.926.747;0.7782257622335701;-10.353.043.477.756.800;0.005937840634915688
SBT;04/07/2025;18.68;18.73;18.49;18.63;1140600;0.0;0.0;0.012847965738758137;1352010.0;3.007.067.935.451.580;0.843632813366765;-0.7030436443008118;0.006091732057327652
SBT;07/07/2025;18.63;18.68;18.49;18.68;1235900;0.0026838432635534204;0.0026838432635534204;0.010198604401503022;1363255.0;2.874.447.964.850.220;0.9065802069312051;-0.4430589857855927;0.006091732057327652
SBT;08/07/2025;18.68;18.73;18.49;18.68;1186000;0.0;0.0;0.012847965738758137;1367020.0;2.851.345.436.806.980;0.8675805767289433;-0.634858188921197;0.006044717489322119
SBT;09/07/2025;18.73;18.87;18.58;18.87;1594800;0.010171306209850073;0.010171306209850073;0.015483182060865066;1352905.0;2.868.392.534.889.620;11.787.967.373.910.200;0.8433120539037663;0.005989749483511781
SBT;10/07/2025;18.68;18.92;18.58;18.92;1409300;0.00264970853206159;0.00264970853206159;0.01820128479657406;1374525.0;28.801.781.172.077.000;1.025.299.648.969.640;0.12073906051933321;0.006198377446116148
SBT;11/07/2025;18.92;19.01;18.77;18.96;1501000;0.0021141649048626032;0.0021141649048626032;0.01268498942917558;1377570.0;28.804.899.820.763.300;10.895.998.025.508.600;0.42850348644860925;0.0057135913695837036
SBT;14/07/2025;18.96;19.06;18.82;19.01;1153000;0.0026371308016877038;0.0026371308016877038;0.012658227848101182;1394325.0;28.481.651.133.945.600;0.8269234217273591;-0.8472998944656627;0.005561843748629279
SBT;15/07/2025;19.01;19.06;18.82;19.06;1425700;0.002630194634402727;0.002630194634402727;0.012624934245134056;1390370.0;28.772.212.673.085.500;10.254.105.022.404.100;0.12279208554943306;0.005543315656208089
SBT;16/07/2025;19.06;19.1;18.87;19.1;1171000;0.0020986358866736943;0.0020986358866736943;0.01206715634837358;1373795.0;27.473.295.833.360.900;0.8523833614185523;-0.7381531550857653;0.005500147135208681
SBT;17/07/2025;19.1;19.2;18.87;19.2;1722200;0.005235602094240788;0.005235602094240788;0.017277486910994674;1363360.0;27.843.537.736.505.500;12.632.026.757.422.800;12.887.730.122.366.000;0.005457692362650413
SBT;18/07/2025;19.25;20.52;19.25;20.47;1972700;0.06614583333333335;0.06614583333333335;0.06597402597402595;1387555.0;28.786.117.903.381.200;14.217.094.097.170.900;203.273.328.471.731;0.005450343515760888
SBT;21/07/2025;20.47;20.61;20.28;20.47;1328900;0.0;0.0;0.016121152906692637;1409915.0;3.152.095.013.846.470;0.9425390892358759;-0.25701953667043226;0.014857931248175311
SBT;22/07/2025;20.47;20.57;20.28;20.57;1213600;0.004885197850513112;0.004885197850513112;0.014167073766487502;1413240.0;3.139.196.350.392.210;0.8587359542611305;-0.6359589452729099;0.01493375381550144
SBT;23/07/2025;20.61;21.23;20.61;21.23;2287200;0.03208556149732611;0.03208556149732611;0.030082484230955896;1408050.0;3.164.355.185.000.900;16.243.741.344.412.400;2.778.291.148.121.370;0.014861686180487065
SBT;24/07/2025;21.27;21.79;21.27;21.75;2282600;0.02449364107395202;0.02449364107395202;0.024447578749412297;1465285.0;3.655.830.473.367.160;15.577.856.867.435.300;2.235.647.976.442.460;0.015798053565875388
SBT;25/07/2025;21.75;22.08;21.56;22.08;2476600;0.015172413793103301;0.015172413793103301;0.023908045977011474;1503995.0;40.882.012.191.053.800;16.466.810.062.533.400;2.379.053.642.112.150;0.016137840309640904
SBT;28/07/2025;22.12;23.54;22.12;23.54;3282100;0.06612318840579712;0.06612318840579712;0.06419529837251348;1524675.0;4.472.409.333.904.930;2.152.655.483.955.590;3.929.481.558.579.880;0.016173341592079397
SBT;29/07/2025;23.58;23.82;22.88;23.11;2692300;-0.018266779949022927;0.018266779949022927;0.03986429177268878;1587950.0;5.879.018.227.203.370;16.954.564.060.581.200;18.784.599.015.018.400;0.020497264241334745
SBT;30/07/2025;23.11;23.4;22.78;23.4;1616800;0.012548680225010767;0.012548680225010767;0.026828212894850604;1664555.0;6.277.023.619.812.510;0.971310650594303;-0.07607905098408148;0.021361072216935482
SBT;31/07/2025;23.4;23.44;22.59;22.83;3261500;-0.024358974358974383;0.024358974358974383;0.03632478632478639;1687840.0;6.161.850.169.858.840;19.323.514.077.163.700;2.553.875.794.802.140;0.02131879298601837
SBT;01/08/2025;22.69;22.83;21.7;22.36;2369900;-0.020586946999561984;0.020586946999561984;0.049801674746584354;1797690.0;6.905.569.117.138.640;1.318.302.933.208.720;0.8286210597470615;0.022592845159831284
SBT;04/08/2025;22.31;22.64;22.17;22.64;1347400;0.012522361359570633;0.012522361359570633;0.02106678619453155;1859155.0;6.836.668.244.223.850;0.7247378513356875;-0.748544439657972;0.023543125545414746
SBT;05/08/2025;22.64;23.02;22.5;22.83;2534500;0.008392226148409732;0.008392226148409732;0.022968197879858637;1864730.0;6.787.539.272.737.010;13.591.780.043.223.400;0.9867640879666262;0.02349764161903418
SBT;06/08/2025;22.83;22.97;22.64;22.78;1331700;-0.0021901007446341048;0.0021901007446341048;0.014454664914585998;1932155.0;6.747.485.227.260.980;0.6892304188846133;-0.889894501101032;0.02338593081567876
SBT;07/08/2025;22.78;22.97;22.64;22.97;2724400;0.008340649692712754;0.008340649692712754;0.01448639157155392;1919000.0;6.841.707.443.090.650;14.196.977.592.496.000;11.771.915.222.907.700;0.023553227628762333
SBT;08/08/2025;22.97;23.63;22.92;23.54;1574500;0.024814976055724802;0.024814976055724802;0.030909882455376462;1984755.0;6.957.049.892.583.400;0.7932969056634194;-0.5896967915054833;0.023497669756137957
SBT;11/08/2025;23.54;23.58;23.3;23.58;1258200;0.001699235344095218;0.001699235344095218;0.011894647408665998;1988430.0;6.932.047.378.129.460;0.6327605196059203;-1.053.411.726.965.200;0.023644459114799107
SBT;12/08/2025;23.58;23.58;23.35;23.58;1152700;0.0;0.0;0.009754028837998172;1993690.0;6.869.023.748.148.750;0.5781741394098381;-12.243.224.522.649.900;0.023663125415677694
SBT;13/08/2025;23.54;23.58;23.07;23.49;1638500;-0.003816793893129722;0.003816793893129722;0.02166525063721317;1980040.0;7.013.441.106.002.700;0.8275085351811075;-0.48697920869069655;0.02371985254747367
SBT;14/08/2025;23.49;23.58;23.35;23.54;1144300;0.002128565346956268;0.002128565346956268;0.009791400595998164;2003415.0;6.804.396.297.711.920;0.5711747191670223;-12.625.881.303.957.600;0.023872523909676254
SBT;15/08/2025;23.54;23.58;23.25;23.54;1383200;0.0;0.0;0.014018691588784975;1974520.0;7.048.427.219.861.470;0.7005246844802787;-0.8389389314168462;0.023919757940147
SBT;18/08/2025;23.54;23.54;23.25;23.44;1159900;-0.004248088360237823;0.004248088360237823;0.012319456244689853;1945045.0;7.171.413.466.160.730;0.5963358174232473;-10.948.260.112.247.100;0.0200877660489104
SBT;19/08/2025;23.44;23.49;23.21;23.49;1834800;0.00213310580204773;0.00213310580204773;0.011945392491467473;1936595.0;725.727.673.641.755;0.9474360927297654;-0.14026611316774676;0.020190095913035094
SBT;20/08/2025;23.49;23.49;23.16;23.35;1092900;-0.005959982971477151;0.005959982971477151;0.014048531289910529;1967655.0;7.061.861.410.160.620;0.5554327359216936;-1.238.703.153.734.220;0.020214537799991265
SBT;21/08/2025;23.35;23.58;23.21;23.35;1137300;0.0;0.0;0.015845824411134794;1907940.0;7.279.042.782.645.180;0.5960879272933111;-10.587.106.340.924.000;0.01949191788776575
SBT;22/08/2025;23.35;23.35;23.07;23.07;1407800;-0.011991434689507585;0.011991434689507585;0.011991434689507542;1850675.0;7.417.964.828.534.060;0.7606954219406433;-0.5970303314143925;0.018961415774436767
SBT;25/08/2025;23.3;23.3;22.83;23.11;1009700;0.001733853489380044;0.001733853489380044;0.02017167381974259;1797235.0;7.327.747.519.746.970;0.5618074431000954;-1.074.729.987.458.940;0.01907064126470499
SBT;26/08/2025;23.11;23.3;22.64;23.21;1112500;0.004327131112072724;0.004327131112072724;0.0285590653396798;1683615.0;6.633.017.542.051.120;0.660780522863006;-0.8610183772006047;0.011783097812152121
SBT;27/08/2025;23.21;23.3;23.02;23.21;1359400;0.0;0.0;0.012063765618268036;1604625.0;6.300.941.298.726.720;0.8471761314948976;-0.3891878822130186;0.011088540690565524
SBT;28/08/2025;23.21;23.21;22.64;22.64;1972200;-0.024558380008616987;0.024558380008616987;0.024558380008616987;1591755.0;6.324.566.958.131.970;12.390.097.722.325.300;0.6015352553281661;0.010705884781839595
SBT;29/08/2025;22.74;23.11;22.5;23.11;2114700;0.020759717314487558;0.020759717314487558;0.02682497801231308;1527290.0;5.064.636.568.246.630;13.846.093.407.276.900;11.598.265.583.020.100;0.010729484792274235
SBT;03/09/2025;23.07;23.16;22.92;23.16;1052700;0.002163565556036362;0.002163565556036362;0.010403120936280817;1514530.0;4.869.564.890.321.580;0.6950671165312011;-0.9484009565575401;0.010610315980202527
SBT;04/09/2025;23.16;23.21;23.02;23.16;1145500;0.0;0.0;0.008203799654576911;1499795.0;49.664.230.109.490.400;0.7637710487099904;-0.7133806347524488;0.010302819281735874
SBT;05/09/2025;23.16;23.21;23.11;23.11;1042600;-0.0021588946459413227;0.0021588946459413227;0.004317789291882618;1430345.0;4.379.895.690.598.840;0.728915051962988;-0.8852836400471112;0.010163857445186199
SBT;08/09/2025;23.02;23.02;22.78;22.88;1392800;-0.009952401557767221;0.009952401557767221;0.010425716768027735;1415890.0;4.461.117.866.751.850;0.9836922359787836;-0.051758327597858;0.010163382009507617
SBT;09/09/2025;22.88;22.92;22.74;22.88;1313700;0.0;0.0;0.00786713286713301;1349310.0;3.228.960.724.117.700;0.9736087333526025;-0.11028316242443681;0.010268643533990495
SBT;10/09/2025;22.83;22.88;22.69;22.83;1096200;-0.0021853146853146876;0.0021853146853146876;0.008322382829610063;1336270.0;31.856.027.290.559.000;0.8203431941149618;-0.7536093493715331;0.008428095687953075
SBT;11/09/2025;22.83;22.83;22.64;22.78;891000;-0.0021901007446341048;0.0021901007446341048;0.008322382829610063;1328170.0;3.226.827.333.791.700;0.6708478583313883;-13.547.982.422.917.500;0.00839793458714068
SBT;12/09/2025;22.78;22.83;22.5;22.78;975600;0.0;0.0;0.01448639157155392;1315085.0;3.352.345.860.108.920;0.7418531881969607;-1.012.678.924.450.140;0.008390506053171237
SBT;15/09/2025;22.78;22.78;22.59;22.78;940200;0.0;0.0;0.008340649692712962;1281940.0;33.434.486.670.911.600;0.7334196608265597;-10.221.182.797.381.400;0.008383007859762055
SBT;16/09/2025;22.78;22.83;22.59;22.78;908800;0.0;0.0;0.010535557506584654;1271735.0;3.417.987.962.699.380;0.7146142867814442;-10.618.381.456.012.100;0.008347955483049138
SBT;17/09/2025;22.78;22.78;22.64;22.74;951200;-0.0017559262510975504;0.0017559262510975504;0.006145741878841113;1248015.0;3.500.185.352.610.850;0.7621703264784477;-0.8479979489617598;0.008347955483049138
SBT;18/09/2025;22.74;22.78;22.55;22.64;635100;-0.004397537379067673;0.004397537379067673;0.01011433597185578;1237580.0;3.558.461.843.934.370;0.5131789460075308;-1.693.091.078.177.400;0.008325016067649915
SBT;19/09/2025;22.74;22.74;22.55;22.59;1271600;-0.0022084805653710404;0.0022084805653710404;0.008355321020228573;1177595.0;3.509.573.410.499.370;1.079.827.954.432.550;0.26785306646890766;0.008303816769494023
SBT;22/09/2025;22.59;22.64;22.45;22.59;644600;0.0;0.0;0.008410801239486555;1186530.0;3.509.623.658.036.940;0.5432648142061305;-1.544.125.675.010.750;0.008247276934534403
SBT;23/09/2025;22.59;22.88;22.5;22.64;768300;0.002213368747233213;0.002213368747233213;0.016821602478972953;1161895.0;37.130.239.694.039.700;0.6612473588405149;-1.060.038.941.960.240;0.008247276934534403
SBT;24/09/2025;22.64;22.69;22.45;22.69;994200;0.0022084805653710404;0.0022084805653710404;0.010600706713781006;1129920.0;37.651.054.867.447.900;0.8798853016142736;-0.3604679881554648;0.00791199413091094
SBT;25/09/2025;22.69;22.74;22.5;22.74;931900;0.002203613926839987;0.002203613926839987;0.010577346848832015;1129145.0;37.678.688.165.090.100;0.8253147292863184;-0.5234922169682921;0.007921049617368269
SBT;26/09/2025;22.74;22.78;22.45;22.74;949900;0.0;0.0;0.014511873350923564;1120115.0;3.793.620.993.124.330;0.8480379246773769;-0.4486874158185604;0.007861491383767773
SBT;29/09/2025;22.74;22.74;22.45;22.74;920200;0.0;0.0;0.012752858399296357;1099640.0;376.809.861.866.698;0.836819322687425;-0.47620834314437216;0.007861491383767773
SBT;30/09/2025;22.74;22.74;22.55;22.74;978000;0.0;0.0;0.008355321020228573;1047040.0;3.173.268.552.338.920;0.9340617359413202;-0.21756746667127386;0.005571340674095467
SBT;01/10/2025;22.74;22.74;22.5;22.74;868800;0.0;0.0;0.010554089709762465;990205.0;19.378.428.450.483.900;0.8773940749642751;-0.6264955917876197;0.0027815179466351876
SBT;02/10/2025;22.74;22.74;22.5;22.64;743400;-0.004397537379067673;0.004397537379067673;0.010554089709762465;981010.0;19.502.189.053.917.400;0.7577904404644193;-12.183.760.466.226.700;0.0027009776725172327
SBT;03/10/2025;22.64;22.64;22.45;22.64;812100;0.0;0.0;0.00839222614840995;960905.0;19.787.749.393.314.800;0.8451407787450372;-0.7520056831236847;0.002800075455314514
SBT;06/10/2025;22.64;22.74;22.59;22.74;907100;0.004416961130741859;0.004416961130741859;0.006625441696113011;949380.0;19.957.413.765.579.100;0.955465672333523;-0.2118510970240094;0.002799978744641592
SBT;07/10/2025;22.74;22.78;22.59;22.78;781700;0.0017590149516271136;0.0017590149516271136;0.008355321020228729;925095.0;1.701.606.005.328.030;0.8449942978829201;-0.8427038900368515;0.002158159686312749
SBT;08/10/2025;22.78;23.02;22.74;23.02;1176100;0.010535557506584636;0.010535557506584636;0.012291483757682227;898495.0;14.609.568.773.130.900;130.896.666.091.631;19.001.587.542.443.700;0.00220652755736192
SBT;09/10/2025;23.02;23.58;22.97;23.58;1256600;0.024326672458731435;0.024326672458731435;0.026498696785403973;902490.0;15.272.836.533.842.400;13.923.699.985.595.400;23.185.607.939.647.700;0.0032130522604087272
SBT;10/10/2025;23.63;25.24;23.63;25.24;2006800;0.0703986429177268;0.0703986429177268;0.06813372831146845;920770.0;1.719.503.940.094.350;21.794.802.176.439.200;631.594.947.052.234;0.006180372853217011
SBT;13/10/2025;25.42;26.04;25.09;25.38;806300;0.005546751188589605;0.005546751188589605;0.03737214791502751;972330.0;29.780.406.681.327.600;0.8292452151018687;-0.5575142132095232;0.0165246114648246
SBT;14/10/2025;25.38;25.42;24.91;25.19;988300;-0.007486209613869144;0.007486209613869144;0.0200945626477542;965635.0;30.006.097.147.956.900;1.023.471.601.588.590;0.0755346484690802;0.01647807500800531
SBT;15/10/2025;25.19;25.19;24.15;24.53;1115500;-0.026200873362445365;0.026200873362445365;0.041286224692338336;969610.0;29.979.489.637.873.500;11.504.625.571.105.900;0.4866327004302796;0.016694212125911594
SBT;16/10/2025;24.53;24.58;23.87;24.06;797500;-0.019160211985324138;0.019160211985324138;0.028944150020383093;977825.0;30.151.004.674.715.800;0.8155856109221998;-0.5980729396762612;0.01806630126166223
SBT;17/10/2025;24.06;24.1;23.63;23.96;1293600;-0.004156275976724744;0.004156275976724744;0.01953449709060692;985945.0;2.938.846.756.897.390;13.120.407.324.952.200;10.468.562.175.892.300;0.01871506126868343
SBT;20/10/2025;23.96;24.06;23.58;23.58;929900;-0.015859766277128706;0.015859766277128706;0.020033388981636077;987045.0;2.950.490.119.410.130;0.9421049698848584;-0.19367968604288854;0.018749765785766495
SBT;21/10/2025;23.58;23.68;22.64;23.63;902900;0.0021204410517388084;0.0021204410517388084;0.04410517387616621;1001310.0;2.843.229.851.678.130;0.9017187484395442;-0.34612045150664206;0.019217777629410796
SBT;22/10/2025;23.63;23.87;23.44;23.87;809500;0.010156580617858735;0.010156580617858735;0.018197206940330078;1008040.0;28.007.862.129.277.700;0.80304353001865;-0.7088723840598244;0.019217815341580353
SBT;23/10/2025;23.87;24.34;23.87;24.1;768100;0.00963552576455795;0.00963552576455795;0.019689987431922868;998805.0;283.582.117.458.251;0.7690189776783256;-0.8135386041539252;0.019297559278388436
SBT;24/10/2025;24.1;24.1;23.68;24.1;819600;0.0;0.0;0.017427385892116252;990615.0;28.794.777.720.054.800;0.8273648188246695;-0.5939097764970491;0.019358749422087467
SBT;27/10/2025;24.1;24.15;23.77;23.96;666900;-0.0058091286307053736;0.0058091286307053736;0.015767634854771742;984100.0;290.381.241.238.407;0.6776750330250991;-10.923.570.635.872.200;0.019358749422087467
SBT;28/10/2025;23.96;23.96;23.58;23.77;796200;-0.007929883138564353;0.007929883138564353;0.015859766277128654;971435.0;2.987.190.746.380.810;0.8196122231544056;-0.5866213940717018;0.019450782427954418
SBT;29/10/2025;23.77;23.96;23.58;23.96;711000;0.00799326882625162;0.00799326882625162;0.015986537652503262;962345.0;30.126.402.736.505.100;0.7388202775511901;-0.834301400662871;0.01959099441134537
SBT;30/10/2025;23.96;24.01;23.73;23.96;826000;0.0;0.0;0.011686143572621082;954455.0;30.587.397.383.304.900;0.8654153417395267;-0.41996054254067594;0.019621077735449372
SBT;31/10/2025;23.96;23.96;23.77;23.92;861000;-0.0016694490818029983;0.0016694490818029983;0.007929883138564327;958585.0;30.342.207.926.288.100;0.8981989077650913;-0.3216146967190655;0.019560788189117006
SBT;03/11/2025;23.92;23.96;23.73;23.92;837300;0.0;0.0;0.009615384615384633;961030.0;3.023.747.780.835.110;0.8712527184375097;-0.4091941820816407;0.01957788304126541
SBT;04/11/2025;23.92;24.01;23.68;24.01;935000;0.003762541806020092;0.003762541806020092;0.013795986622073654;957540.0;3.034.309.674.374.050;0.976460513398918;-0.07428378253663162;0.01958514842054639
SBT;05/11/2025;23.96;24.1;23.68;24.01;875200;0.0;0.0;0.017529215358931625;965205.0;30.067.905.511.393.700;0.9067503794530696;-0.2993391074941815;0.019585151959778842
SBT;06/11/2025;24.01;24.01;23.68;23.87;588900;-0.005830903790087438;0.005830903790087438;0.013744273219491954;950160.0;2.970.776.212.585.380;0.6197903510987623;-1.216.045.821.524.890;0.019507962934511562
SBT;07/11/2025;23.87;23.87;23.58;23.77;718300;-0.004189359028068718;0.004189359028068718;0.012149141181399358;916775.0;2.983.427.292.208.530;0.7835074036704753;-0.6652583775657408;0.01886951833798984
SBT;10/11/2025;23.77;23.77;23.54;23.68;730700;-0.003786285233487563;0.003786285233487563;0.009676062263357191;852350.0;15.549.335.914.064.600;0.8572769402240864;-0.782348523900402;0.00935898906950147
SBT;11/11/2025;23.68;23.77;23.58;23.68;839400;0.0;0.0;0.008023648648648702;848570.0;1.575.766.917.709.390;0.989193584500984;-0.05819388576408188;0.009143016737580294
SBT;12/11/2025;23.68;23.82;23.58;23.82;902500;0.005912162162162282;0.005912162162162282;0.010135135135135219;841125.0;15.410.674.999.732.100;10.729.677.515.232.500;0.39826289244998586;0.00912102255385777
SBT;13/11/2025;23.82;23.82;23.63;23.82;658400;0.0;0.0;0.007976490344248584;830475.0;14.094.525.206.244.900;0.7927993016045034;-12.208.641.120.011.400;0.007515661844320164
SBT;14/11/2025;23.77;23.82;23.63;23.82;814000;0.0;0.0;0.007993268826251631;823520.0;1.459.994.109.577.150;0.9884398678842043;-0.06520574252698297;0.006253213367137108
SBT;17/11/2025;23.82;23.96;23.82;23.92;815000;0.004198152812762368;0.004198152812762368;0.0058774139378673625;799540.0;9.531.536.243.329.030;1.019.336.118.268.000;0.1621984075318415;0.006193475074095182
SBT;18/11/2025;23.87;23.96;23.73;23.96;834900;0.0016722408026754731;0.0016722408026754731;0.00963552576455804;793795.0;9.037.947.179.007.320;10.517.828.910.486.900;0.4548046053585668;0.005056627559663419
SBT;19/11/2025;23.96;24.01;23.73;23.92;824900;-0.0016694490818029983;0.0016694490818029983;0.011686143572621082;790395.0;8.728.508.930.962.660;10.436.553.874.961.200;0.3953137961238755;0.005051122761745762
SBT;20/11/2025;23.92;23.92;23.73;23.87;647800;-0.002090301003344508;0.002090301003344508;0.007943143812709084;791165.0;8.753.008.069.410.080;0.8187925401148939;-1.637.894.068.680.570;0.004554316361635524
SBT;21/11/2025;23.87;23.92;23.68;23.87;717100;0.0;0.0;0.010054461667364976;785150.0;9.315.146.409.562.170;0.9133286633127428;-0.7305306541413601;0.003983055919118543
SBT;24/11/2025;23.87;23.87;23.68;23.82;814400;-0.0020946795140344143;0.0020946795140344143;0.007959782153330593;780025.0;9.397.239.166.232.200;10.440.691.003.493.400;0.3657989265988059;0.003983055919118543
SBT;25/11/2025;23.82;23.82;23.58;23.73;808300;-0.0037783375314861534;0.0037783375314861534;0.010075566750629806;787400.0;903.449.413.141.248;10.265.430.530.861.000;0.2313355866526246;0.0038036471753449723
SBT;26/11/2025;23.73;23.82;23.68;23.82;811400;0.0037926675094817064;0.0037926675094817064;0.005899705014749287;788005.0;9.044.742.860.969.170;10.296.888.979.130.800;0.25865854186918424;0.0034625319086041256
SBT;27/11/2025;23.82;23.82;23.58;23.68;799700;-0.005877413937867337;0.005877413937867337;0.010075566750629806;793025.0;8.871.822.856.069.310;10.084.171.369.124.500;0.07523820198273634;0.0030499653436523192
SBT;28/11/2025;23.58;23.58;22.69;23.58;794100;-0.004222972972973027;0.004222972972973027;0.03774385072094984;791710.0;8.839.807.630.676.620;10.030.187.821.298.200;0.02703678744892623;0.003294081000529955
SBT;01/12/2025;23.58;23.58;23.25;23.49;823300;-0.003816793893129722;0.003816793893129722;0.013994910941475756;788365.0;8.689.104.051.081.820;10.443.132.305.467.600;0.4020552613321563;0.003386617543141881
SBT;02/12/2025;23.44;23.49;23.35;23.49;851700;0.0;0.0;0.00597269624573366;787665.0;8.653.171.779.301.820;1.081.297.252.004.340;0.7400176678934096;0.0034514171192277627
SBT;03/12/2025;23.49;23.58;23.4;23.58;806000;0.003831417624521105;0.003831417624521105;0.007662835249042134;783500.0;8.088.749.822.080.710;1.028.717.294.192.720;0.2781641229473977;0.0032822420352014033
SBT;04/12/2025;23.58;23.63;23.44;23.58;676600;0.0;0.0;0.008057675996607198;780040.0;7.819.371.626.389.110;0.8673914158248295;-1.322.868.447.010.580;0.0034563460394838323
SBT;05/12/2025;23.58;23.77;23.35;23.77;890300;0.008057675996607339;0.008057675996607339;0.01781170483460552;784425.0;6.880.623.346.149.610;11.349.714.759.218.500;15.387.413.999.234.100;0.003258569332402308
SBT;08/12/2025;23.77;23.77;23.49;23.58;645900;-0.00799326882625162;0.00799326882625162;0.011779554059739215;793025.0;7.082.575.263.872.680;0.8144762144951294;-207.728.113.741.997;0.0036739857170117202
SBT;09/12/2025;23.58;23.58;23.3;23.44;524900;-0.005937234944868419;0.005937234944868419;0.011874469889736963;788785.0;7.702.059.379.426.430;0.6654538308918146;-3.426.161.588.741.880;0.004007825172535208
SBT;10/12/2025;23.44;23.44;23.16;23.35;552300;-0.0038395904436859807;0.0038395904436859807;0.011945392491467624;773060.0;9.592.737.603.877.330;0.7144335497891496;-2.301.324.284.224.860;0.0042068682678346875
SBT;11/12/2025;23.02;23.25;22.97;23.16;665500;-0.008137044967880147;0.008137044967880147;0.012163336229365818;755550.0;10.277.400.603.162.900;0.8808153001125009;-0.8761943168030842;0.003983674212354459
SBT;12/12/2025;23.16;23.21;22.78;23.02;580200;-0.006044905008635637;0.006044905008635637;0.01856649395509498;755905.0;10.243.246.542.812.600;0.7675567696998962;-17.153.253.049.765.400;0.004281780564635258
SBT;15/12/2025;23.02;23.02;22.83;22.97;600600;-0.002172024326672517;0.002172024326672517;0.008253692441355398;744215.0;10.860.839.492.124.100;0.807024851689364;-13.223.195.141.051.700;0.004390089421578517
SBT;16/12/2025;22.88;23.25;22.69;23.25;807200;0.012189812799303423;0.012189812799303423;0.02447552447552442;733495.0;11.178.839.726.535.900;11.004.846.658.804.700;0.6593260284879238;0.004165158836044521
SBT;17/12/2025;23.11;23.21;22.88;23.21;573800;-0.0017204301075268713;0.0017204301075268713;0.014279532669839976;732110.0;11.063.152.639.089.300;0.7837620029776946;-14.309.664.267.005.000;0.005192572938778004
SBT;18/12/2025;23.21;23.21;22.97;23.21;511700;0.0;0.0;0.010340370529944075;719555.0;11.375.108.316.430.500;0.7111339647420976;-182.727.930.335.194;0.005192678116561299
SBT;19/12/2025;23.11;23.35;22.88;23.35;847700;0.006031882809133915;0.006031882809133915;0.020337516226741775;712750.0;12.203.874.061.348.800;11.893.370.747.106.200;11.057.963.997.465.600;0.0052010457063076465
SBT;22/12/2025;23.35;23.35;23.02;23.35;735600;0.0;0.0;0.014132762312633912;719280.0;12.572.220.672.243.100;10.226.893.560.226.800;0.12981000274701754;0.0054544886017011025
SBT;23/12/2025;23.35;23.35;22.92;22.92;572500;-0.018415417558886538;0.018415417558886538;0.018415417558886496;715340.0;1.238.044.825.308.710;0.8003187295551766;-1.153.754.670.913.320;0.005454222912978655
SBT;24/12/2025;22.92;23.02;22.74;23.02;503100;0.004363001745200545;0.004363001745200545;0.012216404886562003;703550.0;12.569.911.233.618.600;0.7150877691706347;-15.946.811.101.091.100;0.0066909985783789915
SBT;25/12/2025;23.02;23.02;22.83;22.92;539500;-0.004344048653344812;0.004344048653344812;0.008253692441355398;688135.0;1.305.859.679.533.590;0.7840031389189621;-11.382.157.082.381.700;0.006716866883636406
SBT;26/12/2025;22.92;22.92;21.75;22.83;510600;-0.003926701570680757;0.003926701570680757;0.051047120418848235;675125.0;13.184.153.516.527.600;0.7563043880762822;-12.478.996.076.141.800;0.006675118234748747
SBT;29/12/2025;22.83;23.07;22.78;23.07;872400;0.010512483574244502;0.010512483574244502;0.012702584318878631;660950.0;13.360.515.866.182.900;13.199.182.994.175.000;15.826.484.704.471.900;0.006669337000554384
SBT;30/12/2025;23.07;23.3;23.07;23.11;665400;0.001733853489380044;0.001733853489380044;0.009969657563935867;663405.0;13.714.945.161.737.700;1.003.007.212.788.560;0.014546175551366355;0.007168908436767212
SBT;31/12/2025;23.11;23.73;23.07;23.68;1172400;0.02466464733881435;0.02466464733881435;0.0285590653396798;654090.0;12.981.830.582.131.200;17.924.138.879.970.600;3.992.580.219.876.110;0.007190525898896205
SBT;05/01/2026;23.68;23.68;23.3;23.49;593900;-0.008023648648648685;0.008023648648648685;0.016047297297297255;672410.0;1.715.347.468.253.030;0.8832408798203477;-0.45769152578723293;0.00914005626910695
SBT;06/01/2026;23.4;23.4;23.11;23.11;783400;-0.016177096636866728;0.016177096636866728;0.012393162393162358;668275.0;17.242.290.687.663.700;1.172.271.894.055.590;0.667689705999262;0.009325860945900539
SBT;07/01/2026;23.07;23.11;22.74;23.11;673800;0.0;0.0;0.016038144776766405;662930.0;16.674.133.797.434.100;10.163.969.046.505.600;0.06519079270955996;0.009767279738656199
SBT;08/01/2026;23.07;23.11;22.64;23.11;618000;0.0;0.0;0.02037277850021668;664325.0;1.667.080.677.964.350;0.9302675648214352;-0.27788097248278704;0.009644410990233538
SBT;09/01/2026;23.07;23.11;22.97;23.02;643300;-0.0038944180008654294;0.0038944180008654294;0.0060684872128305405;668980.0;1.638.859.218.127.690;0.9616132021884062;-0.15669436224874778;0.009574335233611276
SBT;12/01/2026;23.02;23.07;22.92;22.97;568800;-0.002172024326672517;0.002172024326672517;0.006516072980017314;673530.0;1.617.249.943.251.620;0.8445058126586789;-0.647580792548561;0.009575299762596853
SBT;13/01/2026;22.97;23.02;22.64;22.64;675100;-0.014366565084893312;0.014366565084893312;0.016543317370483198;668695.0;16.341.436.667.821.500;10.095.783.578.462.500;0.03919484027137166;0.009422083131650992
SBT;14/01/2026;22.64;22.97;22.59;22.88;829700;0.010600706713780772;0.010600706713780772;0.016784452296819744;673440.0;16.208.188.443.856.900;12.320.325.492.991.200;0.9640805975403353;0.009859481889750913
SBT;15/01/2026;22.88;22.92;22.69;22.88;820400;0.0;0.0;0.010052447552447571;684895.0;16.473.701.362.442.700;1.197.847.845.290.150;0.8225534566805283;0.010173631937650985
SBT;16/01/2026;22.88;22.97;22.78;22.92;504200;0.0017482517482518833;0.0017482517482518833;0.008304195804195705;685555.0;16.527.835.683.126.200;0.735462508478532;-10.972.701.052.754.900;0.009752039467277915
SBT;19/01/2026;22.92;23.07;22.83;22.92;550400;0.0;0.0;0.010471204188481761;682075.0;16.845.740.012.802.800;0.8069493823992963;-0.7816516217152003;0.009764833637604674
SBT;20/01/2026;22.92;23.02;22.88;22.97;532900;0.0021815008726002727;0.0021815008726002727;0.006108202443281001;684010.0;16.660.950.216.157.000;0.7790821771611526;-0.9069710793173147;0.009764833637604674
SBT;21/01/2026;22.97;22.97;22.64;22.64;511900;-0.014366565084893312;0.014366565084893312;0.014366565084893266;668270.0;16.519.536.472.406.100;0.766007751357984;-0.9465761963793385;0.00966499408024318
SBT;22/01/2026;22.64;22.83;22.64;22.64;599200;0.0;0.0;0.008392226148409794;657085.0;16.794.686.275.880.900;0.9119063743655691;-0.3446625858270982;0.010127133889325325
SBT;23/01/2026;22.64;22.83;22.59;22.69;484600;0.0022084805653710404;0.0022084805653710404;0.01060070671378085;658420.0;16.734.415.090.496.900;0.7360043741077124;-10.386.977.917.065.500;0.009312026790343484
SBT;26/01/2026;22.69;22.69;22.5;22.64;368100;-0.002203613926840098;0.002203613926840098;0.008373732921992123;657495.0;16.829.629.409.248.100;0.5598521661761686;-17.195.565.806.159.200;0.009264255052653401
SBT;27/01/2026;22.64;22.69;22.45;22.69;501300;0.0022084805653710404;0.0022084805653710404;0.010600706713781006;648925.0;17.866.566.210.603.900;0.7725083792425935;-0.8262639740611342;0.009232019826402389
SBT;28/01/2026;22.69;22.74;22.55;22.64;446700;-0.002203613926840098;0.002203613926840098;0.008373732921991965;648460.0;17.905.629.341.222.900;0.6888628442772107;-11.267.964.736.402.800;0.00921667143273253
SBT;29/01/2026;22.64;22.69;22.22;22.64;600400;0.0;0.0;0.02075971731448774;627175.0;17.631.594.212.483.500;0.95730856618966;-0.15185807747913505;0.00886582687177473
SBT;30/01/2026;22.64;22.69;21.75;22.55;721700;-0.003975265017667873;0.003975265017667873;0.04151943462897532;623925.0;17.617.327.258.606.500;11.567.095.404.095.000;0.5549933798966814;0.008847142431695758
SBT;02/02/2026;22.55;22.55;22.31;22.55;474800;0.0;0.0;0.01064301552106439;601390.0;12.317.766.757.604.100;0.7895043150035751;-102.770.252.506.894;0.006476346657497564
SBT;03/02/2026;22.55;22.64;22.41;22.55;580200;0.0;0.0;0.010199556541019974;595435.0;12.639.572.475.697.900;0.9744136639599621;-0.12053414013244725;0.006358513668254604
SBT;04/02/2026;22.55;22.59;22.36;22.55;432000;0.0;0.0;0.010199556541019974;585275.0;1.184.057.381.033.090;0.7381145615309043;-12.944.896.290.943.800;0.005423022616856051
SBT;05/02/2026;22.55;22.55;22.36;22.55;393300;0.0;0.0;0.008425720620842628;573185.0;1.212.026.674.841.070;0.686165897572337;-14.841.670.050.173.300;0.005423022616856051
SBT;06/02/2026;22.55;22.55;22.26;22.45;398700;-0.004434589800443534;0.004434589800443534;0.012860310421285992;561950.0;12.710.074.122.935.900;0.7094937271999289;-12.844.142.246.614.200;0.005423022616856051
SBT;09/02/2026;22.45;22.45;22.31;22.36;430400;-0.004008908685968815;0.004008908685968815;0.006236080178173745;549720.0;13.058.142.287.477.100;0.7829440442407044;-0.9137593799573489;0.0054384098412894166
SBT;10/02/2026;22.36;22.36;22.22;22.26;458000;-0.004472271914132242;0.004472271914132242;0.006261180679785356;542800.0;13.315.881.693.044.500;0.8437730287398674;-0.6368335342322459;0.005470417260490383
SBT;11/02/2026;22.26;22.31;21.98;22.26;578900;0.0;0.0;0.01482479784366569;531945.0;13.063.111.370.734.400;10.882.704.038.951.300;0.3594472914407999;0.004609043765135427
SBT;12/02/2026;22.22;22.31;22.08;22.31;587300;0.002246181491464272;0.002246181491464272;0.01035103510351037;519405.0;11.112.510.008.283.900;11.307.168.779.661.300;0.6109780774045374;0.0037550459971211485
SBT;13/02/2026;22.31;22.55;22.22;22.55;472000;0.0107575078440163;0.0107575078440163;0.014791573285522271;507750.0;8.763.618.875.183.570;0.92959133431807;-0.40793649871327975;0.0038308735257679854
SBT;23/02/2026;22.55;22.74;22.5;22.74;603600;0.008425720620842458;0.008425720620842458;0.010643015521064232;506140.0;8.799.986.483.243.210;11.925.554.194.491.600;11.075.017.011.171.700;0.0046455040524812155
SBT;24/02/2026;22.74;22.78;22.59;22.78;636500;0.0017590149516271136;0.0017590149516271136;0.008355321020228729;508800.0;9.018.505.536.133.090;12.509.827.044.025.100;14.159.773.976.781.700;0.005083567658383297
SBT;25/02/2026;22.78;22.83;22.64;22.83;496700;0.0021949078138716605;0.0021949078138716605;0.008340649692712806;513980.0;9.451.353.899.114.980;0.9663800147865675;-0.1828309487132641;0.005073222555107543
SBT;26/02/2026;22.83;22.83;22.64;22.83;551200;0.0;0.0;0.008322382829610063;513220.0;9.459.222.511.724.520;10.740.033.513.892.600;0.40151291454371146;0.003887003223134529
SBT;27/02/2026;22.83;22.83;22.64;22.74;365300;-0.003942181340341633;0.003942181340341633;0.008322382829610063;510820.0;9.288.952.464.876.590;0.715124701460397;-1.566.592.148.579.080;0.003887003223134529
SBT;02/03/2026;22.64;22.74;22.5;22.74;502800;0.0;0.0;0.01060070671378085;504855.0;9.833.288.508.669.770;0.9959295243188638;-0.020898400348857413;0.003980665600628254
SBT;03/03/2026;22.74;22.74;22.55;22.74;421400;0.0;0.0;0.008355321020228573;511590.0;9.293.825.284.620.580;0.8237064837076565;-0.9704292606968454;0.003943358259716802
SBT;04/03/2026;22.74;22.74;22.26;22.55;579300;-0.008355321020228623;0.008355321020228623;0.02110817941952493;507595.0;9.509.607.593.320.950;11.412.641.968.498.500;0.7540269069605122;0.00391579874390252
SBT;05/03/2026;22.17;22.55;22.17;22.5;707800;-0.0022172949002217113;0.0022172949002217113;0.01714027965719436;514225.0;9.524.933.415.984.990;13.764.402.741.990.300;20.322.976.712.376.500;0.004327652308601933
SBT;06/03/2026;22.17;22.41;21.7;21.7;729800;-0.03555555555555556;0.03555555555555556;0.03202525935949485;519595.0;10.306.990.205.936.100;1.404.555.471.088.050;2.039.441.154.013.470;0.004350860569702923
SBT;09/03/2026;21.65;21.65;20.66;21.23;329600;-0.02165898617511519;0.02165898617511519;0.045727482678983765;520000.0;10.391.826.747.877.100;0.6338461538461538;-18.322.091.449.310.800;0.009000525124394648
SBT;10/03/2026;21.23;21.32;21.13;21.27;513800;0.0018841262364577283;0.0018841262364577283;0.008949599623174813;512740.0;1.120.000.206.766.890;10.020.673.245.699.500;0.009464283967052994;0.010008921977446496
SBT;11/03/2026;21.27;21.7;21.13;21.7;706400;0.02021626704278323;0.02021626704278323;0.026798307475317362;509420.0;11.087.354.389.953.500;13.866.750.422.048.600;17.766.185.969.349.700;0.010047073325567108
SBT;12/03/2026;21.65;21.65;21.37;21.56;401100;-0.006451612903225823;0.006451612903225823;0.012933025404156933;523140.0;11.756.485.511.365.500;0.7667163665557977;-10.380.653.289.796.300;0.011290864347619502
SBT;13/03/2026;21.56;21.56;21.13;21.23;480800;-0.015306122448979553;0.015306122448979553;0.01994434137291279;523530.0;11.712.357.441.698.200;0.9183809905831567;-0.36482834657925306;0.011327088616865837
SBT;16/03/2026;21.23;21.23;20.99;21.04;506000;-0.008949599623174764;0.008949599623174764;0.01130475741874715;527635.0;11.391.294.124.993.200;0.9589962758346205;-0.18992574296305287;0.011695802372195434
SBT;17/03/2026;21.04;21.08;20.9;21.08;603800;0.001901140684410496;0.001901140684410496;0.008555133079847895;531415.0;11.175.034.805.079.400;11.362.118.118.607.800;0.6477384747571298;0.011776266075277542
SBT;18/03/2026;20.94;20.99;20.75;20.75;457800;-0.01565464895635671;0.01565464895635671;0.011461318051575856;538705.0;11.146.432.270.839.900;0.8498157618733815;-0.7258376315770109;0.011819663936278578
SBT;19/03/2026;20.71;20.71;20.0;20.0;597700;-0.03614457831325302;0.03614457831325302;0.03428295509415745;532650.0;11.245.076.817.504.500;11.221.252.229.418.900;0.5784753724291173;0.012148529358830863
SBT;20/03/2026;19.81;19.95;19.34;19.43;1256900;-0.02849999999999997;0.02849999999999997;0.030792529025744548;533170.0;11.274.045.694.239.000;2.357.409.456.646.090;6.419.434.687.672.240;0.014082598310738447
SBT;23/03/2026;19.43;19.81;19.15;19.81;567100;0.019557385486361323;0.019557385486361323;0.03396809058157489;572415.0;19.611.191.025.051.300;0.9907147786134186;-0.027101872564550655;0.014449737527109138
SBT;24/03/2026;19.81;19.86;19.58;19.86;554700;0.0025239777889956017;0.0025239777889956017;0.014134275618374617;570590.0;19.597.621.740.781.100;0.9721516325207241;-0.08108126695258204;0.015278680385583169
SBT;25/03/2026;19.86;20.42;19.76;20.42;547600;0.02819738167170205;0.02819738167170205;0.03323262839879155;566500.0;19.538.096.120.144.300;0.9666372462488967;-0.09673409263512392;0.015302071661489896
SBT;26/03/2026;20.42;20.47;20.24;20.47;409100;0.0024485798237021683;0.0024485798237021683;0.011263467189030383;569045.0;1.947.544.080.306.480;0.7189238109464102;-0.8212651082836041;0.017098795185510426
SBT;27/03/2026;20.47;21.51;20.24;21.51;742900;0.05080605764533486;0.05080605764533486;0.06204201270151457;561940.0;19.800.460.494.379.200;1.322.027.262.697.080;0.9139181386784865;0.017148360563007694
SBT;30/03/2026;21.51;21.51;21.13;21.51;781200;0.0;0.0;0.017666201766620294;580820.0;19.626.255.132.508.400;13.449.950.070.589.800;10.209.792.884.435.400;0.021254690176926265
SBT;31/03/2026;21.51;21.51;21.23;21.42;691800;-0.004184100418409997;0.004184100418409997;0.013017201301720183;594740.0;20.026.961.931.619.200;11.631.973.635.538.200;0.4846466495088223;0.021254690176926265
SBT;01/04/2026;21.42;21.46;21.04;21.04;674000;-0.017740429505135547;0.017740429505135547;0.01960784313725498;608260.0;19.705.310.104.532.400;110.807.878.209.976;0.33361565817164657;0.021248726772007533
SBT;02/04/2026;21.04;21.04;20.75;20.75;485800;-0.013783269961977096;0.013783269961977096;0.013783269961977146;612995.0;1.974.579.541.520.030;0.7925023858269643;-0.6441624524382795;0.021480876524547776
SBT;03/04/2026;20.75;20.94;20.52;20.66;340000;-0.00433734939759034;0.00433734939759034;0.02024096385542177;601895.0;19.808.685.090.131.500;0.5648825791873998;-13.221.220.833.606.600;0.021607170711196902
SBT;06/04/2026;20.66;20.66;20.38;20.57;450000;-0.004356243949661165;0.004356243949661165;0.013552758954501507;582405.0;20.393.003.308.668.600;0.7726582017668118;-0.6492667999701527;0.02028079370254977
SBT;07/04/2026;20.52;20.61;20.42;20.61;442800;0.001944579484686404;0.001944579484686404;0.00925925925925915;588425.0;19.775.817.469.296.800;0.7525173131665038;-0.7363791672637118;0.019772340722916205
SBT;08/04/2026;20.61;20.71;20.47;20.71;492500;0.004852013585638026;0.004852013585638026;0.011644832605531393;584875.0;1.997.950.683.628.230;0.8420602692883095;-0.4623487494308371;0.019772872794153133
SBT;09/04/2026;20.66;20.71;20.47;20.57;430600;-0.006760019314340893;0.006760019314340893;0.011616650532429912;574180.0;19.866.931.953.957.000;0.7499390435055209;-0.7227084701994078;0.01917876166188898
SBT;10/04/2026;20.57;20.61;20.42;20.61;418300;0.001944579484686404;0.001944579484686404;0.009236752552260462;575655.0;19.742.226.844.747.600;0.7266505111568561;-0.7970478773110843;0.019182518458404265
SBT;13/04/2026;20.61;20.61;20.42;20.61;455200;0.0;0.0;0.009218825812712165;572530.0;1.994.866.176.754.190;0.7950675073795259;-0.588159754108946;0.018947366216167452
SBT;14/04/2026;20.61;20.66;20.42;20.66;441800;0.002426006792819013;0.002426006792819013;0.01164483260553122;569990.0;2.006.980.394.837.760;0.7751013175669749;-0.6387207385270057;0.018862982141712194
SBT;15/04/2026;20.66;20.66;20.42;20.66;414700;0.0;0.0;0.01161665053242974;561890.0;2.025.224.767.252.940;0.7380448130416986;-0.7267835273397903;0.01886739660347754
SBT;16/04/2026;20.66;20.66;20.42;20.66;513800;0.0;0.0;0.01161665053242974;559735.0;2.039.129.078.152.830;0.9179343796618042;-0.22526774048855558;0.018542284983051258
SBT;17/04/2026;20.65;20.65;20.45;20.65;439700;-0.0004840271055179812;0.0004840271055179812;0.00968523002421304;555540.0;20.395.377.804.528.900;0.791482161500522;-0.567971827294499;0.01648724191578168
SBT;20/04/2026;20.65;20.65;20.45;20.6;447400;-0.002421307506053183;0.002421307506053183;0.00968523002421304;514680.0;1.210.628.353.594.240;0.8692779979793269;-0.555744459480498;0.014894943920863903
SBT;21/04/2026;20.55;20.6;20.05;20.55;652900;-0.0024271844660194164;0.0024271844660194164;0.026763990267639936;508695.0;12.129.353.900.873.300;12.834.802.779.661.600;11.888.926.745.687.300;0.014424272136065532
SBT;22/04/2026;20.55;20.55;20.15;20.5;515400;-0.0024330900243308973;0.0024330900243308973;0.019464720194647307;513605.0;12.517.919.566.092.300;10.034.949.036.711.000;0.014339443471598637;0.014458225801400978
SBT;23/04/2026;20.5;20.5;20.35;20.5;392100;0.0;0.0;0.007317073170731638;511995.0;12.492.576.943.297.500;0.7658277912870243;-0.9597299303753738;0.013071333185520596
SBT;24/04/2026;20.45;20.5;20.3;20.5;446800;0.0;0.0;0.009779951100244464;511145.0;12.571.804.072.271.300;0.8741159553551341;-0.5118199395257889;0.01306136407367886
SBT;28/04/2026;20.5;20.5;20.35;20.5;462200;0.0;0.0;0.007317073170731638;496340.0;11.386.548.573.692.200;0.9312165048152476;-0.29982746553137174;0.005363344149933209
SBT;29/04/2026;20.5;20.5;20.35;20.35;446700;-0.007317073170731603;0.007317073170731603;0.007317073170731638;480390.0;9.213.088.458.674.890;0.9298694810466496;-0.36567542090923966;0.005363344149933209
SBT;04/05/2026;20.35;20.45;20.25;20.4;425700;0.002457002457002311;0.002457002457002311;0.009828009828009793;468135.0;7.770.085.195.631.290;0.9093530712294531;-0.5461330079605686;0.005463384376414297
SBT;05/05/2026;20.4;20.4;20.25;20.4;511900;0.0;0.0;0.007352941176470519;455720.0;6.115.068.188.284.450;11.232.774.510.664.400;0.918714203508513;0.00423538001861022
SBT;06/05/2026;20.4;20.4;20.1;20.4;445700;0.0;0.0;0.014705882352941037;457025.0;620.975.622.455.674;0.9752201739510967;-0.18237430891755163;0.003109080520070274
SBT;07/05/2026;20.4;20.4;20.25;20.4;442300;0.0;0.0;0.007352941176470519;462310.0;5.579.134.907.473.520;0.9567173541563021;-0.35865775486438994;0.0030021342978839884
SBT;08/05/2026;20.4;20.4;20.25;20.4;358000;0.0;0.0;0.007352941176470519;461925.0;559.072.151.920.155;0.7750175894355145;-1.858.883.502.658.200;0.0028726987671984475
SBT;11/05/2026;20.4;20.4;20.3;20.4;524200;0.0;0.0;0.004901960784313621;457685.0;6.046.391.072.367.060;11.453.292.111.386.600;11.000.777.026.147.600;0.002821225476511578
SBT;12/05/2026;20.4;20.4;20.2;20.2;579700;-0.009803921568627416;0.009803921568627416;0.009803921568627416;459270.0;6.182.476.168.894.420;12.622.204.803.274.700;19.479.250.175.829.700;0.0025295793638112135
SBT;13/05/2026;20.2;20.2;20.05;20.2;374400;0.0;0.0;0.007425742574257356;466725.0;6.696.173.200.143.190;0.8021854411055761;-13.787.725.801.062.800;0.002964366975643409
SBT;14/05/2026;20.2;20.2;20.1;20.2;458100;0.0;0.0;0.004950495049504845;464530.0;6.931.095.531.238.760;0.9861580522248294;-0.09277032715852339;0.0028971835860067906
SBT;15/05/2026;20.2;20.2;20.1;20.2;490400;0.0;0.0;0.004950495049504845;464675.0;692.934.406.784.123;10.553.612.740.087.100;0.37124726017558507;0.0028971835860067906
SBT;18/05/2026;20.2;20.55;20.05;20.55;592600;0.017326732673267342;0.017326732673267342;0.024752475247524754;467105.0;6.930.119.217.475.350;1.268.665.503.473.520;18.108.635.084.306.300;0.0027951754661691463
SBT;19/05/2026;20.55;21.45;20.55;21.3;932700;0.03649635036496357;0.03649635036496357;0.04379562043795614;476000.0;7.351.002.079.917.230;1.959.453.781.512.600;621.275.841.082.529;0.004986904769580681
SBT;20/05/2026;21.3;21.9;21.3;21.8;781800;0.023474178403755763;0.023474178403755763;0.028169014084506942;496945.0;12.587.440.053.690.900;15.732.123.273.199.200;2.263.009.784.237.050;0.009615018907759492
SBT;21/05/2026;21.8;21.85;21.4;21.6;622500;-0.00917431192660545;0.00917431192660545;0.020642201834862515;514050.0;14.012.338.360.023.600;12.109.716.953.603.700;0.7739607566814218;0.010768895324655671
SBT;22/05/2026;21.6;21.6;21.0;21.15;510600;-0.02083333333333348;0.02083333333333348;0.027777777777777842;522805.0;14.120.587.238.049.500;0.9766547756811813;-0.08643408233839027;0.0110425425142869
SBT;25/05/2026;21.15;21.15;20.8;20.95;620300;-0.009456264775413725;0.009456264775413725;0.016548463356973894;515690.0;13.785.092.214.723.100;12.028.544.280.478.500;0.7588632587330197;0.012177342755012286
SBT;26/05/2026;20.95;21.0;20.65;21.0;541000;0.0023866348448686736;0.0023866348448686736;0.016706443914081215;520935.0;13.982.086.763.539.900;10.385.172.814.266.600;0.14350504570120437;0.012396318142483058
SBT;27/05/2026;21.0;21.0;20.8;20.95;546600;-0.0023809523809523725;0.0023809523809523725;0.00952380952380949;528380.0;13.652.514.940.864.400;10.344.827.586.206.800;0.13345526504764532;0.012396066674363654
SBT;28/05/2026;20.95;20.95;20.55;20.75;448300;-0.009546539379474916;0.009546539379474916;0.019093078758949812;533370.0;13.520.391.655.803.300;0.840504715300823;-0.6291977493380206;0.01242039316037456
SBT;29/05/2026;20.75;20.75;19.7;20.35;1426000;-0.01927710843373487;0.01927710843373487;0.05060240963855425;532675.0;1.356.240.852.503.710;2.677.054.489.135.020;6.586.772.536.388.800;0.012648613190134493
SBT;01/06/2026;20.35;20.35;20.0;20.3;705900;-0.002457002457002533;0.002457002457002533;0.01719901719901727;581640.0;2.397.554.003.562.790;12.136.373.014.235.600;0.5182782111074368;0.013311996689461763
SBT;02/06/2026;20.3;20.4;20.1;20.1;472100;-0.009852216748768461;0.009852216748768461;0.014778325123152568;595650.0;23.834.606.087.964.200;0.7925795349618064;-0.5183639265697331;0.013311230665171907
SBT;03/06/2026;20.05;20.2;19.7;20.2;607700;0.004975124378109319;0.004975124378109319;0.024937655860349125;593660.0;2.392.465.572.540.060;10.236.499.006.165.100;0.058684230030920805;0.013486062330333821
SBT;04/06/2026;20.2;20.2;19.8;20.2;452100;0.0;0.0;0.019801980198019733;601760.0;2.367.023.611.827.170;0.7512961978197288;-0.6322708368949179;0.013544535180194954
SBT;05/06/2026;20.2;20.3;20.05;20.3;502200;0.004950495049504955;0.004950495049504955;0.012376237623762377;602250.0;23.636.479.054.742.100;0.8338729763387298;-0.4232863945949142;0.013544535180194954
SBT;08/06/2026;20.25;20.3;20.05;20.3;492300;0.0;0.0;0.012345679012345678;609460.0;23.065.241.883.793.300;0.8077642503199554;-0.5079504502500872;0.013597479191698585
SBT;09/06/2026;20.15;20.5;20.15;20.5;472000;0.009852216748768461;0.009852216748768461;0.017369727047146472;607865.0;23.138.217.935.064.100;0.7764882005050463;-0.5871886952629441;0.013597479191698585
SBT;10/06/2026;20.5;21.2;20.35;21.2;778100;0.034146341463414664;0.034146341463414664;0.04146341463414624;602480.0;2.333.173.366.446.380;12.914.951.533.660.800;0.7527087464892676;0.013573976006875125
SBT;11/06/2026;21.15;21.9;20.9;21.9;946400;0.03301886792452824;0.03301886792452824;0.047281323877068564;622665.0;22.998.579.195.245.900;15.199.184.151.991.800;1.407.630.433.391.810;0.015478662447366688
SBT;12/06/2026;21.9;22.0;21.55;21.55;592900;-0.015981735159817267;0.015981735159817267;0.02054794520547942;647080.0;2.373.955.938.933.990;0.9162700129813933;-0.22822664528613368;0.016890901511143835
SBT;15/06/2026;21.55;21.8;21.45;21.75;604100;0.009280742459396807;0.009280742459396807;0.01624129930394438;652205.0;23.492.868.229.136.600;0.9262425157734148;-0.2047642694404531;0.017467382452388956
SBT;16/06/2026;21.75;21.9;21.6;21.75;575600;0.0;0.0;0.013793103448275732;652780.0;234.789.149.753.785;0.8817672110052391;-0.3287204714567769;0.01722025176865761
SBT;17/06/2026;21.75;21.9;21.45;21.75;432400;0.0;0.0;0.02068965517241376;634925.0;22.578.733.327.718.100;0.6810253179509391;-0.8969723724553486;0.015309471177776333
SBT;18/06/2026;21.5;21.7;21.1;21.3;742600;-0.020689655172413723;0.020689655172413723;0.02790697674418595;617455.0;22.733.682.054.098.500;12.026.787.377.217.700;0.5504827581480063;0.014380018485456761
SBT;19/06/2026;21.3;21.55;21.0;21.55;668400;0.011737089201877993;0.011737089201877993;0.025821596244131488;623460.0;22.905.678.312.317.400;1.072.081.609.084.780;0.1961958925086001;0.014983807827107353
SBT;22/06/2026;21.55;21.6;21.15;21.6;523000;0.002320185614849146;0.002320185614849146;0.020881670533642822;631350.0;22.767.825.520.839.000;0.828383622396452;-0.47589085703783623;0.014427875267780154
SBT;23/06/2026;21.6;21.6;20.65;21.45;656300;-0.006944444444444531;0.006944444444444531;0.04398148148148161;626485.0;2.289.627.211.095.610;104.759.092.396.466;0.13021770467923982;0.01421591366686403
SBT;24/06/2026;21.1;21.45;21.1;21.45;458800;0.0;0.0;0.01658767772511838;632250.0;2.281.471.328.124.160;0.7256623171213918;-0.760255006766232;0.014342130290411176
SBT;25/06/2026;21.45;21.45;21.2;21.4;408900;-0.002331002331002363;0.002331002331002363;0.011655011655011656;627860.0;23.071.225.049.033.600;0.6512598349950626;-0.9490610036295893;0.014321078875421854
SBT;26/06/2026;21.2;21.35;21.15;21.3;421000;-0.004672897196261627;0.004672897196261627;0.009433962264151078;625890.0;23.248.755.235.495.900;0.6726421575676237;-0.8812944948002042;0.014123596702081756
SBT;29/06/2026;21.3;21.3;21.1;21.3;406100;0.0;0.0;0.009389671361502313;575640.0;1.410.974.706.028.640;0.7054756445000347;-12.015.807.177.521.200;0.013341235797473006
SBT;30/06/2026;21.3;21.3;21.15;21.25;478300;-0.0023474178403756207;0.0023474178403756207;0.0070422535211268605;560650.0;1.424.491.728.375.600;0.8531169178631945;-0.5781009349482588;0.013305736298476561
SBT;01/07/2026;21.25;21.25;21.05;21.25;519400;0.0;0.0;0.00941176470588232;560960.0;14.225.293.781.075.100;0.9259127210496292;-0.29215565344098604;0.013042556072112757
SBT;02/07/2026;21.25;21.3;20.85;20.85;507400;-0.018823529411764683;0.018823529411764683;0.021176470588235262;556545.0;1.420.961.182.291.390;0.911696268945009;-0.3458574422191501;0.013047649590139482
SBT;03/07/2026;20.85;21.25;20.8;21.25;567800;0.01918465227817734;0.01918465227817734;0.021582733812949603;559310.0;14.048.569.846.672.700;10.151.794.174.965.500;0.06043319777500894;0.013897578550193945
SBT;06/07/2026;21.25;21.3;21.1;21.25;515300;0.0;0.0;0.00941176470588232;562590.0;13.984.648.688.736.100;0.9159423381147905;-0.33815651041766676;0.014428440259614405
SBT;07/07/2026;21.2;21.2;21.0;21.2;550500;-0.0023529411764706687;0.0023529411764706687;0.00943396226415091;563740.0;13.933.166.942.681.400;0.9765139958136729;-0.09502505822593649;0.014428440259614405
SBT;08/07/2026;21.2;21.25;21.05;21.25;552500;0.002358490566037874;0.002358490566037874;0.00943396226415091;567665.0;13.770.753.247.371.700;0.9732853003091612;-0.11012469490653558;0.014354017694546342
SBT;09/07/2026;21.25;21.25;21.0;21.25;546400;0.0;0.0;0.011764705882352941;556385.0;12.849.457.197.218.700;0.9820537936860267;-0.07770756263666301;0.01217584467269242
SBT;10/07/2026;21.25;21.3;21.1;21.3;472200;0.0023529411764706687;0.0023529411764706687;0.00941176470588232;536385.0;8.993.981.774.380.840;0.8803378170530496;-0.7136438744275592;0.009415602897365411
SBT;13/07/2026;21.3;21.3;21.1;21.25;536700;-0.0023474178403756207;0.0023474178403756207;0.009389671361502313;530350.0;899.975.409.020.772;10.119.732.252.286.200;0.07055748341956572;0.008800066429832921
SBT;14/07/2026;21.25;21.3;20.9;20.9;627900;-0.016470588235294237;0.016470588235294237;0.018823529411764805;526980.0;8.833.718.654.290.380;119.150.631.902.539;11.424.407.313.559.200;0.008495487017073328
SBT;15/07/2026;20.9;21.2;20.8;21.0;874300;0.004784688995215447;0.004784688995215447;0.019138755980861177;529595.0;905.974.001.892.584;16.508.841.662.024.700;38.048.001.298.040.500;0.009153250747349392
SBT;16/07/2026;21.0;21.15;20.9;21.05;802800;0.0023809523809523725;0.0023809523809523725;0.011904761904761904;551690.0;11.597.658.066.677.900;14.551.650.383.367.400;2.165.178.508.939.510;0.009268735095493528
SBT;17/07/2026;21.05;21.15;20.9;20.9;694400;-0.0071258907363421775;0.0071258907363421775;0.011876484560570071;554700.0;12.182.584.204.294.900;12.518.478.456.823.500;1.146.718.936.288.970;0.008150789533125969
SBT;20/07/2026;20.9;20.9;20.65;20.85;691700;-0.0023923444976075015;0.0023923444976075015;0.011961722488038277;556000.0;12.323.357.796.007.500;12.440.647.482.014.300;11.011.609.193.393.900;0.007733822508191818
SBT;21/07/2026;20.85;20.85;20.6;20.85;861700;0.0;0.0;0.011990407673860911;564435.0;1.265.839.196.364.460;15.266.594.027.655.900;23.483.630.531.725.900;0.007682872747096407
SBT;22/07/2026;20.85;20.85;20.6;20.85;408200;0.0;0.0;0.011990407673860911;574705.0;1.418.420.414.070.740;0.710277446690041;-1.173.876.224.201.710;0.007591537017827686
SBT;23/07/2026;20.8;20.85;20.6;20.75;688400;-0.004796163069544446;0.004796163069544446;0.012019230769230768;572175.0;14.444.559.301.725.000;12.031.284.135.098.500;0.8046282172563027;0.007591537017827686
SBT;24/07/2026;20.75;20.75;20.5;20.75;459400;0.0;0.0;0.012048192771084338;586150.0;1.413.039.966.656.430;0.7837584236117034;-0.8970022291720343;0.007627544594302166
SBT;27/07/2026;20.75;20.75;20.45;20.7;568500;-0.002409638554216942;0.002409638554216942;0.01445783132530124;588070.0;1.391.869.023.632.380;0.9667216487833081;-0.14060231004299403;0.007597178155688742
SBT;28/07/2026;20.65;20.7;20.45;20.7;486500;0.0;0.0;0.012106537530266345;596190.0;13.259.318.431.320.500;0.8160150287659974;-0.8272672578772601;0.007594921700434526
SBT;29/07/2026;20.7;20.7;20.55;20.7;573900;0.0;0.0;0.0072463768115941345;596600.0;13.222.162.017.652.500;0.9619510559839088;-0.1716814539838032;0.007597651109681779
SBT;30/07/2026;20.7;21.4;20.6;21.3;818700;0.02898550724637694;0.02898550724637694;0.03864734299516895;599325.0;13.110.371.898.454.600;13.660.367.913.903.100;1.673.293.493.877.600;0.007597651109681779
SBT;31/07/2026;21.3;21.3;21.15;21.25;401500;-0.0023474178403756207;0.0023474178403756207;0.0070422535211268605;614890.0;1.379.178.470.188.530;0.652962318463465;-15.472.254.288.513.400;0.00915070762063455
SBT;03/08/2026;21.25;21.35;21.0;21.3;644000;0.0023529411764706687;0.0023529411764706687;0.016470588235294185;606575.0;14.569.982.796.290.800;10.616.988.830.729.900;0.25686372127719687;0.008120636192934972
SBT;04/08/2026;21.3;21.35;21.15;21.3;539900;0.0;0.0;0.009389671361502481;613010.0;14.429.167.791.591.200;0.8807360401951029;-0.5066820280695989;0.00813719045856459
SBT;05/08/2026;21.3;21.4;20.65;20.65;605700;-0.030516431924882736;0.030516431924882736;0.035211267605633804;612480.0;1.445.526.005.154.850;0.988930250783699;-0.0469033415920711;0.008116100944484936
SBT;06/08/2026;20.65;20.95;20.5;20.95;496800;0.014527845036319542;0.014527845036319542;0.021791767554479386;615140.0;14.387.869.305.699.600;0.8076210293591702;-0.8224984359089241;0.010614568670140049
SBT;07/08/2026;20.95;21.1;20.8;21.0;407800;0.0023866348448686736;0.0023866348448686736;0.014319809069212444;612660.0;14.554.374.419.288.500;0.6656220415891358;-140.754.933.258.075;0.01119501820534638
SBT;10/08/2026;21.0;21.25;20.8;21.25;651700;0.011904761904761862;0.011904761904761862;0.021428571428571394;609440.0;14.947.414.632.990.000;10.693.423.470.727.200;0.2827244780293237;0.011195496578780407
SBT;11/08/2026;21.25;21.35;21.1;21.3;467200;0.0023529411764706687;0.0023529411764706687;0.011764705882352941;615190.0;14.873.880.992.850.300;0.7594401729546969;-0.9949656049496224;0.011530303893352764
SBT;12/08/2026;21.3;21.6;20.9;21.6;569600;0.014084507042253502;0.014084507042253502;0.03286384976525835;607155.0;15.231.368.420.052.300;0.9381459429634936;-0.24656353233868455;0.010858344196724126
SBT;13/08/2026;21.6;23.0;21.6;23.0;1525400;0.06481481481481466;0.06481481481481466;0.06481481481481474;591920.0;13.882.808.983.169;2.577.037.437.491.550;6.723.999.452.356.620;0.011221790505080615
SBT;14/08/2026;23.0;23.5;23.0;23.3;1053000;0.01304347826086949;0.01304347826086949;0.021739130434782608;628050.0;2.478.325.548.897.030;16.766.181.036.541.600;17.146.657.758.062.500;0.018078124432943314
SBT;17/08/2026;23.3;23.4;22.85;23.35;1124000;0.0021459227467810482;0.0021459227467810482;0.02360515021459215;645980.0;26.524.556.764.985.600;17.399.919.502.151.700;1.802.179.030.682.310;0.01795222841605436
SBT;18/08/2026;23.35;23.8;23.3;23.7;1237500;0.01498929336188426;0.01498929336188426;0.021413276231263382;667595.0;2.859.718.103.056.200;18.536.687.662.430.000;19.928.712.532.572.200;0.017874408005377516
SBT;19/08/2026;23.7;23.8;23.35;23.8;1041100;0.0042194092827005925;0.0042194092827005925;0.018987341772151868;686385.0;3.106.759.460.392.260;15.167.872.258.280.700;11.417.523.774.280.600;0.017931404308275445
SBT;20/08/2026;23.8;23.9;23.7;23.8;1568900;0.0;0.0;0.008403361344537785;718030.0;31.307.297.299.679.600;21.850.061.975.126.300;2.717.800.875.161.160;0.01787469535327985
SBT;21/08/2026;23.8;24.0;23.7;23.8;1625000;0.0;0.0;0.012605042016806753;762055.0;36.610.444.652.196.900;21.323.920.189.487.600;23.571.005.711.568.500;0.017742803216366076
SBT;24/08/2026;23.8;24.15;23.75;24.15;1290300;0.014705882352941124;0.014705882352941124;0.01680672268907557;820335.0;40.599.194.349.667.800;15.728.940.006.216.900;11.575.722.314.889.800;0.017742803216366076
SBT;25/08/2026;24.15;24.15;23.55;23.55;1365200;-0.024844720496894346;0.024844720496894346;0.02484472049689432;856425.0;41.442.135.800.859.000;15.940.683.655.895.100;1.227.675.625.708.100;0.017676346943208684
SBT;26/08/2026;23.55;23.6;22.7;22.9;1233400;-0.027600849256900317;0.027600849256900317;0.03821656050955423;900360.0;4.196.839.655.590.480;13.698.964.858.501.000;0.7935494975519675;0.01907697145026051
SBT;27/08/2026;22.9;22.9;22.45;22.75;1080700;-0.0065502183406113135;0.0065502183406113135;0.01965065502183403;933335.0;41.859.102.547.147.700;1.157.890.789.480.730;0.3520500704333455;0.020525922746449776
SBT;28/08/2026;22.75;23.0;22.7;22.95;732800;0.00879120879120876;0.00879120879120876;0.013186813186813218;946435.0;4.189.142.322.405.430;0.7742739860634908;-0.5099731247071337;0.019892361429981943
SBT;03/09/2026;22.85;22.95;22.55;22.85;1082000;-0.004357298474945481;0.004357298474945481;0.017505470459518536;963000.0;40.245.897.600.677.300;11.235.721.703.011.400;0.2956823107307142;0.019876440543239275
SBT;04/09/2026;22.85;23.0;22.7;23.0;1197500;0.006564551422319376;0.006564551422319376;0.01312910284463898;984900.0;39.605.283.539.075.000;12.158.594.781.196.000;0.536797065952694;0.019962869418023967
VHC;05/05/2025;48.22;48.32;48.03;48.17;993300;;;0.006014102032351704;;;;;
VHC;06/05/2025;48.8;50.16;48.61;49.96;1621500;0.037160058127465145;0.037160058127465145;0.03176229508196716;;;;;
VHC;07/05/2025;49.96;50.06;49.0;50.06;949000;0.0020016012810248895;0.0020016012810248895;0.021216973578863135;;;;;
VHC;08/05/2025;50.35;50.93;49.77;49.96;885500;-0.0019976028765481546;0.0019976028765481546;0.02303872889771592;;;;;
VHC;09/05/2025;50.25;50.74;48.8;49.96;1135300;0.0;0.0;0.03860696517412945;;;;;
VHC;12/05/2025;49.96;51.03;49.58;51.03;1190600;0.02141713370696552;0.02141713370696552;0.029023218574859944;;;;;
VHC;13/05/2025;52.18;53.44;51.8;53.25;2718500;0.04350382128159902;0.04350382128159902;0.031429666538903805;;;;;
VHC;14/05/2025;52.96;53.05;51.89;52.96;1478700;-0.005446009389671325;0.005446009389671325;0.021903323262839815;;;;;
VHC;15/05/2025;53.15;53.15;51.51;52.09;1427000;-0.01642749244712982;0.01642749244712982;0.03085606773283162;;;;;
VHC;16/05/2025;52.09;52.09;51.03;51.03;1444100;-0.020349395277404536;0.020349395277404536;0.020349395277404536;;;;;
VHC;19/05/2025;50.54;51.51;50.35;50.45;918800;-0.011365863217715044;0.011365863217715044;0.02295211713494255;;;;;
VHC;20/05/2025;50.25;53.54;50.25;52.57;2155600;0.04202180376610509;0.04202180376610509;0.06547263681592039;;;;;
VHC;21/05/2025;52.86;52.86;51.51;51.99;798400;-0.011032908502948469;0.011032908502948469;0.025539160045402978;;;;;
VHC;22/05/2025;52.38;52.38;51.32;51.32;915100;-0.012887093671860028;0.012887093671860028;0.020236731576937804;;;;;
VHC;23/05/2025;51.03;51.41;50.74;50.83;649800;-0.009547934528448931;0.009547934528448931;0.01312953164805006;;;;;
VHC;26/05/2025;50.83;54.31;50.64;54.31;2501400;0.06846350580365934;0.06846350580365934;0.07220145583316942;;;;;
VHC;27/05/2025;57.5;57.5;56.05;56.44;2470100;0.03921929663045476;0.03921929663045476;0.025217391304347875;;;;;
VHC;28/05/2025;56.44;56.63;54.7;54.99;1754900;-0.025690999291282712;0.025690999291282712;0.03419560595322466;;;;;
VHC;29/05/2025;56.44;56.44;55.28;55.76;1161600;0.014002545917439546;0.014002545917439546;0.020552799433026164;;;;;
VHC;30/05/2025;55.47;55.47;53.63;53.63;1933400;-0.038199426111908075;0.038199426111908075;0.03317108346854149;;;;;
VHC;02/06/2025;53.63;53.83;52.67;53.83;1070300;0.0037292560134252195;0.0037292560134252195;0.0216296848778668;1455130.0;6.186.084.452.432.860;0.7355356566080007;-0.6220897935666787;
VHC;03/06/2025;54.31;54.6;53.83;54.31;583000;0.008916960802526575;0.008916960802526575;0.014177867795986064;1458980.0;6.158.162.102.787.690;0.3995942370697336;-1.422.469.862.564.120;0.0277008039850584
VHC;04/06/2025;54.31;55.37;53.92;54.02;753600;-0.005339716442644082;0.005339716442644082;0.026698582213220322;1407055.0;6.445.057.914.688.130;0.5355867396796856;-1.013.885.381.092.990;0.026727676835257008
VHC;05/06/2025;54.31;54.6;53.44;54.5;905900;0.008885597926693745;0.008885597926693745;0.02135886577057639;1397285.0;65.323.674.218.625;0.6483287232024962;-0.7522311105089323;0.0268143047956108
VHC;06/06/2025;54.89;54.89;53.83;53.92;514700;-0.010642201834862308;0.010642201834862308;0.01931134997267266;1398305.0;6.524.109.582.117.210;0.36808850715687924;-13.543.687.286.031.900;0.026793413926422104
VHC;09/06/2025;53.25;53.34;52.18;52.18;777800;-0.032270029673590495;0.032270029673590495;0.021784037558685514;1367275.0;6.797.635.059.923.020;0.5688687352580863;-0.8671765912756648;0.026996441123442967
VHC;10/06/2025;52.28;52.67;51.99;52.09;612800;-0.0017247987734763104;0.0017247987734763104;0.013006885998469773;1346635.0;691.574.731.871.515;0.4550602056236471;-10.611.073.050.834.600;0.027846134994010285
VHC;11/06/2025;52.57;52.57;51.7;51.8;473400;-0.00556728738721457;0.00556728738721457;0.016549362754422627;1241350.0;6.292.032.635.342.130;0.381359004309824;-12.205.117.876.955.200;0.02603082248697083
VHC;12/06/2025;51.89;52.96;51.89;52.28;533100;0.009266409266409426;0.009266409266409426;0.020620543457313553;1191085.0;6.490.851.442.607.510;0.44757511008870066;-10.137.113.841.195.400;0.026031979704549093
VHC;13/06/2025;51.7;53.25;51.22;51.89;1352700;-0.007459831675592943;0.007459831675592943;0.03926499032882014;1146390.0;6.626.205.740.526.730;11.799.649.333.996.200;0.31135465465278445;0.02585304891625768
VHC;16/06/2025;51.89;52.96;51.89;52.76;664600;0.01676623626903062;0.01676623626903062;0.020620543457313553;1141820.0;6.607.718.513.821.140;0.5820532132910616;-0.7222159948275865;0.02546382567655976
VHC;17/06/2025;52.86;52.96;52.09;52.38;807600;-0.007202426080363811;0.007202426080363811;0.01645856980703741;1129110.0;6.676.959.392.291.950;0.715253606823073;-0.48152157458252454;0.025513667895028472
VHC;18/06/2025;52.38;53.44;52.18;52.67;885900;0.005536464299350952;0.005536464299350952;0.024054982817869375;1061710.0;6.253.155.514.155.270;0.834408642661367;-0.28115405030631124;0.0238233487565985
VHC;19/06/2025;52.86;52.86;51.89;52.18;554900;-0.009303208657679973;0.009303208657679973;0.01835035944003025;1066085.0;6.236.803.088.585.480;0.5205025865667372;-0.8196266464393654;0.023704202313614815
VHC;20/06/2025;52.18;55.76;51.89;55.66;2892600;0.06669221924108859;0.06669221924108859;0.07416634725948634;1048075.0;6.333.948.572.032.920;27.599.169.906.733.700;29.121.250.023.158.700;0.02360774072748004
VHC;23/06/2025;54.7;55.18;53.63;54.7;1795500;-0.017247574559827394;0.017247574559827394;0.028336380255941446;1160215.0;7.474.424.380.406.890;15.475.579.957.163.100;0.8499450495014785;0.02761459152005464
VHC;24/06/2025;55.66;56.05;54.6;54.79;1718000;0.001645338208409397;0.001645338208409397;0.026051024074739415;1124920.0;6.956.492.178.647.140;1.527.219.713.401.840;0.8525561227833339;0.023588910591844977
VHC;25/06/2025;54.99;55.66;54.6;54.99;1349800;0.003650301149844992;0.003650301149844992;0.019276232042189402;1087315.0;6.369.574.382.831.320;1.241.406.584.108.560;0.4120918984909057;0.02177967508259511
VHC;26/06/2025;55.08;56.92;54.6;56.53;2483200;0.028005091834879092;0.028005091834879092;0.0421205519244735;1067060.0;620.848.491.052.451;23.271.418.664.367.500;22.809.751.822.048.900;0.021022470952572793
VHC;27/06/2025;57.11;59.63;56.24;57.69;2244800;0.020520077834777828;0.020520077834777828;0.059359131500612866;1133140.0;697.091.230.456.206;19.810.438.251.231.000;1.594.712.358.198.050;0.021727452819242963
VHC;30/06/2025;58.27;59.72;57.6;57.69;1578800;0.0;0.0;0.03638235798867337;1148710.0;7.190.384.982.739.100;13.744.112.961.495.900;0.5981459977907354;0.0200690106576845
VHC;01/07/2025;58.18;58.18;56.05;56.92;2112100;-0.013347200554688743;0.013347200554688743;0.03661051907872125;1174135.0;7.250.848.061.288.740;17.988.561.792.298.100;12.935.935.108.165.600;0.020087437506808595
VHC;02/07/2025;57.11;59.63;56.73;58.76;2744200;0.03232607167955015;0.03232607167955015;0.05077919803887245;1250590.0;7.399.374.780.842.520;219.432.427.894.034;2.018.562.438.365.810;0.020395124819789792
VHC;03/07/2025;56.82;58.85;55.08;55.47;3745000;-0.05599046970728383;0.05599046970728383;0.06634987680394233;1350120.0;800.933.314.524.867;2.773.827.511.628.590;29.901.116.067.580.400;0.0213457831882286
VHC;04/07/2025;55.57;56.53;55.47;55.86;1211500;0.007030827474310497;0.007030827474310497;0.019075040489472776;1492075.0;9.548.624.502.072.480;0.8119565035269675;-0.2938381333762812;0.025211821923990484
VHC;07/07/2025;56.92;56.92;55.57;56.05;939600;0.00340136054421758;0.00340136054421758;0.023717498243148304;1526915.0;9.297.047.523.839.290;0.6153584187724922;-0.6317220585288171;0.025084950689451463
VHC;08/07/2025;57.5;57.79;56.34;56.53;1564500;0.0085637823371989;0.0085637823371989;0.02521739130434775;1535005.0;9.235.265.439.293.580;10.192.149.211.240.300;0.03193736032156332;0.023747593748666206
VHC;09/07/2025;57.02;57.6;56.73;57.6;2922900;0.01892800283035556;0.01892800283035556;0.015257804279200359;1582590.0;8.976.649.685.067.420;1.846.909.180.520.530;14.931.071.691.809.400;0.02373190951409462
VHC;10/07/2025;57.98;58.27;57.02;57.11;954300;-0.008506944444444442;0.008506944444444442;0.02155915833045878;1705065.0;9.054.330.585.125.370;0.5596854078876758;-0.8291778093825851;0.023824280692568405
VHC;11/07/2025;57.31;57.31;56.05;56.15;1595400;-0.016809665557695697;0.016809665557695697;0.021985691851334935;1726125.0;8.813.162.135.632.550;0.9242667825331305;-0.14832928066926726;0.024010645644855964
VHC;14/07/2025;56.44;56.53;55.47;55.76;948900;-0.0069456812110418875;0.0069456812110418875;0.018781006378455038;1738260.0;8.775.667.534.363.650;0.5458907183045114;-0.8994871295078508;0.02434851320213334
VHC;15/07/2025;55.95;56.63;55.66;55.76;1114900;0.0;0.0;0.017336907953530042;1752475.0;861.413.978.889.544;0.6361859655629895;-0.7401493539980664;0.024283323159838475
VHC;16/07/2025;55.66;55.76;54.99;55.18;2026800;-0.010401721664275443;0.010401721664275443;0.013833992094861589;1767840.0;8.462.809.744.933.850;11.464.838.446.918.200;0.30599766248440474;0.024176490354570663
VHC;17/07/2025;55.57;56.24;55.37;55.66;1149700;0.008698803914461761;0.008698803914461761;0.015655929458340913;1824885.0;8.218.015.430.010.740;0.6300123021450666;-0.8215913023652195;0.02436456652024736
VHC;18/07/2025;55.57;55.95;54.5;54.99;2661400;-0.012037369744879567;0.012037369744879567;0.026093215763901438;1854625.0;7.832.832.813.329.980;14.350.070.769.023.300;10.299.913.444.175.900;0.024233443841639526
VHC;21/07/2025;54.99;55.66;54.99;55.28;984900;0.005273686124749988;0.005273686124749988;0.012184033460629106;1843065.0;7.687.290.401.250.480;0.5343815871930724;-11.163.426.320.676.000;0.019327980846396416
VHC;22/07/2025;55.57;56.92;55.47;55.66;1764500;0.006874095513748069;0.006874095513748069;0.026093215763901438;1802535.0;7.923.739.655.882.850;0.9788991614587234;-0.04800132469239007;0.01894868402002033
VHC;23/07/2025;56.15;56.15;55.18;55.66;1148800;0.0;0.0;0.017275155832591253;1804860.0;7.921.810.634.338.320;0.6365036623339206;-0.8281692535746884;0.018998416066903702
VHC;24/07/2025;55.86;57.31;55.66;56.24;3373800;0.010420409629895877;0.010420409629895877;0.029538131041890542;1794810.0;7.994.992.175.368.930;18.797.532.886.489.300;19.749.737.902.990.900;0.01898875866403152
VHC;25/07/2025;56.34;57.31;56.05;56.15;3823100;-0.0016002844950213646;0.0016002844950213646;0.022364217252396255;1839340.0;8.622.019.298.224.010;20.785.172.942.468.400;23.008.067.268.054.200;0.01804544940147734
VHC;28/07/2025;56.53;56.92;55.95;56.44;2428800;0.005164737310774603;0.005164737310774603;0.017159030603219508;1918255.0;9.671.119.667.802.030;1.266.150.746.381.470;0.527906816932224;0.017380751724712002
VHC;29/07/2025;56.92;56.92;52.86;52.86;3168400;-0.06343019135364991;0.06343019135364991;0.07132817990161634;1960755.0;9.700.815.774.025.340;16.159.081.578.269.500;12.448.901.495.826.300;0.017437888873045454
VHC;30/07/2025;53.05;54.21;53.05;54.12;1437600;0.023836549375709337;0.023836549375709337;0.021866163996230044;2013570.0;10.068.141.448.204.400;0.7139558098303014;-0.5720718197723749;0.022245520403424694
VHC;31/07/2025;54.79;54.99;53.15;54.7;1190600;0.010716925351071716;0.010716925351071716;0.03358277057857279;1948240.0;9.992.729.143.047.740;0.6111156736336386;-0.758191270026681;0.021598478052158147
VHC;01/08/2025;54.89;54.89;53.44;53.83;883700;-0.01590493601462528;0.01590493601462528;0.026416469302240897;1820520.0;9.174.278.888.053.780;0.4854107617603762;-10.211.374.773.224.600;0.017973664527005287
VHC;04/08/2025;54.79;56.63;54.41;56.24;2588600;0.044770574029351806;0.044770574029351806;0.04051834276327808;1804130.0;9.316.978.955.253.230;1.434.818.998.630.910;0.8419789330507064;0.01819544342603615
VHC;05/08/2025;56.63;57.02;54.79;56.05;3009400;-0.0033783783783785104;0.0033783783783785104;0.03937842133144983;1886580.0;9.240.978.363.560.290;15.951.616.151.978.700;1.215.044.507.005.430;0.020947716292604546
VHC;06/08/2025;56.24;58.56;55.66;58.08;3897200;0.036217662801070416;0.036217662801070416;0.05156472261735429;1958825.0;9.536.020.862.056.610;1.989.560.067.897.840;2.032.687.457.420.210;0.020872246440784607
VHC;07/08/2025;58.76;58.85;57.31;57.6;1785400;-0.008264462809917328;0.008264462809917328;0.0262083049693669;2007540.0;10.274.694.475.672.700;0.8893471612022674;-0.2162010758820681;0.02203269672276621
VHC;08/08/2025;58.47;58.47;55.95;56.53;2301200;-0.018576388888888906;0.018576388888888906;0.04309902514109793;2049095.0;9.990.435.207.184.280;11.230.323.630.675.900;0.25234636406901184;0.022027459968102913
VHC;11/08/2025;57.02;57.11;56.15;56.82;1413700;0.0051300194586945125;0.0051300194586945125;0.016836197825324462;2084385.0;9.946.298.244.361.540;0.6782336276647548;-0.6743061423682974;0.022104612962842506
VHC;12/08/2025;56.92;57.79;56.92;57.6;1919100;0.013727560718057141;0.013727560718057141;0.015284609978917734;2107625.0;9.718.720.810.753.250;0.9105509756242216;-0.19398128999796654;0.022053333037953506
VHC;13/08/2025;57.98;60.5;57.11;60.21;5124600;0.04531250000000009;0.04531250000000009;0.05846843739220422;2147835.0;9.448.996.985.339.090;23.859.374.672.635.400;31.503.502.484.112.300;0.02222775761810584
VHC;14/08/2025;60.88;60.88;58.66;59.24;1495100;-0.01611028068427167;0.01611028068427167;0.03646517739816041;2302725.0;11.546.367.739.979.600;0.6492742294455482;-0.6994623921456925;0.024028217420716237
VHC;15/08/2025;59.34;59.34;56.34;57.02;2723800;-0.03747467927076298;0.03747467927076298;0.05055611729019211;2319995.0;11.389.598.659.695.900;11.740.542.544.272.700;0.35453839249747576;0.024444836964289778
VHC;18/08/2025;57.11;57.5;55.86;56.05;1847700;-0.01701157488600502;0.01701157488600502;0.028716511994396787;2323115.0;11.400.292.786.060.100;0.795354513229005;-0.41701999143506235;0.025908632490901824
VHC;19/08/2025;56.15;57.11;55.66;56.24;1700900;0.003389830508474745;0.003389830508474745;0.025823686553873605;2366255.0;11.024.290.694.333.000;0.7188151741887497;-0.6035354277640933;0.026243602986262465
VHC;20/08/2025;56.44;57.11;54.6;55.18;1851800;-0.018847795163584702;0.018847795163584702;0.04447200566973774;2363075.0;11.043.462.738.199.400;0.7836399606444993;-0.46296620192459553;0.026214251680678306
VHC;21/08/2025;55.86;55.86;53.92;54.5;1749100;-0.01232330554548744;0.01232330554548744;0.03472968134622266;2398225.0;10.744.462.725.050.500;0.7293310677688707;-0.6041484033320503;0.026582493352064866
VHC;22/08/2025;54.5;55.37;53.34;53.83;1405900;-0.012293577981651427;0.012293577981651427;0.03724770642201824;2316990.0;1.058.098.971.542.330;0.6067786222642307;-0.8610631183885872;0.02659542514839613
VHC;25/08/2025;54.31;55.08;53.15;53.15;1166400;-0.012632361136912462;0.012632361136912462;0.03553673356656232;2196130.0;10.141.491.144.900.900;0.531116099684445;-101.536.350.551.145;0.026710440166457867
VHC;26/08/2025;53.25;55.37;53.25;55.37;1204600;0.04176857949200374;0.04176857949200374;0.039812206572769904;2133010.0;10.379.127.830.207.500;0.5647418436856836;-0.8944971246022627;0.02676374071585294
VHC;27/08/2025;55.18;55.57;54.31;54.31;1085200;-0.01914394076214543;0.01914394076214543;0.02283436027546209;2034820.0;10.276.463.428.119.300;0.5333149860921359;-0.9240727674868877;0.024426729492826448
VHC;28/08/2025;54.89;56.15;54.31;55.57;761000;0.02320014730252251;0.02320014730252251;0.033521588631809006;2017200.0;10.413.548.927.390.500;0.37725560182431095;-1.206.313.053.080.140;0.024350839652974042
VHC;29/08/2025;55.86;55.95;54.89;54.99;641300;-0.010437286305560511;0.010437286305560511;0.018976011457214507;1995720.0;1.063.497.786.897.950;0.32133766259795965;-1.273.552.250.588.710;0.024783889616684082
VHC;03/09/2025;55.28;55.86;54.99;55.66;652200;0.012184033460629129;0.012184033460629129;0.015738060781476076;1983600.0;10.781.184.994.922.200;0.32879612825166366;-123.492.918.508.222;0.02461628908485956
VHC;04/09/2025;56.24;56.73;55.66;56.24;1551900;0.010420409629895877;0.010420409629895877;0.019025604551920344;1886780.0;11.074.762.488.126.800;0.8225124285820287;-0.3023812026298736;0.022585839082729577
VHC;05/09/2025;56.63;57.79;56.15;56.24;1625500;0.0;0.0;0.02895991523927248;1813905.0;10.772.582.847.576.200;0.8961329286814911;-0.1748930620128757;0.022696638763707682
VHC;08/09/2025;56.53;57.6;56.05;56.15;2043100;-0.0016002844950213646;0.0016002844950213646;0.027419069520608602;1700320.0;9.593.465.476.699.830;12.015.973.463.818.500;0.35730571067621836;0.02107646645902326
VHC;09/09/2025;56.44;56.44;55.18;56.34;1172800;0.0033837934105076517;0.0033837934105076517;0.022324592487597415;1713205.0;9.622.755.166.654.110;0.6845648944522109;-0.5615907197479929;0.021014804826966396
VHC;10/09/2025;56.34;56.92;56.05;56.05;964500;-0.0051473198438055645;0.0051473198438055645;0.01544195953141648;1656785.0;9.590.605.146.787.080;0.5821515766982439;-0.7218366196964328;0.02062176845857413
VHC;11/09/2025;56.15;57.89;55.95;57.69;2374000;0.029259589652096407;0.029259589652096407;0.034550311665182507;1634325.0;9.702.474.865.371.090;14.525.874.596.545.900;0.7623570380377473;0.02061609687475808
VHC;12/09/2025;58.37;59.34;57.79;58.08;2517000;0.006760270410816505;0.006760270410816505;0.026554737022443112;1657070.0;982.528.936.817.746;15.189.460.915.954.000;0.8752210421254112;0.021455004311828927
VHC;15/09/2025;58.66;62.14;58.47;62.14;4817000;0.06990358126721774;0.06990358126721774;0.06256392771905901;1526690.0;5.946.089.178.257.370;31.551.919.512.147.100;5.533.569.883.262.820;0.018760153888984922
VHC;16/09/2025;62.43;64.07;61.85;63.49;3266900;0.021725136787898336;0.021725136787898336;0.035559827006246866;1692785.0;9.456.556.212.351.740;19.298.965.905.298.000;16.645.753.111.941.000;0.024306008731795087
VHC;17/09/2025;63.49;63.78;61.95;62.04;2327600;-0.022838242242872897;0.022838242242872897;0.02882343676169473;1719940.0;9.838.464.992.595.450;13.533.030.221.984.400;0.6176369997325112;0.022712597005169623
VHC;18/09/2025;62.14;62.72;60.4;61.37;2234900;-0.010799484203739551;0.010799484203739551;0.037335049887351146;1743935.0;9.929.365.699.119.050;1.281.527.121.136.960;0.4944575664521641;0.023053093269879872
VHC;19/09/2025;61.37;61.75;60.21;60.3;1586900;-0.017435228939221115;0.017435228939221115;0.025093693987290194;1770635.0;9.988.802.790.467.030;0.8962321427058654;-0.18394096254993667;0.02333280105237786
VHC;22/09/2025;60.3;60.69;56.53;58.37;2779800;-0.03200663349917077;0.03200663349917077;0.06898839137645102;1757390.0;9.995.034.719.404.690;15.817.775.223.484.800;10.229.179.074.436.400;0.02326002714180134
VHC;23/09/2025;58.56;59.72;58.18;58.85;878400;0.008223402432756544;0.008223402432756544;0.026297814207650257;1808925.0;10.252.925.892.410.500;0.48559227165305363;-0.907570199730785;0.02440628822309509
VHC;24/09/2025;58.66;58.76;57.11;58.47;2551700;-0.006457094307561695;0.006457094307561695;0.028128196385952927;1782550.0;10.428.404.477.549.200;14.314.885.977.952.900;0.7375529033764127;0.02412765842108751
VHC;25/09/2025;58.47;58.56;57.31;57.79;2107700;-0.011629895672994661;0.011629895672994661;0.02137848469300496;1851815.0;10.457.635.308.207.700;1.138.180.649.794.930;0.24468724760287494;0.02393237261455053
VHC;26/09/2025;57.79;57.89;57.21;57.5;1002000;-0.005018169233431347;0.005018169233431347;0.011766741650804633;1896970.0;10.357.965.732.507.000;0.5282107782410898;-0.8640403174836382;0.02255940744402239
VHC;29/09/2025;58.0;58.2;55.5;55.5;1764900;-0.034782608695652195;0.034782608695652195;0.046551724137931086;1892810.0;10.393.892.674.876.000;0.9324232226161104;-0.12306265227192692;0.02206585351594492
VHC;30/09/2025;55.5;56.5;55.2;55.7;1533400;0.003603603603603567;0.003603603603603567;0.02342342342342337;1943005.0;10.055.437.719.672.300;0.7891899403243944;-0.4073467624374533;0.023070052127972078
VHC;01/10/2025;55.8;55.8;54.6;55.1;1636900;-0.010771992818671472;0.010771992818671472;0.021505376344085947;1987610.0;9.636.770.451.054.420;0.8235519040455622;-0.36392897577178085;0.022943069316167956
VHC;02/10/2025;55.2;55.2;54.0;54.0;1025300;-0.019963702359346636;0.019963702359346636;0.02173913043478266;2036845.0;9.158.255.243.365.490;0.5033765455888887;-11.045.171.521.429.100;0.02292239159543349
VHC;03/10/2025;54.1;55.6;53.7;55.1;1254200;0.020370370370370372;0.020370370370370372;0.03512014787430681;2010515.0;9.378.075.687.895.390;0.6238202649569886;-0.8064714181995799;0.023182647708568597
VHC;06/10/2025;55.4;55.6;55.1;55.6;1116700;0.00907441016333932;0.00907441016333932;0.009025270758122744;1991950.0;9.494.336.353.293.660;0.560606440924722;-0.9218653810346298;0.023706509303064612
VHC;07/10/2025;55.6;55.6;54.5;54.6;806100;-0.017985611510791366;0.017985611510791366;0.01978417266187053;1945630.0;9.691.992.278.490.300;0.4143131016688682;-1.175.743.817.428.520;0.02380657526638657
VHC;08/10/2025;55.0;55.8;54.7;55.2;1767300;0.01098901098901095;0.01098901098901095;0.019999999999999896;1927295.0;9.878.774.345.854.630;0.9169846857901878;-0.16195835070080086;0.0241135385584928
VHC;09/10/2025;55.2;55.7;55.0;55.2;586700;0.0;0.0;0.012681159420289906;1967435.0;9.626.863.315.333.040;0.2982055315677519;-1.434.252.211.518.210;0.024247468447720896
VHC;10/10/2025;55.3;57.4;55.2;56.5;2239300;0.023550724637681153;0.023550724637681153;0.03978300180831819;1878070.0;10.049.861.602.084.500;11.923.410.735.489.000;0.35943778561594814;0.02321899317320711
VHC;13/10/2025;56.0;56.7;55.9;56.5;946200;0.0;0.0;0.014285714285714362;1864185.0;9.975.851.412.153.660;0.5075676502063905;-0.9202071703690481;0.023845664608003077
VHC;14/10/2025;56.6;56.8;55.1;55.1;1153200;-0.024778761061946875;0.024778761061946875;0.030035335689045862;1670645.0;7.356.619.493.068.090;0.6902723199722263;-0.7033733367446448;0.017040722182504638
VHC;15/10/2025;55.2;55.4;54.2;54.2;1082000;-0.016333938294010864;0.016333938294010864;0.021739130434782532;1564960.0;6.398.644.794.016.920;0.6913914732644924;-0.7547848263926029;0.016419933493500304
VHC;16/10/2025;54.2;55.0;54.2;54.3;429300;0.0018450184501843658;0.0018450184501843658;0.014760147601475962;1502680.0;6.220.999.713.195.530;0.2856895679718902;-17.254.140.001.376.600;0.01615053046051082
VHC;17/10/2025;54.3;55.0;54.2;54.4;618400;0.0018416206261511192;0.0018416206261511192;0.014732965009208052;1412400.0;6.409.757.381.072.270;0.4378363069951855;-1.238.736.433.838.580;0.016225115739230273
VHC;20/10/2025;54.8;55.2;50.7;51.9;1466900;-0.045955882352941124;0.045955882352941124;0.0821167883211679;1363975.0;6.632.945.752.474.010;10.754.595.942.007.700;0.15517238319280707;0.016080438879934687
VHC;21/10/2025;52.6;54.0;52.1;54.0;1033400;0.040462427745664664;0.040462427745664664;0.03612167300380225;1298330.0;5.748.721.588.776.330;0.795945560835843;-0.46085028803141725;0.017548437582120904
VHC;22/10/2025;54.7;55.6;53.9;55.6;859700;0.029629629629629672;0.029629629629629672;0.031078610603290726;1306080.0;5.699.366.276.867.510;0.6582292049491608;-0.783209883898424;0.020179099540191855
VHC;23/10/2025;55.6;55.6;54.5;54.7;450400;-0.01618705035971224;0.01618705035971224;0.01978417266187053;1221480.0;4.961.043.052.465.980;0.36873301241117334;-1.554.269.922.363.840;0.021525419148293354
VHC;24/10/2025;54.7;55.2;53.9;54.3;528200;-0.007312614259597949;0.007312614259597949;0.023765996343692947;1138615.0;47.838.084.726.117.000;0.46389692740742045;-12.760.021.716.896.700;0.021653201054803808
VHC;27/10/2025;56.6;56.6;55.3;55.3;1072200;0.018416206261510082;0.018416206261510082;0.022968197879858734;1114925.0;49.687.629.284.836.700;0.9616790367065049;-0.0859871976484869;0.021673199287120772
VHC;28/10/2025;56.0;56.2;54.6;56.2;562200;0.01627486437613035;0.01627486437613035;0.0285714285714286;1080290.0;47.274.123.432.548;0.5204158142720936;-10.959.272.481.048.200;0.020765648584330335
VHC;29/10/2025;57.1;58.9;56.7;58.3;2622000;0.03736654804270456;0.03736654804270456;0.0385288966725043;1031730.0;47.362.811.983.109.300;25.413.625.657.875.600;3.357.634.256.528.360;0.02107163593986265
VHC;30/10/2025;58.4;59.1;57.5;57.6;1067400;-0.012006861063464713;0.012006861063464713;0.02739726027397263;1080985.0;5.793.078.976.584.670;0.9874327580863749;-0.023450396680089938;0.022404472085966135
VHC;31/10/2025;57.8;59.8;57.8;59.0;2295300;0.02430555555555558;0.02430555555555558;0.03460207612456748;1083090.0;5.791.713.807.810.160;21.192.144.697.116.500;2.093.007.424.443.740;0.022041729221254382
VHC;03/11/2025;58.6;59.5;57.2;57.2;1354000;-0.03050847457627115;0.03050847457627115;0.03924914675767913;1135145.0;6.390.507.050.758.130;11.927.991.578.168.400;0.3424689125005132;0.02221746270876847
VHC;04/11/2025;57.2;58.5;55.2;58.2;2085000;0.0174825174825175;0.0174825174825175;0.05769230769230764;1147010.0;6.408.904.988.168.280;18.177.696.794.273.800;14.635.729.531.513.600;0.023439179189842636
VHC;05/11/2025;58.0;60.2;57.6;58.7;2430200;0.00859106529209619;0.00859106529209619;0.04482758620689658;1210955.0;6.683.010.017.357.830;20.068.458.365.504.900;18.243.949.909.296.000;0.023213593055918618
VHC;06/11/2025;59.3;59.3;57.7;57.7;903700;-0.017035775127768327;0.017035775127768327;0.026981450252951;1244100.0;7.123.336.422.595.350;0.7263885539747609;-0.477865960282663;0.023178793416567277
VHC;07/11/2025;57.7;57.9;55.6;56.0;1558100;-0.029462738301559876;0.029462738301559876;0.039861351819757314;1259950.0;7.003.622.404.832.630;12.366.363.744.593.000;0.4257082731848462;0.023616651735216623
VHC;10/11/2025;55.9;57.0;55.5;56.0;929800;0.0;0.0;0.026833631484794278;1225890.0;6.659.462.368.848.190;0.7584693569569864;-0.44461547134053564;0.024097683323494164
VHC;11/11/2025;56.3;57.1;55.9;56.8;635900;0.014285714285714235;0.014285714285714235;0.021314387211367726;1225070.0;6.663.187.463.100.590;0.5190723795374959;-0.8842164553566979;0.024097683323494164
VHC;12/11/2025;57.2;57.4;56.7;57.2;628900;0.007042253521126751;0.007042253521126751;0.012237762237762163;1199205.0;6.791.716.622.591;0.5244307687176087;-0.8397067069951337;0.02357542550924283
VHC;13/11/2025;57.4;59.2;57.3;58.8;2038200;0.027972027972027913;0.027972027972027913;0.03310104529616735;1176550.0;6.907.453.864.828.680;17.323.530.661.680.300;124.742.056.459.811;0.02320644035839375
VHC;14/11/2025;58.9;59.9;58.3;58.6;1005400;-0.00340136054421758;0.00340136054421758;0.02716468590831921;1256995.0;6.928.235.436.280.020;0.7998440725698989;-0.3631444143519014;0.02386672983855296
VHC;17/11/2025;59.2;59.6;58.0;58.7;1222100;0.0017064846416381396;0.0017064846416381396;0.02702702702702705;1276345.0;6.793.221.392.837.510;0.9574997355730621;-0.0798516592690379;0.02392341845080632
VHC;18/11/2025;59.0;61.0;58.8;60.7;4256400;0.03407155025553665;0.03407155025553665;0.03728813559322039;1264105.0;6.779.119.555.276.830;33.671.253.574.663.400;4.413.987.650.757.400;0.02086366011350782
VHC;19/11/2025;60.7;60.7;58.0;58.3;2337300;-0.03953871499176287;0.03953871499176287;0.04448105436573316;1425255.0;949.042.339.732.671;16.399.170.674.721.300;0.9610161336499565;0.020356991444306548
VHC;20/11/2025;58.6;58.6;57.2;57.6;1421900;-0.012006861063464713;0.012006861063464713;0.023890784982935127;1499135.0;9.601.467.657.959.480;0.9484802903007401;-0.08044082712289638;0.02195502775455878
VHC;21/11/2025;57.1;58.6;56.6;58.4;1397900;0.01388888888888884;0.01388888888888884;0.03502626970227671;1547710.0;9.283.455.560.693.350;0.9032053808530022;-0.16137309972625227;0.021785979892958187
VHC;24/11/2025;58.5;58.5;57.7;58.4;648700;0.0;0.0;0.013675213675213627;1591195.0;8.979.481.713.299.130;0.407681019611047;-10.496.095.766.909.400;0.021783215415034387
VHC;25/11/2025;58.5;58.5;57.0;57.5;865000;-0.015410958904109595;0.015410958904109595;0.02564102564102564;1570020.0;9.156.499.231.061.010;0.5509483955618399;-0.7699667549890737;0.02152375302587844
VHC;26/11/2025;57.8;58.5;57.3;58.5;620400;0.017391304347825987;0.017391304347825987;0.020761245674740535;1585160.0;9.004.866.668.991.590;0.39138004996341064;-10.713.762.185.087.800;0.02165716695029488
VHC;27/11/2025;58.5;59.0;57.8;57.8;535000;-0.011965811965812034;0.011965811965812034;0.02051282051282056;1485080.0;8.903.592.726.061.700;0.36024995286449213;-1.067.074.864.306.200;0.020329505131656843
VHC;28/11/2025;57.7;57.9;56.6;57.6;1214700;-0.0034602076124566894;0.0034602076124566894;0.022530329289428025;1458460.0;9.112.188.479.405.500;0.8328648026000027;-0.267509830981792;0.020328192017128485
VHC;01/12/2025;57.3;57.7;56.8;57.5;482100;-0.0017361111111111605;0.0017361111111111605;0.015706806282722613;1404430.0;8.907.952.958.186.470;0.34327093553968513;-10.354.006.182.221.300;0.019540381567405264
VHC;02/12/2025;57.5;57.5;56.7;57.0;863700;-0.008695652173912993;0.008695652173912993;0.01391304347826082;1360835.0;9.144.151.966.521.660;0.63468385219369;-0.5436644117684153;0.018272983036786507
VHC;03/12/2025;57.0;57.5;56.8;57.5;473800;0.00877192982456143;0.00877192982456143;0.012280701754386015;1299770.0;9.042.326.628.287.180;0.3645260315286551;-0.9134485337170979;0.017920690462387905
VHC;04/12/2025;57.6;57.9;57.0;57.6;689700;0.0017391304347826875;0.0017391304347826875;0.015624999999999976;1201950.0;8.810.304.036.213.860;0.5738175464869587;-0.5814214786396115;0.017925770635714818
VHC;05/12/2025;57.7;57.8;56.8;56.8;760500;-0.01388888888888895;0.01388888888888895;0.01733102253032929;1191250.0;8.861.280.075.640.720;0.638405036726128;-0.48610358359410516;0.01752220809913485
VHC;08/12/2025;57.1;57.1;56.1;56.1;695700;-0.012323943661971759;0.012323943661971759;0.017513134851138354;1151370.0;886.696.780.249.744;0.6042366919409052;-0.5138960805425025;0.016454713234025597
VHC;09/12/2025;56.2;56.5;55.0;55.2;921400;-0.016042780748663055;0.016042780748663055;0.02669039145907473;1139665.0;8.913.087.410.479.150;0.8084831946229813;-0.24488147591078804;0.016716428281561554
VHC;10/12/2025;55.4;55.9;55.2;55.6;397900;0.007246376811594235;0.007246376811594235;0.012635379061371764;1153940.0;88.508.040.336.517;0.34481862141879127;-0.8542048802859665;0.01674908797715455
VHC;11/12/2025;55.6;55.9;55.4;55.6;330500;0.0;0.0;0.008992805755395683;1142390.0;8.937.573.118.729.240;0.28930575372683587;-0.9084009598742571;0.01675449664839726
VHC;12/12/2025;55.4;56.3;55.0;55.0;799200;-0.010791366906474864;0.010791366906474864;0.023465703971119082;1057005.0;8.852.034.666.347.080;0.756098599344374;-0.2912381274105278;0.015286994302060772
VHC;15/12/2025;55.2;55.4;54.6;54.8;567800;-0.0036363636363636598;0.0036363636363636598;0.014492753623188354;1046695.0;8.870.350.610.023.070;0.542469391752134;-0.5398828310787076;0.015394212677766878
VHC;16/12/2025;54.3;55.7;52.9;55.0;1169700;0.0036496350364965124;0.0036496350364965124;0.051565377532228444;1013980.0;8.922.756.498.798.000;11.535.730.487.780.800;0.1745200600520447;0.01535359016690862
VHC;17/12/2025;55.5;55.5;54.4;54.4;328200;-0.01090909090909098;0.01090909090909098;0.019819819819819846;859645.0;4.680.045.146.824.510;0.38178550448150106;-1.135.555.284.889.910;0.012738524387192411
VHC;18/12/2025;54.7;54.8;54.0;54.5;351100;0.0018382352941177516;0.0018382352941177516;0.01462522851919556;759190.0;32.916.814.116.480.600;0.46246657621939175;-12.397.615.351.106.500;0.009934019448345545
VHC;19/12/2025;54.6;55.0;54.1;54.5;322100;0.0;0.0;0.016483516483516456;705650.0;3.016.362.317.689.780;0.4564585842839935;-12.715.647.511.926.100;0.009784620325799395
VHC;22/12/2025;54.8;55.8;54.7;55.0;285600;0.00917431192660545;0.00917431192660545;0.020072992700729823;651860.0;26.544.274.513.982.800;0.43813088700027614;-13.798.079.122.752.500;0.009005917910152702
VHC;23/12/2025;55.3;55.5;54.0;54.3;562300;-0.01272727272727281;0.01272727272727281;0.027124773960217;633705.0;27.779.976.597.125.400;0.887321387711948;-0.2570376535428355;0.009413248037988814
VHC;24/12/2025;54.1;54.7;53.6;53.6;623800;-0.012891344383057057;0.012891344383057057;0.020332717190388195;618570.0;27.273.482.610.114.200;10.084.549.848.844.900;0.019176135570088428;0.00924391258229766
VHC;25/12/2025;53.6;54.5;53.0;53.0;503300;-0.011194029850746245;0.011194029850746245;0.027985074626865673;618740.0;2.727.370.864.326.830;0.8134272877137408;-0.42326476941555535;0.00817806094402218
VHC;26/12/2025;53.1;54.0;52.9;53.7;624200;0.013207547169811429;0.013207547169811429;0.020715630885122436;617155.0;273.340.794.565.472;1.011.415.284.652.960;0.025773686694660375;0.008141887252668114
VHC;29/12/2025;53.7;54.4;53.7;54.4;240200;0.013035381750465369;0.013035381750465369;0.01303538175046547;587630.0;23.453.691.236.809.000;0.408760614672498;-14.813.446.484.480.500;0.009035690040473363
VHC;30/12/2025;55.4;56.6;55.0;56.6;1118400;0.040441176470588314;0.040441176470588314;0.028880866425992805;575535.0;24.621.224.749.347.600;19.432.354.244.311.800;2.204.865.946.054.870;0.009758829924351111
VHC;31/12/2025;56.6;56.8;56.0;56.1;682200;-0.00883392226148405;0.00883392226148405;0.014134275618374508;588270.0;267.562.947.045.323;11.596.715.793.768.100;0.3510575774308878;0.013603609117534467
VHC;05/01/2026;56.3;56.3;55.1;55.5;478400;-0.010695187165775444;0.010695187165775444;0.021314387211367598;598690.0;26.692.760.875.523.600;0.7990779869381482;-0.45064652757707657;0.01355760628812728
VHC;06/01/2026;55.4;56.5;55.3;55.7;358700;0.003603603603603567;0.003603603603603567;0.021660649819494636;588125.0;2.673.171.876.550.190;0.60990435706695;-0.8582500886403146;0.013702695406843652
VHC;07/01/2026;55.9;57.2;55.6;57.0;811500;0.02333931777378817;0.02333931777378817;0.02862254025044725;568035.0;2.687.751.579.901.510;1.428.609.152.605.030;0.9058314831645303;0.013444074933509319
VHC;08/01/2026;57.4;58.2;56.7;57.1;1043400;0.0017543859649122862;0.0017543859649122862;0.02613240418118467;573825.0;27.288.594.084.438.500;1.818.324.402.038.940;1.720.773.882.842.780;0.014192336884741676
VHC;09/01/2026;57.6;58.0;56.9;57.1;609200;0.0;0.0;0.019097222222222248;579925.0;2.822.667.735.447.580;10.504.806.656.033.100;0.10371394277958808;0.013621175311260537
VHC;12/01/2026;57.1;57.3;56.2;56.8;764400;-0.005253940455341555;0.005253940455341555;0.01926444833625209;590490.0;2.790.309.960.144.950;1.294.518.112.076.410;0.623264090671007;0.013564391856980506
VHC;13/01/2026;56.9;58.7;56.9;58.6;1850500;0.03169014084507049;0.03169014084507049;0.031634446397188126;612185.0;2.745.852.437.385.270;30.227.790.618.848.800;45.097.652.850.536.200;0.013643946622759837
VHC;14/01/2026;59.2;60.8;59.1;60.2;3101200;0.027303754266211566;0.027303754266211566;0.02871621621621614;664750.0;3.890.428.139.069.410;4.665.212.485.896.950;6.262.678.329.750.090;0.014932103304981396
VHC;15/01/2026;60.9;60.9;58.0;59.5;1033000;-0.011627906976744207;0.011627906976744207;0.047619047619047596;791420.0;6.681.362.700.590.500;13.052.487.933.082.300;0.36157294675627916;0.015757787640625968
VHC;16/01/2026;59.8;60.7;59.3;60.1;1246200;0.010084033613445342;0.010084033613445342;0.02341137123745829;784585.0;6.647.534.654.013.900;15.883.556.274.973.300;0.6944153344447306;0.016182423891459664
VHC;19/01/2026;60.5;63.2;60.5;63.0;2654600;0.048252911813643884;0.048252911813643884;0.044628099173553766;830485.0;6.632.738.247.551.020;31.964.454.505.499.700;2.750.168.832.116.220;0.015837347519717326
VHC;20/01/2026;63.2;63.8;62.4;63.0;1639700;0.0;0.0;0.02215189873417719;945660.0;7.674.630.492.733.830;17.339.212.824.905.300;0.9043301832669358;0.018507859107028603
VHC;21/01/2026;62.4;62.8;60.0;62.0;2053800;-0.015873015873015928;0.015873015873015928;0.04487179487179483;1011540.0;7.676.708.473.654.160;2.030.369.535.559.640;1.357.691.259.967.660;0.018507859107028603
VHC;22/01/2026;62.0;63.6;60.2;60.8;1305800;-0.01935483870967747;0.01935483870967747;0.054838709677419335;1099950.0;7.813.632.664.839.860;11.871.448.702.213.700;0.2634498047576424;0.019217663640788387
VHC;23/01/2026;61.2;62.2;59.0;59.0;1244700;-0.02960526315789469;0.02960526315789469;0.05228758169934645;1137125.0;7.720.686.367.599.840;10.946.026.162.471.100;0.1393334671013741;0.0196139188977991
VHC;26/01/2026;58.6;60.2;58.5;60.0;962400;0.016949152542372836;0.016949152542372836;0.029010238907849876;1168170.0;762.768.627.470.107;0.8238526926731554;-0.2697672565303089;0.020776074897274927
VHC;27/01/2026;59.9;60.0;58.5;58.5;679400;-0.025000000000000022;0.025000000000000022;0.025041736227045076;1191125.0;7.484.810.632.031.270;0.5703851400986463;-0.6836846316593117;0.020572621868693856
VHC;28/01/2026;59.6;61.5;58.8;61.0;1287000;0.042735042735042805;0.042735042735042805;0.04530201342281884;1193885.0;7.463.793.414.491.750;10.779.932.740.590.500;0.1247555965565811;0.02165475957065114
VHC;29/01/2026;61.0;65.0;60.8;65.0;4208700;0.06557377049180335;0.06557377049180335;0.06885245901639349;1246225.0;7.118.887.449.114.350;3.377.159.020.241.120;41.614.297.475.212.300;0.023231084932734652
VHC;30/01/2026;64.7;65.6;64.3;64.7;1548000;-0.004615384615384577;0.004615384615384577;0.020092735703245705;1400740.0;970.928.673.948.162;11.051.301.454.945.200;0.15166922550673606;0.025736997283083696
VHC;02/02/2026;64.3;69.2;64.1;69.2;5180500;0.06955177743431218;0.06955177743431218;0.0793157076205289;1444030.0;9.563.981.939.382.880;35.875.293.449.582.000;39.068.141.530.190.800;0.025615224516180313
VHC;03/02/2026;69.3;69.9;67.7;68.2;2583900;-0.014450867052023142;0.014450867052023142;0.031746031746031786;1679135.0;1.241.868.968.117.680;15.388.280.275.260.700;0.7285510977630455;0.02871820249948323
VHC;04/02/2026;68.2;69.8;68.0;68.2;2290000;0.0;0.0;0.0263929618768328;1790395.0;12.167.689.637.011.200;12.790.473.610.571.900;0.410599723451458;0.029257365300556018
VHC;05/02/2026;68.8;68.8;63.5;63.5;4180400;-0.06891495601173026;0.06891495601173026;0.07703488372093019;1864320.0;11.989.486.432.089.700;22.423.189.152.076.800;193.175.914.007.546;0.02918672387577368
VHC;06/02/2026;61.6;62.9;60.0;60.0;2640600;-0.055118110236220486;0.055118110236220486;0.04707792207792205;2021170.0;1.287.804.283.961.450;1.306.471.004.418.230;0.48099700219551417;0.034036594216884014
VHC;09/02/2026;60.5;60.6;58.6;60.0;1393900;0.0;0.0;0.03305785123966942;2122740.0;12.501.381.512.709.500;0.6566513091570328;-0.5830075654110903;0.03666688046856882
VHC;10/02/2026;60.0;60.5;58.2;60.0;1752000;0.0;0.0;0.03833333333333329;2154215.0;12.217.409.757.671.300;0.8132892956366936;-0.32921462730465384;0.03662255013582016
VHC;11/02/2026;60.0;60.5;59.3;60.0;939600;0.0;0.0;0.02000000000000005;2149290.0;12.232.273.580.035.800;0.4371676227963653;-0.9889330810703295;0.03601366469342071
VHC;12/02/2026;60.0;60.6;59.6;60.1;906200;0.0016666666666667052;0.0016666666666667052;0.016666666666666666;2041210.0;12.301.692.168.153.100;0.4439523615894494;-0.9226454251052855;0.0355097618522685
VHC;13/02/2026;60.1;60.4;59.7;60.1;976600;0.0;0.0;0.011647254575707084;2034870.0;1.235.951.926.377.310;0.4799323789726125;-0.8562388046126406;0.035396429823739854
VHC;23/02/2026;62.9;62.9;61.0;61.9;1468700;0.029950083194675514;0.029950083194675514;0.030206677265500772;2021390.0;1.246.432.106.749.830;0.7265792350808107;-0.4434176534822894;0.035333397287294906
VHC;24/02/2026;61.7;62.3;60.9;61.7;1374500;-0.003231017770597644;0.003231017770597644;0.022690437601296572;1962095.0;12.429.265.196.026.500;0.7005267329053894;-0.4727511970601799;0.03425449356599655
VHC;25/02/2026;61.9;63.8;61.9;62.7;1064700;0.01620745542949753;0.01620745542949753;0.030694668820678492;1948835.0;12.479.514.397.920.000;0.5463263950000898;-0.7084690732416284;0.03426049718524596
VHC;26/02/2026;63.1;63.1;61.8;62.6;908400;-0.0015948963317384823;0.0015948963317384823;0.020602218700475503;1899380.0;12.630.796.581.122.000;0.47826132738051363;-0.7845744277768805;0.03425320534721791
VHC;27/02/2026;62.5;62.5;61.4;61.5;1207400;-0.01757188498402562;0.01757188498402562;0.017600000000000022;1879510.0;12.759.690.236.711.900;0.6424014769807024;-0.5267447622405579;0.033923164452611704
VHC;02/03/2026;60.4;65.3;59.8;64.2;2742900;0.04390243902439028;0.04390243902439028;0.09105960264900663;1877645.0;12.769.725.832.588.300;14.608.192.709.484.400;0.6775830674389816;0.03343622528654827
VHC;03/03/2026;65.0;65.3;62.8;62.8;2089100;-0.02180685358255463;0.02180685358255463;0.038461538461538464;1966670.0;12.718.615.528.346.400;10.622.524.368.602.700;0.09626047719355617;0.034568728315047204
VHC;04/03/2026;62.4;62.6;59.9;62.0;2546100;-0.01273885350318471;0.01273885350318471;0.04326923076923082;2037155.0;12.353.044.953.732.900;12.498.312.597.715.900;0.41199963402238104;0.034435077732446924
VHC;05/03/2026;62.2;62.6;59.3;60.7;2286200;-0.020967741935483786;0.020967741935483786;0.05305466237942129;2100110.0;1.227.118.845.915.090;10.886.096.442.567.200;0.1516479032324106;0.033378452843487796
VHC;06/03/2026;59.8;60.7;57.8;59.2;1534700;-0.02471169686985175;0.02471169686985175;0.04849498327759207;2003985.0;11.242.370.504.269.200;0.7658240954897367;-0.41742531063336774;0.030057461332815946
VHC;09/03/2026;55.1;55.5;55.1;55.1;1680900;-0.0692567567567568;0.0692567567567568;0.00725952813067148;2003320.0;11.245.248.636.880.500;0.8390571651059242;-0.2867166484363664;0.030448145886109328
VHC;10/03/2026;56.5;57.0;55.2;57.0;1690800;0.034482758620689724;0.034482758620689724;0.03185840707964597;1828340.0;8.405.414.642.078.230;0.9247732916197207;-0.16363261761229825;0.028564122896772067
VHC;11/03/2026;57.2;59.4;57.1;59.0;1166500;0.03508771929824572;0.03508771929824572;0.04020979020979016;1783685.0;8.218.033.464.822.790;0.6539831864931308;-0.7510130040743371;0.030290393981942436
VHC;12/03/2026;57.7;59.2;57.7;58.7;696200;-0.005084745762711784;0.005084745762711784;0.025996533795493933;1727510.0;8.237.687.430.341.110;0.40300779734994296;-12.519.411.651.885.100;0.0317868662310233
VHC;13/03/2026;59.0;61.2;58.8;60.6;1651900;0.03236797274275971;0.03236797274275971;0.04067796610169501;1553300.0;621.257.315.111.015;10.634.777.570.334.100;0.15871040485435695;0.02821889588875876
VHC;16/03/2026;60.5;60.7;59.5;60.6;562000;0.0;0.0;0.0198347107438017;1503865.0;5.671.663.946.646.000;0.373703756653689;-16.606.502.233.916.300;0.026533076194501952
VHC;17/03/2026;60.7;61.0;60.1;61.0;1254700;0.0066006600660066805;0.0066006600660066805;0.014827018121911013;1462270.0;6.049.050.017.629.990;0.8580494710279224;-0.3431447903307725;0.026533076194501952
VHC;18/03/2026;60.6;60.9;59.4;59.6;510800;-0.022950819672131084;0.022950819672131084;0.02475247524752475;1437405.0;602.585.116.481.699;0.35536261526848734;-15.377.163.734.314.300;0.026563177186388086
VHC;19/03/2026;59.0;59.0;57.8;58.7;779300;-0.015100671140939603;0.015100671140939603;0.020338983050847505;1415965.0;6.283.085.550.026.140;0.5503667110415865;-10.132.999.064.406.300;0.027106346888036193
VHC;20/03/2026;58.6;59.8;57.5;57.5;761600;-0.020442930153321992;0.020442930153321992;0.03924914675767913;1409620.0;6.343.391.900.237.590;0.5402874533562236;-10.215.670.262.714.300;0.027311179295594085
VHC;23/03/2026;57.0;58.3;55.7;55.9;715500;-0.02782608695652178;0.02782608695652178;0.0456140350877192;1398870.0;6.438.147.127.208.170;0.5114842694460529;-10.614.389.303.282.800;0.02765917250326623
VHC;24/03/2026;56.8;57.5;56.2;57.4;349400;0.02683363148479434;0.02683363148479434;0.022887323943661924;1361210.0;6.613.066.458.873.190;0.2566833919821335;-15.300.163.793.793.200;0.027176793791778196
VHC;25/03/2026;57.9;58.5;57.7;58.5;332200;0.019163763066202044;0.019163763066202044;0.01381692573402413;1309955.0;6.988.804.757.949.440;0.25359649758961184;-13.990.303.547.796.900;0.028080630247076476
VHC;26/03/2026;58.4;59.3;57.8;59.3;511200;0.013675213675213627;0.013675213675213627;0.025684931506849317;1273330.0;7.308.708.389.744.090;0.40146701954717157;-1.042.769.747.209.300;0.02819586997101422
VHC;27/03/2026;58.3;59.3;58.3;58.8;670700;-0.00843170320404718;0.00843170320404718;0.017152658662092625;1253470.0;7.465.376.685.952.140;0.5350746328192937;-0.7806304015397082;0.028443878556539636
VHC;30/03/2026;57.8;59.3;57.5;59.3;439600;0.008503401360544283;0.008503401360544283;0.03114186851211068;1226635.0;757.841.373.677.826;0.3583788168444566;-1.038.522.080.393.280;0.028258706824208037
VHC;31/03/2026;58.9;59.3;58.6;59.0;608200;-0.005059021922428242;0.005059021922428242;0.011884550084889572;1111470.0;6.869.939.248.180.010;0.5472032533491682;-0.7325683413187772;0.02628093539752577
VHC;01/04/2026;59.4;59.6;58.8;58.9;452700;-0.0016949152542372614;0.0016949152542372614;0.01346801346801354;1037425.0;6.551.464.053.934.810;0.43636889413692553;-0.8925104300142103;0.025935841496626682
VHC;02/04/2026;58.5;58.6;57.3;58.6;828100;-0.005093378607809784;0.005093378607809784;0.022222222222222296;932755.0;562.036.069.712.518;0.8878001190023104;-0.1862069102673982;0.025830288675936657
VHC;03/04/2026;58.6;58.6;57.4;57.4;444700;-0.020477815699658786;0.020477815699658786;0.02047781569965875;859850.0;46.309.274.108.120.500;0.5171832296330755;-0.8964727001134338;0.025465875133526158
VHC;06/04/2026;57.1;57.4;56.2;57.4;644000;0.0;0.0;0.02101576182136595;805350.0;443.203.936.069.354;0.7996523250760539;-0.3640536260371826;0.025279213069316086
VHC;07/04/2026;57.2;58.7;56.6;58.7;899500;0.022648083623693527;0.022648083623693527;0.03671328671328673;753505.0;39.322.236.842.061.100;11.937.545.205.406.700;0.3712784717369788;0.019569713934981865
VHC;08/04/2026;59.5;59.6;58.7;59.2;956400;0.008517887563884052;0.008517887563884052;0.015126050420168043;713940.0;32.842.027.214.819.400;13.396.083.704.512.900;0.7382613698419733;0.018702799543998918
VHC;09/04/2026;59.5;61.0;59.5;60.2;1133600;0.016891891891891886;0.016891891891891886;0.025210084033613446;703435.0;3.163.198.602.264.540;16.115.206.095.801.300;13.599.051.279.677.500;0.017074357803778757
VHC;10/04/2026;61.0;61.9;60.2;61.2;881100;0.01661129568106312;0.01661129568106312;0.027868852459016324;725305.0;330.592.010.402.709;12.147.992.913.326.100;0.47126063273646296;0.01741288171809675
VHC;13/04/2026;60.6;60.9;60.0;60.5;527200;-0.011437908496732097;0.011437908496732097;0.014851485148514828;686765.0;25.261.970.851.772.100;0.7676570588192467;-0.6316411373295777;0.016256354703739175
VHC;14/04/2026;60.5;61.4;60.4;61.0;656200;0.008264462809917328;0.008264462809917328;0.01652892561983471;685025.0;2.536.420.766.085.850;0.9579212437502281;-0.11364439364877972;0.016478923893308108
VHC;15/04/2026;61.5;61.5;60.8;61.0;590200;0.0;0.0;0.011382113821138257;655100.0;21.530.185.908.699.300;0.9009311555487712;-0.30143724849945236;0.01651790593248008
VHC;16/04/2026;61.3;61.8;61.0;61.7;700100;0.011475409836065653;0.011475409836065653;0.013050570962479562;659070.0;2.132.230.388.953.990;10.622.543.887.599.100;0.1924276110712783;0.015601875168709211
VHC;17/04/2026;61.7;61.9;61.1;61.3;440900;-0.006482982171799101;0.006482982171799101;0.012965964343598008;655110.0;21.160.188.512.740.900;0.6730167452794187;-10.123.255.748.455.100;0.015261583857889564
VHC;20/04/2026;61.5;62.8;60.8;62.7;1518100;0.022838499184339334;0.022838499184339334;0.032520325203252036;639075.0;21.522.756.347.398.200;23.754.645.385.909.300;40.841.655.492.989.900;0.014449573870337152
VHC;21/04/2026;62.8;62.9;62.1;62.3;997400;-0.006379585326953818;0.006379585326953818;0.012738853503184669;679205.0;2.915.269.247.744.030;14.684.815.335.576.100;10.914.772.288.914.000;0.013081076369314312
VHC;22/04/2026;62.2;62.7;62.1;62.2;822900;-0.0016051364365969878;0.0016051364365969878;0.00964630225080388;711605.0;2.889.411.276.312.900;11.563.999.690.839.700;0.38518227194717797;0.01236384046173362
VHC;23/04/2026;62.3;62.8;61.9;62.0;1735200;-0.003215434083601365;0.003215434083601365;0.014446227929373974;736140.0;2.755.522.328.935.680;23.571.603.227.646.900;3.625.664.686.179.060;0.011902396420406252
VHC;24/04/2026;62.0;62.7;61.8;62.4;980800;0.006451612903225712;0.006451612903225712;0.014516129032258155;797340.0;3.490.789.164.282.710;12.300.900.494.143.000;0.5255545132233646;0.011713124826832485
VHC;28/04/2026;62.6;62.6;59.5;62.0;1603200;-0.0064102564102563875;0.0064102564102563875;0.04952076677316296;812845.0;3.500.434.175.701.780;19.723.317.483.653.000;22.578.770.527.560.200;0.011466032890504886
VHC;29/04/2026;61.5;62.5;60.6;61.2;1133000;-0.012903225806451535;0.012903225806451535;0.030894308943089407;871025.0;3.801.473.701.425.740;13.007.663.385.092.200;0.6891406348589134;0.0115762937303265
VHC;04/05/2026;61.2;62.8;61.2;61.7;1678300;0.008169934640522847;0.008169934640522847;0.02614379084967311;897265.0;3.791.619.294.055.320;18.704.619.036.739.400;20.598.982.635.850.100;0.011964825347708501
VHC;05/05/2026;62.3;62.4;60.7;62.4;1536000;0.011345218800648205;0.011345218800648205;0.027287319422150815;958545.0;4.018.892.535.001.980;16.024.286.809.695.900;14.368.510.602.628.300;0.01201207340566574
VHC;06/05/2026;62.4;62.7;61.1;61.4;2243200;-0.01602564102564108;0.01602564102564108;0.025641025641025664;993940.0;42.053.641.985.094.700;22.568.766.726.361.700;2.970.634.506.383.010;0.012035228355498931
VHC;07/05/2026;61.7;62.5;60.5;60.5;1436000;-0.014657980456026065;0.014657980456026065;0.03241491085899514;1083865.0;48.435.646.863.702.100;13.248.882.471.525.500;0.7270162014990891;0.01160750324224483
VHC;08/05/2026;60.9;62.4;60.0;60.5;1348400;0.0;0.0;0.03940886699507387;1123465.0;47.884.604.852.103.500;1.200.215.405.019.290;0.46974387842341897;0.01227929737316993
VHC;11/05/2026;61.2;62.3;60.5;61.0;1238900;0.008264462809917328;0.008264462809917328;0.029411764705882304;1145910.0;47.831.596.570.952.000;10.811.494.794.530.100;0.19441123998874102;0.011352664108029382
VHC;12/05/2026;61.0;61.5;60.5;61.3;760800;0.004918032786885185;0.004918032786885185;0.01639344262295082;1160035.0;47.659.316.676.308.100;0.6558422806208434;-0.8376851114159234;0.011344642515280286
VHC;13/05/2026;61.2;61.9;60.6;61.2;685700;-0.0016313213703098572;0.0016313213703098572;0.02124183006535943;1141395.0;4.848.993.747.757.300;0.6007560923256191;-0.9397722985532045;0.010795593039312244
VHC;14/05/2026;61.1;61.8;60.9;61.2;865600;0.0;0.0;0.014729950900163642;1131625.0;49.233.151.312.483.400;0.7649177068375125;-0.5403371364784998;0.010155376836698263
VHC;15/05/2026;61.2;61.3;60.0;60.0;1026300;-0.019607843137254943;0.019607843137254943;0.02124183006535943;1148545.0;47.601.028.568.608.300;0.8935653370133517;-0.2568116775539959;0.0097899412501163
VHC;18/05/2026;60.0;60.0;59.0;59.0;472800;-0.01666666666666672;0.01666666666666672;0.016666666666666666;1167050.0;4.628.755.425.540.820;0.4051240306756351;-14.998.632.162.961.600;0.010595295358711145
VHC;19/05/2026;59.0;59.2;58.5;58.6;447200;-0.006779661016949157;0.006779661016949157;0.011864406779661066;1161180.0;4.712.446.895.973.290;0.38512547580909073;-1.515.093.996.306.000;0.011171094956019319
VHC;20/05/2026;59.0;59.5;57.3;58.2;553200;-0.0068259385665528916;0.0068259385665528916;0.03728813559322039;1148535.0;4.873.847.688.644.480;0.4816570674816179;-12.214.887.251.956.200;0.010785101065199226
VHC;21/05/2026;59.3;59.3;58.3;58.8;218500;0.010309278350515427;0.010309278350515427;0.016863406408094434;1154150.0;4.793.844.874.858.850;0.18931681323918034;-19.517.736.272.756.400;0.010792005931469676
VHC;22/05/2026;58.9;59.2;58.9;59.0;158700;0.003401360544217802;0.003401360544217802;0.0050933786078099196;1089170.0;5.142.656.267.359.350;0.1457072816915633;-18.093.178.925.951.700;0.009531571314090916
VHC;25/05/2026;59.1;60.2;59.1;60.0;321800;0.016949152542372836;0.016949152542372836;0.01861252115059224;1047235.0;5.547.448.614.832.810;0.307285375297808;-13.076.912.475.769.900;0.00960843273122268
VHC;26/05/2026;60.5;60.5;59.5;59.5;356800;-0.008333333333333304;0.008333333333333304;0.01652892561983471;1022180.0;5.763.072.121.159.350;0.349057895869612;-1.154.557.822.653.350;0.01056511176346737
VHC;27/05/2026;60.1;60.1;58.0;58.3;403400;-0.020168067226890796;0.020168067226890796;0.03494176372712149;953260.0;5.689.234.407.841.560;0.42317940540880766;-0.9664920806253277;0.010664098221227129
VHC;28/05/2026;58.5;59.2;58.5;58.8;94100;0.00857632933104635;0.00857632933104635;0.011965811965812015;924390.0;5.819.532.346.015.070;0.10179686063241705;-14.267.297.621.750.300;0.011201193576527947
VHC;29/05/2026;58.8;59.1;58.5;58.7;89100;-0.00170068027210879;0.00170068027210879;0.010204081632653086;848935.0;5.871.183.466.057.350;0.1049550318929011;-12.941.768.970.306.900;0.01148222767587015
VHC;01/06/2026;59.0;59.0;58.3;58.3;100600;-0.006814310051107442;0.006814310051107442;0.011864406779661066;796740.0;6.066.135.962.520.900;0.12626452795140197;-11.475.839.056.378.500;0.011222610379927625
VHC;02/06/2026;58.1;58.4;57.8;57.8;235300;-0.00857632933104635;0.00857632933104635;0.010327022375215171;717855.0;5.882.456.991.812.710;0.3277820729813124;-0.8203289895219408;0.01100435800615514
VHC;03/06/2026;57.7;58.3;57.7;58.0;130000;0.0034602076124568004;0.0034602076124568004;0.010398613518197474;652820.0;5.644.528.842.395.220;0.1991360558806409;-0.9262420559767117;0.010551522263625861
VHC;04/06/2026;58.0;58.2;57.5;57.8;107800;-0.0034482758620689724;0.0034482758620689724;0.012068965517241428;547160.0;43.372.836.563.671.300;0.1970173258279114;-10.129.842.426.953.500;0.010255647912120663
VHC;05/06/2026;57.7;57.8;57.5;57.5;246300;-0.00519031141868509;0.00519031141868509;0.005199306759098737;480750.0;38.994.469.985.802.800;0.5123244929797192;-0.6012390989936742;0.00987229735486209
VHC;08/06/2026;57.5;57.5;55.4;55.4;680800;-0.03652173913043477;0.03652173913043477;0.036521739130434806;425645.0;3.348.605.027.313.210;15.994.549.448.484.000;0.7619740098303739;0.009878707088542361
VHC;09/06/2026;55.6;57.2;55.6;57.1;147400;0.03068592057761732;0.03068592057761732;0.028776978417266213;397740.0;2.827.167.233.897.030;0.37059385528234523;-0.8854799850482319;0.012131109588287708
VHC;10/06/2026;56.5;57.1;56.5;57.0;323400;-0.0017513134851138146;0.0017513134851138146;0.010619469026548698;367070.0;2.744.075.668.359.780;0.8810308660473479;-0.15914284180837804;0.014371472853436514
VHC;11/06/2026;56.9;57.2;56.5;57.0;145100;0.0;0.0;0.012302284710017625;348955.0;26.402.847.429.177.300;0.4158129271682595;-0.7720947543510895;0.014370701269821628
VHC;12/06/2026;57.2;57.7;57.0;57.1;145100;0.0017543859649122862;0.0017543859649122862;0.012237762237762287;312930.0;23.766.279.318.218.400;0.46368197360432045;-0.7061685918643027;0.014370701269821628
VHC;15/06/2026;57.4;58.4;57.4;58.4;124300;0.0227670753064797;0.0227670753064797;0.017421602787456445;268870.0;1.707.002.515.954.100;0.4623052032580801;-0.8469231805390416;0.013892484308779417
VHC;16/06/2026;58.2;58.9;57.5;58.5;116700;0.001712328767123239;0.001712328767123239;0.02405498281786939;251445.0;16.652.380.413.053.500;0.4641174014197936;-0.8091635949799423;0.014541582006987762
VHC;17/06/2026;58.8;58.8;58.2;58.5;222000;0.0;0.0;0.010204081632652965;234920.0;16.242.375.571.649.700;0.9450025540609569;-0.07954501447775429;0.014469615803455089
VHC;18/06/2026;58.6;58.6;57.6;57.9;111400;-0.010256410256410331;0.010256410256410331;0.017064846416382253;218360.0;14.411.766.902.887.200;0.5101666971972889;-0.7421713154309478;0.014380007493456899
VHC;19/06/2026;57.9;58.1;57.5;57.5;217200;-0.006908462867012077;0.006908462867012077;0.01036269430051816;213005.0;14.608.848.247.047.400;10.196.943.733.715.100;0.0287154738625466;0.014366076096714588
VHC;22/06/2026;57.3;58.5;57.3;58.5;117300;0.017391304347825987;0.017391304347825987;0.0209424083769634;215930.0;14.552.852.894.481.400;0.5432316028342519;-0.6777365284672184;0.014397132101422247
VHC;23/06/2026;57.9;58.9;57.9;58.5;382000;0.0;0.0;0.017271157167530225;205705.0;14.488.124.165.747.000;1.857.028.268.637.120;12.168.241.932.713.300;0.014426757823108418
VHC;24/06/2026;58.5;58.8;57.8;58.4;452700;-0.0017094017094017033;0.0017094017094017033;0.017094017094017096;206965.0;14.636.640.855.275.200;2.187.326.359.529.380;16.789.029.834.767.900;0.014328869555841436
VHC;25/06/2026;58.4;61.1;58.4;61.1;921200;0.046232876712328785;0.046232876712328785;0.04623287671232882;209430.0;1.502.133.293.545.850;4.398.605.739.387.860;4.738.394.409.192.760;0.013587562122738893
VHC;26/06/2026;60.9;61.1;60.0;60.1;145700;-0.016366612111292977;0.016366612111292977;0.018062397372742223;250785.0;21.616.607.230.504.300;0.5809757361883685;-0.48613086632628005;0.016995001916953856
VHC;29/06/2026;60.0;60.2;59.4;60.0;218500;-0.0016638935108153063;0.0016638935108153063;0.013333333333333404;253615.0;2.143.003.653.876.090;0.8615421012164107;-0.16385879667767617;0.017475256633176443
VHC;30/06/2026;59.8;60.4;59.5;59.5;126900;-0.008333333333333304;0.008333333333333304;0.015050167224080244;259510.0;21.147.262.333.704.600;0.4889984971677392;-0.6270788053196146;0.01738675568446523
VHC;01/07/2026;59.5;60.0;59.5;60.0;147200;0.008403361344537785;0.008403361344537785;0.008403361344537815;254090.0;21.350.514.575.334.600;0.5793222873784879;-0.5006436712466201;0.017379367857724228
VHC;02/07/2026;59.9;60.5;59.9;60.0;114800;0.0;0.0;0.010016694490818054;254950.0;2.130.130.771.868.970;0.4502843694842126;-0.6579408262199425;0.017442358799828066
VHC;03/07/2026;59.7;60.4;59.3;59.3;182100;-0.011666666666666714;0.011666666666666714;0.018425460636515935;255300.0;21.276.417.634.752.700;0.7132784958871915;-0.3440428800402733;0.01740433672502089
VHC;06/07/2026;59.5;60.0;56.2;57.6;318800;-0.02866779089376048;0.02866779089376048;0.06386554621848735;252090.0;21.339.048.195.613.900;12.646.277.123.249.600;0.3126193792172591;0.017604495558155263
VHC;07/07/2026;58.0;58.3;57.6;57.8;172100;0.003472222222222099;0.003472222222222099;0.012068965517241306;233990.0;18.908.090.972.134.700;0.7355015171588529;-0.32732019372663573;0.01677536612845319
VHC;08/07/2026;57.8;59.8;57.7;58.9;142300;0.01903114186851207;0.01903114186851207;0.03633217993079575;235225.0;18.856.553.481.761.200;0.6049527048570518;-0.49279949323655714;0.015378589322278856
VHC;09/07/2026;58.2;58.5;57.5;57.7;277300;-0.02037351443123936;0.02037351443123936;0.017182130584192438;226170.0;18.845.669.920.086.100;12.260.688.862.360.100;0.27130900741026187;0.015896199626423912
VHC;10/07/2026;57.9;58.4;57.5;57.5;152400;-0.0034662045060659397;0.0034662045060659397;0.015544041450777177;232780.0;18.778.076.690.932.000;0.6546954205687774;-0.42805235766672406;0.0166498283561533
VHC;13/07/2026;56.7;57.7;56.4;57.0;429700;-0.008695652173912993;0.008695652173912993;0.022927689594356336;233145.0;18.760.838.404.281.800;184.305.904.051.127;10.476.877.193.033.100;0.016674009189577562
VHC;14/07/2026;57.0;57.5;56.4;57.4;171800;0.007017543859649145;0.007017543859649145;0.019298245614035113;248415.0;1.906.863.483.508.140;0.6915846466598233;-0.4017854485264349;0.015928138861070498
VHC;15/07/2026;57.4;57.5;56.8;56.8;203000;-0.010452961672473893;0.010452961672473893;0.012195121951219561;251170.0;18.907.442.171.633.900;0.8082175419038898;-0.25476740620297894;0.016021224127111305
VHC;16/07/2026;56.5;57.0;56.0;56.7;221900;-0.0017605633802816323;0.0017605633802816323;0.017699115044247787;250220.0;18.927.632.431.809.300;0.8868195987530972;-0.14962251672008395;0.016162667252853317
VHC;17/07/2026;56.8;57.4;56.8;57.2;181100;0.008818342151675429;0.008818342151675429;0.010563380281690167;255745.0;1.866.047.793.007.840;0.708127236114098;-0.4000165498423876;0.016027362245248287
VHC;20/07/2026;56.3;57.1;55.3;55.5;346200;-0.029720279720279796;0.029720279720279796;0.031971580817051586;253940.0;18.717.097.840.716.200;1.363.314.168.701.260;0.49291829740453763;0.01610400547790647
VHC;21/07/2026;55.5;56.5;54.3;54.5;325900;-0.018018018018018056;0.018018018018018056;0.03963963963963969;265385.0;1.853.656.678.454.480;12.280.272.057.576.700;0.3264628272504877;0.016833800818101843
VHC;22/07/2026;53.3;55.8;53.0;53.1;327000;-0.025688073394495414;0.025688073394495414;0.05253283302063785;262580.0;18.392.702.099.645.700;12.453.347.551.222.400;0.3502476126182718;0.017171984937531776
VHC;23/07/2026;53.5;54.0;52.4;53.9;246800;0.015065913370998052;0.015065913370998052;0.029906542056074792;256295.0;1.791.747.352.813.940;0.9629528473048635;-0.052992962345322255;0.01787089486766015
VHC;24/07/2026;54.0;54.5;53.8;53.9;135900;0.0;0.0;0.012962962962963016;222575.0;8.742.481.205.674.760;0.6105807031337751;-0.9914233495147698;0.01418398701455736
VHC;27/07/2026;53.6;54.5;53.2;53.2;209600;-0.01298701298701288;0.01298701298701288;0.024253731343283527;222085.0;8.790.450.724.926.790;0.9437827858702749;-0.14202912217682642;0.014035070264240529
VHC;28/07/2026;52.6;54.0;52.6;53.8;89900;0.011278195488721776;0.011278195488721776;0.02661596958174902;221640.0;8.794.612.824.726.260;0.4056127052878542;-1.497.962.475.728.430;0.014107385446421875
VHC;29/07/2026;54.2;54.2;53.4;53.4;39200;-0.0074349442379182396;0.0074349442379182396;0.014760147601476092;219790.0;9.039.888.739.417.650;0.17835206333318168;-19.977.015.780.354.900;0.014602323355604505
VHC;30/07/2026;53.5;54.8;53.1;54.1;146000;0.013108614232209881;0.013108614232209881;0.03177570093457936;214390.0;9.787.947.959.769.470;0.6810019124026307;-0.6987164243322224;0.014267341479544973
VHC;31/07/2026;54.5;54.7;52.6;52.6;248700;-0.027726432532347522;0.027726432532347522;0.03853211009174314;215950.0;9.644.682.472.741.000;11.516.554.758.045.800;0.33956535212602484;0.014833446068660876
VHC;03/08/2026;53.0;53.5;52.6;53.0;308000;0.0076045627376426506;0.0076045627376426506;0.01698113207547167;219280.0;9.636.628.914.828.190;14.045.968.624.589.500;0.9206539006963695;0.015623719256302794
VHC;04/08/2026;53.1;54.5;53.1;53.5;191900;0.009433962264151052;0.009433962264151052;0.026365348399246678;218740.0;958.079.075.958.477;0.8772972478741885;-0.28014389076547624;0.014926529722837676
VHC;05/08/2026;54.1;54.1;53.4;53.5;352300;0.0;0.0;0.012939001848428888;219730.0;954.020.417.965.314;16.033.313.612.160.300;13.895.929.007.760.400;0.015142546103160154
VHC;06/08/2026;53.5;53.5;52.4;52.6;563700;-0.016822429906542036;0.016822429906542036;0.02056074766355143;230230.0;9.795.375.976.771.550;2.448.421.144.073.310;3.404.361.412.882.770;0.014204662111105599
VHC;07/08/2026;52.6;53.4;51.4;51.4;415700;-0.02281368821292784;0.02281368821292784;0.03802281368821293;244550.0;12.294.398.596.194.200;16.998.568.799.836.400;13.920.973.739.453.900;0.014019419981132899
VHC;10/08/2026;51.4;53.1;51.4;52.1;441800;0.013618677042801508;0.013618677042801508;0.03307392996108955;257715.0;1.265.999.928.286.340;1.714.296.800.729.480;14.540.680.128.566.600;0.014598274899565524
VHC;11/08/2026;52.9;52.9;52.1;52.1;172500;0.0;0.0;0.015122873345935674;258320.0;12.749.091.443.376.500;0.6677764013626509;-0.6731460071579114;0.015181422242990301
VHC;12/08/2026;52.9;55.3;52.5;53.1;1184500;0.019193857965451144;0.019193857965451144;0.052930056710775;258355.0;1.274.660.056.848.990;4.584.776.760.658.780;7.265.819.580.865.040;0.014984095675275337
VHC;13/08/2026;53.8;55.7;53.8;54.1;1293600;0.01883239171374762;0.01883239171374762;0.03531598513011163;307430.0;2.422.718.505.706.900;4.207.787.138.535.600;4.070.510.039.350.410;0.015830156785791465
VHC;14/08/2026;55.1;55.8;54.0;54.4;384400;0.005545286506469349;0.005545286506469349;0.03266787658802173;361015.0;32.630.355.462.844.300;10.647.757.018.406.400;0.07166639672873963;0.016583414709673387
VHC;17/08/2026;54.5;54.8;53.6;54.0;314000;-0.007352941176470562;0.007352941176470562;0.022018348623853132;371180.0;32.355.891.776.175.400;0.845950751656878;-0.1767220647032306;0.01648468072123068
VHC;18/08/2026;53.8;54.4;53.4;53.4;300900;-0.011111111111111183;0.011111111111111183;0.01858736059479554;369570.0;32.376.980.142.655.200;0.8141894634304733;-0.21209513579535572;0.015244007889856215
VHC;19/08/2026;53.4;53.4;52.5;52.6;414200;-0.014981273408239626;0.014981273408239626;0.016853932584269638;368320.0;3.239.954.557.835.970;11.245.655.951.346.600;0.14160692435959396;0.014919110875284546
VHC;20/08/2026;52.9;53.1;52.3;52.5;188900;-0.0019011406844107182;0.0019011406844107182;0.015122873345935808;372680.0;3.239.968.723.045.910;0.5068691638939573;-0.5672276978872419;0.01415588518969189
VHC;21/08/2026;52.5;53.0;52.1;53.0;386800;0.00952380952380949;0.00952380952380949;0.017142857142857116;369785.0;3.254.363.213.239.140;10.460.132.239.003.700;0.052283653928918976;0.013682150886242693
VHC;24/08/2026;53.6;53.6;52.9;53.0;222500;0.0;0.0;0.013059701492537367;382330.0;3.207.480.534.461.170;0.5819579944027411;-0.4983038814508343;0.013891193026160526
VHC;25/08/2026;53.1;53.4;52.6;52.7;321200;-0.005660377358490565;0.005660377358490565;0.015065913370998062;382975.0;3.203.952.014.802.630;0.8386970428879169;-0.19280875529531097;0.013589302353523808
VHC;26/08/2026;52.8;52.8;52.3;52.7;248000;0.0;0.0;0.00946969696969697;394540.0;3.133.567.689.257.380;0.6285801186191514;-0.46764587375078553;0.013368884797340863
VHC;27/08/2026;52.8;52.8;52.3;52.3;171100;-0.007590132827324569;0.007590132827324569;0.00946969696969697;404980.0;3.042.405.914.300.120;0.42248999950614846;-0.7687337146588527;0.013282074117430091
VHC;28/08/2026;52.3;52.5;52.2;52.2;99400;-0.0019120458891012104;0.0019120458891012104;0.005736137667303961;406235.0;3.031.659.373.225.020;0.24468595763535883;-1.012.102.489.844.010;0.01296226955426122
VHC;03/09/2026;52.2;52.2;51.8;52.1;357800;-0.0019157088122605526;0.0019157088122605526;0.0076628352490422545;398770.0;30.903.057.607.196.100;0.8972590716453094;-0.13257587815666397;0.011418153322487976
VHC;04/09/2026;52.2;52.5;52.1;52.5;293400;0.007677543186180413;0.007677543186180413;0.007662835249042118;401260.0;30.846.081.283.143.700;0.7311967302995565;-0.34967164551609153;0.011267870358652284
VNM;05/05/2025;50.91;51.01;50.82;50.82;4238300;;;0.0037320762129247247;;;;;
VNM;06/05/2025;50.91;51.28;50.82;50.82;2502600;0.0;0.0;0.009035552936554721;;;;;
VNM;07/05/2025;50.82;51.54;50.82;51.09;2905500;0.005312868949232552;0.005312868949232552;0.014167650531286873;;;;;
VNM;08/05/2025;51.09;51.63;51.09;51.28;3262200;0.003718927383049575;0.003718927383049575;0.010569583088667041;;;;;
VNM;09/05/2025;51.54;52.34;51.54;51.54;3832400;0.005070202808112212;0.005070202808112212;0.015521924718665198;;;;;
VNM;12/05/2025;51.81;52.43;51.81;52.34;5863100;0.015521924718665092;0.015521924718665092;0.011966801775718924;;;;;
VNM;13/05/2025;52.62;52.7;52.08;52.26;4352200;-0.0015284677111196965;0.0015284677111196965;0.011782592170277549;;;;;
VNM;14/05/2025;52.72;52.72;51.89;51.98;5034700;-0.005357826253348685;0.005357826253348685;0.015743550834597844;;;;;
VNM;15/05/2025;51.98;52.72;51.98;52.53;4092100;0.010580992689495972;0.010580992689495972;0.014236244709503694;;;;;
VNM;16/05/2025;52.53;52.53;51.98;51.98;3198400;-0.010470207500476003;0.010470207500476003;0.010470207500476;;;;;
VNM;19/05/2025;51.98;52.72;51.79;51.79;2795600;-0.0036552520200076044;0.0036552520200076044;0.017891496729511347;;;;;
VNM;20/05/2025;51.89;52.07;51.61;51.71;3224100;-0.0015446997489863001;0.0015446997489863001;0.008864906533050701;;;;;
VNM;21/05/2025;51.79;51.79;51.24;51.24;4464400;-0.00908915103461616;0.00908915103461616;0.010619810774280694;;;;;
VNM;22/05/2025;51.24;51.42;50.87;50.87;2665200;-0.007220921155347448;0.007220921155347448;0.010733801717408358;;;;;
VNM;23/05/2025;51.06;51.33;50.96;51.14;1666700;0.0053076469431885265;0.0053076469431885265;0.007246376811594153;;;;;
VNM;26/05/2025;51.24;51.61;50.87;51.51;2729200;0.007235041063746506;0.007235041063746506;0.014441842310694808;;;;;
VNM;27/05/2025;51.71;51.79;51.14;51.24;3680800;-0.005241700640652214;0.005241700640652214;0.012570102494681852;;;;;
VNM;28/05/2025;51.51;51.51;50.96;51.06;3901700;-0.003512880562060894;0.003512880562060894;0.010677538342069446;;;;;
VNM;29/05/2025;51.33;51.33;50.96;50.96;2182300;-0.0019584802193498563;0.0019584802193498563;0.007208260276641291;;;;;
VNM;30/05/2025;51.24;51.24;50.68;50.78;3273900;-0.003532182103610615;0.003532182103610615;0.010928961748633923;;;;;
VNM;02/06/2025;50.78;51.06;50.41;50.5;2644100;-0.0055139818826309694;0.0055139818826309694;0.01280031508467912;3493270.0;10.079.337.457.862.600;0.7569125776135255;-0.8424859307965529;
VNM;03/06/2025;50.59;51.79;50.59;51.33;4311900;0.01643564356435645;0.01643564356435645;0.02372010278711199;3413560.0;10.089.500.688.704.400;12.631.680.708.702.900;0.8903711171809714;0.006794508670389534
VNM;04/06/2025;51.61;53.46;51.33;52.63;8419300;0.02532631989090217;0.02532631989090217;0.0412710714977718;3504025.0;10.040.736.211.605.800;2.402.751.121.924.070;489.533.326.681.619;0.0077575992809636295
VNM;05/06/2025;52.72;52.81;52.07;52.07;2794700;-0.01064031920957631;0.01064031920957631;0.014036418816388506;3779715.0;14.767.800.949.059.800;0.7393943723270141;-0.6670018125228787;0.009501984230142608
VNM;06/06/2025;52.16;52.16;50.96;51.14;4122400;-0.017860572306510503;0.017860572306510503;0.023006134969325073;3756340.0;14.890.515.258.837.800;10.974.512.424.327.900;0.2458343406100297;0.009863383998600433
VNM;09/06/2025;51.24;52.07;51.14;51.14;3035700;0.0;0.0;0.018149882903981257;3770840.0;14.912.415.224.623.300;0.8050460905262488;-0.4929717882225658;0.010644042778775223
VNM;10/06/2025;51.33;51.89;50.96;51.14;2999200;0.0;0.0;0.018118059614260662;3629470.0;1.414.499.979.758.510;0.8263465464654619;-0.4455779491121661;0.00997156836436968
VNM;11/06/2025;51.14;51.42;50.96;51.06;1720700;-0.0015643332029722234;0.0015643332029722234;0.008994915917090358;3561820.0;14.104.639.929.358.000;0.48309572072704404;-13.053.293.166.086.400;0.00997406578609111
VNM;12/06/2025;51.42;51.98;51.33;51.71;3282700;0.012730121425773566;0.012730121425773566;0.012640995721509111;3396120.0;14.229.321.541.691.300;0.9666030646738042;-0.07970864926179629;0.00992348720693571
VNM;13/06/2025;51.33;51.51;51.06;51.33;3545400;-0.007348675304583274;0.007348675304583274;0.008766803039158303;3355650.0;14.135.751.969.274.200;10.565.464.217.066.700;0.13423410400270447;0.01006437211427108
VNM;16/06/2025;51.24;52.34;51.24;52.07;4734300;0.014416520553282686;0.014416520553282686;0.021467603434816577;3373000.0;14.136.730.612.876.900;14.035.873.109.991.100;0.96295249395218;0.009928802320988
VNM;17/06/2025;52.16;52.44;51.89;51.98;3406400;-0.0017284424812752386;0.0017284424812752386;0.010544478527607308;3469935.0;1.438.251.460.436.370;0.9816898587437517;-0.04417516807577099;0.010443425596223348
VNM;18/06/2025;52.07;52.53;51.79;51.79;4098100;-0.0036552520200076044;0.0036552520200076044;0.014211638179373957;3479050.0;14.371.887.432.359.700;11.779.365.056.552.700;0.43073674415661317;0.010445234064935867
VNM;19/06/2025;51.79;52.16;51.51;51.89;2628700;0.0019308746862329862;0.0019308746862329862;0.012550685460513586;3460735.0;14.262.633.861.265.800;0.7595785288385271;-0.5833670050660309;0.010256799162190628
VNM;20/06/2025;52.07;52.44;51.71;52.34;4661400;0.00867219117363649;0.00867219117363649;0.014019589014787726;3458910.0;14.273.578.347.127.200;13.476.499.822.198.300;0.8424586818777787;0.01009312444868157
VNM;23/06/2025;51.79;52.16;51.61;51.71;3022700;-0.012036683225066902;0.012036683225066902;0.010619810774280694;3608645.0;13.859.295.092.862.800;0.8376274197101682;-0.42278124253357213;0.01019549708880327
VNM;24/06/2025;51.98;52.26;51.89;52.16;2803800;0.008702378650164322;0.008702378650164322;0.0071181223547517785;3623320.0;13.776.565.230.014.400;0.7738206948323637;-0.5948652558291865;0.010502127871155493
VNM;25/06/2025;52.26;53.46;52.16;52.53;6268200;0.007093558282208701;0.007093558282208701;0.024875621890547345;3579470.0;1.389.635.791.777.640;17.511.531.036.717.700;19.348.450.981.969.400;0.010581202983980785
VNM;26/06/2025;52.53;52.72;52.07;52.16;3118900;-0.007043594136683873;0.007043594136683873;0.012373881591471512;3697795.0;1.513.728.157.641.530;0.8434485957171775;-0.38242996080745895;0.010611866644191842
VNM;27/06/2025;52.53;54.19;52.07;53.46;8895400;0.024923312883435633;0.024923312883435633;0.04035789072910713;3744625.0;14.784.525.893.026.700;2.375.511.566.578.760;3.483.895.958.022.840;0.010758329397045794
VNM;30/06/2025;53.74;54.29;53.55;53.64;4487800;0.0033670033670034627;0.0033670033670034627;0.013770003721622664;4025700.0;18.674.420.596.944.300;11.147.874.903.743.400;0.24745078306505133;0.011916190157951177
VNM;01/07/2025;54.01;54.01;52.91;53.18;4013600;-0.008575689783743456;0.008575689783743456;0.020366598778004102;4117885.0;18.409.696.164.550.100;0.974675106274216;-0.05664677953828047;0.011760726330246492
VNM;02/07/2025;53.27;53.64;52.99;53.36;3775700;0.0033847311019179482;0.0033847311019179482;0.01220198986296224;4102970.0;1.840.523.350.085.650;0.9202358291676517;-0.17781355503301233;0.011595105159514797
VNM;03/07/2025;53.36;54.01;52.99;53.18;5293100;-0.0033733133433283546;0.0033733133433283546;0.019115442278860497;3870790.0;15.348.795.217.249.200;13.674.469.552.726.900;0.9266590503478639;0.010210907045871081
VNM;04/07/2025;53.18;53.55;52.99;53.46;2696200;0.005265137269650166;0.005265137269650166;0.010530274539300399;3995710.0;15.443.299.296.049.600;0.6747736947876598;-0.8414717445335069;0.009909540671928337
VNM;07/07/2025;53.64;53.92;53.36;53.55;3762300;0.0016835016835015093;0.0016835016835015093;0.010439970171513838;3924400.0;1.570.871.653.104.190;0.9586943226990113;-0.10319111665149368;0.00887577166903774
VNM;08/07/2025;53.64;54.76;53.55;54.57;7163100;0.019047619047619202;0.019047619047619202;0.022557792692020896;3960730.0;15.575.826.175.941.900;18.085.302.456.870.300;2.055.987.248.333.770;0.008861201454300362
VNM;09/07/2025;54.84;56.04;54.66;55.68;9636900;0.020340846619021358;0.020340846619021358;0.025164113785558034;4168925.0;1.694.556.907.113.880;23.116.031.111.137.700;32.267.874.729.051.600;0.009589859531691705
VNM;10/07/2025;55.96;56.04;55.21;55.21;5246100;-0.008441091954022983;0.008441091954022983;0.014832022873481027;4564735.0;1.991.172.267.065.700;11.492.671.535.149.300;0.3421928937389706;0.010234920670020119
VNM;11/07/2025;55.77;56.24;55.31;55.31;6233200;0.001811266074986495;0.001811266074986495;0.016675632060247438;4662905.0;19.729.549.103.805.500;13.367.632.409.410.000;0.7959102317736769;0.010420068048096424
VNM;14/07/2025;55.49;56.24;54.84;55.77;6083200;0.008316760079551733;0.008316760079551733;0.025229771129933295;4797295.0;1.984.336.903.821.630;12.680.479.311.778.800;0.6480275589913573;0.010123014232918764
VNM;15/07/2025;56.04;56.6;55.59;55.59;6553200;-0.0032275416890801267;0.0032275416890801267;0.018022840827979978;4864740.0;20.049.002.173.359.300;13.470.812.417.518.700;0.8421666003127006;0.00987482701692643
VNM;16/07/2025;55.49;55.68;55.12;55.59;4961100;0.0;0.0;0.010091908451973369;5022080.0;20.079.040.768.134.800;0.9878576207467822;-0.030369976685726146;0.00992205305741141
VNM;17/07/2025;55.77;56.04;55.31;55.59;6357800;0.0;0.0;0.01308947462793611;5065230.0;1.996.241.704.619.740;12.551.848.583.381.200;0.6475017514205345;0.00981819734523621
VNM;18/07/2025;55.59;56.51;55.49;55.68;5826800;0.0016189962223420729;0.0016189962223420729;0.018348623853210937;5251685.0;19.297.311.967.909.900;11.095.105.666.086.200;0.2980285549388298;0.009844848881602008
VNM;21/07/2025;55.77;56.24;55.49;55.49;5503300;-0.003412356321839005;0.003412356321839005;0.013448090371167294;5309955.0;19.285.636.920.216.500;10.364.117.963.334.900;0.10025336513378096;0.009775737888573274
VNM;22/07/2025;55.49;55.68;55.03;55.68;4735100;0.003424040367633774;0.003424040367633774;0.01171382231032616;5433985.0;18.519.687.732.603.800;0.8713862846511354;-0.37737407352156094;0.009246818383956896
VNM;23/07/2025;55.86;57.07;55.68;57.07;9228600;0.024964080459770166;0.024964080459770166;0.024883637665592564;5530550.0;17.554.434.067.239.300;16.686.586.325.049.000;21.066.187.527.522.800;0.00916773327979281
VNM;24/07/2025;57.44;59.19;57.44;58.92;13421100;0.032416330821797734;0.032416330821797734;0.03046657381615599;5678570.0;19.364.005.865.740.200;2.363.464.745.525.720;3.998.413.372.564.850;0.010350463382201863
VNM;25/07/2025;59.01;59.01;58.36;58.45;5124000;-0.007976917854718213;0.007976917854718213;0.01101508218945939;6193680.0;25.061.124.376.422.600;0.8272949199829503;-0.42682841517132714;0.011758776192451886
VNM;28/07/2025;58.54;59.1;58.27;58.54;8462700;0.0015397775876817565;0.0015397775876817565;0.01417833959685682;6005110.0;24.329.443.165.151.000;14.092.497.889.297.600;1.010.129.982.555.530;0.011290131858437242
VNM;29/07/2025;58.54;59.37;58.09;58.45;10714200;-0.001537410317731358;0.001537410317731358;0.021865391185514078;6203855.0;24.646.198.636.055.300;17.270.229.558.879.100;18.300.367.803.583.800;0.011307432359600073
VNM;30/07/2025;58.27;58.73;58.09;58.17;6078500;-0.004790419161676662;0.004790419161676662;0.010983353355071107;6538885.0;2.602.769.409.742.140;0.9295927363763088;-0.1768827458463215;0.01098597800625505
VNM;31/07/2025;58.27;58.73;55.86;56.6;10570300;-0.026989857314767107;0.026989857314767107;0.049253475201647454;6654025.0;25.238.377.420.685.000;1.588.557.301.783.500;15.517.142.543.364.300;0.011191272168406461
VNM;01/08/2025;56.79;56.79;55.49;55.49;5329800;-0.01961130742049466;0.01961130742049466;0.022891354111639322;6917885.0;26.469.250.585.448.400;0.7704377855370536;-0.5999735409483238;0.013130674373881
VNM;04/08/2025;55.31;56.24;55.31;55.86;3746300;0.006667868084339501;0.006667868084339501;0.016814319291267397;7049565.0;2.486.496.481.793.940;0.5314228608431868;-13.284.816.705.699.700;0.014069672334053927
VNM;05/08/2025;55.96;56.88;55.49;55.59;9564600;-0.004833512352309222;0.004833512352309222;0.02483917083631166;7048765.0;24.876.121.080.846.700;13.569.185.523.988.900;10.113.453.748.772.100;0.014108629482910324
VNM;06/08/2025;55.86;57.07;55.86;56.69;5377500;0.019787731606403902;0.019787731606403902;0.02166129609738634;7168840.0;25.505.836.189.513.800;0.7501213585461525;-0.702325533140712;0.013610196310113998
VNM;07/08/2025;57.25;57.34;56.24;56.32;4741600;-0.006526724289998231;0.006526724289998231;0.019213973799126663;6955870.0;25.111.804.056.218.100;0.6816688638516821;-0.88176460561849;0.013569358098685412
VNM;08/08/2025;56.42;57.16;56.04;56.24;6503200;-0.0014204545454544748;0.0014204545454544748;0.01985111662531013;6930645.0;25.317.090.725.176.900;0.9383253650994965;-0.16883653996425452;0.013505960859647661
VNM;11/08/2025;56.42;57.44;56.32;56.88;5787800;0.011379800853485111;0.011379800853485111;0.01985111662531013;6944145.0;25.285.121.527.917.900;0.8334791396205005;-0.45732230265266893;0.013516105607284841
VNM;12/08/2025;57.44;57.71;56.79;57.16;5207000;0.004922644163150469;0.004922644163150469;0.016016713091922034;6929375.0;2.534.661.244.234.880;0.7514386218093262;-0.6795286762353604;0.013621269331424301
VNM;13/08/2025;57.34;57.44;56.24;56.51;6210800;-0.011371588523442888;0.011371588523442888;0.02092779909312863;6862065.0;2.562.894.130.157.290;0.9050919803295364;-0.25411311077450877;0.013607727156196358
VNM;14/08/2025;56.69;57.52;56.42;57.07;6534600;0.009909750486639668;0.009909750486639668;0.019403774916210998;6924550.0;25.291.197.843.685.000;0.9436858712840546;-0.154184077167925;0.013907149194744868
VNM;15/08/2025;57.34;57.52;56.42;56.42;5660400;-0.011389521640091105;0.011389521640091105;0.019183815835368004;6933390.0;25.273.429.288.275.700;0.8163971736769459;-0.5036870879214386;0.014048738775681404
VNM;18/08/2025;56.51;56.69;56.04;56.14;4775600;-0.00496277915632759;0.00496277915632759;0.011502388957706576;6925070.0;2.531.448.108.369.670;0.689610357729236;-0.8491068779538672;0.014336640106186177
VNM;19/08/2025;56.24;56.6;55.86;55.96;5257700;-0.0032062700391877197;0.0032062700391877197;0.013157894736842141;6888685.0;2.558.048.958.067.140;0.7632371054852994;-0.6375894389575585;0.014364539206239814
VNM;20/08/2025;55.96;56.32;55.12;55.49;6338200;-0.008398856325947057;0.008398856325947057;0.021443888491779892;6914815.0;2.537.479.096.574.510;0.9166116519386275;-0.22723931037635114;0.014374385200005923
VNM;21/08/2025;55.59;56.32;55.12;55.59;5810000;0.0018021265092809102;0.0018021265092809102;0.021586616297895354;6770295.0;2.480.432.542.601.130;0.8581605380563181;-0.3871482023828694;0.013260100989065798
VNM;22/08/2025;55.31;55.4;54.11;54.29;7201500;-0.02338550098938663;0.02338550098938663;0.02332308804917735;6389740.0;19.288.786.427.133.700;11.270.411.628.642.100;0.4208455534859821;0.010675961267538166
VNM;25/08/2025;54.47;55.12;54.29;54.29;3360400;0.0;0.0;0.015237745548008047;6493615.0;19.130.017.716.103.100;0.5174929526927605;-16.378.526.389.771.900;0.011582854847336779
VNM;26/08/2025;54.19;55.59;54.11;55.21;2990300;0.016946030576533433;0.016946030576533433;0.027311312050193836;6238500.0;19.757.744.253.836.200;0.47932996713953674;-16.440.135.869.100.000;0.011551824458917418
VNM;27/08/2025;55.21;56.6;55.03;55.96;4849200;0.013584495562398047;0.013584495562398047;0.02843687737728673;5852305.0;18.021.330.666.667.400;0.8285965957003266;-0.5566209391270757;0.012439038120137698
VNM;28/08/2025;56.42;56.88;56.14;56.42;3661100;0.008220157255182325;0.008220157255182325;0.013115916341722829;5790840.0;18.149.305.445.315.700;0.632222613644998;-11.734.553.734.945.600;0.012950308758004564
VNM;29/08/2025;56.69;56.69;55.77;55.77;4166400;-0.011520737327188946;0.011520737327188946;0.016228611748103628;5445380.0;14.848.566.666.960.000;0.7651256661610393;-0.8613491313245006;0.011685000682081214
VNM;03/09/2025;55.77;56.88;55.77;56.88;4767300;0.019903173749327596;0.019903173749327596;0.019903173749327586;5387210.0;15.121.602.396.641.200;0.8849293047792828;-0.40994994031696896;0.01109912877168402
VNM;04/09/2025;57.07;57.81;56.88;57.16;4228100;0.004922644163150469;0.004922644163150469;0.01629577711582267;5438260.0;14.705.087.545.686.800;0.7774729417129743;-0.8229532780680033;0.011866200713256449
VNM;05/09/2025;57.25;57.34;56.32;56.32;5355900;-0.014695591322603119;0.014695591322603119;0.017816593886462936;5171435.0;11.262.283.998.863.300;103.566.998.328.317;0.16379004473570175;0.011815405170902578
VNM;08/09/2025;56.32;57.25;56.04;56.04;6958800;-0.004971590909090939;0.004971590909090939;0.021484375000000014;5170355.0;11.260.307.322.509.800;13.459.037.145.418.400;15.882.737.022.859.200;0.011512238847845822
VNM;09/09/2025;56.04;56.42;55.59;55.77;3516800;-0.004817987152034187;0.004817987152034187;0.014810849393290476;5281215.0;11.889.815.382.015.800;0.6659073716938242;-1.483.971.738.256.580;0.011472899686187494
VNM;10/09/2025;55.96;56.04;55.21;55.31;3120100;-0.008248162094316003;0.008248162094316003;0.014832022873481027;5131895.0;12.146.874.965.126.600;0.6079820417214303;-1.656.224.342.290.340;0.011517198312865441
VNM;11/09/2025;55.31;56.6;54.94;56.6;4998900;0.023323088049177265;0.023323088049177265;0.030012655939251558;4998510.0;12.833.985.547.837.600;10.000.780.232.509.200;0.00030388066010071993;0.011298688312276624
VNM;12/09/2025;56.69;58.73;56.42;58.45;13670300;0.032685512367491176;0.032685512367491176;0.040747927324042955;4988105.0;12.824.625.150.877.700;2.740.579.839.438.020;6.769.940.561.892.960;0.012518590578753357
VNM;15/09/2025;58.64;58.73;58.09;58.36;3527500;-0.0015397775876818676;0.0015397775876818676;0.010914051841746137;5361080.0;2.320.989.034.782.140;0.6579830929588815;-0.7899994237465694;0.014246669826538187
VNM;16/09/2025;58.73;60.49;58.45;59.84;12673100;0.025359835503769856;0.025359835503769856;0.03473522901413246;5210725.0;23.383.028.685.633.400;2.432.118.371.243.920;3.191.363.745.187.070;0.014132590911905395
VNM;17/09/2025;59.94;61.22;59.94;60.21;9865800;0.006183155080213831;0.006183155080213831;0.021354688021354706;5561360.0;28.737.604.263.037.400;17.739.905.346.893.500;14.978.423.255.470.900;0.014781973061977144
VNM;18/09/2025;60.21;60.39;58.73;58.82;5050800;-0.023085866135193478;0.023085866135193478;0.027570171067928976;5815870.0;3.022.083.273.278.810;0.8684513237056537;-0.25315980097726976;0.014673693744048559
VNM;19/09/2025;59.01;59.1;57.34;57.34;5300500;-0.025161509690581396;0.025161509690581396;0.029825453312997765;5805525.0;3.024.447.725.814.450;0.9130095900026268;-0.16698089892229898;0.015790350870391198
VNM;22/09/2025;57.44;58.09;56.79;56.79;5285200;-0.00959190791768405;0.00959190791768405;0.022632311977715952;5753640.0;3.023.729.514.915.050;0.918583713961944;-0.15492126451434932;0.016817115060680867
VNM;23/09/2025;56.88;57.81;56.88;56.97;3425100;0.0031695721077653616;0.0031695721077653616;0.01635021097046413;5727400.0;30.254.912.801.586.100;0.5980200439990222;-0.7609673229265769;0.017008063818088368
VNM;24/09/2025;57.25;57.34;56.42;57.34;3214500;0.006494646305073015;0.006494646305073015;0.01606986899563322;5538580.0;30.464.207.373.658.400;0.580383419576859;-0.7628887144490655;0.01599357362229627
VNM;25/09/2025;57.62;57.71;56.88;56.88;2752800;-0.008022322985699382;0.008022322985699382;0.014404720583130828;5531285.0;3.052.080.586.863.740;0.4976782067819684;-0.9103576792692477;0.01600536116280698
VNM;26/09/2025;56.88;57.16;56.51;56.51;2489900;-0.006504922644163247;0.006504922644163247;0.011427566807313617;5519410.0;3.062.930.107.953.900;0.45111705780146794;-0.9890888440885022;0.01582136459599006
VNM;29/09/2025;56.51;56.6;55.68;55.77;5130400;-0.013095027428773554;0.013095027428773554;0.016280304370907835;5401445.0;31.346.930.568.239.000;0.9498199093020478;-0.08646620102404055;0.01565795869144756
VNM;30/09/2025;55.86;56.24;55.49;55.49;3030200;-0.005020620405235765;0.005020620405235765;0.01342642320085929;5474910.0;3.108.870.443.018.440;0.553470285356289;-0.7863659952411526;0.015836746105208556
VNM;01/10/2025;56.14;57.81;55.68;57.44;4526400;0.035141466930978416;0.035141466930978416;0.03794086213038836;5418100.0;3.144.220.213.260.140;0.8354220114062125;-0.28359972887376844;0.015663574478709485
VNM;02/10/2025;57.81;57.89;56.6;56.6;3398700;-0.014623955431754765;0.014623955431754765;0.02231447846393356;5406055.0;31.473.044.510.927.700;0.6286839479065603;-0.6378013411772171;0.017002964123050655
VNM;03/10/2025;56.69;57.62;56.6;56.69;3998500;0.0015901060070671047;0.0015901060070671047;0.017992591285941013;5364585.0;3.169.031.744.418.400;0.7453512247452506;-0.43107330887614975;0.017302145532605187
VNM;06/10/2025;57.99;57.99;57.16;57.71;4051900;0.017992591285941106;0.017992591285941106;0.014312812553888695;5296715.0;3.183.728.927.609.880;0.7649835794449956;-0.39099277240745395;0.016971591056459776
VNM;07/10/2025;57.99;57.99;56.79;56.79;3715300;-0.015941777854791228;0.015941777854791228;0.020693222969477544;5151370.0;3.170.181.816.652.090;0.7212256157099955;-0.45299294584831645;0.01735699266898485
VNM;08/10/2025;57.62;58.73;57.07;58.64;5919700;0.03257615777425604;0.03257615777425604;0.028809441166261655;5161295.0;31.651.017.287.176.600;11.469.408.355.848.600;0.2396147312166378;0.017747688801202383
VNM;09/10/2025;58.64;58.73;57.89;58.17;3297300;-0.008015006821282422;0.008015006821282422;0.014324693042291888;5301275.0;31.318.089.880.711.300;0.6219824476187332;-0.639877785533222;0.018929669238346
VNM;10/10/2025;58.64;58.64;57.71;57.71;4972200;-0.00790785628330759;0.00790785628330759;0.015859481582537513;5216195.0;3.163.409.521.798.470;0.9532235662202045;-0.07713038679269159;0.01845842726365698
VNM;13/10/2025;57.52;59.29;57.16;59.19;6305000;0.025645468722924836;0.025645468722924836;0.03703059805285122;4781290.0;24.595.766.781.469.100;1.318.681.778.348.520;0.6195009139328757;0.01702866642872634
VNM;14/10/2025;59.56;59.56;58.54;58.73;5359800;-0.007771583037675334;0.007771583037675334;0.017125587642713283;4920165.0;2.463.467.910.396.360;10.893.537.106.987.200;0.17846183347655784;0.017998676637611632
VNM;15/10/2025;59.01;59.56;58.82;58.82;4645400;0.0015324365741529178;0.0015324365741529178;0.01254024741569229;4554500.0;16.656.888.687.172.100;10.199.582.830.167.900;0.05457201624334825;0.01712863669769306
VNM;16/10/2025;58.87;59.26;58.29;59.26;5158400;0.007480448826929553;0.007480448826929553;0.016476983183285186;4293480.0;11.038.591.408.041.300;12.014.496.399.191.300;0.7835420009929226;0.01706031356972721
VNM;17/10/2025;59.06;59.26;56.93;56.93;6041500;-0.0393182585217684;0.0393182585217684;0.03945140535049099;4298860.0;11.079.988.881.810.800;1.405.372.587.151.010;15.727.813.615.957.200;0.01633414721298629
VNM;20/10/2025;57.03;57.52;53.25;53.25;8737700;-0.06464078693131914;0.06464078693131914;0.0748728739260039;4335910.0;11.546.616.414.389.600;2.015.194.042.311.760;3.812.190.378.572.190;0.0177500116124539
VNM;21/10/2025;54.32;56.16;54.32;54.71;7068100;0.02741784037558692;0.02741784037558692;0.0338733431516936;4508535.0;15.080.528.139.833.600;1.567.715.455.242.110;16.972.648.280.395.200;0.02282431256564724
VNM;22/10/2025;55.29;55.48;53.93;54.51;3846700;-0.003655638822884333;0.003655638822884333;0.028034002532103402;4690685.0;15.881.835.311.797.300;0.8200721216624011;-0.5314152825732122;0.023790725033422284
VNM;23/10/2025;54.71;55.29;54.51;54.8;2327300;0.005320124747752786;0.005320124747752786;0.014256991409248786;4722295.0;15.633.536.207.966.100;0.49283240458294114;-15.319.598.638.084.200;0.023713740617383877
VNM;24/10/2025;55.09;56.26;54.32;56.26;3959900;0.026642335766423386;0.026642335766423386;0.03521510255944813;4701020.0;15.941.579.911.136.700;0.84234910721503;-0.464897459430766;0.02373068507383682
VNM;27/10/2025;56.55;56.55;55.19;55.19;2998800;-0.019018841094916472;0.019018841094916472;0.02404951370468611;4774520.0;15.189.611.497.058.700;0.6280840796561749;-11.690.358.244.803.300;0.02451393819156784
VNM;28/10/2025;55.38;55.58;55.0;55.58;2079100;0.00706649755390476;0.00706649755390476;0.010473094980137203;4667940.0;15.667.089.463.350.600;0.4453998980278238;-16.524.064.702.993.900;0.024716296507808055
VNM;29/10/2025;55.68;56.06;55.29;55.68;1973000;0.0017992083483266974;0.0017992083483266974;0.013829022988505803;4620385.0;16.321.060.370.205.500;0.4270206919986105;-1.622.066.789.749.060;0.024740724006451782
VNM;30/10/2025;55.97;56.06;55.19;55.29;1905200;-0.0070043103448276245;0.0070043103448276245;0.015544041450777283;4492715.0;17.363.824.127.902.700;0.4240642907462414;-14.901.757.705.792.400;0.023359591901345643
VNM;31/10/2025;55.58;55.87;55.29;55.77;2641500;0.008681497558328921;0.008681497558328921;0.01043540842029504;4418040.0;18.161.887.759.521.900;0.5978895618871717;-0.9781692429348876;0.023192239399879713
VNM;03/11/2025;55.87;56.45;55.48;55.48;2642700;-0.005199928276851451;0.005199928276851451;0.01736173259352078;4350190.0;18.575.634.839.048.800;0.6074907073024397;-0.9192094993225187;0.02328649822561145
VNM;04/11/2025;55.77;56.06;54.51;55.48;4175200;0.0;0.0;0.027792720100412484;4279730.0;18.958.063.522.861.200;0.9755755620097529;-0.05513748800026377;0.02288826572046023
VNM;05/11/2025;55.48;56.64;55.29;56.16;3831600;0.012256669069935056;0.012256669069935056;0.02433309300648885;4302725.0;18.913.838.247.431.400;0.8905054355088926;-0.24909010737890844;0.02264303486960053
VNM;06/11/2025;56.16;56.64;55.77;56.16;2241200;0.0;0.0;0.015491452991452947;4198320.0;18.547.047.603.324.900;0.5338325806513081;-10.552.191.604.065.000;0.02148742844156067
VNM;07/11/2025;55.77;56.55;55.68;55.77;3251100;-0.006944444444444309;0.006944444444444309;0.015599784830554015;4145515.0;18.962.758.447.116.300;0.784245142039047;-0.4716692471163185;0.02144275057905759
VNM;10/11/2025;55.87;56.06;55.19;55.19;2675800;-0.010399856553702791;0.010399856553702791;0.015571863253982542;4059460.0;1.895.838.105.846.310;0.6591517098333276;-0.729840800083678;0.02142875520075367
VNM;11/11/2025;55.19;57.13;55.19;57.03;5152700;0.03333937307483237;0.03333937307483237;0.03515129552455164;3878000.0;18.425.290.231.235.500;13.287.003.610.108.300;0.6918208527532779;0.02052347551739834
VNM;12/11/2025;56.93;58.1;56.64;57.9;5161900;0.015255128879537061;0.015255128879537061;0.02564552959775164;3867645.0;18.343.267.106.905.000;1.334.636.451.897.730;0.7055749624410147;0.022052557176864638
VNM;13/11/2025;57.9;60.03;57.81;59.84;9741800;0.033506044905008636;0.033506044905008636;0.03834196891191708;3893470.0;18.494.265.071.552.300;25.020.868.274.315.700;3.162.239.741.548.750;0.022354518803487027
VNM;14/11/2025;59.74;61.29;59.65;60.81;10146900;0.016209893048128254;0.016209893048128254;0.027452293270840318;4122640.0;2.254.115.858.975.350;2.461.262.686.045.830;2.672.560.053.207.920;0.02357074978178313
VNM;17/11/2025;60.9;61.29;59.84;60.13;4198400;-0.011182371320506479;0.011182371320506479;0.02380952380952374;4327910.0;25.986.504.310.993.100;0.9700756254173493;-0.049837407313462014;0.021806359291732837
VNM;18/11/2025;60.03;60.32;58.58;58.77;5559900;-0.02261766173291202;0.02261766173291202;0.028985507246376843;4100945.0;2.382.468.423.267.850;13.557.606.844.276.100;0.6123711801388155;0.015322792939918497
VNM;19/11/2025;58.77;59.94;58.58;58.97;4458500;0.0034030968181044674;0.0034030968181044674;0.02314105836311042;4025535.0;23.062.588.468.579.400;11.075.546.480.157.200;0.18773478119764112;0.015755536068325183
VNM;20/11/2025;59.45;59.65;58.58;58.77;2656100;-0.0033915550279802753;0.0033915550279802753;0.017998317914213628;4056125.0;2.307.818.852.663.810;0.6548368208573454;-0.6066442339631691;0.01566080414179746
VNM;21/11/2025;58.39;58.77;57.81;58.0;4191100;-0.013101922749702233;0.013101922749702233;0.016441171433464647;4072565.0;2.295.996.033.435.730;1.029.105.735.574.500;0.05162683135067261;0.01574470966319675
VNM;24/11/2025;58.19;61.39;58.19;61.0;9900300;0.051724137931034475;0.051724137931034475;0.054992266712493604;4084125.0;2.295.980.955.329.730;2.424.093.288.035.990;25.331.982.769.712.100;0.015184201107692799
VNM;25/11/2025;61.0;61.19;59.94;59.94;4907900;-0.017377049180327897;0.017377049180327897;0.020491803278688523;4429200.0;26.200.388.562.807.700;11.080.782.082.543.100;0.18270721399892895;0.01808322724107713
VNM;26/11/2025;60.32;61.19;60.32;60.81;3651000;0.014514514514514687;0.014514514514514687;0.01442307692307688;4570640.0;25.622.106.693.449.800;0.7987940419722402;-0.35892442842535727;0.018761601584594032
VNM;27/11/2025;61.0;61.39;60.03;60.03;3962300;-0.012826837691169213;0.012826837691169213;0.022295081967213106;4654540.0;24.993.764.141.018.000;0.8512763882145175;-0.2769650846084212;0.018899890432620886
VNM;28/11/2025;60.23;62.45;60.23;61.97;11898300;0.0323171747459603;0.0323171747459603;0.036858708284907955;4757395.0;24.213.905.257.918.900;2.501.011.583.019.690;29.490.926.490.119.200;0.019131208258320907
VNM;01/12/2025;62.26;63.81;62.26;62.84;9107300;0.014039051153784232;0.014039051153784232;0.024895599100546166;5220235.0;28.435.578.598.640.700;17.446.149.454.957.400;1.366.972.360.529.280;0.020121014540709373
VNM;02/12/2025;62.74;63.52;62.45;62.94;6764300;0.001591343093570785;0.001591343093570785;0.017054510678992673;5543465.0;29.019.652.118.548.500;1.220.229.585.647.240;0.42069250003850894;0.020043585743941203
VNM;03/12/2025;63.03;63.13;61.97;62.55;5383600;-0.006196377502383221;0.006196377502383221;0.018403934634301185;5672920.0;2.895.457.029.391.490;0.9489998096218526;-0.0999220492872598;0.02001983583083617
VNM;04/12/2025;62.94;63.03;61.39;61.39;5918000;-0.018545163868904813;0.018545163868904813;0.02605656180489356;5750520.0;28.641.391.495.526.100;10.291.243.226.699.400;0.058474812589381524;0.0201660168727389
VNM;05/12/2025;61.58;62.45;61.39;61.39;3598900;0.0;0.0;0.01721338096784674;5934360.0;2.742.447.505.307.690;0.6064512432680188;-0.8515969751398995;0.020851445442463954
VNM;08/12/2025;61.29;62.45;61.19;61.48;3322000;0.0014660368138132984;0.0014660368138132984;0.020558002936857646;5951750.0;27.255.881.934.962.800;0.5581551644474314;-0.9648376105660544;0.020705240948689776
VNM;09/12/2025;61.48;62.07;60.52;60.52;5389200;-0.01561483409238762;0.01561483409238762;0.025211450878334374;5984060.0;26.882.849.839.921.900;0.9005925742723168;-0.22127862318994668;0.020408224270229078
VNM;10/12/2025;60.42;62.45;60.32;61.1;3470500;0.00958360872438857;0.00958360872438857;0.03525322740814304;5995885.0;26.849.536.828.848.300;0.5788136363522649;-0.940569297749156;0.019834590199754924
VNM;11/12/2025;61.0;61.48;59.55;59.55;4852300;-0.02536824877250421;0.02536824877250421;0.031639344262295074;5911315.0;27.387.045.153.493.100;0.8208495064127017;-0.3866846511058986;0.0196925783328539
VNM;12/12/2025;59.74;60.03;58.29;58.29;4396400;-0.021158690176322437;0.021158690176322437;0.029126213592233042;5666840.0;2.593.139.561.754.600;0.7758115634110015;-0.4899234961115551;0.019268563021579126
VNM;15/12/2025;58.39;60.61;58.39;60.03;4242600;0.029850746268656803;0.029850746268656803;0.038020208939886946;5379315.0;23.803.222.982.292.400;0.7886877790201913;-0.4775466754420679;0.01941818269009927
VNM;16/12/2025;60.03;62.36;59.74;62.16;6863300;0.035482258870564554;0.035482258870564554;0.04364484424454435;5381525.0;23.791.884.252.884.000;12.753.448.139.700.100;0.6228069135887713;0.020526049969514636
VNM;17/12/2025;62.07;62.07;60.9;60.9;2090400;-0.020270270270270285;0.020270270270270285;0.018849685838569386;5446695.0;2.402.072.686.457.740;0.3837923731730894;-13.972.495.582.344;0.021238489162236692
VNM;18/12/2025;61.58;61.97;60.9;61.87;3065000;0.01592775041050909;0.01592775041050909;0.01737577135433583;5328290.0;25.093.184.492.795.500;0.5752314532429729;-0.9019540746810397;0.021866392028835314
VNM;19/12/2025;61.68;61.97;61.0;61.97;2685700;0.0016162922256344192;0.0016162922256344192;0.015726329442282732;5348735.0;24.879.755.539.658.300;0.5021187252686851;-10.703.622.050.285.500;0.022049269279910588
VNM;22/12/2025;61.87;61.87;61.1;61.19;2650700;-0.012586735517185699;0.012586735517185699;0.012445450137384776;5273465.0;2.546.915.058.049.840;0.502648638039695;-1.029.781.103.892.890;0.021733892003574902
VNM;23/12/2025;61.48;62.07;60.32;60.61;4394700;-0.009478672985781977;0.009478672985781977;0.028464541314248536;4910985.0;2.363.006.660.407.790;0.8948713954532543;-0.2184864768476375;0.018787115756135564
VNM;24/12/2025;60.81;60.9;59.55;59.55;4870200;-0.01748886322389054;0.01748886322389054;0.022200296003946744;4885325.0;2.365.826.672.450.650;0.99690399308132;-0.0063931141601056805;0.018475919851262068
VNM;25/12/2025;59.65;60.32;59.35;59.35;2059600;-0.0033585222502098278;0.0033585222502098278;0.016261525565800485;4946285.0;23.479.882.673.146.700;0.4163933133654854;-12.294.290.564.328.100;0.018603499020469764
VNM;26/12/2025;59.65;60.32;59.26;59.55;2399200;0.0033698399326032025;0.0033698399326032025;0.01777032690695729;4851150.0;24.271.668.518.752.600;0.494563144821331;-10.102.107.311.269.400;0.01840295206707435
VNM;29/12/2025;59.55;60.23;59.45;60.13;1943000;0.009739714525608845;0.009739714525608845;0.01309823677581854;4376195.0;18.320.211.767.550.400;0.4439930121943835;-13.281.478.570.623.100;0.01675842111228731
VNM;30/12/2025;60.13;60.32;59.74;59.84;1581000;-0.004822883751870899;0.004822883751870899;0.009645767503741864;4017980.0;15.345.229.656.836.400;0.39348130154953487;-15.881.026.576.323.000;0.01657030357701309
VNM;31/12/2025;59.94;60.03;59.26;59.26;1879600;-0.009692513368984024;0.009692513368984024;0.012846179512846232;3758815.0;14.831.283.073.554.100;0.5000512129487618;-12.670.616.498.115.700;0.016557738202206004
VNM;05/01/2026;59.35;59.55;58.1;58.39;2814700;-0.014681066486668892;0.014681066486668892;0.024431339511373138;3583615.0;14.880.461.202.795.200;0.7854359355008839;-0.5167279357279337;0.016618353363799937
VNM;06/01/2026;58.58;58.97;58.39;58.87;2963300;0.008220585716732343;0.008220585716732343;0.009900990099009872;3428450.0;13.904.126.095.288.500;0.8643264448949234;-0.3345409821604084;0.016444371235993148
VNM;07/01/2026;58.87;59.55;58.58;58.97;3228100;0.0016986580601325851;0.0016986580601325851;0.016476983183285186;3396670.0;13.935.718.821.186.000;0.950371981970577;-0.1209625439225486;0.016608755117633846
VNM;08/01/2026;59.16;61.39;59.16;60.23;5636400;0.021366796676276056;0.021366796676276056;0.037694388100067686;3391975.0;13.939.948.009.700.600;16.616.867.754.037.100;16.100.669.804.780.600;0.016611364260271478
VNM;09/01/2026;60.42;60.52;59.06;59.06;4184100;-0.019425535447451292;0.019425535447451292;0.02416418404501822;3404335.0;14.135.935.745.374.900;12.290.506.075.342.100;0.551618947656244;0.017062566085800007
VNM;12/01/2026;59.16;60.71;59.16;60.71;4146300;0.027937690484253208;0.027937690484253208;0.026200135226504467;3440015.0;14.243.167.057.168.800;1.205.314.511.709.970;0.4958763715718068;0.01742498798124144
VNM;13/01/2026;60.9;62.84;60.81;61.29;6761300;0.009553615549332761;0.009553615549332761;0.033333333333333354;3404715.0;13.959.386.818.364.800;1.985.863.721.339.370;24.045.361.330.514.200;0.017665650726196344
VNM;14/01/2026;61.58;65.55;61.39;65.55;24838300;0.06950562897699464;0.06950562897699464;0.0675544007794738;3522960.0;15.732.607.337.026.200;70.504.064.763.721.400;13.548.510.773.439.800;0.016948100086456978
VNM;15/01/2026;67.78;70.1;67.29;68.75;19260600;0.048817696414950484;0.048817696414950484;0.041457657125995695;4552745.0;502.438.544.055.259;4.230.546.626.266.130;29.272.943.276.386.800;0.021895512536963913
VNM;16/01/2026;68.84;70.68;66.91;67.39;13372500;-0.019781818181818123;0.019781818181818123;0.05476467170249869;5172610.0;5.995.358.792.555.590;25.852.519.327.766.800;13.677.063.014.446.700;0.023056722387453793
VNM;19/01/2026;67.59;68.75;66.13;68.36;10385300;0.014393826977296298;0.014393826977296298;0.03876313064062738;5736715.0;621.676.892.929.836;18.103.217.607.986.400;0.7477493619060168;0.023028456002347167
VNM;20/01/2026;69.23;73.1;68.84;71.07;21521900;0.03964306612053825;0.03964306612053825;0.061534017044633696;6102730.0;6.266.485.812.562.940;35.266.020.289.280.300;246.057.686.256.752;0.022993802401594602
VNM;21/01/2026;70.68;70.68;67.78;68.07;11234100;-0.04221190375685946;0.04221190375685946;0.04102999434069051;7044540.0;7.087.582.292.432.300;1.594.724.424.873.730;0.5911127133540812;0.024217574615000896
VNM;22/01/2026;68.84;70.49;67.78;68.65;8055200;0.008520640517114986;0.008520640517114986;0.03936664729808242;7473710.0;7.067.365.613.407.790;10.778.047.315.188.800;0.08227818282060163;0.026304190078298022
VNM;23/01/2026;67.2;67.88;65.07;65.07;16050400;-0.05214857975236731;0.05214857975236731;0.04181547619047622;7656735.0;7.030.734.567.392.760;209.624.598.474.415;11.938.532.054.571.100;0.026065618989857292
VNM;26/01/2026;65.26;67.1;65.26;66.71;8864800;0.02520362686337796;0.02520362686337796;0.028194912657063885;8215745.0;723.890.197.332.768;1.079.001.356.541.610;0.08966207891631849;0.02876178094172884
VNM;27/01/2026;66.23;66.42;64.0;65.55;8357800;-0.017388697346724546;0.017388697346724546;0.03653933262871813;8556005.0;7.092.768.547.091.130;0.9768343987643766;-0.027944659223553447;0.029041418175357665
VNM;28/01/2026;65.55;67.29;65.07;65.55;9816800;0.0;0.0;0.033867276887872055;8853935.0;6.944.129.437.709.080;11.087.499.512.928.400;0.13865884969990644;0.02951721366664934
VNM;29/01/2026;66.33;68.84;65.75;68.84;10036800;0.05019069412662103;0.05019069412662103;0.04658525554047947;9247625.0;6.752.247.148.045.560;10.853.381.273.570.200;0.11687590556107329;0.029519107918699168
VNM;30/01/2026;69.23;70.2;68.26;68.36;7844800;-0.006972690296339401;0.006972690296339401;0.02802253358370645;9670415.0;650.722.117.111.161;0.8112164783000523;-0.28055216689186785;0.031102268162949906
VNM;02/02/2026;68.65;70.3;68.07;70.3;10777700;0.028379169104739477;0.028379169104739477;0.03248361252731251;9968675.0;6.263.476.045.327.760;10.811.567.234.361.600;0.12916549758396403;0.031029063191500523
VNM;03/02/2026;70.59;71.26;69.04;69.33;7261000;-0.013798008534850581;0.013798008534850581;0.03144921376965574;10366825.0;6.033.660.868.029.850;0.7004073088915844;-0.5147496798264921;0.030893677571108797
VNM;04/02/2026;69.52;70.3;68.55;69.72;7672500;0.005625270445694497;0.005625270445694497;0.025172612197928657;10581710.0;5.829.176.438.978.050;0.7250718456657761;-0.49907736203470127;0.031341079488708665
VNM;05/02/2026;69.62;69.91;66.91;66.91;8057000;-0.04030407343660358;0.04030407343660358;0.043091065785693765;10803930.0;5.614.862.558.199.770;0.7457471494169251;-0.4892247978516355;0.03130736328988881
VNM;06/02/2026;66.13;68.46;66.04;66.91;6695900;0.0;0.0;0.03659458642068634;10924960.0;55.229.484.988.974.500;0.6128992691964089;-0.765725047199742;0.03300294115561858
VNM;09/02/2026;67.2;68.17;67.1;67.39;2573300;0.007173815573157993;0.007173815573157993;0.015922619047619158;11050550.0;5.388.518.692.504.800;0.2328662374270964;-15.732.060.114.761.200;0.03250395843738878
VNM;10/02/2026;67.39;68.26;65.94;66.23;5090400;-0.01721323638522032;0.01721323638522032;0.03442647277044083;10971900.0;5.504.820.487.249.520;0.4639488146993684;-10.684.272.109.550.000;0.03212122298802267
VNM;11/02/2026;66.23;67.68;66.23;66.91;2672900;0.010267250490713975;0.010267250490713975;0.02189340178166998;10888355.0;558.419.394.310.264;0.24548244431780558;-14.711.980.070.368.700;0.032508382148164254
VNM;12/02/2026;67.1;67.59;66.81;66.81;1951100;-0.0014945449110744802;0.0014945449110744802;0.011624441132637872;9780085.0;4.816.685.393.316.050;0.1994972436333631;-16.253.884.903.639.300;0.02874310912828431
VNM;13/02/2026;66.81;67.59;66.42;67.29;3341400;0.007184553210597189;0.007184553210597189;0.017512348450830738;8914610.0;4.572.461.086.352.780;0.37482290307708355;-12.188.643.915.711.100;0.026489846228945117
VNM;23/02/2026;67.78;69.04;67.59;68.36;4211800;0.015901322633377735;0.015901322633377735;0.021392741221599332;8413055.0;4.607.758.591.021.400;0.500626704568079;-0.9117784530175882;0.026173073090199322
VNM;24/02/2026;68.36;69.04;67.97;67.97;3552500;-0.005705090696313642;0.005705090696313642;0.015652428320655463;8104380.0;4.674.975.561.726.160;0.4383432168777871;-0.9736692609189362;0.026218073528832618
VNM;25/02/2026;68.17;71.07;68.17;70.01;9804200;0.0300132411357954;0.0300132411357954;0.04254070705588956;7205910.0;3.552.592.347.168.170;13.605.776.369.674.300;0.731378595146481;0.02454668019111641
VNM;26/02/2026;68.94;69.13;67.39;68.36;14298200;-0.023568061705470766;0.023568061705470766;0.025239338555265375;7134415.0;3.480.924.717.321.230;2.004.116.665.486.930;2.058.012.046.153.330;0.0236047962633307
VNM;27/02/2026;67.97;68.36;65.84;66.04;13371400;-0.03393797542422461;0.03393797542422461;0.03707518022657049;7446565.0;3.830.233.735.656.760;17.956.467.176.476.600;15.468.599.069.670.300;0.02419786549624317
VNM;02/03/2026;64.78;67.59;64.39;64.49;12468700;-0.023470623864324858;0.023470623864324858;0.04939796233405376;7312615.0;35.501.071.884.892.600;17.050.945.523.591.700;14.523.744.569.510.100;0.022405916302422647
VNM;03/03/2026;64.49;65.16;61.39;61.39;17815700;-0.04806946813459445;0.04806946813459445;0.058458675763684236;7492810.0;3.720.416.568.625.780;2.377.706.094.242.340;27.746.597.214.550.500;0.02227915591695054
VNM;04/03/2026;61.39;62.84;60.03;62.84;13382500;0.02361948200032593;0.02361948200032593;0.045772927186838286;7965705.0;4.378.955.331.255.560;1.680.014.512.212.030;12.370.062.241.413.300;0.0243902063616859
VNM;05/03/2026;62.94;63.13;61.0;61.19;8165700;-0.026257161043921173;0.026257161043921173;0.033841754051477636;8143990.0;4.528.326.928.278.080;1.002.665.769.481.540;0.0047942651544055645;0.0251039816002256
VNM;06/03/2026;61.0;61.0;60.23;60.42;6471800;-0.012583755515607087;0.012583755515607087;0.012622950819672182;8050435.0;4.506.438.910.839.860;0.803906869628784;-0.3503065349899064;0.02244938922051188
VNM;09/03/2026;57.13;57.22;56.26;56.26;18046300;-0.0688513737173122;0.0688513737173122;0.01680378085069142;7981785.0;4.520.173.423.230.450;2.260.935.367.214.220;22.265.771.813.699.800;0.02250203393450595
VNM;10/03/2026;58.1;60.13;57.61;60.13;10762100;0.06878777106292233;0.06878777106292233;0.04337349397590367;8345215.0;5.021.234.289.156.920;12.896.132.694.004.800;0.48133284782570845;0.025061294461416663
VNM;11/03/2026;59.74;61.68;59.65;61.0;7507500;0.014468651255612697;0.014468651255612697;0.033980582524271864;8520270.0;50.424.305.324.755.900;0.8811340485688833;-0.20084956916655392;0.030704976343073752
VNM;12/03/2026;60.03;60.71;59.35;59.65;6298800;-0.022131147540983664;0.022131147540983664;0.022655338997168074;8512020.0;5.044.025.312.303.440;0.7399888628081231;-0.4387805102011457;0.030953630005414467
VNM;13/03/2026;60.03;61.19;59.65;61.1;5388500;0.0243084660519699;0.0243084660519699;0.025653839746793257;8424110.0;5.067.639.188.117.810;0.6396521412944512;-0.5990185739974644;0.030156337601879295
VNM;16/03/2026;60.61;60.9;59.74;59.84;2965000;-0.020621931260229154;0.020621931260229154;0.019138755980861188;8358740.0;5.099.438.180.654.390;0.3547185341331349;-1.057.712.596.744.890;0.03086250540760634
VNM;17/03/2026;60.71;61.0;59.55;59.55;3816100;-0.004846256684492123;0.004846256684492123;0.02388403887333228;8378325.0;5.076.750.769.607.510;0.4554729018031647;-0.8986505753467792;0.03095486065798321
VNM;18/03/2026;59.84;60.71;59.65;59.74;2596400;0.003190596137699453;0.003190596137699453;0.017713903743315544;8314610.0;5.127.925.728.575.780;0.31226960735380255;-11.151.117.045.504.000;0.030831157831646253
VNM;19/03/2026;59.45;60.03;58.87;59.06;6400100;-0.011382658185470351;0.011382658185470351;0.019512195121951282;8310785.0;513.238.204.953.555;0.7700957250127395;-0.3722803527794478;0.0306888210308608
VNM;20/03/2026;59.06;59.55;58.1;58.1;5734800;-0.01625465628174738;0.01625465628174738;0.02455130375888919;8533235.0;4.934.843.933.785.110;0.672054619379403;-0.5670766973685321;0.03070557511177048
VNM;23/03/2026;57.32;59.06;57.32;58.87;5908000;0.013253012048192625;0.013253012048192625;0.030355896720167516;8652905.0;4.830.226.528.247.320;0.6827764779574027;-0.5682766603072763;0.030635245966960604
VNM;24/03/2026;59.84;59.84;58.97;59.26;2689900;0.0066247664345167045;0.0066247664345167045;0.014538770053476011;8737715.0;4.762.561.855.299.370;0.30784936336330493;-126.986.592.169.307;0.030537209310647788
VNM;25/03/2026;59.55;60.23;59.45;60.13;3445600;0.014681066486669003;0.014681066486669003;0.01309823677581854;8694585.0;4.815.601.404.347.390;0.39629263501363204;-10.899.957.366.200.100;0.03068885114853448
VNM;26/03/2026;60.13;60.13;59.06;59.06;2044000;-0.01779477798104112;0.01779477798104112;0.017794777981041083;8376655.0;4.946.606.115.677.480;0.24401148191014194;-12.802.019.914.077.300;0.029913459042113615
VNM;27/03/2026;59.06;59.94;58.97;59.55;2137400;0.008296647477141761;0.008296647477141761;0.016423975618015556;7763945.0;49.334.459.105.253.100;0.27529818925816707;-11.404.898.527.408.500;0.02977423951268668
VNM;30/03/2026;58.68;59.55;58.29;58.68;4075600;-0.014609571788413045;0.014609571788413045;0.021472392638036776;7202245.0;4.900.822.711.542.790;0.5658791113048779;-0.6379836986626519;0.029245969186946778
VNM;31/03/2026;59.06;59.55;58.58;58.58;5323200;-0.0017041581458759891;0.0017041581458759891;0.016423975618015556;6782590.0;4.784.081.917.413.860;0.7848329325523141;-0.305051214672533;0.029013663386048914
VNM;01/04/2026;59.35;60.23;59.06;59.35;5446200;0.013144417890064819;0.013144417890064819;0.019713563605728637;6157965.0;4.022.689.144.717.280;0.8844155496174467;-0.1769376092444802;0.02712383339680243
VNM;02/04/2026;59.55;59.74;58.87;58.87;2855300;-0.008087615838247797;0.008087615838247797;0.014609571788413175;5761150.0;36.463.535.621.941.900;0.495612855072338;-0.7969194293521555;0.02670112927981592
VNM;03/04/2026;59.06;59.74;58.1;58.1;3788600;-0.013079667063020106;0.013079667063020106;0.027768371147985107;5495630.0;36.553.787.176.678.300;0.6893841106479148;-0.46699128376200116;0.02615427951375657
VNM;06/04/2026;58.1;59.06;58.1;58.97;2587400;0.014974182444061901;0.014974182444061901;0.01652323580034425;5361470.0;366.688.698.648.925;0.48259152806972716;-0.7565190883223673;0.02616546779694074
VNM;07/04/2026;58.97;59.26;58.39;59.06;1825200;0.0015261997625912738;0.0015261997625912738;0.014753264371714389;4588525.0;21.802.560.935.708.000;0.3977748840858446;-12.674.313.848.490.300;0.021043467008032345
VNM;08/04/2026;60.23;60.71;59.74;60.61;5568500;0.026244497121571175;0.026244497121571175;0.01610493109745972;4141680.0;17.144.332.151.042.300;13.445.027.138.745.600;0.8322400589475597;0.014146941212716332
VNM;09/04/2026;59.84;60.13;59.45;59.84;2921000;-0.012704174228675091;0.012704174228675091;0.011363636363636359;4044730.0;1.562.141.389.954.990;0.7221742860462874;-0.7193522988545702;0.015033252405143681
VNM;10/04/2026;60.61;61.97;60.52;60.81;6158400;0.016209893048128254;0.016209893048128254;0.023923444976076486;3875840.0;14.863.747.779.147.200;15.889.200.792.602.300;153.565.576.725.021;0.014446204795900613
VNM;13/04/2026;60.42;60.81;60.23;60.81;3418300;0.0;0.0;0.009599470374048418;3914335.0;15.367.291.341.900.200;0.8732773255227261;-0.32278622755561215;0.013837251683610984
VNM;14/04/2026;61.39;61.48;60.03;60.03;4247700;-0.012826837691169213;0.012826837691169213;0.023619482000325716;3937000.0;15.252.908.599.242.300;10.789.179.578.359.100;0.20369885387986433;0.012972556324680794
VNM;15/04/2026;60.13;60.61;59.26;59.35;4403200;-0.011327669498583992;0.011327669498583992;0.022451355396640636;3958580.0;15.265.429.759.668.300;11.123.180.534.434.000;0.2912594057290787;0.01327725651343081
VNM;16/04/2026;59.55;59.74;59.16;59.16;2272100;-0.0032013479359731534;0.0032013479359731534;0.009739714525608824;4048920.0;14.948.202.140.092.000;0.561161988876046;-11.886.513.062.560.500;0.013516280368160062
VNM;17/04/2026;59.35;60.71;59.35;59.35;3115500;0.003211629479378031;0.003211629479378031;0.02291491154170176;3842520.0;14.369.610.603.814.600;0.8107960400986852;-0.5059427287521621;0.013283121296984203
VNM;20/04/2026;59.45;60.42;59.35;59.55;3251900;0.0033698399326032025;0.0033698399326032025;0.017998317914213628;3711555.0;1.373.376.219.193.910;0.876155681378829;-0.33468979117010544;0.012717559256447585
VNM;21/04/2026;59.94;60.71;59.55;59.65;5306600;0.0016792611251050804;0.0016792611251050804;0.01935268601935275;3578750.0;12.746.774.880.027.700;14.828.082.431.016.400;1.355.519.350.002.230;0.012410486571455765
VNM;22/04/2026;59.65;60.32;59.55;59.84;3939900;0.0031852472757754047;0.0031852472757754047;0.01290863369656334;3709585.0;13.123.764.428.158.100;10.620.864.598.061.500;0.17549461609188852;0.012334154446463633
VNM;23/04/2026;60.03;60.52;59.06;60.03;4234100;0.003175133689839571;0.003175133689839571;0.024321172746959867;3734300.0;13.117.976.199.816.300;11.338.403.449.106.900;0.3810038929686411;0.01189360528697835
VNM;24/04/2026;60.13;60.13;58.58;59.45;5855700;-0.009661835748792202;0.009661835748792202;0.025777482122068922;3843805.0;12.533.808.168.625.100;15.234.123.479.208.700;16.051.745.590.268.400;0.011160235979679363
VNM;28/04/2026;59.26;59.35;58.58;59.26;3220800;-0.003195962994112733;0.003195962994112733;0.012993587580155301;4029720.0;12.626.813.927.428.200;0.799261487150472;-0.6406366678476577;0.01125363545559528
VNM;29/04/2026;58.39;59.35;58.39;58.97;2407200;-0.004893688828889631;0.004893688828889631;0.016441171433464647;3986980.0;12.754.490.258.233.300;0.6037652559079805;-12.386.069.282.386.300;0.010753344082744514
VNM;04/05/2026;59.16;59.65;58.77;58.97;1873800;0.0;0.0;0.014874915483434677;3841180.0;12.813.172.147.606.900;0.4878188473333715;-15.354.355.481.499.000;0.010811971037843881
VNM;05/05/2026;59.16;59.26;58.48;59.16;2751900;0.003221977276581356;0.003221977276581356;0.013184584178499006;3662560.0;12.947.280.768.766.200;0.7513597046874317;-0.7033600462244244;0.010386825873115525
VNM;06/05/2026;59.26;59.74;58.77;59.55;2590900;0.006592292089249607;0.006592292089249607;0.016368545393182568;3657390.0;12.983.226.713.117.600;0.7084013463152685;-0.8214367842182648;0.010245727282894726
VNM;07/05/2026;59.65;59.84;59.16;59.55;4751300;0.0;0.0;0.011399832355406652;3597505.0;13.194.028.555.512.600;1.320.720.888.504.670;0.8744827215929624;0.009829963211435607
VNM;08/05/2026;59.84;59.84;58.97;58.97;2787000;-0.009739714525608734;0.009739714525608734;0.014538770053476011;3705700.0;1.320.933.912.845.470;0.7520846263863777;-0.6954927805744578;0.009287229001088575
VNM;11/05/2026;59.16;59.16;58.58;58.68;3875800;-0.004917754790571438;0.004917754790571438;0.009803921568627423;3753790.0;12.652.010.058.318.300;1.032.503.150.149.580;0.09643526952445111;0.009561252469113884
VNM;12/05/2026;58.68;58.77;58.0;58.19;4102800;-0.00835037491479218;0.00835037491479218;0.013122017723244771;3669155.0;11.919.111.259.145.700;11.181.866.124.489.100;0.36382326716453506;0.007333156687212798
VNM;13/05/2026;58.19;58.19;56.84;57.42;8534300;-0.013232514177693666;0.013232514177693666;0.023199862519333123;3728245.0;11.821.227.567.723.000;2.289.093.125.585.890;406.561.414.410.342;0.007044852165479387
VNM;14/05/2026;57.42;58.19;57.42;58.19;3058300;0.013409961685823646;0.013409961685823646;0.013409961685823686;3847040.0;15.124.246.188.784.000;0.7949748377973714;-0.521506982995901;0.006203084520365037
VNM;15/05/2026;58.19;58.39;57.9;57.9;2010300;-0.004983674170819685;0.004983674170819685;0.00842069084035061;3829040.0;15.199.194.772.300.100;0.5250141027516035;-11.966.028.643.271.100;0.007175403219725805
VNM;18/05/2026;57.61;58.77;57.61;58.58;4850600;0.011744386873920654;0.011744386873920654;0.020135393160909627;3717170.0;15.690.290.356.912.100;13.049.174.506.412.100;0.7223766891609382;0.0067652164142324965
VNM;19/05/2026;58.58;58.77;57.81;57.9;2739700;-0.011608057357459844;0.011608057357459844;0.01638784568111985;3739540.0;15.824.565.887.119.600;0.7326302165506987;-0.6318277588984725;0.007014520814205162
VNM;20/05/2026;57.9;58.0;56.74;57.22;5727600;-0.011744386873920543;0.011744386873920543;0.02176165803108805;3762920.0;15.629.690.981.219.700;15.221.158.036.843.700;12.570.178.145.944.800;0.007417084226128095
VNM;21/05/2026;57.61;57.71;56.93;57.13;3271300;-0.0015728766165675756;0.0015728766165675756;0.013539316090956452;3893525.0;16.143.148.645.706.200;0.8401898022999724;-0.38544215484598043;0.00771288441602607
VNM;22/05/2026;57.22;57.81;56.84;57.61;6005000;0.00840189042534556;0.00840189042534556;0.01695211464522892;3894495.0;16.139.148.162.725.900;15.419.200.692.259.200;130.769.293.318.361;0.007617192232506409
VNM;25/05/2026;57.61;57.9;57.22;57.22;1587500;-0.006769658045478244;0.006769658045478244;0.011803506335705602;3929415.0;16.531.549.159.346.600;0.40400415837980974;-14.166.337.210.302.600;0.007931992039230144
VNM;26/05/2026;57.22;57.52;57.13;57.22;1880800;0.0;0.0;0.0068157986717930896;3811795.0;17.340.744.382.355.900;0.4934158316488688;-11.135.594.628.594.800;0.007921074674435258
VNM;27/05/2026;57.22;57.32;56.84;56.93;2976500;-0.005068157986717892;0.005068157986717892;0.008388675288360658;3694130.0;178.306.017.435.431;0.8057377515138883;-0.40247099358824023;0.007838935468519282
VNM;28/05/2026;57.13;57.9;57.13;57.13;3798600;0.0035130862462673385;0.0035130862462673385;0.013478032557325327;3550170.0;1.714.257.341.763.320;10.699.769.306.821.900;0.14491989851678777;0.0076795608064689404
VNM;29/05/2026;57.13;57.42;57.03;57.32;1960700;0.00332574829336596;0.00332574829336596;0.006826535970593393;3579060.0;17.132.828.854.816.100;0.5478254066710253;-0.9445959063234719;0.00777670723678527
VNM;01/06/2026;57.32;57.42;56.93;57.22;2259500;-0.0017445917655268817;0.0017445917655268817;0.008548499651081681;3556735.0;17.321.615.912.449.400;0.6352736428212954;-0.7489110753619983;0.00782165856708694
VNM;02/06/2026;57.22;57.32;56.74;56.74;2961900;-0.008388675288360625;0.008388675288360625;0.010136315973435832;3576020.0;17.144.955.064.636.900;0.82826717971376;-0.3581928314683531;0.007815079336630896
VNM;03/06/2026;56.74;56.93;56.26;56.45;3814300;-0.005111032781106806;0.005111032781106806;0.011808248149453677;3586520.0;17.098.194.209.361.700;10.635.100.320.087.400;0.13321874650089277;0.00787870131689638
VNM;04/06/2026;56.74;56.93;56.35;56.74;2126500;0.005137289636846676;0.005137289636846676;0.010222065562213575;3647690.0;16.941.378.145.332.700;0.5829716889318993;-0.8979139636400121;0.007633311124206169
VNM;05/06/2026;56.93;57.03;56.45;56.55;1866100;-0.0033486076841735546;0.0033486076841735546;0.010187950114175273;3516450.0;1.705.772.567.520.430;0.5306772455174963;-0.9675088176608438;0.007811250590875409
VNM;08/06/2026;56.35;56.93;55.97;56.16;3179800;-0.006896551724137945;0.006896551724137945;0.01703637976929904;3470405.0;17.386.125.134.942.900;0.9162619348462211;-0.16714765236328416;0.007622994681876836
VNM;09/06/2026;56.26;56.64;56.16;56.45;1228000;0.0051638176638177935;0.0051638176638177935;0.008531816565943904;3435605.0;17.370.359.104.475.100;0.3574334069254178;-12.709.034.895.146.500;0.007674630894206379
VNM;10/06/2026;56.55;57.03;56.35;57.03;2353200;0.010274579273693574;0.010274579273693574;0.012024756852343055;3291865.0;17.968.353.502.975.500;0.7148531303683474;-0.5223990054762424;0.007696213763268793
VNM;11/06/2026;56.93;57.71;56.64;57.32;1804500;0.005085042959845687;0.005085042959845687;0.018795011417530306;2982810.0;13.145.220.391.738.100;0.6049664578032125;-0.896379037311976;0.007602726425059582
VNM;12/06/2026;57.42;57.9;57.13;57.13;3489300;-0.0033147243545009752;0.0033147243545009752;0.013409961685823686;2920120.0;13.403.752.544.481.100;11.949.166.472.610.700;0.4246422769378525;0.007017185379574709
VNM;15/06/2026;57.42;57.9;57.42;57.81;2021700;0.011902678102573061;0.011902678102573061;0.00835945663531865;2994070.0;13.282.820.725.718.500;0.6752347139512436;-0.7320508347427059;0.006973721770719669
VNM;16/06/2026;57.9;57.9;57.22;57.22;2029500;-0.01020584673931857;0.01020584673931857;0.011744386873920548;2852625.0;1.269.500.482.732.430;0.7114499802813198;-0.6483849444691252;0.006988597921338617
VNM;17/06/2026;57.22;57.81;57.13;57.13;2838900;-0.0015728766165675756;0.0015728766165675756;0.011883956658511005;2817115.0;12.826.896.401.394.400;1.007.733.088.638.550;0.016983843416425913;0.006878927346362965
VNM;18/06/2026;57.61;57.81;57.22;57.32;2482800;0.00332574829336596;0.00332574829336596;0.010241277555979924;2672680.0;10.851.360.286.303.100;0.9289552060104465;-0.17498267036591764;0.0063660255870581625
VNM;19/06/2026;57.32;57.52;57.03;57.13;3349900;-0.0033147243545009752;0.0033147243545009752;0.008548499651081681;2633255.0;10.765.320.957.275.600;12.721.517.665.398.900;0.6656977556397542;0.006398885032623359
VNM;22/06/2026;57.61;57.71;56.74;56.74;2997800;-0.00682653597059335;0.00682653597059335;0.016837354625932978;2500500.0;7.543.538.057.241.620;1.198.880.223.955.200;0.6592397310471623;0.0061380882619734385
VNM;23/06/2026;56.84;57.13;56.55;56.55;2295600;-0.0033486076841735546;0.0033486076841735546;0.010204081632653156;2571015.0;7.300.409.002.781.610;0.8928769377074813;-0.3772596848958202;0.006141206976862805
VNM;24/06/2026;56.74;56.84;56.26;56.45;1532100;-0.0017683465959327238;0.0017683465959327238;0.0102220655622137;2591755.0;7.151.403.369.637.540;0.5911438388273583;-14.817.441.350.028.400;0.006175188575537838
VNM;25/06/2026;56.64;56.74;56.35;56.45;1803300;0.0;0.0;0.006885593220338993;2519535.0;7.464.869.923.603.210;0.7157273068244736;-0.9594741868647068;0.006092223547189353
VNM;26/06/2026;56.8;56.8;55.9;56.3;3173400;-0.0026572187776794376;0.0026572187776794376;0.015845070422535187;2419770.0;6.983.264.943.683.880;13.114.469.557.024.000;10.791.943.397.216.100;0.006023548047729918
VNM;29/06/2026;56.5;56.5;56.0;56.1;1470900;-0.003552397868561208;0.003552397868561208;0.008849557522123894;2480405.0;7.089.361.492.108.400;0.5930079966779619;-14.239.716.808.400.000;0.005967605436230506
VNM;30/06/2026;56.1;56.2;54.7;54.8;9320000;-0.023172905525846832;0.023172905525846832;0.026737967914438502;2440975.0;7.429.821.007.088.150;38.181.464.373.867;9.258.668.537.825.210;0.005995011527783988
VNM;01/07/2026;55.0;55.5;54.8;55.2;2357300;0.007299270072992803;0.007299270072992803;0.01272727272727278;2758880.0;17.093.670.104.518.300;0.8544409325523401;-0.23492906879830927;0.007642821122693866
VNM;02/07/2026;55.3;56.0;55.3;55.5;3669400;0.005434782608695565;0.005434782608695565;0.012658227848101318;2686030.0;16.929.884.605.258.400;13.661.053.674.009.500;0.5808486135189375;0.00785306590133597
VNM;03/07/2026;55.5;55.7;54.7;54.9;4133600;-0.010810810810810811;0.010810810810810811;0.018018018018018018;2763175.0;17.012.828.648.358.800;14.959.602.631.031.300;0.8055244829214189;0.00786575252713214
VNM;06/07/2026;55.0;55.4;54.6;55.3;3211000;0.007285974499089187;0.007285974499089187;0.014545454545454493;2876550.0;171.386.217.664.266;11.162.677.512.992.900;0.19514404632883894;0.008151101302627894
VNM;07/07/2026;55.2;55.3;54.9;55.1;1611400;-0.003616636528028905;0.003616636528028905;0.007246376811594177;2878110.0;17.141.669.024.247.300;0.5598813109992321;-0.7389653820804744;0.008268204120198077
VNM;08/07/2026;55.0;55.7;55.0;55.7;3705000;0.010889292196007316;0.010889292196007316;0.01272727272727278;2897280.0;16.967.978.611.738.600;12.787.856.196.156.300;0.4760260597224047;0.008170838911473806
VNM;09/07/2026;55.6;55.9;55.4;55.7;2469400;0.0;0.0;0.008992805755395683;2964870.0;17.009.031.198.934.100;0.8328864334692584;-0.2912981898881151;0.008217209928054294
VNM;10/07/2026;55.9;56.7;55.8;56.6;5573700;0.016157989228007263;0.016157989228007263;0.016100178890876667;2998115.0;16.834.376.549.739.500;18.590.681.144.652.500;15.299.556.787.209.000;0.008091949201702465
VNM;13/07/2026;56.6;56.6;55.3;55.4;1951400;-0.021201413427561877;0.021201413427561877;0.022968197879858734;3102335.0;17.773.490.556.310.600;0.629010084339699;-0.6475570999143725;0.00897310952401064
VNM;14/07/2026;55.5;56.0;55.2;56.0;1755100;0.010830324909747224;0.010830324909747224;0.014414414414414363;3098820.0;17.796.666.735.803.700;0.5663768789410163;-0.7550402667802245;0.009609593501346067
VNM;15/07/2026;56.0;56.4;55.5;56.2;2491200;0.0035714285714285587;0.0035714285714285587;0.016071428571428546;3085100.0;17.893.755.058.826.000;0.8074940844705196;-0.3319035037908714;0.009822580833614746
VNM;16/07/2026;56.1;56.3;55.3;56.2;1991100;0.0;0.0;0.017825311942959002;3067715.0;17.935.775.382.047.500;0.6490498628457989;-0.600261197002732;0.009874858688389382
VNM;17/07/2026;56.3;59.4;56.2;59.0;12982500;0.04982206405693934;0.04982206405693934;0.05683836589698039;3043130.0;18.053.483.871.687.000;4.266.166.742.794.420;5.505.513.545.553.240;0.009830092604642116
VNM;20/07/2026;58.8;58.8;57.7;58.5;4583900;-0.008474576271186418;0.008474576271186418;0.01870748299319718;3524760.0;28.652.545.786.406.200;13.004.857.068.282.600;0.3696495270945499;0.014984129243229255
VNM;21/07/2026;58.1;58.8;58.1;58.4;3543700;-0.0017094017094017033;0.0017094017094017033;0.012048192771084263;3604065.0;28.718.442.382.396.900;0.9832508570183945;-0.021019594028191767;0.015038018932759805
VNM;22/07/2026;58.7;60.1;58.4;59.1;10506300;0.011986301369863117;0.011986301369863117;0.02896081771720618;3666470.0;2.855.428.558.875.550;2.865.508.240.896.550;2.395.377.737.166.520;0.015013878692800513
VNM;23/07/2026;59.1;59.1;56.9;57.8;4827500;-0.021996615905245376;0.021996615905245376;0.03722504230118448;4115180.0;3.188.110.302.291.770;1.173.095.709.057.680;0.22343016158755502;0.015160168053111416
VNM;24/07/2026;58.5;59.5;58.3;58.9;4176800;0.01903114186851207;0.01903114186851207;0.02051282051282056;4266390.0;31.441.024.161.201.600;0.9790009820949327;-0.02849461885868036;0.016111790457809656
VNM;27/07/2026;59.2;59.8;57.9;57.9;3671400;-0.01697792869269954;0.01697792869269954;0.03209459459459457;4316560.0;3.133.732.251.922.110;0.8505383916822655;-0.2058759166818681;0.016554909077890218
VNM;28/07/2026;57.7;59.6;57.7;59.6;5256600;0.029360967184801412;0.029360967184801412;0.03292894280762562;4426585.0;30.664.707.923.424.700;11.875.068.478.296.400;0.27067435374655974;0.01707258874523619
VNM;29/07/2026;59.9;61.0;59.4;60.0;6199800;0.006711409395973034;0.006711409395973034;0.026711185308848105;4223415.0;28.523.256.701.699.600;14.679.589.857.970.300;0.6929029951485983;0.01708283237580433
VNM;30/07/2026;60.3;61.4;59.8;61.2;6944300;0.020000000000000018;0.020000000000000018;0.02653399668325044;4415540.0;2.849.422.333.035.240;1.572.695.525.349.100;0.8874640907675949;0.017077985107381875
VNM;31/07/2026;61.2;61.3;60.1;60.9;4479800;-0.004901960784313819;0.004901960784313819;0.019607843137254832;4579285.0;28.979.720.563.243.600;0.9782749927117443;-0.03432917849669734;0.017435083019878717
VNM;03/08/2026;60.9;61.0;60.0;60.3;6377600;-0.009852216748768461;0.009852216748768461;0.016420361247947456;4596595.0;2.896.203.214.823.260;13.874.618.059.672.400;0.6149447631590591;0.0172007860441682
VNM;04/08/2026;60.4;60.4;59.0;59.5;5531900;-0.013266998341625147;0.013266998341625147;0.023178807947019844;4754925.0;2.903.016.631.544.900;11.634.042.597.937.900;0.26764400574119895;0.017522542320249072
VNM;05/08/2026;59.4;60.1;58.6;58.6;5288700;-0.015126050420168013;0.015126050420168013;0.025252525252525252;4950950.0;2.810.469.434.566.320;1.068.219.230.652.700;0.12017565316525733;0.017886371413877146
VNM;06/08/2026;58.7;59.6;58.6;59.0;3231300;0.0068259385665527805;0.0068259385665527805;0.017035775127768313;5030135.0;27.957.892.095.971.700;0.6423883255618388;-0.6434086639382877;0.018300092589424676
VNM;07/08/2026;59.0;63.1;59.0;62.0;13239500;0.05084745762711873;0.05084745762711873;0.06949152542372884;5068230.0;2.764.071.442.274.960;2.612.253.192.929.280;295.624.413.863.726;0.018310770975316373
VNM;10/08/2026;61.6;62.7;61.6;62.1;3480200;0.001612903225806539;0.001612903225806539;0.01785714285714288;5451520.0;3.314.542.572.489.010;0.6383907607419582;-0.5947487343689964;0.02105598931544616
VNM;11/08/2026;62.5;63.3;61.8;62.0;4475100;-0.0016103059581320522;0.0016103059581320522;0.024;5527960.0;32.465.046.620.051.300;0.8095391428302665;-0.3243057101756091;0.02017422157448372
VNM;12/08/2026;61.9;62.5;61.4;61.8;2755600;-0.003225806451612967;0.003225806451612967;0.017770597738287583;5663960.0;31.352.006.524.220.000;0.4865147352735542;-0.9276471659806633;0.020206446628882394
VNM;13/08/2026;61.8;63.0;61.5;61.6;4257000;-0.003236245954692518;0.003236245954692518;0.024271844660194174;5677180.0;3.121.646.292.988.090;0.749844112746117;-0.4549458416189038;0.020293894567339574
VNM;14/08/2026;61.6;62.6;61.0;61.6;3663300;0.0;0.0;0.025974025974025997;5790475.0;3.020.298.402.105.850;0.632642399803125;-0.7042929925456584;0.020348293169234043
VNM;17/08/2026;61.7;63.0;61.7;62.2;2965800;0.009740259740259827;0.009740259740259827;0.021069692058346794;5324515.0;25.316.847.081.226.500;0.5570084787065113;-0.9316780215294181;0.017378227590581996
VNM;18/08/2026;62.2;62.6;61.8;62.1;1844100;-0.001607717041800627;0.001607717041800627;0.012861736334405212;5243610.0;25.819.539.241.068.000;0.35168519397895726;-13.166.423.956.136.300;0.017260745957765646
VNM;19/08/2026;61.9;63.2;61.6;63.1;4664900;0.016103059581320522;0.016103059581320522;0.02584814216478193;5158630.0;26.674.034.040.814.400;0.9042904802244006;-0.1850976118739801;0.01725923537068772
VNM;20/08/2026;63.1;64.3;62.7;64.0;6309900;0.014263074484944571;0.014263074484944571;0.025356576862123524;4866560.0;235.222.039.188.508;1.296.583.212.782.740;0.6136074684920578;0.01739336820143693
VNM;21/08/2026;64.1;64.1;63.4;63.8;3581800;-0.0031250000000000444;0.0031250000000000444;0.010920436817472633;4940680.0;23.741.780.167.814.700;0.7249609365512439;-0.572358092103872;0.016469704361698152
VNM;24/08/2026;64.0;64.4;63.2;63.2;3332500;-0.00940438871473348;0.00940438871473348;0.018750000000000044;4910930.0;23.879.416.902.208.300;0.6785883732816391;-0.661000227293669;0.01623635204992236
VNM;25/08/2026;63.1;63.8;62.5;62.6;3343900;-0.009493670886076;0.009493670886076;0.02060221870047539;4893985.0;23.983.800.320.600.100;0.683267316920669;-0.6463049972395745;0.015800699315499926
VNM;26/08/2026;62.7;63.5;62.4;62.8;2402700;0.0031948881789136685;0.0031948881789136685;0.01754385964912283;4798350.0;24.211.856.772.424.900;0.5007346275282129;-0.9894532346351973;0.014949514994846988
VNM;27/08/2026;62.7;63.2;62.3;62.5;2651300;-0.004777070063694211;0.004777070063694211;0.014354066985646024;4608495.0;24.541.569.459.260.000;0.5753071230412532;-0.797501970380917;0.014918800322596164
VNM;28/08/2026;62.9;63.0;62.3;62.3;2385900;-0.0032000000000000917;0.0032000000000000917;0.011128775834658234;4393845.0;24.266.933.838.965.600;0.5430095963785705;-0.8274407526408722;0.014398913594443199
VNM;03/09/2026;62.2;62.3;61.2;61.2;3947400;-0.017656500802568087;0.017656500802568087;0.01768488745980698;4289150.0;246.761.347.320.805;0.9203222083629624;-0.1384941376396782;0.01436626853495657
VNM;04/09/2026;61.4;62.1;61.2;61.9;1906600;0.011437908496731986;0.011437908496731986;0.014657980456026036;4167640.0;2.418.710.888.360.500;0.4574771333416514;-0.9348120153097818;0.014783154132182296
