ticker;date;open;high;low;close;volume;crawl_timestamp
ANV;2025-05-05;14.76;14.81;14.76;14.81;426000;2026-09-04 09:15:08.321000+00:00
ANV;2025-05-06;13.99;15.2;13.79;15.2;3802000;2026-09-04 09:15:08.321000+00:00
ANV;2025-05-07;15.1;15.3;14.76;15.25;686800;2026-09-04 09:15:08.321000+00:00
ANV;2025-05-08;15.25;15.25;14.76;15.1;1323000;2026-09-04 09:15:08.321000+00:00
ANV;2025-05-09;15.0;15.0;14.09;14.62;1977000;2026-09-04 09:15:08.321000+00:00
ANV;2025-05-12;14.71;14.76;14.23;14.52;1478100;2026-09-04 09:15:08.321000+00:00
ANV;2025-05-13;14.91;15.15;14.71;14.71;2421800;2026-09-04 09:15:08.321000+00:00
ANV;2025-05-14;14.71;14.81;14.47;14.62;1240000;2026-09-04 09:15:08.321000+00:00
ANV;2025-05-15;14.67;14.67;13.6;14.23;3104100;2026-09-04 09:15:08.321000+00:00
ANV;2025-05-16;14.23;14.62;14.23;14.62;1264800;2026-09-04 09:15:08.321000+00:00
ANV;2025-05-19;14.57;14.57;14.23;14.23;669300;2026-09-04 09:15:08.321000+00:00
ANV;2025-05-20;14.28;14.91;14.13;14.81;2078300;2026-09-04 09:15:08.321000+00:00
ANV;2025-05-21;14.81;14.86;14.42;14.67;897000;2026-09-04 09:15:08.321000+00:00
ANV;2025-05-22;14.62;14.62;14.33;14.33;1135600;2026-09-04 09:15:08.321000+00:00
ANV;2025-05-23;14.33;14.42;14.23;14.38;465300;2026-09-04 09:15:08.321000+00:00
ANV;2025-05-26;14.42;15.34;14.04;15.34;3942100;2026-09-04 09:15:08.321000+00:00
ANV;2025-05-27;15.83;15.88;15.49;15.54;2682100;2026-09-04 09:15:08.321000+00:00
ANV;2025-05-28;15.78;15.78;15.25;15.25;1849500;2026-09-04 09:15:08.321000+00:00
ANV;2025-05-29;15.49;15.78;15.25;15.34;1484100;2026-09-04 09:15:08.321000+00:00
ANV;2025-05-30;15.34;15.54;15.25;15.34;1070800;2026-09-04 09:15:08.321000+00:00
ANV;2025-06-02;15.34;15.73;15.05;15.73;2241600;2026-09-04 09:15:08.321000+00:00
ANV;2025-06-03;15.97;15.97;15.54;15.68;1445500;2026-09-04 09:15:08.321000+00:00
ANV;2025-06-04;15.59;16.02;15.54;15.68;1481700;2026-09-04 09:15:08.321000+00:00
ANV;2025-06-05;15.68;15.92;15.54;15.88;1666200;2026-09-04 09:15:08.321000+00:00
ANV;2025-06-06;16.02;16.02;15.54;15.54;1387400;2026-09-04 09:15:08.321000+00:00
ANV;2025-06-09;15.49;15.54;15.25;15.25;1528000;2026-09-04 09:15:08.321000+00:00
ANV;2025-06-10;15.25;15.68;15.25;15.54;1142700;2026-09-04 09:15:08.321000+00:00
ANV;2025-06-11;15.54;15.88;15.49;15.63;553700;2026-09-04 09:15:08.321000+00:00
ANV;2025-06-12;15.78;15.92;15.59;15.78;980300;2026-09-04 09:15:08.321000+00:00
ANV;2025-06-13;15.54;15.73;15.44;15.54;1209000;2026-09-04 09:15:08.321000+00:00
ANV;2025-06-16;15.59;16.26;15.59;16.07;2070800;2026-09-04 09:15:08.321000+00:00
ANV;2025-06-17;16.17;16.36;16.02;16.02;1100900;2026-09-04 09:15:08.321000+00:00
ANV;2025-06-18;16.12;16.21;15.83;16.07;1182800;2026-09-04 09:15:08.321000+00:00
ANV;2025-06-19;16.12;16.12;15.83;15.83;679000;2026-09-04 09:15:08.321000+00:00
ANV;2025-06-20;15.88;16.89;15.78;16.89;3665900;2026-09-04 09:15:08.321000+00:00
ANV;2025-06-23;16.99;17.18;16.6;17.09;3944500;2026-09-04 09:15:08.321000+00:00
ANV;2025-06-24;17.38;17.86;17.23;17.47;3937400;2026-09-04 09:15:08.321000+00:00
ANV;2025-06-25;17.47;17.86;17.23;17.67;3203700;2026-09-04 09:15:08.321000+00:00
ANV;2025-06-26;17.81;18.39;17.57;18.25;3619400;2026-09-04 09:15:08.321000+00:00
ANV;2025-06-27;18.59;19.51;18.34;19.17;6540800;2026-09-04 09:15:08.321000+00:00
ANV;2025-06-30;19.26;20.47;19.26;20.47;6576300;2026-09-04 09:15:08.321000+00:00
ANV;2025-07-01;21.3;21.88;20.43;21.88;8833600;2026-09-04 09:15:08.321000+00:00
ANV;2025-07-02;22.17;23.38;21.88;22.85;8076400;2026-09-04 09:15:08.321000+00:00
ANV;2025-07-03;22.31;23.72;21.25;21.88;6746100;2026-09-04 09:15:08.321000+00:00
ANV;2025-07-04;21.64;23.14;21.3;23.14;3668300;2026-09-04 09:15:08.321000+00:00
ANV;2025-07-07;24.49;24.49;22.75;22.85;2706500;2026-09-04 09:15:08.321000+00:00
ANV;2025-07-08;23.14;23.23;22.46;22.8;3519200;2026-09-04 09:15:08.321000+00:00
ANV;2025-07-09;22.94;22.94;21.83;22.46;4647600;2026-09-04 09:15:08.321000+00:00
ANV;2025-07-10;22.56;22.6;21.15;21.49;6884000;2026-09-04 09:15:08.321000+00:00
ANV;2025-07-11;21.49;21.88;20.81;21.83;3649400;2026-09-04 09:15:08.321000+00:00
ANV;2025-07-14;21.97;22.6;21.78;21.78;2616300;2026-09-04 09:15:08.321000+00:00
ANV;2025-07-15;21.97;21.97;21.49;21.59;3616400;2026-09-04 09:15:08.321000+00:00
ANV;2025-07-16;21.73;22.27;21.59;21.88;3785600;2026-09-04 09:15:08.321000+00:00
ANV;2025-07-17;22.07;23.09;21.93;22.27;7485400;2026-09-04 09:15:08.321000+00:00
ANV;2025-07-18;22.7;22.7;21.97;22.22;3082800;2026-09-04 09:15:08.321000+00:00
ANV;2025-07-21;22.22;23.09;22.07;22.56;5480000;2026-09-04 09:15:08.321000+00:00
ANV;2025-07-22;23.14;24.1;22.51;23.09;8501200;2026-09-04 09:15:08.321000+00:00
ANV;2025-07-23;23.38;23.38;22.22;23.04;4048500;2026-09-04 09:15:08.321000+00:00
ANV;2025-07-24;23.14;23.14;22.27;22.56;3548400;2026-09-04 09:15:08.321000+00:00
ANV;2025-07-25;22.6;24.06;22.6;23.77;11451800;2026-09-04 09:15:08.321000+00:00
ANV;2025-07-28;24.35;24.54;23.48;24.06;5487800;2026-09-04 09:15:08.321000+00:00
ANV;2025-07-29;24.39;24.39;22.41;22.41;7925700;2026-09-04 09:15:08.321000+00:00
ANV;2025-07-30;22.36;22.46;20.91;21.68;9480000;2026-09-04 09:15:08.321000+00:00
ANV;2025-07-31;21.97;22.7;21.73;22.7;3786600;2026-09-04 09:15:08.321000+00:00
ANV;2025-08-01;22.7;22.8;21.97;22.17;2654200;2026-09-04 09:15:08.321000+00:00
ANV;2025-08-04;21.88;23.72;21.88;23.72;10860700;2026-09-04 09:15:08.321000+00:00
ANV;2025-08-05;24.88;24.88;22.75;23.52;7868200;2026-09-04 09:15:08.321000+00:00
ANV;2025-08-06;23.77;25.17;23.62;25.17;6804300;2026-09-04 09:15:08.321000+00:00
ANV;2025-08-07;26.14;26.91;25.8;26.91;8892300;2026-09-04 09:15:08.321000+00:00
ANV;2025-08-08;27.3;27.3;25.65;26.52;7239700;2026-09-04 09:15:08.321000+00:00
ANV;2025-08-11;26.91;27.01;25.51;25.7;5460900;2026-09-04 09:15:08.321000+00:00
ANV;2025-08-12;25.6;26.62;25.6;26.23;4497400;2026-09-04 09:15:08.321000+00:00
ANV;2025-08-13;26.28;26.28;25.36;26.23;6388300;2026-09-04 09:15:08.321000+00:00
ANV;2025-08-14;26.33;26.38;25.41;25.9;4419700;2026-09-04 09:15:08.321000+00:00
ANV;2025-08-15;26.04;27.25;25.56;25.75;6276800;2026-09-04 09:15:08.321000+00:00
ANV;2025-08-18;25.7;26.86;25.41;26.23;4462800;2026-09-04 09:15:08.321000+00:00
ANV;2025-08-19;26.23;27.11;25.75;26.72;7449700;2026-09-04 09:15:08.321000+00:00
ANV;2025-08-20;27.01;27.01;25.17;26.38;7662500;2026-09-04 09:15:08.321000+00:00
ANV;2025-08-21;26.38;26.48;25.17;25.22;4936600;2026-09-04 09:15:08.321000+00:00
ANV;2025-08-22;24.69;24.83;23.48;23.48;7345300;2026-09-04 09:15:08.321000+00:00
ANV;2025-08-25;23.52;25.07;23.52;24.2;4678300;2026-09-04 09:15:08.321000+00:00
ANV;2025-08-26;24.69;25.9;24.39;25.9;4656100;2026-09-04 09:15:08.321000+00:00
ANV;2025-08-27;25.9;26.48;25.7;25.94;3440200;2026-09-04 09:15:08.321000+00:00
ANV;2025-08-28;25.94;27.69;25.9;27.11;6927000;2026-09-04 09:15:08.321000+00:00
ANV;2025-08-29;27.59;27.59;26.23;26.28;3017400;2026-09-04 09:15:08.321000+00:00
ANV;2025-09-03;26.33;26.86;25.9;25.99;2500300;2026-09-04 09:15:08.321000+00:00
ANV;2025-09-04;26.52;27.11;26.14;26.67;2486600;2026-09-04 09:15:08.321000+00:00
ANV;2025-09-05;27.59;28.51;26.48;26.48;12775000;2026-09-04 09:15:08.321000+00:00
ANV;2025-09-08;26.43;28.12;26.28;26.91;5442600;2026-09-04 09:15:08.321000+00:00
ANV;2025-09-09;26.91;28.07;26.52;27.2;3303000;2026-09-04 09:15:08.321000+00:00
ANV;2025-09-10;27.3;27.35;26.72;26.77;2099400;2026-09-04 09:15:08.321000+00:00
ANV;2025-09-11;26.72;27.98;26.57;27.4;4193200;2026-09-04 09:15:08.321000+00:00
ANV;2025-09-12;27.83;28.9;27.59;27.64;3915000;2026-09-04 09:15:08.321000+00:00
ANV;2025-09-15;27.78;28.65;27.2;28.27;5379100;2026-09-04 09:15:08.321000+00:00
ANV;2025-09-16;28.65;28.7;27.4;27.49;3713800;2026-09-04 09:15:08.321000+00:00
ANV;2025-09-17;27.49;27.49;26.91;27.3;4210500;2026-09-04 09:15:08.321000+00:00
ANV;2025-09-18;27.25;27.44;26.67;26.77;2166500;2026-09-04 09:15:08.321000+00:00
ANV;2025-09-19;26.77;27.01;26.43;26.62;1410400;2026-09-04 09:15:08.321000+00:00
ANV;2025-09-22;26.62;26.82;25.31;25.31;4013600;2026-09-04 09:15:08.321000+00:00
ANV;2025-09-23;25.31;26.82;25.31;26.82;1936500;2026-09-04 09:15:08.321000+00:00
ANV;2025-09-24;26.82;27.3;26.52;27.25;1679500;2026-09-04 09:15:08.321000+00:00
ANV;2025-09-25;27.3;27.59;26.91;27.25;1631300;2026-09-04 09:15:08.321000+00:00
ANV;2025-09-26;27.25;27.35;26.72;26.77;1876400;2026-09-04 09:15:08.321000+00:00
ANV;2025-09-29;27.01;27.35;26.67;26.82;1354600;2026-09-04 09:15:08.321000+00:00
ANV;2025-09-30;26.91;28.36;26.91;27.93;5219100;2026-09-04 09:15:08.321000+00:00
ANV;2025-10-01;28.07;29.53;27.93;27.98;7086900;2026-09-04 09:15:08.321000+00:00
ANV;2025-10-02;28.27;28.85;27.59;27.93;2712900;2026-09-04 09:15:08.321000+00:00
ANV;2025-10-03;28.07;29.86;27.88;29.86;8222300;2026-09-04 09:15:08.321000+00:00
ANV;2025-10-06;30.2;31.66;30.2;30.59;2643000;2026-09-04 09:15:08.321000+00:00
ANV;2025-10-07;30.35;30.88;29.04;29.19;3639500;2026-09-04 09:15:08.321000+00:00
ANV;2025-10-08;29.43;31.22;29.43;31.22;3813200;2026-09-04 09:15:08.321000+00:00
ANV;2025-10-09;31.9;32.43;30.74;31.66;3141700;2026-09-04 09:15:08.321000+00:00
ANV;2025-10-10;31.46;32.38;31.17;31.75;2744300;2026-09-04 09:15:08.321000+00:00
ANV;2025-10-13;32.28;33.4;31.56;32.28;2928700;2026-09-04 09:15:08.321000+00:00
ANV;2025-10-14;32.48;32.48;30.69;30.78;5446200;2026-09-04 09:15:08.321000+00:00
ANV;2025-10-15;30.88;31.46;30.3;30.35;2573200;2026-09-04 09:15:08.321000+00:00
ANV;2025-10-16;30.4;30.78;29.43;29.62;4178300;2026-09-04 09:15:08.321000+00:00
ANV;2025-10-17;29.86;31.36;29.72;30.93;3409200;2026-09-04 09:15:08.321000+00:00
ANV;2025-10-20;31.7;31.7;28.8;28.8;3861600;2026-09-04 09:15:08.321000+00:00
ANV;2025-10-21;28.85;30.01;28.12;30.01;3025300;2026-09-04 09:15:08.321000+00:00
ANV;2025-10-22;29.91;30.45;29.62;30.3;1743600;2026-09-04 09:15:08.321000+00:00
ANV;2025-10-23;30.65;31.0;29.95;30.3;1693200;2026-09-04 09:15:08.321000+00:00
ANV;2025-10-24;30.3;30.4;28.4;29.1;2260200;2026-09-04 09:15:08.321000+00:00
ANV;2025-10-27;29.8;30.65;28.8;28.8;2039300;2026-09-04 09:15:08.321000+00:00
ANV;2025-10-28;28.8;29.2;27.2;28.95;2616700;2026-09-04 09:15:08.321000+00:00
ANV;2025-10-29;29.6;29.75;28.95;29.6;2302200;2026-09-04 09:15:08.321000+00:00
ANV;2025-10-30;30.1;31.05;30.0;30.6;3602100;2026-09-04 09:15:08.321000+00:00
ANV;2025-10-31;30.65;30.65;29.8;29.8;1620700;2026-09-04 09:15:08.321000+00:00
ANV;2025-11-03;29.75;30.8;29.3;29.3;2243900;2026-09-04 09:15:08.321000+00:00
ANV;2025-11-04;29.3;29.3;27.25;29.1;4706100;2026-09-04 09:15:08.321000+00:00
ANV;2025-11-05;29.1;29.1;28.1;28.1;1359900;2026-09-04 09:15:08.321000+00:00
ANV;2025-11-06;28.1;28.8;28.1;28.15;2184400;2026-09-04 09:15:08.321000+00:00
ANV;2025-11-07;28.2;28.35;26.6;27.2;2065100;2026-09-04 09:15:08.321000+00:00
ANV;2025-11-10;27.3;28.85;27.3;27.6;1593400;2026-09-04 09:15:08.321000+00:00
ANV;2025-11-11;28.05;28.9;27.7;27.9;756800;2026-09-04 09:15:08.321000+00:00
ANV;2025-11-12;28.1;28.35;27.95;28.35;1050200;2026-09-04 09:15:08.321000+00:00
ANV;2025-11-13;28.5;29.1;28.1;28.75;2502600;2026-09-04 09:15:08.321000+00:00
ANV;2025-11-14;28.75;28.8;28.35;28.4;1224600;2026-09-04 09:15:08.321000+00:00
ANV;2025-11-17;28.7;29.0;28.65;28.8;1413400;2026-09-04 09:15:08.321000+00:00
ANV;2025-11-18;29.0;30.8;29.0;30.8;6633500;2026-09-04 09:15:08.321000+00:00
ANV;2025-11-19;31.05;31.25;30.3;30.6;1902900;2026-09-04 09:15:08.321000+00:00
ANV;2025-11-20;30.6;30.6;29.15;30.2;2290000;2026-09-04 09:15:08.321000+00:00
ANV;2025-11-21;29.95;30.4;29.15;30.4;2165700;2026-09-04 09:15:08.321000+00:00
ANV;2025-11-24;30.4;30.7;29.65;30.0;1318300;2026-09-04 09:15:08.321000+00:00
ANV;2025-11-25;30.0;30.0;29.15;29.15;1691700;2026-09-04 09:15:08.321000+00:00
ANV;2025-11-26;29.2;30.0;29.0;30.0;1334400;2026-09-04 09:15:08.321000+00:00
ANV;2025-11-27;30.0;30.1;29.3;29.3;1254000;2026-09-04 09:15:08.321000+00:00
ANV;2025-11-28;29.2;29.8;29.15;29.25;1116600;2026-09-04 09:15:08.321000+00:00
ANV;2025-12-01;29.45;29.95;29.25;29.5;945500;2026-09-04 09:15:08.321000+00:00
ANV;2025-12-02;29.5;29.5;28.25;28.8;2539200;2026-09-04 09:15:08.321000+00:00
ANV;2025-12-03;28.8;28.85;28.35;28.8;1627900;2026-09-04 09:15:08.321000+00:00
ANV;2025-12-04;28.8;29.15;28.75;28.85;1014300;2026-09-04 09:15:08.321000+00:00
ANV;2025-12-05;28.95;29.15;28.35;28.35;2020200;2026-09-04 09:15:08.321000+00:00
ANV;2025-12-08;28.35;28.45;27.7;27.7;1835300;2026-09-04 09:15:08.321000+00:00
ANV;2025-12-09;27.7;28.1;27.05;28.0;2084500;2026-09-04 09:15:08.321000+00:00
ANV;2025-12-10;28.05;28.05;27.3;27.95;817800;2026-09-04 09:15:08.321000+00:00
ANV;2025-12-11;27.9;27.9;27.45;27.65;725100;2026-09-04 09:15:08.321000+00:00
ANV;2025-12-12;27.65;27.65;26.65;26.7;1771900;2026-09-04 09:15:08.321000+00:00
ANV;2025-12-15;26.85;27.1;26.3;26.55;609900;2026-09-04 09:15:08.321000+00:00
ANV;2025-12-16;26.65;27.4;25.8;27.25;1444900;2026-09-04 09:15:08.321000+00:00
ANV;2025-12-17;27.5;27.5;27.05;27.05;287300;2026-09-04 09:15:08.321000+00:00
ANV;2025-12-18;27.1;27.5;27.05;27.3;407600;2026-09-04 09:15:08.321000+00:00
ANV;2025-12-19;27.35;27.35;27.05;27.1;505200;2026-09-04 09:15:08.321000+00:00
ANV;2025-12-22;27.6;27.9;27.3;27.8;1116600;2026-09-04 09:15:08.321000+00:00
ANV;2025-12-23;28.0;28.0;27.3;27.3;856500;2026-09-04 09:15:08.321000+00:00
ANV;2025-12-24;27.35;27.35;26.85;26.85;1115100;2026-09-04 09:15:08.321000+00:00
ANV;2025-12-25;26.85;27.1;26.7;26.7;1027100;2026-09-04 09:15:08.321000+00:00
ANV;2025-12-26;26.6;27.05;26.35;27.0;918600;2026-09-04 09:15:08.321000+00:00
ANV;2025-12-29;27.0;27.05;26.4;26.45;708700;2026-09-04 09:15:08.321000+00:00
ANV;2025-12-30;26.55;26.7;26.4;26.45;450500;2026-09-04 09:15:08.321000+00:00
ANV;2025-12-31;26.65;26.65;25.7;25.7;1489200;2026-09-04 09:15:08.321000+00:00
ANV;2026-01-05;25.7;26.05;24.85;25.35;1864500;2026-09-04 09:15:08.321000+00:00
ANV;2026-01-06;25.35;25.7;25.25;25.4;904000;2026-09-04 09:15:08.321000+00:00
ANV;2026-01-07;25.65;26.0;25.45;25.65;770400;2026-09-04 09:15:08.321000+00:00
ANV;2026-01-08;25.95;25.95;25.0;25.0;1372600;2026-09-04 09:15:08.321000+00:00
ANV;2026-01-09;25.15;25.4;24.8;24.95;1589100;2026-09-04 09:15:08.321000+00:00
ANV;2026-01-12;24.95;25.55;24.4;25.2;1214300;2026-09-04 09:15:08.321000+00:00
ANV;2026-01-13;25.45;26.75;25.4;26.6;1923600;2026-09-04 09:15:08.321000+00:00
ANV;2026-01-14;26.6;27.35;26.3;26.9;2013600;2026-09-04 09:15:08.321000+00:00
ANV;2026-01-15;27.1;27.15;26.4;26.4;952400;2026-09-04 09:15:08.321000+00:00
ANV;2026-01-16;26.65;26.7;26.15;26.25;1181000;2026-09-04 09:15:08.321000+00:00
ANV;2026-01-19;26.35;27.75;26.25;27.6;1815600;2026-09-04 09:15:08.321000+00:00
ANV;2026-01-20;27.8;27.95;26.9;27.0;1526900;2026-09-04 09:15:08.321000+00:00
ANV;2026-01-21;26.8;27.1;26.0;26.2;1300800;2026-09-04 09:15:08.321000+00:00
ANV;2026-01-22;26.75;27.6;26.4;26.8;1414500;2026-09-04 09:15:08.321000+00:00
ANV;2026-01-23;27.9;28.45;26.9;26.9;2829000;2026-09-04 09:15:08.321000+00:00
ANV;2026-01-26;27.1;27.3;26.6;27.15;1064100;2026-09-04 09:15:08.321000+00:00
ANV;2026-01-27;27.15;27.15;26.45;26.7;1180900;2026-09-04 09:15:08.321000+00:00
ANV;2026-01-28;26.85;27.4;26.75;27.05;1480200;2026-09-04 09:15:08.321000+00:00
ANV;2026-01-29;27.1;28.9;27.1;28.55;5703600;2026-09-04 09:15:08.321000+00:00
ANV;2026-01-30;28.6;29.25;28.4;28.55;1923800;2026-09-04 09:15:08.321000+00:00
ANV;2026-02-02;28.75;29.5;28.4;29.3;3270100;2026-09-04 09:15:08.321000+00:00
ANV;2026-02-03;29.4;29.4;28.0;28.5;3947600;2026-09-04 09:15:08.321000+00:00
ANV;2026-02-04;28.75;30.0;28.5;29.2;3331500;2026-09-04 09:15:08.321000+00:00
ANV;2026-02-05;29.2;29.4;28.0;28.0;2108300;2026-09-04 09:15:08.321000+00:00
ANV;2026-02-06;28.1;28.7;27.3;27.3;2996000;2026-09-04 09:15:08.321000+00:00
ANV;2026-02-09;27.6;27.6;26.7;26.7;1235700;2026-09-04 09:15:08.321000+00:00
ANV;2026-02-10;26.7;27.0;25.0;25.55;2325500;2026-09-04 09:15:08.321000+00:00
ANV;2026-02-11;25.85;26.5;25.65;26.4;1334300;2026-09-04 09:15:08.321000+00:00
ANV;2026-02-12;26.6;26.6;26.2;26.4;774700;2026-09-04 09:15:08.321000+00:00
ANV;2026-02-13;26.4;26.5;26.2;26.5;885400;2026-09-04 09:15:08.321000+00:00
ANV;2026-02-23;27.25;27.3;27.0;27.05;1223700;2026-09-04 09:15:08.321000+00:00
ANV;2026-02-24;27.2;27.7;27.1;27.25;1509800;2026-09-04 09:15:08.321000+00:00
ANV;2026-02-25;27.4;28.35;27.2;28.1;3200600;2026-09-04 09:15:08.321000+00:00
ANV;2026-02-26;28.2;28.4;27.5;27.75;1610300;2026-09-04 09:15:08.321000+00:00
ANV;2026-02-27;27.75;27.75;27.05;27.05;1946900;2026-09-04 09:15:08.321000+00:00
ANV;2026-03-02;25.65;27.75;25.65;27.0;4394700;2026-09-04 09:15:08.321000+00:00
ANV;2026-03-03;26.8;27.0;26.05;26.05;1888400;2026-09-04 09:15:08.321000+00:00
ANV;2026-03-04;26.1;26.4;25.5;26.2;1929300;2026-09-04 09:15:08.321000+00:00
ANV;2026-03-05;26.35;26.4;25.55;25.55;1592500;2026-09-04 09:15:08.321000+00:00
ANV;2026-03-06;25.5;25.55;24.55;24.65;1811700;2026-09-04 09:15:08.321000+00:00
ANV;2026-03-09;23.0;23.3;22.95;22.95;1056300;2026-09-04 09:15:08.321000+00:00
ANV;2026-03-10;23.1;23.5;21.85;22.35;2281400;2026-09-04 09:15:08.321000+00:00
ANV;2026-03-11;22.8;23.9;22.8;23.9;1298700;2026-09-04 09:15:08.321000+00:00
ANV;2026-03-12;24.0;24.35;23.55;24.1;1314600;2026-09-04 09:15:08.321000+00:00
ANV;2026-03-13;23.8;24.4;23.6;24.0;1189800;2026-09-04 09:15:08.321000+00:00
ANV;2026-03-16;24.0;24.25;23.65;24.15;652200;2026-09-04 09:15:08.321000+00:00
ANV;2026-03-17;24.25;24.25;23.5;24.1;1057600;2026-09-04 09:15:08.321000+00:00
ANV;2026-03-18;24.1;24.15;23.6;23.65;664700;2026-09-04 09:15:08.321000+00:00
ANV;2026-03-19;23.35;23.5;23.1;23.3;894100;2026-09-04 09:15:08.321000+00:00
ANV;2026-03-20;23.45;23.45;23.0;23.05;674800;2026-09-04 09:15:08.321000+00:00
ANV;2026-03-23;22.9;22.9;21.45;21.45;1982400;2026-09-04 09:15:08.321000+00:00
ANV;2026-03-24;21.8;22.45;21.8;22.1;716400;2026-09-04 09:15:08.321000+00:00
ANV;2026-03-25;22.45;23.15;22.4;23.1;1193100;2026-09-04 09:15:08.321000+00:00
ANV;2026-03-26;23.1;23.1;22.75;22.75;612600;2026-09-04 09:15:08.321000+00:00
ANV;2026-03-27;22.75;23.55;22.75;23.45;813600;2026-09-04 09:15:08.321000+00:00
ANV;2026-03-30;22.95;23.5;22.6;23.45;845800;2026-09-04 09:15:08.321000+00:00
ANV;2026-03-31;23.45;24.1;23.45;23.55;968100;2026-09-04 09:15:08.321000+00:00
ANV;2026-04-01;24.0;24.2;23.7;23.85;873700;2026-09-04 09:15:08.321000+00:00
ANV;2026-04-02;23.8;24.0;23.55;23.75;708100;2026-09-04 09:15:08.321000+00:00
ANV;2026-04-03;23.75;24.0;23.55;23.6;469800;2026-09-04 09:15:08.321000+00:00
ANV;2026-04-06;23.5;23.7;22.8;22.8;662100;2026-09-04 09:15:08.321000+00:00
ANV;2026-04-07;22.75;23.7;22.75;23.7;736500;2026-09-04 09:15:08.321000+00:00
ANV;2026-04-08;24.35;24.65;23.85;24.65;1540700;2026-09-04 09:15:08.321000+00:00
ANV;2026-04-09;24.2;25.4;24.1;25.0;1688200;2026-09-04 09:15:08.321000+00:00
ANV;2026-04-10;25.2;25.4;24.9;24.9;638500;2026-09-04 09:15:08.321000+00:00
ANV;2026-04-13;24.8;24.8;24.35;24.35;633200;2026-09-04 09:15:08.321000+00:00
ANV;2026-04-14;24.7;25.0;24.25;24.9;761900;2026-09-04 09:15:08.321000+00:00
ANV;2026-04-15;25.3;25.3;24.45;24.45;636400;2026-09-04 09:15:08.321000+00:00
ANV;2026-04-16;24.4;24.75;24.15;24.75;877100;2026-09-04 09:15:08.321000+00:00
ANV;2026-04-17;24.9;25.25;24.6;25.0;1111600;2026-09-04 09:15:08.321000+00:00
ANV;2026-04-20;24.95;25.6;24.9;25.4;1550100;2026-09-04 09:15:08.321000+00:00
ANV;2026-04-21;25.4;25.45;24.95;24.95;588800;2026-09-04 09:15:08.321000+00:00
ANV;2026-04-22;24.8;25.05;24.6;24.9;515400;2026-09-04 09:15:08.321000+00:00
ANV;2026-04-23;24.65;24.95;24.0;24.15;1105500;2026-09-04 09:15:08.321000+00:00
ANV;2026-04-24;24.2;24.85;24.2;24.3;789900;2026-09-04 09:15:08.321000+00:00
ANV;2026-04-28;24.6;24.6;24.2;24.3;413000;2026-09-04 09:15:08.321000+00:00
ANV;2026-04-29;24.3;24.4;23.5;23.9;720100;2026-09-04 09:15:08.321000+00:00
ANV;2026-05-04;23.95;24.25;23.9;23.95;218200;2026-09-04 09:15:08.321000+00:00
ANV;2026-05-05;23.9;23.95;23.3;23.45;432500;2026-09-04 09:15:08.321000+00:00
ANV;2026-05-06;23.7;23.85;23.3;23.85;356400;2026-09-04 09:15:08.321000+00:00
ANV;2026-05-07;23.85;24.05;23.6;23.65;471100;2026-09-04 09:15:08.321000+00:00
ANV;2026-05-08;23.65;23.85;23.0;23.3;408500;2026-09-04 09:15:08.321000+00:00
ANV;2026-05-11;23.3;23.5;23.15;23.25;426300;2026-09-04 09:15:08.321000+00:00
ANV;2026-05-12;23.3;23.3;22.85;22.95;499400;2026-09-04 09:15:08.321000+00:00
ANV;2026-05-13;22.95;23.2;22.7;22.8;535800;2026-09-04 09:15:08.321000+00:00
ANV;2026-05-14;22.8;23.1;22.8;22.9;303200;2026-09-04 09:15:08.321000+00:00
ANV;2026-05-15;23.0;23.0;22.75;22.8;379900;2026-09-04 09:15:08.321000+00:00
ANV;2026-05-18;22.8;22.9;22.65;22.7;411700;2026-09-04 09:15:08.321000+00:00
ANV;2026-05-19;22.9;22.9;22.55;22.55;460900;2026-09-04 09:15:08.321000+00:00
ANV;2026-05-20;22.5;22.55;21.65;22.3;661900;2026-09-04 09:15:08.321000+00:00
ANV;2026-05-21;22.45;22.55;22.05;22.5;289600;2026-09-04 09:15:08.321000+00:00
ANV;2026-05-22;22.5;22.5;22.0;22.35;394000;2026-09-04 09:15:08.321000+00:00
ANV;2026-05-25;22.45;22.45;22.1;22.1;249800;2026-09-04 09:15:08.321000+00:00
ANV;2026-05-26;22.1;22.4;22.05;22.2;279300;2026-09-04 09:15:08.321000+00:00
ANV;2026-05-27;22.3;22.3;22.0;22.1;294400;2026-09-04 09:15:08.321000+00:00
ANV;2026-05-28;22.2;22.4;22.05;22.05;328800;2026-09-04 09:15:08.321000+00:00
ANV;2026-05-29;22.1;22.1;21.7;21.7;455400;2026-09-04 09:15:08.321000+00:00
ANV;2026-06-01;21.5;22.0;21.4;21.6;368200;2026-09-04 09:15:08.321000+00:00
ANV;2026-06-02;21.7;21.7;21.05;21.1;562400;2026-09-04 09:15:08.321000+00:00
ANV;2026-06-03;20.8;21.45;20.8;21.3;320800;2026-09-04 09:15:08.321000+00:00
ANV;2026-06-04;21.3;21.4;21.15;21.2;183000;2026-09-04 09:15:08.321000+00:00
ANV;2026-06-05;21.4;21.4;20.95;21.0;322700;2026-09-04 09:15:08.321000+00:00
ANV;2026-06-08;20.9;20.9;20.15;20.3;557600;2026-09-04 09:15:08.321000+00:00
ANV;2026-06-09;20.15;20.5;20.15;20.35;616900;2026-09-04 09:15:08.321000+00:00
ANV;2026-06-10;20.4;20.65;20.35;20.65;245000;2026-09-04 09:15:08.321000+00:00
ANV;2026-06-11;20.45;20.65;20.35;20.6;312400;2026-09-04 09:15:08.321000+00:00
ANV;2026-06-12;20.6;20.85;20.4;20.4;379500;2026-09-04 09:15:08.321000+00:00
ANV;2026-06-15;20.8;20.8;20.55;20.75;336100;2026-09-04 09:15:08.321000+00:00
ANV;2026-06-16;20.8;20.85;20.6;20.8;291400;2026-09-04 09:15:08.321000+00:00
ANV;2026-06-17;20.8;22.05;20.8;21.9;1243100;2026-09-04 09:15:08.321000+00:00
ANV;2026-06-18;22.0;22.1;21.55;21.8;558100;2026-09-04 09:15:08.321000+00:00
ANV;2026-06-19;21.8;21.9;21.4;21.45;432500;2026-09-04 09:15:08.321000+00:00
ANV;2026-06-22;21.45;21.75;21.15;21.5;300600;2026-09-04 09:15:08.321000+00:00
ANV;2026-06-23;21.4;21.75;21.0;21.0;337200;2026-09-04 09:15:08.321000+00:00
ANV;2026-06-24;21.0;21.8;20.85;21.7;514300;2026-09-04 09:15:08.321000+00:00
ANV;2026-06-25;21.6;23.2;21.55;22.45;1428000;2026-09-04 09:15:08.321000+00:00
ANV;2026-06-26;22.4;22.45;21.95;21.95;353800;2026-09-04 09:15:08.321000+00:00
ANV;2026-06-29;21.9;22.35;21.55;21.6;559600;2026-09-04 09:15:08.321000+00:00
ANV;2026-06-30;21.65;21.75;21.15;21.25;1005800;2026-09-04 09:15:08.321000+00:00
ANV;2026-07-01;21.3;21.45;21.2;21.35;449800;2026-09-04 09:15:08.321000+00:00
ANV;2026-07-02;21.3;21.9;21.3;21.5;679800;2026-09-04 09:15:08.321000+00:00
ANV;2026-07-03;21.4;21.55;20.95;20.95;740300;2026-09-04 09:15:08.321000+00:00
ANV;2026-07-06;21.05;21.1;20.3;20.4;832700;2026-09-04 09:15:08.321000+00:00
ANV;2026-07-07;20.4;20.5;20.2;20.25;387200;2026-09-04 09:15:08.321000+00:00
ANV;2026-07-08;20.3;20.55;19.65;19.75;1378700;2026-09-04 09:15:08.321000+00:00
ANV;2026-07-09;19.7;20.2;19.7;20.0;445700;2026-09-04 09:15:08.321000+00:00
ANV;2026-07-10;20.2;20.2;19.4;19.6;832400;2026-09-04 09:15:08.321000+00:00
ANV;2026-07-13;19.6;19.6;18.6;18.85;779400;2026-09-04 09:15:08.321000+00:00
ANV;2026-07-14;18.6;19.2;18.6;18.8;336700;2026-09-04 09:15:08.321000+00:00
ANV;2026-07-15;18.9;19.05;18.35;18.35;486300;2026-09-04 09:15:08.321000+00:00
ANV;2026-07-16;18.35;18.7;17.8;18.35;860700;2026-09-04 09:15:08.321000+00:00
ANV;2026-07-17;18.15;18.5;18.1;18.1;297500;2026-09-04 09:15:08.321000+00:00
ANV;2026-07-20;18.35;18.4;17.0;17.15;570800;2026-09-04 09:15:08.321000+00:00
ANV;2026-07-21;17.0;18.15;17.0;17.55;994000;2026-09-04 09:15:08.321000+00:00
ANV;2026-07-22;17.6;17.9;17.0;17.15;647300;2026-09-04 09:15:08.321000+00:00
ANV;2026-07-23;17.15;17.45;16.45;17.1;872100;2026-09-04 09:15:08.321000+00:00
ANV;2026-07-24;17.2;17.25;16.75;16.9;411600;2026-09-04 09:15:08.321000+00:00
ANV;2026-07-27;17.0;17.1;16.15;16.15;621200;2026-09-04 09:15:08.321000+00:00
ANV;2026-07-28;15.7;16.85;15.7;16.85;565800;2026-09-04 09:15:08.321000+00:00
ANV;2026-07-29;16.85;17.05;16.8;16.95;396900;2026-09-04 09:15:08.321000+00:00
ANV;2026-07-30;17.0;17.7;17.0;17.6;585900;2026-09-04 09:15:08.321000+00:00
ANV;2026-07-31;17.8;17.8;17.05;17.05;452300;2026-09-04 09:15:08.321000+00:00
ANV;2026-08-03;17.2;17.4;17.0;17.35;532300;2026-09-04 09:15:08.321000+00:00
ANV;2026-08-04;17.5;17.55;17.25;17.4;572900;2026-09-04 09:15:08.321000+00:00
ANV;2026-08-05;17.55;17.8;17.4;17.5;627800;2026-09-04 08:48:57.485000+00:00
ANV;2026-08-06;17.5;17.5;17.2;17.3;339300;2026-09-04 08:48:57.485000+00:00
ANV;2026-08-07;17.15;17.65;17.15;17.35;507800;2026-09-04 08:48:57.485000+00:00
ANV;2026-08-10;17.2;17.75;17.2;17.55;454500;2026-09-04 08:48:57.485000+00:00
ANV;2026-08-11;17.7;17.95;17.6;17.6;327000;2026-09-04 08:48:57.485000+00:00
ANV;2026-08-12;17.5;18.3;17.45;18.05;1232400;2026-09-04 08:48:57.485000+00:00
ANV;2026-08-13;18.15;18.15;17.6;17.6;723700;2026-09-04 08:48:57.485000+00:00
ANV;2026-08-14;17.35;17.7;17.0;17.15;855700;2026-09-04 08:48:57.485000+00:00
ANV;2026-08-17;17.05;17.15;16.85;17.0;288500;2026-09-04 08:48:57.485000+00:00
ANV;2026-08-18;17.0;17.15;16.85;16.85;384200;2026-09-04 08:48:57.485000+00:00
ANV;2026-08-19;16.9;16.95;16.55;16.75;290500;2026-09-04 08:48:57.485000+00:00
ANV;2026-08-20;16.75;16.95;16.55;16.7;343500;2026-09-04 08:48:57.485000+00:00
ANV;2026-08-21;16.55;17.15;16.45;17.15;620800;2026-09-04 08:48:57.485000+00:00
ANV;2026-08-24;17.35;17.4;17.15;17.2;412500;2026-09-04 08:48:57.485000+00:00
ANV;2026-08-25;17.15;17.8;17.15;17.55;912600;2026-09-04 08:48:57.485000+00:00
ANV;2026-08-26;17.55;17.6;17.35;17.5;360100;2026-09-04 08:48:57.485000+00:00
ANV;2026-08-27;17.5;17.5;17.2;17.25;393200;2026-09-04 08:48:57.485000+00:00
ANV;2026-08-28;17.25;17.3;17.05;17.2;397500;2026-09-04 08:48:57.485000+00:00
ANV;2026-09-03;17.2;17.2;16.9;17.15;337000;2026-09-04 08:48:57.485000+00:00
ANV;2026-09-04;17.1;17.2;16.85;16.95;470000;2026-09-05 02:08:02.163000+00:00
DBC;2025-05-05;21.48;21.51;21.48;21.51;5337900;2026-09-04 09:15:05.733000+00:00
DBC;2025-05-06;21.51;21.64;21.1;21.1;5604300;2026-09-04 09:15:05.733000+00:00
DBC;2025-05-07;21.06;21.33;21.02;21.1;4073700;2026-09-04 09:15:05.733000+00:00
DBC;2025-05-08;21.25;21.25;20.91;21.14;5542700;2026-09-04 09:15:05.733000+00:00
DBC;2025-05-09;21.29;21.64;21.21;21.44;7269000;2026-09-04 09:15:05.733000+00:00
DBC;2025-05-12;21.51;22.02;21.33;21.9;9397600;2026-09-04 09:15:05.733000+00:00
DBC;2025-05-13;22.13;22.28;21.9;22.1;7200700;2026-09-04 09:15:05.733000+00:00
DBC;2025-05-14;22.13;22.28;21.94;22.25;8578700;2026-09-04 09:15:05.733000+00:00
DBC;2025-05-15;22.36;22.36;21.94;22.25;7064400;2026-09-04 09:15:05.733000+00:00
DBC;2025-05-16;22.21;22.25;21.75;21.82;6430700;2026-09-04 09:15:05.733000+00:00
DBC;2025-05-19;21.64;21.79;20.83;20.91;16596200;2026-09-04 09:15:05.733000+00:00
DBC;2025-05-20;20.99;21.33;20.83;21.21;5330600;2026-09-04 09:15:05.733000+00:00
DBC;2025-05-21;21.21;21.56;20.91;21.36;7898600;2026-09-04 09:15:05.733000+00:00
DBC;2025-05-22;21.36;21.56;21.1;21.14;7134400;2026-09-04 09:15:05.733000+00:00
DBC;2025-05-23;21.1;21.51;21.1;21.36;5257100;2026-09-04 09:15:05.733000+00:00
DBC;2025-05-26;21.51;21.82;20.99;21.82;8795200;2026-09-04 09:15:05.733000+00:00
DBC;2025-05-27;21.98;22.02;21.79;21.82;5526300;2026-09-04 09:15:05.733000+00:00
DBC;2025-05-28;21.87;22.17;21.51;21.67;8277000;2026-09-04 09:15:05.733000+00:00
DBC;2025-05-29;21.71;21.9;21.51;21.59;6161200;2026-09-04 09:15:05.733000+00:00
DBC;2025-05-30;21.51;21.56;20.99;20.99;10233800;2026-09-04 09:15:05.733000+00:00
DBC;2025-06-02;20.91;21.17;20.83;21.02;6064000;2026-09-04 09:15:05.733000+00:00
DBC;2025-06-03;21.21;21.56;21.17;21.25;4538300;2026-09-04 09:15:05.733000+00:00
DBC;2025-06-04;21.44;22.7;21.4;22.7;26858300;2026-09-04 09:15:05.733000+00:00
DBC;2025-06-05;23.05;23.09;22.52;22.52;9227600;2026-09-04 09:15:05.733000+00:00
DBC;2025-06-06;22.59;23.13;22.44;22.82;12864200;2026-09-04 09:15:05.733000+00:00
DBC;2025-06-09;23.13;23.78;23.13;23.16;12118300;2026-09-04 09:15:05.733000+00:00
DBC;2025-06-10;23.05;23.32;22.75;22.82;7303000;2026-09-04 09:15:05.733000+00:00
DBC;2025-06-11;22.86;23.63;22.59;23.51;10759300;2026-09-04 09:15:05.733000+00:00
DBC;2025-06-12;23.74;24.35;23.43;23.43;11456400;2026-09-04 09:15:05.733000+00:00
DBC;2025-06-13;23.05;23.58;22.93;23.24;12421500;2026-09-04 09:15:05.733000+00:00
DBC;2025-06-16;23.21;23.74;23.13;23.55;8681100;2026-09-04 09:15:05.733000+00:00
DBC;2025-06-17;23.55;23.78;23.24;23.32;6185500;2026-09-04 09:15:05.733000+00:00
DBC;2025-06-18;23.51;24.01;23.28;23.32;7643300;2026-09-04 09:15:05.733000+00:00
DBC;2025-06-19;23.35;23.35;22.52;22.93;12083000;2026-09-04 09:15:05.733000+00:00
DBC;2025-06-20;23.05;23.74;22.78;23.43;11158600;2026-09-04 09:15:05.733000+00:00
DBC;2025-06-23;23.35;24.58;23.28;24.39;19779500;2026-09-04 09:15:05.733000+00:00
DBC;2025-06-24;24.58;24.58;24.16;24.35;7282800;2026-09-04 09:15:05.733000+00:00
DBC;2025-06-25;24.51;24.97;24.09;24.2;9379200;2026-09-04 09:15:05.733000+00:00
DBC;2025-06-26;24.39;24.43;23.86;24.43;6650200;2026-09-04 09:15:05.733000+00:00
DBC;2025-06-27;24.62;24.85;24.28;24.51;9281700;2026-09-04 09:15:05.733000+00:00
DBC;2025-06-30;24.81;26.19;24.62;26.04;17772800;2026-09-04 09:15:05.733000+00:00
DBC;2025-07-01;26.16;26.68;25.85;26.57;11995800;2026-09-04 09:15:05.733000+00:00
DBC;2025-07-02;26.8;27.11;26.34;26.5;9327400;2026-09-04 09:15:05.733000+00:00
DBC;2025-07-03;26.34;27.04;26.19;26.27;12363400;2026-09-04 09:15:05.733000+00:00
DBC;2025-07-04;26.27;26.68;26.23;26.5;6785900;2026-09-04 09:15:05.733000+00:00
DBC;2025-07-07;26.65;26.73;26.19;26.61;8002300;2026-09-04 09:15:05.733000+00:00
DBC;2025-07-08;26.8;27.15;26.42;26.61;7344000;2026-09-04 09:15:05.733000+00:00
DBC;2025-07-09;26.8;26.88;25.8;26.04;18140300;2026-09-04 09:15:05.733000+00:00
DBC;2025-07-10;25.88;26.27;25.46;25.69;12854000;2026-09-04 09:15:05.733000+00:00
DBC;2025-07-11;25.8;26.16;25.42;25.8;7533000;2026-09-04 09:15:05.733000+00:00
DBC;2025-07-14;25.73;26.23;25.5;26.11;7487400;2026-09-04 09:15:05.733000+00:00
DBC;2025-07-15;26.31;26.38;25.73;25.73;8583200;2026-09-04 09:15:05.733000+00:00
DBC;2025-07-16;25.85;25.96;25.65;25.73;7084400;2026-09-04 09:15:05.733000+00:00
DBC;2025-07-17;25.77;26.68;25.54;26.04;18269200;2026-09-04 09:15:05.733000+00:00
DBC;2025-07-18;26.11;26.23;25.73;25.8;7215400;2026-09-04 09:15:05.733000+00:00
DBC;2025-07-21;25.96;26.23;25.12;25.2;11192300;2026-09-04 09:15:05.733000+00:00
DBC;2025-07-22;25.16;25.92;24.69;25.92;15282100;2026-09-04 09:15:05.733000+00:00
DBC;2025-07-23;26.08;26.96;25.65;26.45;18467800;2026-09-04 09:15:05.733000+00:00
DBC;2025-07-24;26.68;26.68;26.04;26.27;8119500;2026-09-04 09:15:05.733000+00:00
DBC;2025-07-25;26.53;27.92;26.45;27.45;22797900;2026-09-04 09:15:05.733000+00:00
DBC;2025-07-28;27.64;27.64;27.15;27.53;12233200;2026-09-04 09:15:05.733000+00:00
DBC;2025-07-29;28.22;28.22;25.62;25.62;24868800;2026-09-04 09:15:05.733000+00:00
DBC;2025-07-30;26.04;26.31;25.62;26.16;12440900;2026-09-04 09:15:05.733000+00:00
DBC;2025-07-31;26.5;26.5;25.27;25.73;9898800;2026-09-04 09:15:05.733000+00:00
DBC;2025-08-01;26.0;26.5;25.65;26.19;8686700;2026-09-04 09:15:05.733000+00:00
DBC;2025-08-04;26.19;26.57;26.19;26.42;7062800;2026-09-04 09:15:05.733000+00:00
DBC;2025-08-05;26.61;26.96;25.0;25.92;17117800;2026-09-04 09:15:05.733000+00:00
DBC;2025-08-06;26.08;26.42;25.8;26.31;10894000;2026-09-04 09:15:05.733000+00:00
DBC;2025-08-07;27.17;27.39;26.46;26.64;12180800;2026-09-04 09:15:05.733000+00:00
DBC;2025-08-08;26.9;27.7;26.46;27.26;12764400;2026-09-04 09:15:05.733000+00:00
DBC;2025-08-11;27.74;27.87;27.26;27.3;10999400;2026-09-04 09:15:05.733000+00:00
DBC;2025-08-12;27.52;27.65;26.95;27.52;9870500;2026-09-04 09:15:05.733000+00:00
DBC;2025-08-13;27.65;27.7;26.86;27.26;11014300;2026-09-04 09:15:05.733000+00:00
DBC;2025-08-14;27.3;28.49;27.08;27.52;14884600;2026-09-04 09:15:05.733000+00:00
DBC;2025-08-15;27.56;27.65;26.68;26.73;10771800;2026-09-04 09:15:05.733000+00:00
DBC;2025-08-18;26.73;26.73;25.85;25.94;12576500;2026-09-04 09:15:05.733000+00:00
DBC;2025-08-19;25.98;26.29;25.72;25.8;10969400;2026-09-04 09:15:05.733000+00:00
DBC;2025-08-20;25.8;26.33;24.97;25.01;11135100;2026-09-04 09:15:05.733000+00:00
DBC;2025-08-21;25.05;25.27;24.09;24.17;14693300;2026-09-04 09:15:05.733000+00:00
DBC;2025-08-22;23.73;24.92;23.69;24.22;10282700;2026-09-04 09:15:05.733000+00:00
DBC;2025-08-25;24.53;24.61;23.12;23.12;7302800;2026-09-04 09:15:05.733000+00:00
DBC;2025-08-26;23.12;24.17;23.12;24.17;5195800;2026-09-04 09:15:05.733000+00:00
DBC;2025-08-27;24.26;24.39;23.82;24.04;6621100;2026-09-04 09:15:05.733000+00:00
DBC;2025-08-28;24.22;24.53;24.0;24.31;4798100;2026-09-04 09:15:05.733000+00:00
DBC;2025-08-29;24.66;25.19;24.39;24.44;9002900;2026-09-04 09:15:05.733000+00:00
DBC;2025-09-03;24.75;25.01;24.44;24.83;4275000;2026-09-04 09:15:05.733000+00:00
DBC;2025-09-04;24.92;25.14;24.57;24.66;7831700;2026-09-04 09:15:05.733000+00:00
DBC;2025-09-05;24.97;25.05;24.44;24.44;9759200;2026-09-04 09:15:05.733000+00:00
DBC;2025-09-08;24.31;24.61;23.69;23.69;8359300;2026-09-04 09:15:05.733000+00:00
DBC;2025-09-09;24.0;25.1;23.87;25.05;12498200;2026-09-04 09:15:05.733000+00:00
DBC;2025-09-10;25.23;25.98;24.66;25.89;15924600;2026-09-04 09:15:05.733000+00:00
DBC;2025-09-11;25.94;26.02;25.27;25.89;11296100;2026-09-04 09:15:05.733000+00:00
DBC;2025-09-12;25.98;25.98;25.54;25.67;7358000;2026-09-04 09:15:05.733000+00:00
DBC;2025-09-15;25.76;26.16;25.67;25.8;7673400;2026-09-04 09:15:05.733000+00:00
DBC;2025-09-16;25.89;26.2;25.54;25.54;10504200;2026-09-04 09:15:05.733000+00:00
DBC;2025-09-17;25.41;25.67;24.83;24.83;9749800;2026-09-04 09:15:05.733000+00:00
DBC;2025-09-18;24.88;25.05;24.48;24.57;5996300;2026-09-04 09:15:05.733000+00:00
DBC;2025-09-19;24.88;24.88;24.53;24.53;4021100;2026-09-04 09:15:05.733000+00:00
DBC;2025-09-22;24.57;24.61;23.6;23.95;7287900;2026-09-04 09:15:05.733000+00:00
DBC;2025-09-23;24.0;24.35;23.95;23.95;2884500;2026-09-04 09:15:05.733000+00:00
DBC;2025-09-24;24.0;24.26;23.82;24.26;3879300;2026-09-04 09:15:05.733000+00:00
DBC;2025-09-25;24.35;24.53;24.22;24.39;3869600;2026-09-04 09:15:05.733000+00:00
DBC;2025-09-26;24.39;24.61;23.95;23.95;3893100;2026-09-04 09:15:05.733000+00:00
DBC;2025-09-29;24.22;24.75;24.04;24.48;5280600;2026-09-04 09:15:05.733000+00:00
DBC;2025-09-30;24.53;24.57;23.91;24.0;4761100;2026-09-04 09:15:05.733000+00:00
DBC;2025-10-01;24.17;24.26;24.04;24.13;2591600;2026-09-04 09:15:05.733000+00:00
DBC;2025-10-02;24.13;24.22;23.69;23.73;3962600;2026-09-04 09:15:05.733000+00:00
DBC;2025-10-03;23.47;24.13;23.47;23.69;4219200;2026-09-04 09:15:05.733000+00:00
DBC;2025-10-06;23.87;24.31;23.82;24.31;2752200;2026-09-04 09:15:05.733000+00:00
DBC;2025-10-07;24.48;24.48;23.95;23.95;3115500;2026-09-04 09:15:05.733000+00:00
DBC;2025-10-08;24.22;24.61;23.91;24.22;4913400;2026-09-04 09:15:05.733000+00:00
DBC;2025-10-09;24.39;24.79;24.31;24.48;6098400;2026-09-04 09:15:05.733000+00:00
DBC;2025-10-10;24.57;24.66;24.22;24.35;4753600;2026-09-04 09:15:05.733000+00:00
DBC;2025-10-13;23.91;24.22;23.91;24.17;4859500;2026-09-04 09:15:05.733000+00:00
DBC;2025-10-14;24.17;24.44;23.82;23.95;6612700;2026-09-04 09:15:05.733000+00:00
DBC;2025-10-15;24.0;24.09;23.78;23.78;4175300;2026-09-04 09:15:05.733000+00:00
DBC;2025-10-16;23.82;24.04;23.65;23.78;4034800;2026-09-04 09:15:05.733000+00:00
DBC;2025-10-17;23.87;24.09;23.69;23.69;4073200;2026-09-04 09:15:05.733000+00:00
DBC;2025-10-20;23.69;23.78;22.06;22.06;7965600;2026-09-04 09:15:05.733000+00:00
DBC;2025-10-21;22.1;22.81;21.93;22.63;6700100;2026-09-04 09:15:05.733000+00:00
DBC;2025-10-22;22.72;22.81;22.24;22.54;2619000;2026-09-04 09:15:05.733000+00:00
DBC;2025-10-23;22.85;23.21;22.63;22.63;2874700;2026-09-04 09:15:05.733000+00:00
DBC;2025-10-24;22.63;22.76;22.24;22.5;1878600;2026-09-04 09:15:05.733000+00:00
DBC;2025-10-27;22.72;22.81;22.37;22.5;3022200;2026-09-04 09:15:05.733000+00:00
DBC;2025-10-28;22.46;22.72;22.32;22.72;2196500;2026-09-04 09:15:05.733000+00:00
DBC;2025-10-29;22.81;23.69;22.81;23.56;4158600;2026-09-04 09:15:05.733000+00:00
DBC;2025-10-30;23.6;23.6;23.16;23.25;2747200;2026-09-04 09:15:05.733000+00:00
DBC;2025-10-31;23.38;23.73;23.29;23.38;3035300;2026-09-04 09:15:05.733000+00:00
DBC;2025-11-03;23.43;23.51;22.72;22.72;3479800;2026-09-04 09:15:05.733000+00:00
DBC;2025-11-04;22.72;23.21;22.02;23.21;5071400;2026-09-04 09:15:05.733000+00:00
DBC;2025-11-05;23.21;23.21;22.72;22.72;2198600;2026-09-04 09:15:05.733000+00:00
DBC;2025-11-06;22.72;22.9;22.5;22.68;1684600;2026-09-04 09:15:05.733000+00:00
DBC;2025-11-07;22.59;22.72;22.06;22.1;2769600;2026-09-04 09:15:05.733000+00:00
DBC;2025-11-10;22.1;22.28;22.02;22.15;1610500;2026-09-04 09:15:05.733000+00:00
DBC;2025-11-11;22.28;22.32;22.06;22.15;1369700;2026-09-04 09:15:05.733000+00:00
DBC;2025-11-12;22.28;22.5;22.15;22.37;1680100;2026-09-04 09:15:05.733000+00:00
DBC;2025-11-13;22.41;23.07;22.41;22.94;4028500;2026-09-04 09:15:05.733000+00:00
DBC;2025-11-14;22.76;23.16;22.72;23.03;2875800;2026-09-04 09:15:05.733000+00:00
DBC;2025-11-17;23.07;23.43;23.03;23.29;3091200;2026-09-04 09:15:05.733000+00:00
DBC;2025-11-18;23.34;23.69;23.16;23.38;4083900;2026-09-04 09:15:05.733000+00:00
DBC;2025-11-19;23.43;24.39;23.43;23.95;9044100;2026-09-04 09:15:05.733000+00:00
DBC;2025-11-20;23.95;24.04;23.51;23.69;2818200;2026-09-04 09:15:05.733000+00:00
DBC;2025-11-21;23.69;24.0;23.34;23.78;3472100;2026-09-04 09:15:05.733000+00:00
DBC;2025-11-24;24.04;24.35;23.82;23.95;5125000;2026-09-04 09:15:05.733000+00:00
DBC;2025-11-25;24.04;24.09;23.34;23.34;4237400;2026-09-04 09:15:05.733000+00:00
DBC;2025-11-26;23.6;23.95;23.38;23.91;2472400;2026-09-04 09:15:05.733000+00:00
DBC;2025-11-27;23.95;23.95;23.47;23.51;2594100;2026-09-04 09:15:05.733000+00:00
DBC;2025-11-28;23.56;23.69;23.34;23.47;2021000;2026-09-04 09:15:05.733000+00:00
DBC;2025-12-01;23.47;24.35;23.47;24.22;8047400;2026-09-04 09:15:05.733000+00:00
DBC;2025-12-02;24.31;24.39;23.95;24.26;3416900;2026-09-04 09:15:05.733000+00:00
DBC;2025-12-03;24.39;24.48;24.26;24.31;5642600;2026-09-04 09:15:05.733000+00:00
DBC;2025-12-04;24.39;24.57;24.13;24.13;5633900;2026-09-04 09:15:05.733000+00:00
DBC;2025-12-05;24.17;24.97;24.17;24.61;7561500;2026-09-04 09:15:05.733000+00:00
DBC;2025-12-08;24.7;24.79;24.31;24.31;3271000;2026-09-04 09:15:05.733000+00:00
DBC;2025-12-09;24.22;24.31;23.69;24.04;4750100;2026-09-04 09:15:05.733000+00:00
DBC;2025-12-10;23.91;24.04;23.6;23.6;2766000;2026-09-04 09:15:05.733000+00:00
DBC;2025-12-11;23.73;24.22;23.69;24.04;2435100;2026-09-04 09:15:05.733000+00:00
DBC;2025-12-12;24.22;24.44;23.43;23.43;4625200;2026-09-04 09:15:05.733000+00:00
DBC;2025-12-15;23.6;24.39;23.56;24.39;7423200;2026-09-04 09:15:05.733000+00:00
DBC;2025-12-16;24.53;24.83;23.95;24.61;5439400;2026-09-04 09:15:05.733000+00:00
DBC;2025-12-17;24.7;25.23;24.35;25.23;10725500;2026-09-04 09:15:05.733000+00:00
DBC;2025-12-18;25.27;25.27;24.83;25.19;3953100;2026-09-04 09:15:05.733000+00:00
DBC;2025-12-19;25.23;25.23;24.57;24.57;8333300;2026-09-04 09:15:05.733000+00:00
DBC;2025-12-22;24.79;24.97;24.61;24.83;4823100;2026-09-04 09:15:05.733000+00:00
DBC;2025-12-23;24.83;25.19;24.61;24.66;5236900;2026-09-04 09:15:05.733000+00:00
DBC;2025-12-24;24.79;25.23;24.75;25.01;7294200;2026-09-04 09:15:05.733000+00:00
DBC;2025-12-25;25.1;25.14;24.48;24.48;4774200;2026-09-04 09:15:05.733000+00:00
DBC;2025-12-26;24.48;24.7;23.87;24.26;6835800;2026-09-04 09:15:05.733000+00:00
DBC;2025-12-29;24.22;24.48;24.0;24.04;3197700;2026-09-04 09:15:05.733000+00:00
DBC;2025-12-30;24.17;24.39;23.95;24.17;3911000;2026-09-04 09:15:05.733000+00:00
DBC;2025-12-31;24.22;24.26;23.82;23.82;3294800;2026-09-04 09:15:05.733000+00:00
DBC;2026-01-05;23.91;24.04;23.25;23.34;7597100;2026-09-04 09:15:05.733000+00:00
DBC;2026-01-06;23.51;23.69;23.29;23.51;4233700;2026-09-04 09:15:05.733000+00:00
DBC;2026-01-07;23.6;23.91;23.47;23.65;4849200;2026-09-04 09:15:05.733000+00:00
DBC;2026-01-08;23.78;23.95;23.38;23.38;5049200;2026-09-04 09:15:05.733000+00:00
DBC;2026-01-09;23.56;23.6;22.68;22.9;8728200;2026-09-04 09:15:05.733000+00:00
DBC;2026-01-12;23.21;24.13;23.16;24.04;4728900;2026-09-04 09:15:05.733000+00:00
DBC;2026-01-13;24.22;24.57;24.09;24.22;5858900;2026-09-04 09:15:05.733000+00:00
DBC;2026-01-14;24.48;25.76;24.31;25.32;19023900;2026-09-04 09:15:05.733000+00:00
DBC;2026-01-15;25.58;25.58;24.75;24.92;5287000;2026-09-04 09:15:05.733000+00:00
DBC;2026-01-16;25.14;25.27;24.66;24.66;5276700;2026-09-04 09:15:05.733000+00:00
DBC;2026-01-19;24.79;24.83;24.48;24.66;3958700;2026-09-04 09:15:05.733000+00:00
DBC;2026-01-20;24.88;25.14;24.48;24.53;5767600;2026-09-04 09:15:05.733000+00:00
DBC;2026-01-21;24.61;24.88;24.26;24.88;6051000;2026-09-04 09:15:05.733000+00:00
DBC;2026-01-22;25.1;26.07;25.1;25.19;12470600;2026-09-04 09:15:05.733000+00:00
DBC;2026-01-23;25.45;25.45;24.75;24.79;5156700;2026-09-04 09:15:05.733000+00:00
DBC;2026-01-26;24.97;25.36;24.0;24.26;10440100;2026-09-04 09:15:05.733000+00:00
DBC;2026-01-27;24.39;25.72;24.22;25.14;12497000;2026-09-04 09:15:05.733000+00:00
DBC;2026-01-28;25.36;25.58;24.66;24.88;6870600;2026-09-04 09:15:05.733000+00:00
DBC;2026-01-29;25.05;25.98;24.92;24.92;12944900;2026-09-04 09:15:05.733000+00:00
DBC;2026-01-30;25.19;25.19;24.75;24.79;8545700;2026-09-04 09:15:05.733000+00:00
DBC;2026-02-02;24.97;25.05;24.44;24.57;6926600;2026-09-04 09:15:05.733000+00:00
DBC;2026-02-03;24.7;25.32;24.61;24.75;7586000;2026-09-04 09:15:05.733000+00:00
DBC;2026-02-04;24.83;25.54;24.83;25.54;13612300;2026-09-04 09:15:05.733000+00:00
DBC;2026-02-05;25.89;26.11;25.01;25.01;9521800;2026-09-04 09:15:05.733000+00:00
DBC;2026-02-06;24.79;24.92;23.91;23.91;10880500;2026-09-04 09:15:05.733000+00:00
DBC;2026-02-09;24.17;24.22;23.38;23.56;6501500;2026-09-04 09:15:05.733000+00:00
DBC;2026-02-10;23.6;23.65;23.03;23.25;5484000;2026-09-04 09:15:05.733000+00:00
DBC;2026-02-11;23.34;23.82;23.34;23.47;3344400;2026-09-04 09:15:05.733000+00:00
DBC;2026-02-12;23.51;23.73;23.51;23.6;1580400;2026-09-04 09:15:05.733000+00:00
DBC;2026-02-13;23.56;23.6;23.43;23.51;2657700;2026-09-04 09:15:05.733000+00:00
DBC;2026-02-23;23.73;23.78;23.51;23.69;3126500;2026-09-04 09:15:05.733000+00:00
DBC;2026-02-24;23.69;24.04;23.65;24.0;4371100;2026-09-04 09:15:05.733000+00:00
DBC;2026-02-25;24.04;24.26;23.82;23.82;3775400;2026-09-04 09:15:05.733000+00:00
DBC;2026-02-26;23.87;24.0;23.65;23.65;2735100;2026-09-04 09:15:05.733000+00:00
DBC;2026-02-27;23.65;23.69;23.34;23.38;6056100;2026-09-04 09:15:05.733000+00:00
DBC;2026-03-02;22.72;23.21;22.68;22.68;9756200;2026-09-04 09:15:05.733000+00:00
DBC;2026-03-03;22.63;23.07;22.06;22.1;7825500;2026-09-04 09:15:05.733000+00:00
DBC;2026-03-04;22.24;22.46;21.09;21.97;13217700;2026-09-04 09:15:05.733000+00:00
DBC;2026-03-05;22.19;22.5;22.02;22.06;4272900;2026-09-04 09:15:05.733000+00:00
DBC;2026-03-06;21.93;22.02;21.62;21.66;7243600;2026-09-04 09:15:05.733000+00:00
DBC;2026-03-09;20.21;20.7;20.17;20.17;6559000;2026-09-04 09:15:05.733000+00:00
DBC;2026-03-10;20.65;20.65;20.03;20.34;6104500;2026-09-04 09:15:05.733000+00:00
DBC;2026-03-11;20.56;21.27;20.43;21.27;4502900;2026-09-04 09:15:05.733000+00:00
DBC;2026-03-12;21.05;21.27;20.65;20.78;3044500;2026-09-04 09:15:05.733000+00:00
DBC;2026-03-13;20.52;20.92;20.52;20.7;2508600;2026-09-04 09:15:05.733000+00:00
DBC;2026-03-16;20.78;20.83;20.48;20.52;2522700;2026-09-04 09:15:05.733000+00:00
DBC;2026-03-17;20.83;21.14;20.65;20.78;2168500;2026-09-04 09:15:05.733000+00:00
DBC;2026-03-18;20.87;21.09;20.61;20.7;2158600;2026-09-04 09:15:05.733000+00:00
DBC;2026-03-19;20.65;20.65;20.26;20.43;3375000;2026-09-04 09:15:05.733000+00:00
DBC;2026-03-20;20.43;20.83;20.3;20.48;2945700;2026-09-04 09:15:05.733000+00:00
DBC;2026-03-23;20.56;20.56;19.29;19.37;4156000;2026-09-04 09:15:05.733000+00:00
DBC;2026-03-24;19.81;19.95;19.64;19.64;2202200;2026-09-04 09:15:05.733000+00:00
DBC;2026-03-25;19.9;20.61;19.86;20.52;3045100;2026-09-04 09:15:05.733000+00:00
DBC;2026-03-26;20.34;20.56;20.08;20.17;1442700;2026-09-04 09:15:05.733000+00:00
DBC;2026-03-27;20.26;20.52;20.12;20.43;1756100;2026-09-04 09:15:05.733000+00:00
DBC;2026-03-30;19.99;20.61;19.99;20.39;2219800;2026-09-04 09:15:05.733000+00:00
DBC;2026-03-31;20.52;20.56;20.26;20.43;1943800;2026-09-04 09:15:05.733000+00:00
DBC;2026-04-01;20.7;20.83;20.52;20.52;2944400;2026-09-04 09:15:05.733000+00:00
DBC;2026-04-02;20.61;20.61;20.26;20.39;1729400;2026-09-04 09:15:05.733000+00:00
DBC;2026-04-03;20.56;20.56;20.08;20.08;2301300;2026-09-04 09:15:05.733000+00:00
DBC;2026-04-06;19.99;20.17;19.64;19.64;2165200;2026-09-04 09:15:05.733000+00:00
DBC;2026-04-07;19.81;19.95;19.64;19.73;852100;2026-09-04 09:15:05.733000+00:00
DBC;2026-04-08;20.21;20.61;19.99;20.61;3170900;2026-09-04 09:15:05.733000+00:00
DBC;2026-04-09;20.61;20.61;20.26;20.3;3184400;2026-09-04 09:15:05.733000+00:00
DBC;2026-04-10;20.52;20.65;20.34;20.48;2144000;2026-09-04 09:15:05.733000+00:00
DBC;2026-04-13;20.26;20.39;20.17;20.3;2480500;2026-09-04 09:15:05.733000+00:00
DBC;2026-04-14;20.56;21.4;20.3;21.31;5644000;2026-09-04 09:15:05.733000+00:00
DBC;2026-04-15;21.31;21.36;20.83;20.87;3364400;2026-09-04 09:15:05.733000+00:00
DBC;2026-04-16;20.78;20.92;20.39;20.52;3252400;2026-09-04 09:15:05.733000+00:00
DBC;2026-04-17;20.61;20.96;20.43;20.52;2013800;2026-09-04 09:15:05.733000+00:00
DBC;2026-04-20;20.52;20.65;20.48;20.48;1595600;2026-09-04 09:15:05.733000+00:00
DBC;2026-04-21;20.65;20.65;20.34;20.34;1698100;2026-09-04 09:15:05.733000+00:00
DBC;2026-04-22;20.34;20.43;20.21;20.21;1720200;2026-09-04 09:15:05.733000+00:00
DBC;2026-04-23;20.21;20.39;20.03;20.34;3003800;2026-09-04 09:15:05.733000+00:00
DBC;2026-04-24;20.39;20.39;20.03;20.12;1521500;2026-09-04 09:15:05.733000+00:00
DBC;2026-04-28;20.12;20.21;19.77;19.81;1860600;2026-09-04 09:15:05.733000+00:00
DBC;2026-04-29;19.9;19.99;19.46;19.9;2059400;2026-09-04 09:15:05.733000+00:00
DBC;2026-05-04;20.08;20.12;19.86;19.86;1058800;2026-09-04 09:15:05.733000+00:00
DBC;2026-05-05;19.86;20.26;19.81;20.03;2321600;2026-09-04 09:15:05.733000+00:00
DBC;2026-05-06;20.08;20.21;19.86;20.17;1527500;2026-09-04 09:15:05.733000+00:00
DBC;2026-05-07;20.08;20.3;19.99;19.99;1539400;2026-09-04 09:15:05.733000+00:00
DBC;2026-05-08;19.99;20.03;19.77;19.81;2068300;2026-09-04 09:15:05.733000+00:00
DBC;2026-05-11;19.99;19.99;19.77;19.77;1611500;2026-09-04 09:15:05.733000+00:00
DBC;2026-05-12;19.95;19.95;19.73;19.77;1369000;2026-09-04 09:15:05.733000+00:00
DBC;2026-05-13;19.81;20.17;19.77;19.9;1926500;2026-09-04 09:15:05.733000+00:00
DBC;2026-05-14;20.08;20.12;19.81;19.9;1211100;2026-09-04 09:15:05.733000+00:00
DBC;2026-05-15;19.95;19.95;19.77;19.86;1222100;2026-09-04 09:15:05.733000+00:00
DBC;2026-05-18;19.73;19.81;19.55;19.64;2094700;2026-09-04 09:15:05.733000+00:00
DBC;2026-05-19;19.64;19.77;19.59;19.59;1493200;2026-09-04 09:15:05.733000+00:00
DBC;2026-05-20;19.51;19.64;18.71;19.2;3178800;2026-09-04 09:15:05.733000+00:00
DBC;2026-05-21;19.24;19.29;19.02;19.15;1430800;2026-09-04 09:15:05.733000+00:00
DBC;2026-05-22;19.11;19.24;18.93;19.11;1762000;2026-09-04 09:15:05.733000+00:00
DBC;2026-05-25;19.33;19.59;19.33;19.33;1745600;2026-09-04 09:15:05.733000+00:00
DBC;2026-05-26;19.46;19.46;19.29;19.42;929500;2026-09-04 09:15:05.733000+00:00
DBC;2026-05-27;19.42;19.51;19.29;19.33;1238400;2026-09-04 09:15:05.733000+00:00
DBC;2026-05-28;19.33;19.46;19.02;19.07;1627800;2026-09-04 09:15:05.733000+00:00
DBC;2026-05-29;19.02;19.24;18.93;18.93;1050500;2026-09-04 09:15:05.733000+00:00
DBC;2026-06-01;19.02;19.29;18.98;19.2;891400;2026-09-04 09:15:05.733000+00:00
DBC;2026-06-02;19.07;19.33;19.07;19.07;1945800;2026-09-04 09:15:05.733000+00:00
DBC;2026-06-03;19.07;19.64;19.07;19.46;2903000;2026-09-04 09:15:05.733000+00:00
DBC;2026-06-04;19.59;19.59;19.29;19.33;2139700;2026-09-04 09:15:05.733000+00:00
DBC;2026-06-05;19.6;19.6;19.3;19.3;975200;2026-09-04 09:15:05.733000+00:00
DBC;2026-06-08;19.7;19.7;19.0;19.05;1612300;2026-09-04 09:15:05.733000+00:00
DBC;2026-06-09;19.0;19.15;18.85;19.05;1014600;2026-09-04 09:15:05.733000+00:00
DBC;2026-06-10;19.05;19.1;18.8;18.8;1463700;2026-09-04 09:15:05.733000+00:00
DBC;2026-06-11;18.6;18.7;18.45;18.5;1956400;2026-09-04 09:15:05.733000+00:00
DBC;2026-06-12;18.65;18.65;18.4;18.5;1242000;2026-09-04 09:15:05.733000+00:00
DBC;2026-06-15;18.6;18.85;18.55;18.85;1033100;2026-09-04 09:15:05.733000+00:00
DBC;2026-06-16;18.9;19.25;18.9;19.25;1532100;2026-09-04 09:15:05.733000+00:00
DBC;2026-06-17;19.25;19.3;19.15;19.2;1128100;2026-09-04 09:15:05.733000+00:00
DBC;2026-06-18;19.2;19.25;19.0;19.05;1153900;2026-09-04 09:15:05.733000+00:00
DBC;2026-06-19;19.0;19.1;18.9;18.9;751000;2026-09-04 09:15:05.733000+00:00
DBC;2026-06-22;18.8;18.9;18.75;18.75;657100;2026-09-04 09:15:05.733000+00:00
DBC;2026-06-23;18.75;18.95;18.75;18.75;881800;2026-09-04 09:15:05.733000+00:00
DBC;2026-06-24;18.9;18.9;18.6;18.75;852000;2026-09-04 09:15:05.733000+00:00
DBC;2026-06-25;18.75;18.85;18.6;18.6;749900;2026-09-04 09:15:05.733000+00:00
DBC;2026-06-26;18.6;18.7;18.5;18.5;974300;2026-09-04 09:15:05.733000+00:00
DBC;2026-06-29;18.6;18.65;18.5;18.55;808300;2026-09-04 09:15:05.733000+00:00
DBC;2026-06-30;18.6;18.65;18.5;18.55;873300;2026-09-04 09:15:05.733000+00:00
DBC;2026-07-01;18.5;18.65;18.5;18.5;1039500;2026-09-04 09:15:05.733000+00:00
DBC;2026-07-02;18.6;18.7;18.55;18.6;595600;2026-09-04 09:15:05.733000+00:00
DBC;2026-07-03;18.6;18.7;18.5;18.5;993600;2026-09-04 09:15:05.733000+00:00
DBC;2026-07-06;18.5;18.55;18.15;18.2;2347400;2026-09-04 09:15:05.733000+00:00
DBC;2026-07-07;18.2;18.2;17.95;18.0;1870200;2026-09-04 09:15:05.733000+00:00
DBC;2026-07-08;18.05;18.1;17.85;17.95;1397800;2026-09-04 09:15:05.733000+00:00
DBC;2026-07-09;17.9;18.1;17.8;17.8;1193400;2026-09-04 09:15:05.733000+00:00
DBC;2026-07-10;17.8;17.8;17.35;17.35;2716100;2026-09-04 09:15:05.733000+00:00
DBC;2026-07-13;17.35;17.35;16.85;16.9;3318600;2026-09-04 09:15:05.733000+00:00
DBC;2026-07-14;16.8;17.4;16.8;17.25;1585400;2026-09-04 09:15:05.733000+00:00
DBC;2026-07-15;17.4;17.4;17.15;17.2;1277500;2026-09-04 09:15:05.733000+00:00
DBC;2026-07-16;17.2;17.85;17.1;17.75;3137100;2026-09-04 09:15:05.733000+00:00
DBC;2026-07-17;17.7;17.75;17.45;17.45;1238600;2026-09-04 09:15:05.733000+00:00
DBC;2026-07-20;16.3;17.2;16.25;16.25;7689000;2026-09-04 09:15:05.733000+00:00
DBC;2026-07-21;16.4;16.55;16.2;16.3;1739500;2026-09-04 09:15:05.733000+00:00
DBC;2026-07-22;16.45;16.55;16.0;16.0;1657900;2026-09-04 09:15:05.733000+00:00
DBC;2026-07-23;15.85;16.2;15.45;16.1;2295300;2026-09-04 09:15:05.733000+00:00
DBC;2026-07-24;16.0;16.25;15.95;16.1;951300;2026-09-04 09:15:05.733000+00:00
DBC;2026-07-27;16.0;16.15;15.7;15.7;1549500;2026-09-04 09:15:05.733000+00:00
DBC;2026-07-28;15.5;16.1;15.5;16.0;1877400;2026-09-04 09:15:05.733000+00:00
DBC;2026-07-29;16.15;16.35;16.0;16.15;1407700;2026-09-04 09:15:05.733000+00:00
DBC;2026-07-30;16.15;16.5;16.0;16.45;2452400;2026-09-04 09:15:05.733000+00:00
DBC;2026-07-31;16.5;16.65;16.25;16.3;1953900;2026-09-04 09:15:05.733000+00:00
DBC;2026-08-03;16.0;16.7;15.95;16.55;2373700;2026-09-04 09:15:05.733000+00:00
DBC;2026-08-04;16.45;17.1;16.45;16.6;1997200;2026-09-04 09:15:05.733000+00:00
DBC;2026-08-05;16.85;17.05;16.6;16.75;2396500;2026-09-04 08:48:53.915000+00:00
DBC;2026-08-06;16.85;16.95;16.6;16.6;1311100;2026-09-04 08:48:53.915000+00:00
DBC;2026-08-07;16.5;16.75;16.5;16.65;1158800;2026-09-04 08:48:53.915000+00:00
DBC;2026-08-10;16.65;16.8;16.6;16.8;1349500;2026-09-04 08:48:53.915000+00:00
DBC;2026-08-11;16.9;16.95;16.7;16.7;1160800;2026-09-04 08:48:53.915000+00:00
DBC;2026-08-12;16.65;16.8;16.5;16.7;976500;2026-09-04 08:48:53.915000+00:00
DBC;2026-08-13;16.7;16.8;16.55;16.55;1225100;2026-09-04 08:48:53.915000+00:00
DBC;2026-08-14;16.45;16.6;16.25;16.25;1004900;2026-09-04 08:48:53.915000+00:00
DBC;2026-08-17;16.25;16.4;16.1;16.1;645000;2026-09-04 08:48:53.915000+00:00
DBC;2026-08-18;16.2;16.3;16.0;16.05;737700;2026-09-04 08:48:53.915000+00:00
DBC;2026-08-19;16.1;16.15;15.9;15.95;744300;2026-09-04 08:48:53.915000+00:00
DBC;2026-08-20;16.0;16.1;15.85;15.9;543400;2026-09-04 08:48:53.915000+00:00
DBC;2026-08-21;15.9;16.5;15.85;16.45;1843300;2026-09-04 08:48:53.915000+00:00
DBC;2026-08-24;16.8;16.8;16.55;16.6;1145000;2026-09-04 08:48:53.915000+00:00
DBC;2026-08-25;16.5;17.75;16.5;17.7;8747300;2026-09-04 08:48:53.915000+00:00
DBC;2026-08-26;17.65;17.7;17.35;17.7;1625100;2026-09-04 08:48:53.915000+00:00
DBC;2026-08-27;17.7;17.75;17.3;17.4;1816000;2026-09-04 08:48:53.915000+00:00
DBC;2026-08-28;17.4;17.4;17.15;17.2;826800;2026-09-04 08:48:53.915000+00:00
DBC;2026-09-03;17.15;17.3;17.0;17.05;1994700;2026-09-04 08:48:53.915000+00:00
DBC;2026-09-04;16.9;17.15;16.8;16.8;2305900;2026-09-05 02:08:00.034000+00:00
DGW;2025-05-05;31.45;31.68;31.4;31.68;539200;2026-09-04 09:14:56.108000+00:00
DGW;2025-05-06;31.73;32.45;31.73;31.93;1180600;2026-09-04 09:14:56.108000+00:00
DGW;2025-05-07;31.83;32.02;31.5;31.68;664500;2026-09-04 09:14:56.108000+00:00
DGW;2025-05-08;32.07;32.88;31.83;32.55;1781700;2026-09-04 09:14:56.108000+00:00
DGW;2025-05-09;32.55;32.79;32.21;32.21;970000;2026-09-04 09:14:56.108000+00:00
DGW;2025-05-12;32.5;32.55;31.73;32.02;958900;2026-09-04 09:14:56.108000+00:00
DGW;2025-05-13;32.83;32.88;32.21;32.5;2066800;2026-09-04 09:14:56.108000+00:00
DGW;2025-05-14;32.79;33.56;32.65;33.27;2592200;2026-09-04 09:14:56.108000+00:00
DGW;2025-05-15;33.65;33.65;32.93;33.08;1227300;2026-09-04 09:14:56.108000+00:00
DGW;2025-05-16;33.08;33.18;32.4;32.4;1342700;2026-09-04 09:14:56.108000+00:00
DGW;2025-05-19;32.26;32.6;31.78;31.78;1063600;2026-09-04 09:14:56.108000+00:00
DGW;2025-05-20;31.83;32.21;31.78;32.07;1338300;2026-09-04 09:14:56.108000+00:00
DGW;2025-05-21;32.02;32.21;31.78;31.83;914400;2026-09-04 09:14:56.108000+00:00
DGW;2025-05-22;31.83;32.6;31.63;31.88;1189900;2026-09-04 09:14:56.108000+00:00
DGW;2025-05-23;31.83;32.12;31.14;31.24;1200800;2026-09-04 09:14:56.108000+00:00
DGW;2025-05-26;31.24;31.83;30.27;31.73;950700;2026-09-04 09:14:56.108000+00:00
DGW;2025-05-27;31.73;33.15;31.58;32.9;2554900;2026-09-04 09:14:56.108000+00:00
DGW;2025-05-28;33.24;33.34;32.56;32.61;1594000;2026-09-04 09:14:56.108000+00:00
DGW;2025-05-29;32.71;33.29;32.66;32.71;1177700;2026-09-04 09:14:56.108000+00:00
DGW;2025-05-30;32.76;32.8;31.83;31.83;1491500;2026-09-04 09:14:56.108000+00:00
DGW;2025-06-02;31.63;32.46;31.49;32.46;663800;2026-09-04 09:14:56.108000+00:00
DGW;2025-06-03;32.71;33.59;32.71;33.34;3061500;2026-09-04 09:14:56.108000+00:00
DGW;2025-06-04;33.34;34.81;33.34;34.42;3059800;2026-09-04 09:14:56.108000+00:00
DGW;2025-06-05;34.22;34.51;33.88;34.12;1340300;2026-09-04 09:14:56.108000+00:00
DGW;2025-06-06;34.17;34.17;32.9;32.9;1563000;2026-09-04 09:14:56.108000+00:00
DGW;2025-06-09;32.95;34.46;32.95;33.88;2228800;2026-09-04 09:14:56.108000+00:00
DGW;2025-06-10;34.07;36.22;34.07;36.22;6761700;2026-09-04 09:14:56.108000+00:00
DGW;2025-06-11;36.51;38.27;36.22;37.88;6536000;2026-09-04 09:14:56.108000+00:00
DGW;2025-06-12;38.08;39.49;37.49;39.35;6800600;2026-09-04 09:14:56.108000+00:00
DGW;2025-06-13;38.66;39.69;38.37;39.35;4847400;2026-09-04 09:14:56.108000+00:00
DGW;2025-06-16;39.44;39.83;38.66;39.49;2911000;2026-09-04 09:14:56.108000+00:00
DGW;2025-06-17;39.64;40.27;39.64;40.03;4381800;2026-09-04 09:14:56.108000+00:00
DGW;2025-06-18;39.79;40.86;39.49;40.03;2743200;2026-09-04 09:14:56.108000+00:00
DGW;2025-06-19;40.03;42.81;39.25;42.81;7322300;2026-09-04 09:14:56.108000+00:00
DGW;2025-06-20;42.96;43.74;42.71;43.45;3014000;2026-09-04 09:14:56.108000+00:00
DGW;2025-06-23;42.76;43.45;40.81;41.98;3702800;2026-09-04 09:14:56.108000+00:00
DGW;2025-06-24;42.28;42.57;41.01;41.98;2508700;2026-09-04 09:14:56.108000+00:00
DGW;2025-06-25;42.57;43.93;42.28;42.86;3228800;2026-09-04 09:14:56.108000+00:00
DGW;2025-06-26;43.15;45.01;42.52;44.91;3680400;2026-09-04 09:14:56.108000+00:00
DGW;2025-06-27;44.91;45.01;43.64;43.74;2098800;2026-09-04 09:14:56.108000+00:00
DGW;2025-06-30;43.93;44.37;42.13;42.96;3646400;2026-09-04 09:14:56.108000+00:00
DGW;2025-07-01;43.3;43.45;42.18;42.76;1657900;2026-09-04 09:14:56.108000+00:00
DGW;2025-07-02;43.45;44.57;43.06;43.64;2777000;2026-09-04 09:14:56.108000+00:00
DGW;2025-07-03;43.25;43.3;41.1;42.71;3925700;2026-09-04 09:14:56.108000+00:00
DGW;2025-07-04;42.71;42.76;41.74;42.76;3314100;2026-09-04 09:14:56.108000+00:00
DGW;2025-07-07;42.96;43.2;42.08;43.01;2353100;2026-09-04 09:14:56.108000+00:00
DGW;2025-07-08;43.15;43.74;42.71;43.11;2141900;2026-09-04 09:14:56.108000+00:00
DGW;2025-07-09;43.25;43.35;42.67;43.15;2335200;2026-09-04 09:14:56.108000+00:00
DGW;2025-07-10;43.15;44.52;42.96;43.64;4696100;2026-09-04 09:14:56.108000+00:00
DGW;2025-07-11;43.64;43.69;42.76;42.96;2631500;2026-09-04 09:14:56.108000+00:00
DGW;2025-07-14;42.57;43.89;42.18;43.54;2649800;2026-09-04 09:14:56.108000+00:00
DGW;2025-07-15;44.18;45.06;42.96;42.96;4052400;2026-09-04 09:14:56.108000+00:00
DGW;2025-07-16;43.01;43.4;42.76;43.15;1565100;2026-09-04 09:14:56.108000+00:00
DGW;2025-07-17;43.25;44.67;43.11;43.45;3659700;2026-09-04 09:14:56.108000+00:00
DGW;2025-07-18;43.89;45.89;43.4;45.5;6776600;2026-09-04 09:14:56.108000+00:00
DGW;2025-07-21;46.38;46.38;44.42;44.91;2533600;2026-09-04 09:14:56.108000+00:00
DGW;2025-07-22;44.72;45.45;44.13;45.35;2757300;2026-09-04 09:14:56.108000+00:00
DGW;2025-07-23;45.55;47.35;45.25;46.86;4547500;2026-09-04 09:14:56.108000+00:00
DGW;2025-07-24;46.96;47.35;45.59;45.89;2101300;2026-09-04 09:14:56.108000+00:00
DGW;2025-07-25;45.89;46.72;45.35;45.35;2969900;2026-09-04 09:14:56.108000+00:00
DGW;2025-07-28;45.2;46.38;44.86;45.4;5029100;2026-09-04 09:14:56.108000+00:00
DGW;2025-07-29;45.89;45.89;42.23;42.23;6569200;2026-09-04 09:14:56.108000+00:00
DGW;2025-07-30;41.98;42.96;41.01;41.98;3177300;2026-09-04 09:14:56.108000+00:00
DGW;2025-07-31;42.76;42.76;41.05;41.54;1534600;2026-09-04 09:14:56.108000+00:00
DGW;2025-08-01;41.59;42.57;41.49;42.37;1651400;2026-09-04 09:14:56.108000+00:00
DGW;2025-08-04;42.47;43.64;42.47;43.64;1587800;2026-09-04 09:14:56.108000+00:00
DGW;2025-08-05;43.93;44.28;40.66;42.67;3413400;2026-09-04 09:14:56.108000+00:00
DGW;2025-08-06;43.01;45.64;42.47;45.59;6392100;2026-09-04 09:14:56.108000+00:00
DGW;2025-08-07;45.99;45.99;44.62;45.35;2920800;2026-09-04 09:14:56.108000+00:00
DGW;2025-08-08;45.4;46.38;44.28;44.72;5560200;2026-09-04 09:14:56.108000+00:00
DGW;2025-08-11;45.06;46.28;44.76;46.18;5947400;2026-09-04 09:14:56.108000+00:00
DGW;2025-08-12;47.35;48.33;46.33;47.01;4161800;2026-09-04 09:14:56.108000+00:00
DGW;2025-08-13;46.91;47.16;45.01;45.5;5614500;2026-09-04 09:14:56.108000+00:00
DGW;2025-08-14;45.89;45.99;44.52;45.25;4477900;2026-09-04 09:14:56.108000+00:00
DGW;2025-08-15;45.69;45.69;43.3;44.33;3866400;2026-09-04 09:14:56.108000+00:00
DGW;2025-08-18;44.28;44.91;43.54;43.54;2831700;2026-09-04 09:14:56.108000+00:00
DGW;2025-08-19;44.13;44.13;42.96;43.89;3606500;2026-09-04 09:14:56.108000+00:00
DGW;2025-08-20;43.79;44.81;41.49;42.03;4009300;2026-09-04 09:14:56.108000+00:00
DGW;2025-08-21;42.03;42.42;40.08;40.52;5161200;2026-09-04 09:14:56.108000+00:00
DGW;2025-08-22;40.52;41.4;39.35;41.01;2946400;2026-09-04 09:14:56.108000+00:00
DGW;2025-08-25;41.79;41.79;39.54;39.54;1689900;2026-09-04 09:14:56.108000+00:00
DGW;2025-08-26;39.15;41.59;39.15;41.59;1548900;2026-09-04 09:14:56.108000+00:00
DGW;2025-08-27;41.64;41.79;40.57;40.57;2734700;2026-09-04 09:14:56.108000+00:00
DGW;2025-08-28;40.71;41.45;40.62;41.1;1474900;2026-09-04 09:14:56.108000+00:00
DGW;2025-08-29;40.71;41.45;40.22;41.01;3454700;2026-09-04 09:14:56.108000+00:00
DGW;2025-09-03;41.01;42.18;40.71;42.13;2958400;2026-09-04 09:14:56.108000+00:00
DGW;2025-09-04;42.57;42.96;42.18;42.96;2595200;2026-09-04 09:14:56.108000+00:00
DGW;2025-09-05;43.69;43.69;42.08;42.08;2950000;2026-09-04 09:14:56.108000+00:00
DGW;2025-09-08;41.74;41.93;40.22;40.32;2236000;2026-09-04 09:14:56.108000+00:00
DGW;2025-09-09;40.42;40.91;40.13;40.76;967600;2026-09-04 09:14:56.108000+00:00
DGW;2025-09-10;41.05;41.74;40.86;41.59;1702100;2026-09-04 09:14:56.108000+00:00
DGW;2025-09-11;41.64;42.81;39.59;42.71;2977500;2026-09-04 09:14:56.108000+00:00
DGW;2025-09-12;42.96;44.28;42.71;44.13;4335600;2026-09-04 09:14:56.108000+00:00
DGW;2025-09-15;44.42;44.72;43.98;44.42;2345000;2026-09-04 09:14:56.108000+00:00
DGW;2025-09-16;44.42;45.11;43.98;44.28;3713200;2026-09-04 09:14:56.108000+00:00
DGW;2025-09-17;44.28;45.16;43.93;43.93;2870000;2026-09-04 09:14:56.108000+00:00
DGW;2025-09-18;44.13;44.18;42.47;42.47;2664900;2026-09-04 09:14:56.108000+00:00
DGW;2025-09-19;42.86;42.96;41.98;42.18;1190900;2026-09-04 09:14:56.108000+00:00
DGW;2025-09-22;42.52;42.52;40.52;40.76;2593200;2026-09-04 09:14:56.108000+00:00
DGW;2025-09-23;40.76;41.49;40.57;40.91;778600;2026-09-04 09:14:56.108000+00:00
DGW;2025-09-24;40.76;41.98;40.22;41.93;1376600;2026-09-04 09:14:56.108000+00:00
DGW;2025-09-25;41.93;42.03;41.3;41.4;936800;2026-09-04 09:14:56.108000+00:00
DGW;2025-09-26;41.49;41.79;40.47;40.52;1957300;2026-09-04 09:14:56.108000+00:00
DGW;2025-09-29;40.57;40.62;40.03;40.03;996900;2026-09-04 09:14:56.108000+00:00
DGW;2025-09-30;40.22;40.52;39.54;40.22;1098000;2026-09-04 09:14:56.108000+00:00
DGW;2025-10-01;40.32;40.81;40.32;40.66;385800;2026-09-04 09:14:56.108000+00:00
DGW;2025-10-02;41.01;41.01;39.74;39.88;614000;2026-09-04 09:14:56.108000+00:00
DGW;2025-10-03;39.64;40.03;39.0;39.05;1063500;2026-09-04 09:14:56.108000+00:00
DGW;2025-10-06;39.1;40.81;39.1;40.76;745100;2026-09-04 09:14:56.108000+00:00
DGW;2025-10-07;41.01;41.01;40.03;40.08;683800;2026-09-04 09:14:56.108000+00:00
DGW;2025-10-08;40.52;41.3;40.03;40.27;2047600;2026-09-04 09:14:56.108000+00:00
DGW;2025-10-09;41.01;41.01;39.93;39.93;1734400;2026-09-04 09:14:56.108000+00:00
DGW;2025-10-10;40.03;41.01;39.98;40.13;1716100;2026-09-04 09:14:56.108000+00:00
DGW;2025-10-13;39.44;39.83;38.96;39.1;2623400;2026-09-04 09:14:56.108000+00:00
DGW;2025-10-14;39.25;39.39;37.3;39.05;5151900;2026-09-04 09:14:56.108000+00:00
DGW;2025-10-15;39.05;40.03;38.57;39.93;1872100;2026-09-04 09:14:56.108000+00:00
DGW;2025-10-16;40.18;40.91;39.69;39.83;1354300;2026-09-04 09:14:56.108000+00:00
DGW;2025-10-17;40.13;40.13;39.25;39.25;1324700;2026-09-04 09:14:56.108000+00:00
DGW;2025-10-20;39.35;39.74;36.51;36.51;2284700;2026-09-04 09:14:56.108000+00:00
DGW;2025-10-21;36.12;37.1;35.64;36.66;1529300;2026-09-04 09:14:56.108000+00:00
DGW;2025-10-22;37.39;38.08;36.81;38.08;1231400;2026-09-04 09:14:56.108000+00:00
DGW;2025-10-23;37.64;38.52;37.64;38.08;683900;2026-09-04 09:14:56.108000+00:00
DGW;2025-10-24;37.78;38.91;37.78;38.66;1114600;2026-09-04 09:14:56.108000+00:00
DGW;2025-10-27;38.76;39.05;38.08;38.13;617800;2026-09-04 09:14:56.108000+00:00
DGW;2025-10-28;38.13;39.15;37.54;39.1;1185800;2026-09-04 09:14:56.108000+00:00
DGW;2025-10-29;39.44;39.54;38.86;38.86;797100;2026-09-04 09:14:56.108000+00:00
DGW;2025-10-30;39.05;39.74;38.61;39.69;1287600;2026-09-04 09:14:56.108000+00:00
DGW;2025-10-31;39.93;40.32;38.86;38.91;947100;2026-09-04 09:14:56.108000+00:00
DGW;2025-11-03;38.96;40.47;38.71;39.15;2068600;2026-09-04 09:14:56.108000+00:00
DGW;2025-11-04;38.61;39.74;37.64;39.59;1219000;2026-09-04 09:14:56.108000+00:00
DGW;2025-11-05;39.44;39.44;38.81;38.86;782100;2026-09-04 09:14:56.108000+00:00
DGW;2025-11-06;38.66;39.44;37.78;37.88;1649900;2026-09-04 09:14:56.108000+00:00
DGW;2025-11-07;38.08;39.0;37.1;37.59;817700;2026-09-04 09:14:56.108000+00:00
DGW;2025-11-10;37.59;38.57;37.54;37.78;838400;2026-09-04 09:14:56.108000+00:00
DGW;2025-11-11;38.03;38.57;37.78;38.52;771100;2026-09-04 09:14:56.108000+00:00
DGW;2025-11-12;38.76;39.35;38.42;39.35;898500;2026-09-04 09:14:56.108000+00:00
DGW;2025-11-13;39.25;40.08;38.47;38.47;1474800;2026-09-04 09:14:56.108000+00:00
DGW;2025-11-14;38.57;39.25;38.42;39.0;581800;2026-09-04 09:14:56.108000+00:00
DGW;2025-11-17;39.0;41.69;39.0;41.69;3802600;2026-09-04 09:14:56.108000+00:00
DGW;2025-11-18;42.08;44.33;41.93;43.79;5915600;2026-09-04 09:14:56.108000+00:00
DGW;2025-11-19;43.45;44.18;42.08;42.47;3202100;2026-09-04 09:14:56.108000+00:00
DGW;2025-11-20;42.91;43.54;42.03;43.35;3150900;2026-09-04 09:14:56.108000+00:00
DGW;2025-11-21;42.81;44.28;42.28;43.84;2790200;2026-09-04 09:14:56.108000+00:00
DGW;2025-11-24;43.93;43.98;42.76;42.86;1350600;2026-09-04 09:14:56.108000+00:00
DGW;2025-11-25;42.91;43.64;42.18;42.71;2171900;2026-09-04 09:14:56.108000+00:00
DGW;2025-11-26;42.76;43.2;40.08;42.42;2029700;2026-09-04 09:14:56.108000+00:00
DGW;2025-11-27;42.42;44.08;42.23;43.11;3369500;2026-09-04 09:14:56.108000+00:00
DGW;2025-11-28;43.2;43.93;42.67;42.67;2244200;2026-09-04 09:14:56.108000+00:00
DGW;2025-12-01;42.76;44.03;42.18;42.57;2142700;2026-09-04 09:14:56.108000+00:00
DGW;2025-12-02;42.57;42.86;41.69;42.08;1847300;2026-09-04 09:14:56.108000+00:00
DGW;2025-12-03;42.28;44.28;42.28;43.64;2977400;2026-09-04 09:14:56.108000+00:00
DGW;2025-12-04;43.93;45.16;42.96;42.96;3158600;2026-09-04 09:14:56.108000+00:00
DGW;2025-12-05;42.96;43.45;42.52;42.52;1593000;2026-09-04 09:14:56.108000+00:00
DGW;2025-12-08;42.52;43.11;41.49;41.49;1659700;2026-09-04 09:14:56.108000+00:00
DGW;2025-12-09;41.49;41.93;40.18;40.52;2049100;2026-09-04 09:14:56.108000+00:00
DGW;2025-12-10;40.52;41.35;40.42;40.66;654100;2026-09-04 09:14:56.108000+00:00
DGW;2025-12-11;40.66;41.01;40.27;40.27;539600;2026-09-04 09:14:56.108000+00:00
DGW;2025-12-12;40.37;40.66;38.08;38.27;1845300;2026-09-04 09:14:56.108000+00:00
DGW;2025-12-15;38.08;38.47;37.49;37.49;1291100;2026-09-04 09:14:56.108000+00:00
DGW;2025-12-16;37.59;39.64;36.71;39.35;1639800;2026-09-04 09:14:56.108000+00:00
DGW;2025-12-17;39.59;39.59;38.57;39.0;524800;2026-09-04 09:14:56.108000+00:00
DGW;2025-12-18;38.57;39.49;38.08;39.49;1291800;2026-09-04 09:14:56.108000+00:00
DGW;2025-12-19;39.1;39.2;38.32;39.2;1362100;2026-09-04 09:14:56.108000+00:00
DGW;2025-12-22;39.2;39.54;38.61;39.54;1190400;2026-09-04 09:14:56.108000+00:00
DGW;2025-12-23;39.83;40.13;38.86;38.86;1453900;2026-09-04 09:14:56.108000+00:00
DGW;2025-12-24;38.81;39.25;38.32;39.05;1267300;2026-09-04 09:14:56.108000+00:00
DGW;2025-12-25;39.25;39.64;38.52;38.66;1101000;2026-09-04 09:14:56.108000+00:00
DGW;2025-12-26;38.27;38.57;37.59;38.13;1186900;2026-09-04 09:14:56.108000+00:00
DGW;2025-12-29;37.98;39.35;37.93;39.15;1293100;2026-09-04 09:14:56.108000+00:00
DGW;2025-12-30;39.15;39.3;38.57;38.66;628000;2026-09-04 09:14:56.108000+00:00
DGW;2025-12-31;38.66;38.91;38.08;38.08;887900;2026-09-04 09:14:56.108000+00:00
DGW;2026-01-05;38.13;40.71;37.59;40.71;4123800;2026-09-04 09:14:56.108000+00:00
DGW;2026-01-06;41.15;41.45;40.52;41.2;1423400;2026-09-04 09:14:56.108000+00:00
DGW;2026-01-07;41.4;42.52;40.62;41.93;2287600;2026-09-04 09:14:56.108000+00:00
DGW;2026-01-08;42.03;42.03;40.22;40.22;2142500;2026-09-04 09:14:56.108000+00:00
DGW;2026-01-09;40.62;41.84;39.83;41.01;1717700;2026-09-04 09:14:56.108000+00:00
DGW;2026-01-12;41.49;42.91;40.81;42.67;3045400;2026-09-04 09:14:56.108000+00:00
DGW;2026-01-13;42.96;43.25;41.93;42.42;2261600;2026-09-04 09:14:56.108000+00:00
DGW;2026-01-14;42.57;44.81;42.42;43.06;4248800;2026-09-04 09:14:56.108000+00:00
DGW;2026-01-15;43.69;43.69;41.59;41.98;2218900;2026-09-04 09:14:56.108000+00:00
DGW;2026-01-16;41.79;44.91;41.59;44.91;4786900;2026-09-04 09:14:56.108000+00:00
DGW;2026-01-19;45.59;45.69;43.98;45.06;2384400;2026-09-04 09:14:56.108000+00:00
DGW;2026-01-20;45.2;48.18;45.11;45.79;7172400;2026-09-04 09:14:56.108000+00:00
DGW;2026-01-21;45.89;45.89;43.98;44.76;2498100;2026-09-04 09:14:56.108000+00:00
DGW;2026-01-22;45.11;45.89;43.74;43.93;2820300;2026-09-04 09:14:56.108000+00:00
DGW;2026-01-23;43.93;44.91;43.5;44.67;1885300;2026-09-04 09:14:56.108000+00:00
DGW;2026-01-26;44.81;44.81;42.42;43.2;2735400;2026-09-04 09:14:56.108000+00:00
DGW;2026-01-27;42.76;44.42;42.13;44.13;2075300;2026-09-04 09:14:56.108000+00:00
DGW;2026-01-28;44.13;44.86;42.96;42.96;2089400;2026-09-04 09:14:56.108000+00:00
DGW;2026-01-29;43.06;45.94;43.06;45.94;4961300;2026-09-04 09:14:56.108000+00:00
DGW;2026-01-30;46.86;48.33;46.86;47.84;6248100;2026-09-04 09:14:56.108000+00:00
DGW;2026-02-02;48.33;51.16;47.55;51.16;8193600;2026-09-04 09:14:56.108000+00:00
DGW;2026-02-03;52.72;54.67;51.75;54.67;6497200;2026-09-04 09:14:56.108000+00:00
DGW;2026-02-04;55.75;55.75;53.7;54.67;5465900;2026-09-04 09:14:56.108000+00:00
DGW;2026-02-05;54.38;56.53;52.23;52.23;4974100;2026-09-04 09:14:56.108000+00:00
DGW;2026-02-06;51.45;53.6;51.26;52.23;5737400;2026-09-04 09:14:56.108000+00:00
DGW;2026-02-09;52.82;52.82;50.87;50.96;1701300;2026-09-04 09:14:56.108000+00:00
DGW;2026-02-10;50.87;51.84;47.4;47.4;6337000;2026-09-04 09:14:56.108000+00:00
DGW;2026-02-11;47.35;49.3;46.67;49.21;3734300;2026-09-04 09:14:56.108000+00:00
DGW;2026-02-12;49.21;50.18;48.62;49.4;1973000;2026-09-04 09:14:56.108000+00:00
DGW;2026-02-13;48.91;49.5;48.43;49.3;1888500;2026-09-04 09:14:56.108000+00:00
DGW;2026-02-23;49.79;51.16;49.3;50.48;3617000;2026-09-04 09:14:56.108000+00:00
DGW;2026-02-24;50.38;51.55;49.6;50.96;2648500;2026-09-04 09:14:56.108000+00:00
DGW;2026-02-25;51.65;52.23;50.38;51.06;4837800;2026-09-04 09:14:56.108000+00:00
DGW;2026-02-26;51.16;52.23;50.87;51.75;2205900;2026-09-04 09:14:56.108000+00:00
DGW;2026-02-27;51.94;52.23;49.89;49.99;3000100;2026-09-04 09:14:56.108000+00:00
DGW;2026-03-02;47.94;49.5;47.55;47.55;6622500;2026-09-04 09:14:56.108000+00:00
DGW;2026-03-03;47.55;47.55;44.42;44.86;7452100;2026-09-04 09:14:56.108000+00:00
DGW;2026-03-04;43.45;45.2;42.18;44.91;6535900;2026-09-04 09:14:56.108000+00:00
DGW;2026-03-05;45.5;46.28;44.91;44.91;3600000;2026-09-04 09:14:56.108000+00:00
DGW;2026-03-06;44.18;45.2;42.76;43.69;3242000;2026-09-04 09:14:56.108000+00:00
DGW;2026-03-09;40.66;41.01;40.66;40.66;3149600;2026-09-04 09:14:56.108000+00:00
DGW;2026-03-10;41.1;41.3;39.05;41.3;5038300;2026-09-04 09:14:56.108000+00:00
DGW;2026-03-11;41.3;44.18;41.01;44.18;3545200;2026-09-04 09:14:56.108000+00:00
DGW;2026-03-12;43.45;44.37;42.37;43.11;1868400;2026-09-04 09:14:56.108000+00:00
DGW;2026-03-13;42.18;43.45;42.03;42.13;2824800;2026-09-04 09:14:56.108000+00:00
DGW;2026-03-16;41.3;42.47;40.91;42.08;2160900;2026-09-04 09:14:56.108000+00:00
DGW;2026-03-17;42.67;43.3;42.37;42.86;1399600;2026-09-04 09:14:56.108000+00:00
DGW;2026-03-18;43.45;43.45;41.01;42.67;1273000;2026-09-04 09:14:56.108000+00:00
DGW;2026-03-19;41.79;42.57;40.52;42.47;2663900;2026-09-04 09:14:56.108000+00:00
DGW;2026-03-20;42.28;42.28;40.76;41.01;1887900;2026-09-04 09:14:56.108000+00:00
DGW;2026-03-23;39.64;40.37;38.47;39.64;3229700;2026-09-04 09:14:56.108000+00:00
DGW;2026-03-24;40.81;41.35;40.03;41.3;1454000;2026-09-04 09:14:56.108000+00:00
DGW;2026-03-25;41.98;42.67;41.69;42.57;2074500;2026-09-04 09:14:56.108000+00:00
DGW;2026-03-26;42.37;43.93;41.88;43.93;2163300;2026-09-04 09:14:56.108000+00:00
DGW;2026-03-27;43.93;44.42;43.15;44.42;1471700;2026-09-04 09:14:56.108000+00:00
DGW;2026-03-30;42.76;45.11;42.76;44.72;1483000;2026-09-04 09:14:56.108000+00:00
DGW;2026-03-31;45.01;45.35;44.03;44.72;1500700;2026-09-04 09:14:56.108000+00:00
DGW;2026-04-01;45.5;45.5;44.28;44.91;1066300;2026-09-04 09:14:56.108000+00:00
DGW;2026-04-02;44.52;44.86;42.76;44.86;1913200;2026-09-04 09:14:56.108000+00:00
DGW;2026-04-03;44.81;44.81;42.86;42.86;1109200;2026-09-04 09:14:56.108000+00:00
DGW;2026-04-06;42.86;43.11;41.49;42.67;1452300;2026-09-04 09:14:56.108000+00:00
DGW;2026-04-07;42.18;42.57;41.49;41.93;1227200;2026-09-04 09:14:56.108000+00:00
DGW;2026-04-08;43.4;44.72;43.2;44.67;2145100;2026-09-04 09:14:56.108000+00:00
DGW;2026-04-09;44.67;45.55;44.03;45.11;2326600;2026-09-04 09:14:56.108000+00:00
DGW;2026-04-10;45.11;45.69;44.42;44.57;1372200;2026-09-04 09:14:56.108000+00:00
DGW;2026-04-13;43.93;44.72;43.5;44.52;984500;2026-09-04 09:14:56.108000+00:00
DGW;2026-04-14;45.11;45.59;43.93;44.52;1508800;2026-09-04 09:14:56.108000+00:00
DGW;2026-04-15;44.72;45.01;43.5;43.59;1483000;2026-09-04 09:14:56.108000+00:00
DGW;2026-04-16;43.54;44.62;43.45;44.13;1416900;2026-09-04 09:14:56.108000+00:00
DGW;2026-04-17;44.28;46.57;44.28;44.86;3739300;2026-09-04 09:14:56.108000+00:00
DGW;2026-04-20;44.86;45.4;44.08;44.91;1192400;2026-09-04 09:14:56.108000+00:00
DGW;2026-04-21;45.11;45.2;43.98;44.42;1831400;2026-09-04 09:14:56.108000+00:00
DGW;2026-04-22;43.98;44.52;43.64;44.52;1106400;2026-09-04 09:14:56.108000+00:00
DGW;2026-04-23;44.62;44.72;42.86;43.54;1637700;2026-09-04 09:14:56.108000+00:00
DGW;2026-04-24;43.11;43.59;42.57;43.45;1051700;2026-09-04 09:14:56.108000+00:00
DGW;2026-04-28;42.81;43.74;41.79;41.98;2050000;2026-09-04 09:14:56.108000+00:00
DGW;2026-04-29;41.88;42.67;41.59;42.42;798500;2026-09-04 09:14:56.108000+00:00
DGW;2026-05-04;42.42;42.86;41.98;42.47;639600;2026-09-04 09:14:56.108000+00:00
DGW;2026-05-05;42.57;42.57;41.93;42.47;576300;2026-09-04 09:14:56.108000+00:00
DGW;2026-05-06;42.47;42.86;42.18;42.47;1254100;2026-09-04 09:14:56.108000+00:00
DGW;2026-05-07;42.96;43.69;42.57;43.15;1255600;2026-09-04 09:14:56.108000+00:00
DGW;2026-05-08;42.81;43.06;41.88;42.28;1914100;2026-09-04 09:14:56.108000+00:00
DGW;2026-05-11;42.08;42.13;40.52;40.52;3390800;2026-09-04 09:14:56.108000+00:00
DGW;2026-05-12;40.62;41.3;40.37;41.25;1093500;2026-09-04 09:14:56.108000+00:00
DGW;2026-05-13;41.4;41.45;40.5;41.4;1095200;2026-09-04 09:14:56.108000+00:00
DGW;2026-05-14;41.45;42.4;41.4;42.4;1060200;2026-09-04 09:14:56.108000+00:00
DGW;2026-05-15;42.5;42.5;41.75;42.4;935100;2026-09-04 09:14:56.108000+00:00
DGW;2026-05-18;41.8;42.1;41.55;42.0;882700;2026-09-04 09:14:56.108000+00:00
DGW;2026-05-19;41.95;42.8;41.45;41.9;1374300;2026-09-04 09:14:56.108000+00:00
DGW;2026-05-20;41.75;41.75;39.6;40.85;2196900;2026-09-04 09:14:56.108000+00:00
DGW;2026-05-21;41.2;41.7;40.85;41.7;699300;2026-09-04 09:14:56.108000+00:00
DGW;2026-05-22;41.7;41.7;40.6;41.25;866100;2026-09-04 09:14:56.108000+00:00
DGW;2026-05-25;40.85;41.1;40.6;41.0;531600;2026-09-04 09:14:56.108000+00:00
DGW;2026-05-26;41.05;41.45;40.55;41.45;776000;2026-09-04 09:14:56.108000+00:00
DGW;2026-05-27;41.3;42.25;41.3;41.7;1069800;2026-09-04 09:14:56.108000+00:00
DGW;2026-05-28;41.7;42.05;41.3;41.6;815500;2026-09-04 09:14:56.108000+00:00
DGW;2026-05-29;41.65;41.65;40.7;40.85;633100;2026-09-04 09:14:56.108000+00:00
DGW;2026-06-01;41.0;41.15;40.0;40.0;1112900;2026-09-04 09:14:56.108000+00:00
DGW;2026-06-02;40.0;40.35;39.2;39.4;945000;2026-09-04 09:14:56.108000+00:00
DGW;2026-06-03;39.1;40.45;39.1;40.45;681200;2026-09-04 09:14:56.108000+00:00
DGW;2026-06-04;40.45;40.45;39.65;40.1;420400;2026-09-04 09:14:56.108000+00:00
DGW;2026-06-05;40.1;40.45;39.5;39.9;478200;2026-09-04 09:14:56.108000+00:00
DGW;2026-06-08;39.5;39.5;38.75;39.5;995500;2026-09-04 09:14:56.108000+00:00
DGW;2026-06-09;39.5;39.5;38.85;38.95;323300;2026-09-04 09:14:56.108000+00:00
DGW;2026-06-10;39.0;39.4;38.7;39.35;657500;2026-09-04 09:14:56.108000+00:00
DGW;2026-06-11;39.05;39.25;38.8;39.15;204400;2026-09-04 09:14:56.108000+00:00
DGW;2026-06-12;39.45;39.45;38.9;38.9;405000;2026-09-04 09:14:56.108000+00:00
DGW;2026-06-15;39.2;40.2;39.2;40.2;1234100;2026-09-04 09:14:56.108000+00:00
DGW;2026-06-16;40.15;41.35;40.1;41.3;1307300;2026-09-04 09:14:56.108000+00:00
DGW;2026-06-17;41.1;42.0;41.1;42.0;1192200;2026-09-04 09:14:56.108000+00:00
DGW;2026-06-18;41.95;41.95;41.0;41.0;443600;2026-09-04 09:14:56.108000+00:00
DGW;2026-06-19;41.0;41.0;40.25;40.25;424900;2026-09-04 09:14:56.108000+00:00
DGW;2026-06-22;40.25;40.7;39.8;40.6;471700;2026-09-04 09:14:56.108000+00:00
DGW;2026-06-23;40.1;40.45;39.1;39.1;1197100;2026-09-04 09:14:56.108000+00:00
DGW;2026-06-24;39.1;39.35;38.85;39.25;1003700;2026-09-04 09:14:56.108000+00:00
DGW;2026-06-25;39.25;40.0;39.1;39.75;596500;2026-09-04 09:14:56.108000+00:00
DGW;2026-06-26;39.7;39.75;39.0;39.1;672500;2026-09-04 09:14:56.108000+00:00
DGW;2026-06-29;39.2;40.25;39.15;40.25;714400;2026-09-04 09:14:56.108000+00:00
DGW;2026-06-30;40.25;40.25;39.8;40.2;401200;2026-09-04 09:14:56.108000+00:00
DGW;2026-07-01;40.1;40.75;39.7;40.1;850000;2026-09-04 09:14:56.108000+00:00
DGW;2026-07-02;40.8;40.8;40.1;40.2;661300;2026-09-04 09:14:56.108000+00:00
DGW;2026-07-03;39.95;40.7;39.9;40.25;611700;2026-09-04 09:14:56.108000+00:00
DGW;2026-07-06;40.35;40.45;37.45;39.0;829300;2026-09-04 09:14:56.108000+00:00
DGW;2026-07-07;38.45;39.4;38.45;39.4;617500;2026-09-04 09:14:56.108000+00:00
DGW;2026-07-08;39.6;39.6;38.8;39.45;257900;2026-09-04 09:14:56.108000+00:00
DGW;2026-07-09;39.0;39.2;38.8;38.85;451000;2026-09-04 09:14:56.108000+00:00
DGW;2026-07-10;38.9;39.05;38.5;38.5;422800;2026-09-04 09:14:56.108000+00:00
DGW;2026-07-13;38.55;38.8;38.0;38.55;801900;2026-09-04 09:14:56.108000+00:00
DGW;2026-07-14;38.4;39.0;38.0;39.0;357600;2026-09-04 09:14:56.108000+00:00
DGW;2026-07-15;39.0;39.0;37.8;37.8;592000;2026-09-04 09:14:56.108000+00:00
DGW;2026-07-16;37.8;38.0;35.3;38.0;1272300;2026-09-04 09:14:56.108000+00:00
DGW;2026-07-17;38.4;38.4;37.25;37.4;321100;2026-09-04 09:14:56.108000+00:00
DGW;2026-07-20;36.95;37.2;35.0;35.15;1084300;2026-09-04 09:14:56.108000+00:00
DGW;2026-07-21;34.85;36.05;34.85;35.55;505400;2026-09-04 09:14:56.108000+00:00
DGW;2026-07-22;35.4;36.0;33.9;34.4;977100;2026-09-04 09:14:56.108000+00:00
DGW;2026-07-23;34.05;35.0;33.15;34.75;591000;2026-09-04 09:14:56.108000+00:00
DGW;2026-07-24;34.45;34.45;33.5;33.5;560200;2026-09-04 09:14:56.108000+00:00
DGW;2026-07-27;33.45;34.05;33.0;33.15;722300;2026-09-04 09:14:56.108000+00:00
DGW;2026-07-28;31.45;34.2;31.45;33.95;671800;2026-09-04 09:14:56.108000+00:00
DGW;2026-07-29;34.0;35.35;33.85;35.35;729300;2026-09-04 09:14:56.108000+00:00
DGW;2026-07-30;35.5;37.2;35.5;36.5;1759300;2026-09-04 09:14:56.108000+00:00
DGW;2026-07-31;36.95;37.05;36.3;36.6;1276400;2026-09-04 09:14:56.108000+00:00
DGW;2026-08-03;36.9;37.8;36.85;37.05;1457100;2026-09-04 09:14:56.108000+00:00
DGW;2026-08-04;37.1;39.6;36.85;39.6;1831900;2026-09-04 09:14:56.108000+00:00
DGW;2026-08-05;40.0;40.25;39.15;39.15;995000;2026-09-04 08:48:47.389000+00:00
DGW;2026-08-06;39.1;40.45;38.9;40.0;1362300;2026-09-04 08:48:47.389000+00:00
DGW;2026-08-07;39.9;40.1;39.2;39.4;888300;2026-09-04 08:48:47.389000+00:00
DGW;2026-08-10;39.9;41.45;39.75;40.3;1465300;2026-09-04 08:48:47.389000+00:00
DGW;2026-08-11;40.3;41.55;40.2;41.15;1306300;2026-09-04 08:48:47.389000+00:00
DGW;2026-08-12;41.2;41.45;40.55;41.0;494100;2026-09-04 08:48:47.389000+00:00
DGW;2026-08-13;40.65;43.85;40.65;43.15;4211400;2026-09-04 08:48:47.389000+00:00
DGW;2026-08-14;43.0;43.05;41.6;41.6;954900;2026-09-04 08:48:47.389000+00:00
DGW;2026-08-17;41.6;42.7;40.6;41.3;1056000;2026-09-04 08:48:47.389000+00:00
DGW;2026-08-18;41.35;42.3;40.8;41.5;1231700;2026-09-04 08:48:47.389000+00:00
DGW;2026-08-19;41.2;42.8;41.05;42.7;2195400;2026-09-04 08:48:47.389000+00:00
DGW;2026-08-20;42.65;42.95;42.05;42.7;817100;2026-09-04 08:48:47.389000+00:00
DGW;2026-08-21;42.65;43.0;42.15;43.0;1245500;2026-09-04 08:48:47.389000+00:00
DGW;2026-08-24;43.15;43.4;41.85;42.8;1727000;2026-09-04 08:48:47.389000+00:00
DGW;2026-08-25;42.8;43.3;42.15;42.3;1205100;2026-09-04 08:48:47.389000+00:00
DGW;2026-08-26;42.5;43.5;42.1;42.25;1818800;2026-09-04 08:48:47.389000+00:00
DGW;2026-08-27;42.4;43.5;42.4;43.1;1468800;2026-09-04 08:48:47.389000+00:00
DGW;2026-08-28;43.1;43.4;42.55;42.6;446200;2026-09-04 08:48:47.389000+00:00
DGW;2026-09-03;41.75;42.15;40.85;40.9;2459100;2026-09-04 08:48:47.389000+00:00
DGW;2026-09-04;41.1;41.2;39.55;40.05;2700000;2026-09-05 02:07:52.804000+00:00
DHG;2025-05-05;88.39;88.84;88.39;88.84;28900;2026-09-04 09:15:09.825000+00:00
DHG;2025-05-06;88.93;92.61;88.84;92.43;73300;2026-09-04 09:15:09.825000+00:00
DHG;2025-05-07;93.32;93.32;91.89;92.88;16700;2026-09-04 09:15:09.825000+00:00
DHG;2025-05-08;93.32;95.93;92.88;95.93;61200;2026-09-04 09:15:09.825000+00:00
DHG;2025-05-09;95.93;96.46;94.58;94.94;63600;2026-09-04 09:15:09.825000+00:00
DHG;2025-05-12;95.12;95.57;93.14;93.77;19700;2026-09-04 09:15:09.825000+00:00
DHG;2025-05-13;95.12;96.82;95.12;96.38;83800;2026-09-04 09:15:09.825000+00:00
DHG;2025-05-14;96.74;97.0;96.11;96.46;56100;2026-09-04 09:15:09.825000+00:00
DHG;2025-05-15;97.0;97.27;94.31;96.46;40500;2026-09-04 09:15:09.825000+00:00
DHG;2025-05-16;96.92;96.92;95.48;95.75;21700;2026-09-04 09:15:09.825000+00:00
DHG;2025-05-19;95.93;96.46;95.93;96.28;39000;2026-09-04 09:15:09.825000+00:00
DHG;2025-05-20;96.92;99.33;96.82;97.81;82900;2026-09-04 09:15:09.825000+00:00
DHG;2025-05-21;98.71;98.71;95.12;95.75;90500;2026-09-04 09:15:09.825000+00:00
DHG;2025-05-22;95.75;95.75;94.4;95.57;51600;2026-09-04 09:15:09.825000+00:00
DHG;2025-05-23;95.38;95.38;93.76;94.71;23200;2026-09-04 09:15:09.825000+00:00
DHG;2025-05-26;94.71;95.19;94.24;94.62;18700;2026-09-04 09:15:09.825000+00:00
DHG;2025-05-27;94.62;94.62;93.76;94.14;44700;2026-09-04 09:15:09.825000+00:00
DHG;2025-05-28;95.09;95.09;94.05;94.62;27600;2026-09-04 09:15:09.825000+00:00
DHG;2025-05-29;94.24;94.62;93.95;94.05;14500;2026-09-04 09:15:09.825000+00:00
DHG;2025-05-30;93.57;93.67;92.72;93.19;44600;2026-09-04 09:15:09.825000+00:00
DHG;2025-06-02;93.1;93.19;91.86;93.0;29200;2026-09-04 09:15:09.825000+00:00
DHG;2025-06-03;92.62;93.0;92.43;92.91;18400;2026-09-04 09:15:09.825000+00:00
DHG;2025-06-04;93.76;93.86;92.53;93.57;26200;2026-09-04 09:15:09.825000+00:00
DHG;2025-06-05;93.57;94.14;93.48;94.14;24100;2026-09-04 09:15:09.825000+00:00
DHG;2025-06-06;94.14;94.52;93.19;93.48;12000;2026-09-04 09:15:09.825000+00:00
DHG;2025-06-09;94.14;94.14;93.0;93.0;12400;2026-09-04 09:15:09.825000+00:00
DHG;2025-06-10;93.1;93.48;93.0;93.38;19700;2026-09-04 09:15:09.825000+00:00
DHG;2025-06-11;93.38;93.57;93.1;93.1;11700;2026-09-04 09:15:09.825000+00:00
DHG;2025-06-12;93.19;94.33;92.24;94.33;30500;2026-09-04 09:15:09.825000+00:00
DHG;2025-06-13;94.14;94.62;93.95;93.95;33200;2026-09-04 09:15:09.825000+00:00
DHG;2025-06-16;93.86;93.95;93.67;93.95;13300;2026-09-04 09:15:09.825000+00:00
DHG;2025-06-17;93.95;95.47;93.95;94.71;61400;2026-09-04 09:15:09.825000+00:00
DHG;2025-06-18;94.71;95.0;94.24;94.71;16800;2026-09-04 09:15:09.825000+00:00
DHG;2025-06-19;95.09;95.09;94.43;94.71;13800;2026-09-04 09:15:09.825000+00:00
DHG;2025-06-20;94.71;94.71;94.33;94.71;8600;2026-09-04 09:15:09.825000+00:00
DHG;2025-06-23;94.71;94.71;94.14;94.71;22100;2026-09-04 09:15:09.825000+00:00
DHG;2025-06-24;94.9;95.09;94.62;94.62;19000;2026-09-04 09:15:09.825000+00:00
DHG;2025-06-25;95.09;95.09;94.52;94.62;5900;2026-09-04 09:15:09.825000+00:00
DHG;2025-06-26;95.0;95.0;94.24;94.9;17600;2026-09-04 09:15:09.825000+00:00
DHG;2025-06-27;94.9;94.9;94.52;94.62;4600;2026-09-04 09:15:09.825000+00:00
DHG;2025-06-30;94.62;94.9;94.33;94.81;11600;2026-09-04 09:15:09.825000+00:00
DHG;2025-07-01;94.81;94.9;94.62;94.62;8300;2026-09-04 09:15:09.825000+00:00
DHG;2025-07-02;94.62;95.95;94.62;95.76;50200;2026-09-04 09:15:09.825000+00:00
DHG;2025-07-03;95.95;96.8;95.76;95.76;28200;2026-09-04 09:15:09.825000+00:00
DHG;2025-07-04;95.85;96.33;95.19;95.76;9800;2026-09-04 09:15:09.825000+00:00
DHG;2025-07-07;95.76;96.04;95.57;95.95;14100;2026-09-04 09:15:09.825000+00:00
DHG;2025-07-08;95.95;96.61;95.95;96.61;15800;2026-09-04 09:15:09.825000+00:00
DHG;2025-07-09;96.23;96.61;96.04;96.42;20600;2026-09-04 09:15:09.825000+00:00
DHG;2025-07-10;96.23;96.52;96.04;96.42;14700;2026-09-04 09:15:09.825000+00:00
DHG;2025-07-11;96.04;96.33;95.57;95.57;16500;2026-09-04 09:15:09.825000+00:00
DHG;2025-07-14;95.57;95.66;95.19;95.66;6100;2026-09-04 09:15:09.825000+00:00
DHG;2025-07-15;95.57;96.04;95.28;95.57;22400;2026-09-04 09:15:09.825000+00:00
DHG;2025-07-16;96.42;96.42;95.57;96.23;13200;2026-09-04 09:15:09.825000+00:00
DHG;2025-07-17;96.33;96.9;95.76;96.8;22900;2026-09-04 09:15:09.825000+00:00
DHG;2025-07-18;97.0;97.47;96.04;96.33;14400;2026-09-04 09:15:09.825000+00:00
DHG;2025-07-21;96.33;96.52;96.04;96.04;9100;2026-09-04 09:15:09.825000+00:00
DHG;2025-07-22;97.47;98.9;97.28;97.47;39200;2026-09-04 09:15:09.825000+00:00
DHG;2025-07-23;97.66;98.8;97.47;98.33;19200;2026-09-04 09:15:09.825000+00:00
DHG;2025-07-24;98.42;98.52;98.14;98.33;16700;2026-09-04 09:15:09.825000+00:00
DHG;2025-07-25;98.52;98.52;97.95;97.95;17400;2026-09-04 09:15:09.825000+00:00
DHG;2025-07-28;98.14;98.61;97.95;98.23;29000;2026-09-04 09:15:09.825000+00:00
DHG;2025-07-29;98.42;98.42;96.52;96.61;14100;2026-09-04 09:15:09.825000+00:00
DHG;2025-07-30;96.61;96.8;95.85;96.04;20700;2026-09-04 09:15:09.825000+00:00
DHG;2025-07-31;96.14;97.0;96.04;97.0;40000;2026-09-04 09:15:09.825000+00:00
DHG;2025-08-01;97.66;97.66;96.14;96.71;12000;2026-09-04 09:15:09.825000+00:00
DHG;2025-08-04;96.71;97.38;96.23;96.52;16100;2026-09-04 09:15:09.825000+00:00
DHG;2025-08-05;96.52;97.95;96.04;97.76;24900;2026-09-04 09:15:09.825000+00:00
DHG;2025-08-06;96.23;97.76;96.23;97.76;16400;2026-09-04 09:15:09.825000+00:00
DHG;2025-08-07;97.76;97.95;97.28;97.76;16600;2026-09-04 09:15:09.825000+00:00
DHG;2025-08-08;97.0;97.76;97.0;97.57;13600;2026-09-04 09:15:09.825000+00:00
DHG;2025-08-11;97.57;98.42;97.57;97.85;29500;2026-09-04 09:15:09.825000+00:00
DHG;2025-08-12;97.95;98.71;97.85;98.33;24600;2026-09-04 09:15:09.825000+00:00
DHG;2025-08-13;98.52;98.52;97.09;97.57;18200;2026-09-04 09:15:09.825000+00:00
DHG;2025-08-14;97.95;98.52;97.38;97.47;18900;2026-09-04 09:15:09.825000+00:00
DHG;2025-08-15;97.95;97.95;97.0;97.19;11500;2026-09-04 09:15:09.825000+00:00
DHG;2025-08-18;97.28;97.47;96.14;97.47;16300;2026-09-04 09:15:09.825000+00:00
DHG;2025-08-19;97.47;97.57;97.09;97.19;3600;2026-09-04 09:15:09.825000+00:00
DHG;2025-08-20;97.38;97.38;96.8;97.0;18900;2026-09-04 09:15:09.825000+00:00
DHG;2025-08-21;96.8;97.0;96.52;96.61;19000;2026-09-04 09:15:09.825000+00:00
DHG;2025-08-22;96.61;97.76;95.66;96.04;16700;2026-09-04 09:15:09.825000+00:00
DHG;2025-08-25;96.04;96.8;95.76;95.85;9000;2026-09-04 09:15:09.825000+00:00
DHG;2025-08-26;96.33;96.9;96.04;96.33;3000;2026-09-04 09:15:09.825000+00:00
DHG;2025-08-27;96.23;97.47;96.04;96.23;5000;2026-09-04 09:15:09.825000+00:00
DHG;2025-08-28;96.9;96.9;96.23;96.33;7200;2026-09-04 09:15:09.825000+00:00
DHG;2025-08-29;96.33;96.8;96.23;96.71;5600;2026-09-04 09:15:09.825000+00:00
DHG;2025-09-03;96.71;96.9;96.71;96.8;12600;2026-09-04 09:15:09.825000+00:00
DHG;2025-09-04;96.8;97.57;96.8;97.0;3100;2026-09-04 09:15:09.825000+00:00
DHG;2025-09-05;97.0;97.76;97.0;97.47;18900;2026-09-04 09:15:09.825000+00:00
DHG;2025-09-08;97.47;97.95;97.09;97.28;15900;2026-09-04 09:15:09.825000+00:00
DHG;2025-09-09;97.28;97.38;97.09;97.28;6500;2026-09-04 09:15:09.825000+00:00
DHG;2025-09-10;97.28;97.38;96.52;96.8;10300;2026-09-04 09:15:09.825000+00:00
DHG;2025-09-11;96.8;96.8;96.04;96.42;9600;2026-09-04 09:15:09.825000+00:00
DHG;2025-09-12;96.33;97.38;96.14;96.52;7200;2026-09-04 09:15:09.825000+00:00
DHG;2025-09-15;97.47;97.57;96.8;97.47;8500;2026-09-04 09:15:09.825000+00:00
DHG;2025-09-16;97.28;97.57;97.0;97.47;8300;2026-09-04 09:15:09.825000+00:00
DHG;2025-09-17;97.57;97.95;97.57;97.57;14600;2026-09-04 09:15:09.825000+00:00
DHG;2025-09-18;97.28;97.85;97.0;97.09;7100;2026-09-04 09:15:09.825000+00:00
DHG;2025-09-19;97.38;97.47;96.71;97.0;13200;2026-09-04 09:15:09.825000+00:00
DHG;2025-09-22;97.0;97.0;96.71;97.0;11300;2026-09-04 09:15:09.825000+00:00
DHG;2025-09-23;97.76;97.85;96.9;97.19;8000;2026-09-04 09:15:09.825000+00:00
DHG;2025-09-24;96.42;97.0;96.23;96.9;9700;2026-09-04 09:15:09.825000+00:00
DHG;2025-09-25;96.42;97.19;96.42;96.9;4500;2026-09-04 09:15:09.825000+00:00
DHG;2025-09-26;96.9;96.9;96.61;96.8;4300;2026-09-04 09:15:09.825000+00:00
DHG;2025-09-29;96.61;96.9;96.04;96.9;16200;2026-09-04 09:15:09.825000+00:00
DHG;2025-09-30;96.9;96.9;96.04;96.52;7100;2026-09-04 09:15:09.825000+00:00
DHG;2025-10-01;96.52;97.09;96.52;96.8;5400;2026-09-04 09:15:09.825000+00:00
DHG;2025-10-02;96.8;97.0;96.71;96.8;2500;2026-09-04 09:15:09.825000+00:00
DHG;2025-10-03;96.8;96.8;96.52;96.8;3800;2026-09-04 09:15:09.825000+00:00
DHG;2025-10-06;96.8;97.0;96.71;97.0;4000;2026-09-04 09:15:09.825000+00:00
DHG;2025-10-07;97.0;97.0;96.33;96.9;4500;2026-09-04 09:15:09.825000+00:00
DHG;2025-10-08;97.0;97.09;96.71;97.0;7100;2026-09-04 09:15:09.825000+00:00
DHG;2025-10-09;97.09;97.09;97.0;97.09;19200;2026-09-04 09:15:09.825000+00:00
DHG;2025-10-10;96.14;97.19;96.14;97.19;11800;2026-09-04 09:15:09.825000+00:00
DHG;2025-10-13;96.33;97.0;96.14;97.0;11900;2026-09-04 09:15:09.825000+00:00
DHG;2025-10-14;97.19;97.19;97.0;97.0;8000;2026-09-04 09:15:09.825000+00:00
DHG;2025-10-15;96.33;96.8;96.33;96.61;5900;2026-09-04 09:15:09.825000+00:00
DHG;2025-10-16;96.61;97.0;96.23;96.52;7100;2026-09-04 09:15:09.825000+00:00
DHG;2025-10-17;97.66;97.66;96.42;96.42;6500;2026-09-04 09:15:09.825000+00:00
DHG;2025-10-20;96.42;96.9;95.47;96.04;11200;2026-09-04 09:15:09.825000+00:00
DHG;2025-10-21;96.04;96.8;96.04;96.14;19500;2026-09-04 09:15:09.825000+00:00
DHG;2025-10-22;97.0;101.94;97.0;99.94;110900;2026-09-04 09:15:09.825000+00:00
DHG;2025-10-23;99.94;100.8;99.94;100.13;28000;2026-09-04 09:15:09.825000+00:00
DHG;2025-10-24;100.51;100.51;98.52;99.75;23400;2026-09-04 09:15:09.825000+00:00
DHG;2025-10-27;98.42;101.27;98.42;101.27;51400;2026-09-04 09:15:09.825000+00:00
DHG;2025-10-28;101.75;104.13;101.27;102.8;49100;2026-09-04 09:15:09.825000+00:00
DHG;2025-10-29;102.89;104.6;101.75;102.7;54300;2026-09-04 09:15:09.825000+00:00
DHG;2025-10-30;103.27;103.27;100.04;100.42;37200;2026-09-04 09:15:09.825000+00:00
DHG;2025-10-31;100.42;100.42;98.9;100.42;48100;2026-09-04 09:15:09.825000+00:00
DHG;2025-11-03;100.42;101.56;99.18;99.56;31800;2026-09-04 09:15:09.825000+00:00
DHG;2025-11-04;99.66;99.66;97.47;97.85;34200;2026-09-04 09:15:09.825000+00:00
DHG;2025-11-05;97.85;99.37;97.85;99.37;9100;2026-09-04 09:15:09.825000+00:00
DHG;2025-11-06;99.47;99.47;98.52;99.37;10000;2026-09-04 09:15:09.825000+00:00
DHG;2025-11-07;99.37;99.85;98.04;98.04;17200;2026-09-04 09:15:09.825000+00:00
DHG;2025-11-10;97.95;98.8;97.57;97.76;12300;2026-09-04 09:15:09.825000+00:00
DHG;2025-11-11;97.66;97.76;96.61;97.76;43200;2026-09-04 09:15:09.825000+00:00
DHG;2025-11-12;97.76;99.66;97.0;98.42;16900;2026-09-04 09:15:09.825000+00:00
DHG;2025-11-13;98.42;99.37;97.47;98.33;6400;2026-09-04 09:15:09.825000+00:00
DHG;2025-11-14;98.33;98.8;98.04;98.61;4900;2026-09-04 09:15:09.825000+00:00
DHG;2025-11-17;98.8;99.18;98.14;98.61;13900;2026-09-04 09:15:09.825000+00:00
DHG;2025-11-18;98.42;99.28;98.23;98.42;6900;2026-09-04 09:15:09.825000+00:00
DHG;2025-11-19;98.42;98.42;97.66;97.66;6500;2026-09-04 09:15:09.825000+00:00
DHG;2025-11-20;97.66;98.33;97.38;97.57;10500;2026-09-04 09:15:09.825000+00:00
DHG;2025-11-21;97.47;97.85;97.0;97.76;23900;2026-09-04 09:15:09.825000+00:00
DHG;2025-11-24;97.76;97.76;97.57;97.66;3000;2026-09-04 09:15:09.825000+00:00
DHG;2025-11-25;97.47;98.42;97.47;97.47;12600;2026-09-04 09:15:09.825000+00:00
DHG;2025-11-26;97.47;97.76;97.38;97.76;4500;2026-09-04 09:15:09.825000+00:00
DHG;2025-11-27;97.76;97.95;97.19;97.57;3100;2026-09-04 09:15:09.825000+00:00
DHG;2025-11-28;97.57;97.95;97.57;97.57;4300;2026-09-04 09:15:09.825000+00:00
DHG;2025-12-01;97.57;98.61;97.47;98.42;6100;2026-09-04 09:15:09.825000+00:00
DHG;2025-12-02;97.57;98.42;97.57;97.95;7100;2026-09-04 09:15:09.825000+00:00
DHG;2025-12-03;98.14;98.14;97.85;98.14;10400;2026-09-04 09:15:09.825000+00:00
DHG;2025-12-04;98.14;98.8;98.14;98.61;29300;2026-09-04 09:15:09.825000+00:00
DHG;2025-12-05;98.52;98.71;97.95;98.71;20200;2026-09-04 09:15:09.825000+00:00
DHG;2025-12-08;99.66;99.85;98.52;98.9;18900;2026-09-04 09:15:09.825000+00:00
DHG;2025-12-09;98.9;99.37;97.47;97.85;13600;2026-09-04 09:15:09.825000+00:00
DHG;2025-12-10;97.57;98.14;97.38;97.47;24900;2026-09-04 09:15:09.825000+00:00
DHG;2025-12-11;97.66;98.04;97.57;97.95;5700;2026-09-04 09:15:09.825000+00:00
DHG;2025-12-12;97.95;98.52;97.0;97.0;24400;2026-09-04 09:15:09.825000+00:00
DHG;2025-12-15;97.09;97.28;96.8;96.9;6000;2026-09-04 09:15:09.825000+00:00
DHG;2025-12-16;97.0;97.95;96.9;97.95;23100;2026-09-04 09:15:09.825000+00:00
DHG;2025-12-17;97.0;97.0;96.04;97.0;41200;2026-09-04 09:15:09.825000+00:00
DHG;2025-12-18;96.23;97.0;96.04;96.33;22600;2026-09-04 09:15:09.825000+00:00
DHG;2025-12-19;96.33;96.52;96.04;96.42;40300;2026-09-04 09:15:09.825000+00:00
DHG;2025-12-22;96.33;96.42;96.04;96.42;21000;2026-09-04 09:15:09.825000+00:00
DHG;2025-12-23;96.42;96.42;96.23;96.33;15900;2026-09-04 09:15:09.825000+00:00
DHG;2025-12-24;96.33;96.33;96.04;96.14;11900;2026-09-04 09:15:09.825000+00:00
DHG;2025-12-25;96.52;96.8;96.14;96.42;16800;2026-09-04 09:15:09.825000+00:00
DHG;2025-12-26;96.42;96.42;95.09;96.42;27800;2026-09-04 09:15:09.825000+00:00
DHG;2025-12-29;96.42;97.85;96.42;97.09;10700;2026-09-04 09:15:09.825000+00:00
DHG;2025-12-30;97.19;97.76;97.19;97.47;12200;2026-09-04 09:15:09.825000+00:00
DHG;2025-12-31;96.9;97.47;96.61;97.28;16600;2026-09-04 09:15:09.825000+00:00
DHG;2026-01-05;97.28;97.28;96.52;97.0;8300;2026-09-04 09:15:09.825000+00:00
DHG;2026-01-06;97.95;97.95;97.0;97.47;5900;2026-09-04 09:15:09.825000+00:00
DHG;2026-01-07;96.42;97.95;96.42;97.66;13800;2026-09-04 09:15:09.825000+00:00
DHG;2026-01-08;97.66;98.14;97.66;97.85;10100;2026-09-04 09:15:09.825000+00:00
DHG;2026-01-09;98.14;98.14;97.85;97.85;15900;2026-09-04 09:15:09.825000+00:00
DHG;2026-01-12;97.95;99.28;97.95;99.09;32900;2026-09-04 09:15:09.825000+00:00
DHG;2026-01-13;99.09;99.18;97.57;99.09;13900;2026-09-04 09:15:09.825000+00:00
DHG;2026-01-14;98.71;99.85;98.71;99.47;22400;2026-09-04 09:15:09.825000+00:00
DHG;2026-01-15;99.47;103.65;99.47;101.27;28700;2026-09-04 09:15:09.825000+00:00
DHG;2026-01-16;101.08;101.65;99.85;101.46;15900;2026-09-04 09:15:09.825000+00:00
DHG;2026-01-19;101.75;102.7;100.42;101.65;34500;2026-09-04 09:15:09.825000+00:00
DHG;2026-01-20;101.75;102.13;99.37;99.37;34500;2026-09-04 09:15:09.825000+00:00
DHG;2026-01-21;98.9;98.99;97.85;98.33;39000;2026-09-04 09:15:09.825000+00:00
DHG;2026-01-22;98.33;99.66;98.33;98.52;17500;2026-09-04 09:15:09.825000+00:00
DHG;2026-01-23;99.37;99.37;98.23;98.52;13300;2026-09-04 09:15:09.825000+00:00
DHG;2026-01-26;98.52;98.71;97.47;97.85;24700;2026-09-04 09:15:09.825000+00:00
DHG;2026-01-27;97.19;98.52;97.19;98.33;9000;2026-09-04 09:15:09.825000+00:00
DHG;2026-01-28;98.33;98.71;98.33;98.42;10800;2026-09-04 09:15:09.825000+00:00
DHG;2026-01-29;99.28;99.28;97.95;98.61;23700;2026-09-04 09:15:09.825000+00:00
DHG;2026-01-30;98.61;99.66;98.42;98.9;12900;2026-09-04 09:15:09.825000+00:00
DHG;2026-02-02;98.52;99.75;98.42;98.9;12600;2026-09-04 09:15:09.825000+00:00
DHG;2026-02-03;99.75;99.75;98.99;99.09;20800;2026-09-04 09:15:09.825000+00:00
DHG;2026-02-04;99.18;99.18;98.23;98.8;12400;2026-09-04 09:15:09.825000+00:00
DHG;2026-02-05;99.09;99.09;98.04;98.04;4800;2026-09-04 09:15:09.825000+00:00
DHG;2026-02-06;98.42;98.8;97.19;97.95;38100;2026-09-04 09:15:09.825000+00:00
DHG;2026-02-09;97.95;98.52;97.57;98.52;26700;2026-09-04 09:15:09.825000+00:00
DHG;2026-02-10;98.71;98.71;97.0;98.33;13200;2026-09-04 09:15:09.825000+00:00
DHG;2026-02-11;98.33;98.42;97.95;98.33;2900;2026-09-04 09:15:09.825000+00:00
DHG;2026-02-12;98.42;98.42;98.14;98.42;3500;2026-09-04 09:15:09.825000+00:00
DHG;2026-02-13;98.42;98.42;98.14;98.42;2900;2026-09-04 09:15:09.825000+00:00
DHG;2026-02-23;98.52;99.09;98.23;98.9;8300;2026-09-04 09:15:09.825000+00:00
DHG;2026-02-24;98.99;99.85;98.71;99.56;11600;2026-09-04 09:15:09.825000+00:00
DHG;2026-02-25;99.85;100.32;99.47;99.47;17500;2026-09-04 09:15:09.825000+00:00
DHG;2026-02-26;99.47;99.47;99.18;99.47;7700;2026-09-04 09:15:09.825000+00:00
DHG;2026-02-27;99.66;99.66;99.18;99.47;9500;2026-09-04 09:15:09.825000+00:00
DHG;2026-03-02;99.75;99.75;98.04;98.23;12200;2026-09-04 09:15:09.825000+00:00
DHG;2026-03-03;98.42;98.52;98.04;98.23;13100;2026-09-04 09:15:09.825000+00:00
DHG;2026-03-04;99.28;99.28;97.47;97.95;14400;2026-09-04 09:15:09.825000+00:00
DHG;2026-03-05;98.71;98.71;97.76;97.76;4900;2026-09-04 09:15:09.825000+00:00
DHG;2026-03-06;97.76;98.42;97.66;98.14;7200;2026-09-04 09:15:09.825000+00:00
DHG;2026-03-09;96.04;97.57;93.19;94.14;89800;2026-09-04 09:15:09.825000+00:00
DHG;2026-03-10;95.09;96.9;95.09;96.42;10000;2026-09-04 09:15:09.825000+00:00
DHG;2026-03-11;97.76;97.76;96.33;96.33;7400;2026-09-04 09:15:09.825000+00:00
DHG;2026-03-12;96.42;97.19;95.85;95.85;9400;2026-09-04 09:15:09.825000+00:00
DHG;2026-03-13;96.04;97.09;96.04;96.33;8700;2026-09-04 09:15:09.825000+00:00
DHG;2026-03-16;96.9;97.0;96.14;96.8;11600;2026-09-04 09:15:09.825000+00:00
DHG;2026-03-17;97.0;97.0;96.52;97.0;5400;2026-09-04 09:15:09.825000+00:00
DHG;2026-03-18;96.42;97.0;96.42;97.0;8200;2026-09-04 09:15:09.825000+00:00
DHG;2026-03-19;96.9;97.0;95.76;95.95;17200;2026-09-04 09:15:09.825000+00:00
DHG;2026-03-20;95.85;96.9;95.38;95.85;4300;2026-09-04 09:15:09.825000+00:00
DHG;2026-03-23;95.19;95.57;94.14;94.9;13000;2026-09-04 09:15:09.825000+00:00
DHG;2026-03-24;95.09;95.28;94.9;95.19;18300;2026-09-04 09:15:09.825000+00:00
DHG;2026-03-25;95.57;96.04;95.09;96.04;6500;2026-09-04 09:15:09.825000+00:00
DHG;2026-03-26;95.0;96.61;95.0;95.85;26700;2026-09-04 09:15:09.825000+00:00
DHG;2026-03-27;95.85;96.23;95.47;96.04;14800;2026-09-04 09:15:09.825000+00:00
DHG;2026-03-30;95.19;96.14;95.09;96.04;12200;2026-09-04 09:15:09.825000+00:00
DHG;2026-03-31;95.95;96.14;95.66;95.95;15400;2026-09-04 09:15:09.825000+00:00
DHG;2026-04-01;97.19;97.19;96.04;96.52;8300;2026-09-04 09:15:09.825000+00:00
DHG;2026-04-02;96.52;96.52;95.38;95.57;9400;2026-09-04 09:15:09.825000+00:00
DHG;2026-04-03;96.42;96.42;95.66;95.76;2500;2026-09-04 09:15:09.825000+00:00
DHG;2026-04-06;96.04;96.04;95.0;95.09;8400;2026-09-04 09:15:09.825000+00:00
DHG;2026-04-07;95.19;95.19;94.71;94.9;21800;2026-09-04 09:15:09.825000+00:00
DHG;2026-04-08;95.19;95.85;95.09;95.85;21500;2026-09-04 09:15:09.825000+00:00
DHG;2026-04-09;95.09;95.57;95.09;95.38;6900;2026-09-04 09:15:09.825000+00:00
DHG;2026-04-10;96.04;96.04;95.09;95.47;14100;2026-09-04 09:15:09.825000+00:00
DHG;2026-04-13;95.47;95.47;94.81;95.28;11200;2026-09-04 09:15:09.825000+00:00
DHG;2026-04-14;96.04;96.04;94.33;94.62;27500;2026-09-04 09:15:09.825000+00:00
DHG;2026-04-15;95.09;95.09;94.52;94.71;10400;2026-09-04 09:15:09.825000+00:00
DHG;2026-04-16;94.43;95.0;94.43;94.71;11500;2026-09-04 09:15:09.825000+00:00
DHG;2026-04-17;94.71;94.9;94.43;94.81;14000;2026-09-04 09:15:09.825000+00:00
DHG;2026-04-20;94.81;95.09;94.52;94.71;11500;2026-09-04 09:15:09.825000+00:00
DHG;2026-04-21;95.0;95.47;94.62;94.81;16700;2026-09-04 09:15:09.825000+00:00
DHG;2026-04-22;94.81;95.95;94.24;94.52;13600;2026-09-04 09:15:09.825000+00:00
DHG;2026-04-23;95.09;95.09;94.43;94.71;23600;2026-09-04 09:15:09.825000+00:00
DHG;2026-04-24;94.71;94.81;94.33;94.62;12900;2026-09-04 09:15:09.825000+00:00
DHG;2026-04-28;94.62;95.09;94.62;94.81;17900;2026-09-04 09:15:09.825000+00:00
DHG;2026-04-29;94.9;95.09;94.62;95.09;24800;2026-09-04 09:15:09.825000+00:00
DHG;2026-05-04;95.57;96.52;95.09;96.52;48300;2026-09-04 09:15:09.825000+00:00
DHG;2026-05-05;96.52;96.71;96.04;96.42;12500;2026-09-04 09:15:09.825000+00:00
DHG;2026-05-06;97.0;97.28;96.23;96.33;12500;2026-09-04 09:15:09.825000+00:00
DHG;2026-05-07;97.66;97.66;96.61;97.0;33300;2026-09-04 09:15:09.825000+00:00
DHG;2026-05-08;97.0;97.0;95.57;96.9;27800;2026-09-04 09:15:09.825000+00:00
DHG;2026-05-11;98.0;98.0;97.0;97.2;51000;2026-09-04 09:15:09.825000+00:00
DHG;2026-05-12;97.4;97.4;96.9;97.2;21800;2026-09-04 09:15:09.825000+00:00
DHG;2026-05-13;97.2;97.2;96.0;96.8;13700;2026-09-04 09:15:09.825000+00:00
DHG;2026-05-14;96.6;96.8;96.5;96.8;13300;2026-09-04 09:15:09.825000+00:00
DHG;2026-05-15;96.6;96.8;96.6;96.6;2000;2026-09-04 09:15:09.825000+00:00
DHG;2026-05-18;96.6;96.6;96.0;96.3;13300;2026-09-04 09:15:09.825000+00:00
DHG;2026-05-19;96.0;96.1;94.9;94.9;21100;2026-09-04 09:15:09.825000+00:00
DHG;2026-05-20;94.9;94.9;94.1;94.4;10400;2026-09-04 09:15:09.825000+00:00
DHG;2026-05-21;94.4;95.3;94.4;95.0;5100;2026-09-04 09:15:09.825000+00:00
DHG;2026-05-22;95.0;95.0;94.3;94.4;9400;2026-09-04 09:15:09.825000+00:00
DHG;2026-05-25;94.4;94.6;94.4;94.4;5200;2026-09-04 09:15:09.825000+00:00
DHG;2026-05-26;94.0;94.9;94.0;94.4;5900;2026-09-04 09:15:09.825000+00:00
DHG;2026-05-27;94.4;94.7;94.4;94.5;2800;2026-09-04 09:15:09.825000+00:00
DHG;2026-05-28;94.5;94.9;94.2;94.4;6600;2026-09-04 09:15:09.825000+00:00
DHG;2026-05-29;94.4;94.4;93.7;93.7;19500;2026-09-04 09:15:09.825000+00:00
DHG;2026-06-01;94.7;94.7;93.7;93.8;5600;2026-09-04 09:15:09.825000+00:00
DHG;2026-06-02;94.0;94.5;93.7;94.0;4200;2026-09-04 09:15:09.825000+00:00
DHG;2026-06-03;93.8;94.0;93.7;93.9;5900;2026-09-04 09:15:09.825000+00:00
DHG;2026-06-04;93.9;93.9;93.0;93.0;12400;2026-09-04 09:15:09.825000+00:00
DHG;2026-06-05;93.7;93.7;93.2;93.4;4500;2026-09-04 09:15:09.825000+00:00
DHG;2026-06-08;93.4;93.4;92.9;93.0;12400;2026-09-04 09:15:09.825000+00:00
DHG;2026-06-09;92.9;93.4;92.9;93.4;4000;2026-09-04 09:15:09.825000+00:00
DHG;2026-06-10;92.9;93.3;92.9;93.3;9700;2026-09-04 09:15:09.825000+00:00
DHG;2026-06-11;92.8;93.2;92.3;93.2;6000;2026-09-04 09:15:09.825000+00:00
DHG;2026-06-12;93.5;93.5;93.1;93.2;4300;2026-09-04 09:15:09.825000+00:00
DHG;2026-06-15;93.9;94.0;93.2;94.0;13200;2026-09-04 09:15:09.825000+00:00
DHG;2026-06-16;94.1;94.4;94.1;94.2;5900;2026-09-04 09:15:09.825000+00:00
DHG;2026-06-17;93.8;94.2;93.8;94.2;11700;2026-09-04 09:15:09.825000+00:00
DHG;2026-06-18;93.6;93.8;92.6;93.6;27100;2026-09-04 09:15:09.825000+00:00
DHG;2026-06-19;93.5;93.5;93.0;93.4;3900;2026-09-04 09:15:09.825000+00:00
DHG;2026-06-22;93.0;94.4;93.0;94.0;3200;2026-09-04 09:15:09.825000+00:00
DHG;2026-06-23;95.0;95.0;93.8;94.7;9700;2026-09-04 09:15:09.825000+00:00
DHG;2026-06-24;94.5;94.5;92.8;93.3;3700;2026-09-04 09:15:09.825000+00:00
DHG;2026-06-25;93.3;94.0;93.0;93.9;4900;2026-09-04 09:15:09.825000+00:00
DHG;2026-06-26;93.1;93.8;92.9;93.8;7900;2026-09-04 09:15:09.825000+00:00
DHG;2026-06-29;93.8;93.8;93.2;93.8;2600;2026-09-04 09:15:09.825000+00:00
DHG;2026-06-30;93.8;94.0;93.2;93.2;4700;2026-09-04 09:15:09.825000+00:00
DHG;2026-07-01;93.2;93.8;93.2;93.6;4100;2026-09-04 09:15:09.825000+00:00
DHG;2026-07-02;93.8;94.0;93.6;93.6;4600;2026-09-04 09:15:09.825000+00:00
DHG;2026-07-03;93.6;93.6;93.5;93.6;2800;2026-09-04 09:15:09.825000+00:00
DHG;2026-07-06;93.7;94.8;93.3;93.9;6000;2026-09-04 09:15:09.825000+00:00
DHG;2026-07-07;93.4;93.5;93.4;93.4;1400;2026-09-04 09:15:09.825000+00:00
DHG;2026-07-08;93.3;94.3;93.0;93.0;13900;2026-09-04 09:15:09.825000+00:00
DHG;2026-07-09;93.2;93.2;93.0;93.0;3300;2026-09-04 09:15:09.825000+00:00
DHG;2026-07-10;93.0;93.5;92.8;93.0;2500;2026-09-04 09:15:09.825000+00:00
DHG;2026-07-13;92.0;92.9;92.0;92.5;9600;2026-09-04 09:15:09.825000+00:00
DHG;2026-07-14;92.1;93.3;91.9;93.0;4500;2026-09-04 09:15:09.825000+00:00
DHG;2026-07-15;92.1;92.8;91.8;92.0;2800;2026-09-04 09:15:09.825000+00:00
DHG;2026-07-16;92.0;92.5;91.6;92.2;5200;2026-09-04 09:15:09.825000+00:00
DHG;2026-07-17;92.2;92.5;91.9;92.0;2800;2026-09-04 09:15:09.825000+00:00
DHG;2026-07-20;92.0;92.0;90.8;90.8;12600;2026-09-04 09:15:09.825000+00:00
DHG;2026-07-21;91.2;92.0;91.2;91.9;4200;2026-09-04 09:15:09.825000+00:00
DHG;2026-07-22;91.9;93.1;91.0;91.0;9000;2026-09-04 09:15:09.825000+00:00
DHG;2026-07-23;91.0;91.2;89.9;90.2;11500;2026-09-04 09:15:09.825000+00:00
DHG;2026-07-24;90.5;91.0;90.0;90.9;8800;2026-09-04 09:15:09.825000+00:00
DHG;2026-07-27;91.0;91.7;91.0;91.0;3400;2026-09-04 09:15:09.825000+00:00
DHG;2026-07-28;91.0;91.5;90.5;91.5;9900;2026-09-04 09:15:09.825000+00:00
DHG;2026-07-29;91.4;91.9;91.3;91.6;18100;2026-09-04 09:15:09.825000+00:00
DHG;2026-07-30;91.6;92.7;91.6;92.7;14500;2026-09-04 09:15:09.825000+00:00
DHG;2026-07-31;92.6;92.8;92.4;92.6;11600;2026-09-04 09:15:09.825000+00:00
DHG;2026-08-03;92.8;93.2;92.7;93.0;10800;2026-09-04 09:15:09.825000+00:00
DHG;2026-08-04;92.9;93.5;92.9;93.5;6100;2026-09-04 09:15:09.825000+00:00
DHG;2026-08-05;97.0;97.0;93.9;94.8;33800;2026-09-04 08:48:58.548000+00:00
DHG;2026-08-06;94.8;95.5;94.7;94.8;16100;2026-09-04 08:48:58.548000+00:00
DHG;2026-08-07;95.3;95.6;95.0;95.6;8300;2026-09-04 08:48:58.548000+00:00
DHG;2026-08-10;95.6;96.0;95.6;95.9;6900;2026-09-04 08:48:58.548000+00:00
DHG;2026-08-11;96.9;96.9;95.9;95.9;5900;2026-09-04 08:48:58.548000+00:00
DHG;2026-08-12;95.8;95.8;94.1;95.6;7700;2026-09-04 08:48:58.548000+00:00
DHG;2026-08-13;95.0;95.3;94.9;94.9;6700;2026-09-04 08:48:58.548000+00:00
DHG;2026-08-14;94.2;94.2;93.1;93.6;5900;2026-09-04 08:48:58.548000+00:00
DHG;2026-08-17;93.0;93.5;93.0;93.5;5400;2026-09-04 08:48:58.548000+00:00
DHG;2026-08-18;93.5;93.5;93.3;93.5;3600;2026-09-04 08:48:58.548000+00:00
DHG;2026-08-19;93.5;93.8;93.0;93.8;1800;2026-09-04 08:48:58.548000+00:00
DHG;2026-08-20;93.8;93.8;93.3;93.3;1500;2026-09-04 08:48:58.548000+00:00
DHG;2026-08-21;93.3;95.0;93.3;94.9;12400;2026-09-04 08:48:58.548000+00:00
DHG;2026-08-24;96.0;96.3;95.9;96.1;14100;2026-09-04 08:48:58.548000+00:00
DHG;2026-08-25;96.3;96.4;94.6;95.6;6700;2026-09-04 08:48:58.548000+00:00
DHG;2026-08-26;96.5;96.5;95.7;96.0;4200;2026-09-04 08:48:58.548000+00:00
DHG;2026-08-27;96.0;96.0;95.1;95.8;6600;2026-09-04 08:48:58.548000+00:00
DHG;2026-08-28;95.8;95.9;95.1;95.7;2500;2026-09-04 08:48:58.548000+00:00
DHG;2026-09-03;95.6;95.9;95.0;95.9;20100;2026-09-04 08:48:58.548000+00:00
DHG;2026-09-04;96.3;96.3;95.6;95.6;6900;2026-09-05 02:08:03.180000+00:00
FRT;2025-05-05;131.2;131.43;131.2;131.43;626200;2026-09-04 09:14:54.800000+00:00
FRT;2025-05-06;132.11;132.11;130.74;130.9;247700;2026-09-04 09:14:54.800000+00:00
FRT;2025-05-07;130.59;131.96;129.52;131.96;497200;2026-09-04 09:14:54.800000+00:00
FRT;2025-05-08;131.96;131.96;129.9;129.9;333500;2026-09-04 09:14:54.800000+00:00
FRT;2025-05-09;130.51;131.05;129.45;129.9;332600;2026-09-04 09:14:54.800000+00:00
FRT;2025-05-12;129.98;131.5;129.14;131.5;306400;2026-09-04 09:14:54.800000+00:00
FRT;2025-05-13;131.5;136.84;131.5;133.33;396900;2026-09-04 09:14:54.800000+00:00
FRT;2025-05-14;133.33;134.78;132.57;133.33;484700;2026-09-04 09:14:54.800000+00:00
FRT;2025-05-15;134.1;134.78;131.05;133.33;276200;2026-09-04 09:14:54.800000+00:00
FRT;2025-05-16;133.49;133.49;130.9;130.9;206800;2026-09-04 09:14:54.800000+00:00
FRT;2025-05-19;129.52;130.67;128.0;128.0;323500;2026-09-04 09:14:54.800000+00:00
FRT;2025-05-20;128.46;130.06;128.38;129.83;175600;2026-09-04 09:14:54.800000+00:00
FRT;2025-05-21;130.06;130.06;127.24;127.39;347600;2026-09-04 09:14:54.800000+00:00
FRT;2025-05-22;127.24;127.77;124.8;125.41;427800;2026-09-04 09:14:54.800000+00:00
FRT;2025-05-23;124.57;126.78;124.27;124.42;140200;2026-09-04 09:14:54.800000+00:00
FRT;2025-05-26;124.19;124.95;122.21;123.58;366500;2026-09-04 09:14:54.800000+00:00
FRT;2025-05-27;124.04;129.07;124.04;128.08;428500;2026-09-04 09:14:54.800000+00:00
FRT;2025-05-28;129.52;129.52;126.1;127.62;235600;2026-09-04 09:14:54.800000+00:00
FRT;2025-05-29;127.16;127.62;124.95;127.62;412900;2026-09-04 09:14:54.800000+00:00
FRT;2025-05-30;128.08;128.08;125.71;128.0;306000;2026-09-04 09:14:54.800000+00:00
FRT;2025-06-02;124.95;128.0;124.95;125.64;219000;2026-09-04 09:14:54.800000+00:00
FRT;2025-06-03;125.03;129.45;125.03;129.14;535900;2026-09-04 09:14:54.800000+00:00
FRT;2025-06-04;129.6;130.29;128.0;128.0;161900;2026-09-04 09:14:54.800000+00:00
FRT;2025-06-05;128.76;128.76;126.48;128.0;226100;2026-09-04 09:14:54.800000+00:00
FRT;2025-06-06;128.0;128.0;125.71;125.71;186200;2026-09-04 09:14:54.800000+00:00
FRT;2025-06-09;125.71;130.97;125.71;129.83;907000;2026-09-04 09:14:54.800000+00:00
FRT;2025-06-10;130.21;137.83;130.21;137.07;1068200;2026-09-04 09:14:54.800000+00:00
FRT;2025-06-11;137.14;137.14;134.4;135.62;242100;2026-09-04 09:14:54.800000+00:00
FRT;2025-06-12;136.3;136.3;133.33;134.1;349900;2026-09-04 09:14:54.800000+00:00
FRT;2025-06-13;134.02;134.4;125.71;130.36;570800;2026-09-04 09:14:54.800000+00:00
FRT;2025-06-16;130.67;132.5;129.52;132.5;224000;2026-09-04 09:14:54.800000+00:00
FRT;2025-06-17;133.33;135.16;131.05;135.16;267900;2026-09-04 09:14:54.800000+00:00
FRT;2025-06-18;135.16;135.16;131.89;132.5;473400;2026-09-04 09:14:54.800000+00:00
FRT;2025-06-19;132.72;132.72;130.74;132.57;375000;2026-09-04 09:14:54.800000+00:00
FRT;2025-06-20;131.43;133.18;131.05;131.2;226300;2026-09-04 09:14:54.800000+00:00
FRT;2025-06-23;130.21;131.2;128.46;131.2;265200;2026-09-04 09:14:54.800000+00:00
FRT;2025-06-24;131.2;131.81;129.6;131.05;357500;2026-09-04 09:14:54.800000+00:00
FRT;2025-06-25;129.9;131.66;129.9;131.43;256700;2026-09-04 09:14:54.800000+00:00
FRT;2025-06-26;130.82;134.78;130.44;132.95;655100;2026-09-04 09:14:54.800000+00:00
FRT;2025-06-27;132.95;134.63;131.5;133.71;381900;2026-09-04 09:14:54.800000+00:00
FRT;2025-06-30;134.7;136.99;133.41;136.53;667700;2026-09-04 09:14:54.800000+00:00
FRT;2025-07-01;136.61;140.65;136.23;136.84;1059200;2026-09-04 09:14:54.800000+00:00
FRT;2025-07-02;136.84;137.9;135.7;137.9;240800;2026-09-04 09:14:54.800000+00:00
FRT;2025-07-03;139.05;142.4;137.22;141.71;800800;2026-09-04 09:14:54.800000+00:00
FRT;2025-07-04;141.79;144.76;141.1;143.54;511500;2026-09-04 09:14:54.800000+00:00
FRT;2025-07-07;143.62;144.61;141.49;142.02;266700;2026-09-04 09:14:54.800000+00:00
FRT;2025-07-08;141.87;143.47;141.79;141.94;395800;2026-09-04 09:14:54.800000+00:00
FRT;2025-07-09;142.17;142.55;139.28;142.32;760100;2026-09-04 09:14:54.800000+00:00
FRT;2025-07-10;142.32;142.32;139.89;139.89;412300;2026-09-04 09:14:54.800000+00:00
FRT;2025-07-11;139.96;141.71;139.5;139.5;327000;2026-09-04 09:14:54.800000+00:00
FRT;2025-07-14;139.96;145.14;139.66;145.14;696300;2026-09-04 09:14:54.800000+00:00
FRT;2025-07-15;145.22;145.68;143.01;143.92;533900;2026-09-04 09:14:54.800000+00:00
FRT;2025-07-16;146.67;148.1;143.14;144.76;832200;2026-09-04 09:14:54.800000+00:00
FRT;2025-07-17;146.67;147.62;144.48;145.14;530300;2026-09-04 09:14:54.800000+00:00
FRT;2025-07-18;144.95;147.52;144.67;145.05;434100;2026-09-04 09:14:54.800000+00:00
FRT;2025-07-21;144.76;145.71;144.67;144.76;432100;2026-09-04 09:14:54.800000+00:00
FRT;2025-07-22;144.38;144.86;143.71;143.81;324200;2026-09-04 09:14:54.800000+00:00
FRT;2025-07-23;143.81;150.76;143.81;150.0;944000;2026-09-04 09:14:54.800000+00:00
FRT;2025-07-24;150.19;150.19;148.57;149.14;360500;2026-09-04 09:14:54.800000+00:00
FRT;2025-07-25;149.14;151.43;148.19;150.48;463500;2026-09-04 09:14:54.800000+00:00
FRT;2025-07-28;150.48;150.48;148.48;149.14;317900;2026-09-04 09:14:54.800000+00:00
FRT;2025-07-29;148.38;149.43;143.81;145.62;782200;2026-09-04 09:14:54.800000+00:00
FRT;2025-07-30;144.76;147.33;143.14;147.33;843900;2026-09-04 09:14:54.800000+00:00
FRT;2025-07-31;147.24;147.33;143.62;147.33;694300;2026-09-04 09:14:54.800000+00:00
FRT;2025-08-01;145.71;147.14;144.57;147.14;722400;2026-09-04 09:14:54.800000+00:00
FRT;2025-08-04;146.57;146.86;144.57;146.86;415400;2026-09-04 09:14:54.800000+00:00
FRT;2025-08-05;144.86;146.1;143.81;143.81;1142100;2026-09-04 09:14:54.800000+00:00
FRT;2025-08-06;143.81;146.67;143.43;146.67;564300;2026-09-04 09:14:54.800000+00:00
FRT;2025-08-07;145.52;146.19;144.76;144.76;271300;2026-09-04 09:14:54.800000+00:00
FRT;2025-08-08;144.76;145.71;143.9;144.29;559700;2026-09-04 09:14:54.800000+00:00
FRT;2025-08-11;144.1;145.24;143.33;143.81;846000;2026-09-04 09:14:54.800000+00:00
FRT;2025-08-12;143.81;143.81;141.9;142.86;920300;2026-09-04 09:14:54.800000+00:00
FRT;2025-08-13;143.81;143.81;140.48;141.14;670900;2026-09-04 09:14:54.800000+00:00
FRT;2025-08-14;140.76;140.95;136.29;136.29;1097300;2026-09-04 09:14:54.800000+00:00
FRT;2025-08-15;136.48;138.1;131.43;135.71;1028800;2026-09-04 09:14:54.800000+00:00
FRT;2025-08-18;135.33;135.33;131.62;131.71;360400;2026-09-04 09:14:54.800000+00:00
FRT;2025-08-19;131.71;135.05;131.43;131.52;573900;2026-09-04 09:14:54.800000+00:00
FRT;2025-08-20;132.1;132.1;126.86;126.86;563500;2026-09-04 09:14:54.800000+00:00
FRT;2025-08-21;124.76;128.0;122.29;122.38;902900;2026-09-04 09:14:54.800000+00:00
FRT;2025-08-22;123.81;126.57;122.86;124.38;569300;2026-09-04 09:14:54.800000+00:00
FRT;2025-08-25;125.81;126.48;122.57;122.76;372900;2026-09-04 09:14:54.800000+00:00
FRT;2025-08-26;120.95;126.1;119.62;126.1;522900;2026-09-04 09:14:54.800000+00:00
FRT;2025-08-27;126.1;128.1;123.9;124.76;511500;2026-09-04 09:14:54.800000+00:00
FRT;2025-08-28;126.1;127.14;124.38;125.81;332400;2026-09-04 09:14:54.800000+00:00
FRT;2025-08-29;124.76;125.43;123.81;124.38;737000;2026-09-04 09:14:54.800000+00:00
FRT;2025-09-03;124.29;124.29;121.9;122.0;640500;2026-09-04 09:14:54.800000+00:00
FRT;2025-09-04;122.0;124.76;121.9;123.62;552500;2026-09-04 09:14:54.800000+00:00
FRT;2025-09-05;123.9;126.95;123.9;125.52;946000;2026-09-04 09:14:54.800000+00:00
FRT;2025-09-08;126.29;126.29;122.38;123.81;470400;2026-09-04 09:14:54.800000+00:00
FRT;2025-09-09;123.81;123.81;121.52;122.1;398900;2026-09-04 09:14:54.800000+00:00
FRT;2025-09-10;121.9;122.86;120.86;122.38;570200;2026-09-04 09:14:54.800000+00:00
FRT;2025-09-11;121.24;122.76;117.14;122.76;392100;2026-09-04 09:14:54.800000+00:00
FRT;2025-09-12;121.62;124.76;121.62;124.76;370900;2026-09-04 09:14:54.800000+00:00
FRT;2025-09-15;125.71;127.43;125.24;126.86;655900;2026-09-04 09:14:54.800000+00:00
FRT;2025-09-16;126.95;132.86;126.86;129.52;1215300;2026-09-04 09:14:54.800000+00:00
FRT;2025-09-17;131.43;131.71;127.05;127.14;632100;2026-09-04 09:14:54.800000+00:00
FRT;2025-09-18;128.19;128.19;125.71;126.19;485600;2026-09-04 09:14:54.800000+00:00
FRT;2025-09-19;126.48;126.48;122.76;124.76;718400;2026-09-04 09:14:54.800000+00:00
FRT;2025-09-22;125.71;125.71;122.48;124.67;478400;2026-09-04 09:14:54.800000+00:00
FRT;2025-09-23;124.29;125.05;122.86;122.86;369700;2026-09-04 09:14:54.800000+00:00
FRT;2025-09-24;122.38;125.52;120.95;125.52;451900;2026-09-04 09:14:54.800000+00:00
FRT;2025-09-25;125.24;125.24;122.86;124.95;450400;2026-09-04 09:14:54.800000+00:00
FRT;2025-09-26;123.9;124.1;123.14;123.81;265400;2026-09-04 09:14:54.800000+00:00
FRT;2025-09-29;123.71;123.71;121.9;122.76;407700;2026-09-04 09:14:54.800000+00:00
FRT;2025-09-30;121.9;123.05;119.43;121.9;732000;2026-09-04 09:14:54.800000+00:00
FRT;2025-10-01;122.19;122.29;120.29;120.29;201400;2026-09-04 09:14:54.800000+00:00
FRT;2025-10-02;119.62;121.33;118.1;118.1;335200;2026-09-04 09:14:54.800000+00:00
FRT;2025-10-03;117.62;119.52;116.29;117.14;194400;2026-09-04 09:14:54.800000+00:00
FRT;2025-10-06;119.05;120.29;117.14;119.24;318600;2026-09-04 09:14:54.800000+00:00
FRT;2025-10-07;121.62;125.71;120.48;124.29;862200;2026-09-04 09:14:54.800000+00:00
FRT;2025-10-08;126.48;127.52;123.71;127.24;567600;2026-09-04 09:14:54.800000+00:00
FRT;2025-10-09;127.62;131.24;127.33;130.76;934400;2026-09-04 09:14:54.800000+00:00
FRT;2025-10-10;132.0;138.29;131.14;136.76;1813000;2026-09-04 09:14:54.800000+00:00
FRT;2025-10-13;135.71;136.19;133.62;135.43;520400;2026-09-04 09:14:54.800000+00:00
FRT;2025-10-14;135.43;135.43;130.67;135.43;1094100;2026-09-04 09:14:54.800000+00:00
FRT;2025-10-15;135.14;136.67;132.67;135.24;585800;2026-09-04 09:14:54.800000+00:00
FRT;2025-10-16;135.52;136.19;132.76;132.86;244100;2026-09-04 09:14:54.800000+00:00
FRT;2025-10-17;132.76;133.33;130.0;132.29;640000;2026-09-04 09:14:54.800000+00:00
FRT;2025-10-20;129.52;132.29;123.05;123.05;450700;2026-09-04 09:14:54.800000+00:00
FRT;2025-10-21;123.14;131.62;123.14;131.62;1254700;2026-09-04 09:14:54.800000+00:00
FRT;2025-10-22;135.33;137.52;133.33;137.52;944400;2026-09-04 09:14:54.800000+00:00
FRT;2025-10-23;138.38;140.67;135.71;135.71;436400;2026-09-04 09:14:54.800000+00:00
FRT;2025-10-24;136.76;140.76;136.76;140.48;883500;2026-09-04 09:14:54.800000+00:00
FRT;2025-10-27;140.48;142.0;137.62;139.33;611600;2026-09-04 09:14:54.800000+00:00
FRT;2025-10-28;140.67;141.43;136.1;140.95;538900;2026-09-04 09:14:54.800000+00:00
FRT;2025-10-29;143.24;143.24;138.1;138.1;575200;2026-09-04 09:14:54.800000+00:00
FRT;2025-10-30;140.48;141.43;137.62;141.05;1027600;2026-09-04 09:14:54.800000+00:00
FRT;2025-10-31;141.05;141.33;138.76;141.33;649900;2026-09-04 09:14:54.800000+00:00
FRT;2025-11-03;140.95;141.33;138.67;140.0;711300;2026-09-04 09:14:54.800000+00:00
FRT;2025-11-04;137.71;139.9;133.24;136.19;836500;2026-09-04 09:14:54.800000+00:00
FRT;2025-11-05;137.05;137.05;134.76;136.19;269700;2026-09-04 09:14:54.800000+00:00
FRT;2025-11-06;136.76;136.76;132.86;136.19;458800;2026-09-04 09:14:54.800000+00:00
FRT;2025-11-07;132.95;135.71;132.86;132.86;351200;2026-09-04 09:14:54.800000+00:00
FRT;2025-11-10;128.57;135.81;128.57;132.48;310900;2026-09-04 09:14:54.800000+00:00
FRT;2025-11-11;131.33;135.14;131.33;135.14;195500;2026-09-04 09:14:54.800000+00:00
FRT;2025-11-12;132.86;137.14;132.86;137.14;290900;2026-09-04 09:14:54.800000+00:00
FRT;2025-11-13;137.24;142.0;132.86;138.19;572300;2026-09-04 09:14:54.800000+00:00
FRT;2025-11-14;138.19;139.05;135.71;139.05;209400;2026-09-04 09:14:54.800000+00:00
FRT;2025-11-17;139.81;141.43;137.52;139.62;579600;2026-09-04 09:14:54.800000+00:00
FRT;2025-11-18;140.0;141.43;138.48;141.43;956700;2026-09-04 09:14:54.800000+00:00
FRT;2025-11-19;141.52;141.52;137.71;140.0;695600;2026-09-04 09:14:54.800000+00:00
FRT;2025-11-20;139.33;140.0;135.05;135.43;552800;2026-09-04 09:14:54.800000+00:00
FRT;2025-11-21;135.24;136.48;133.33;135.52;296500;2026-09-04 09:14:54.800000+00:00
FRT;2025-11-24;135.52;136.67;133.71;133.71;187700;2026-09-04 09:14:54.800000+00:00
FRT;2025-11-25;133.62;135.24;132.67;135.24;302300;2026-09-04 09:14:54.800000+00:00
FRT;2025-11-26;134.76;139.05;134.76;138.19;418800;2026-09-04 09:14:54.800000+00:00
FRT;2025-11-27;138.57;139.71;137.24;139.14;362900;2026-09-04 09:14:54.800000+00:00
FRT;2025-11-28;139.05;140.76;138.1;140.0;481000;2026-09-04 09:14:54.800000+00:00
FRT;2025-12-01;139.24;140.76;138.1;138.1;345900;2026-09-04 09:14:54.800000+00:00
FRT;2025-12-02;137.33;138.1;135.71;138.1;446000;2026-09-04 09:14:54.800000+00:00
FRT;2025-12-03;138.95;147.71;138.1;147.71;2151500;2026-09-04 09:14:54.800000+00:00
FRT;2025-12-04;150.48;151.43;147.81;150.95;813600;2026-09-04 09:14:54.800000+00:00
FRT;2025-12-05;151.33;157.14;148.57;152.38;1133200;2026-09-04 09:14:54.800000+00:00
FRT;2025-12-08;152.38;152.38;146.76;149.81;681300;2026-09-04 09:14:54.800000+00:00
FRT;2025-12-09;148.57;150.48;140.95;147.14;992400;2026-09-04 09:14:54.800000+00:00
FRT;2025-12-10;145.62;146.86;142.48;142.48;441500;2026-09-04 09:14:54.800000+00:00
FRT;2025-12-11;142.57;145.24;142.57;142.86;364500;2026-09-04 09:14:54.800000+00:00
FRT;2025-12-12;143.71;143.71;133.33;133.33;1048100;2026-09-04 09:14:54.800000+00:00
FRT;2025-12-15;133.33;135.14;132.48;133.43;449800;2026-09-04 09:14:54.800000+00:00
FRT;2025-12-16;133.33;137.14;132.95;135.81;449300;2026-09-04 09:14:54.800000+00:00
FRT;2025-12-17;136.19;137.62;135.05;136.19;308500;2026-09-04 09:14:54.800000+00:00
FRT;2025-12-18;134.19;137.43;134.19;136.48;250100;2026-09-04 09:14:54.800000+00:00
FRT;2025-12-19;135.9;137.14;134.67;137.14;451800;2026-09-04 09:14:54.800000+00:00
FRT;2025-12-22;137.14;140.48;136.67;140.0;339800;2026-09-04 09:14:54.800000+00:00
FRT;2025-12-23;140.95;140.95;138.48;140.48;361400;2026-09-04 09:14:54.800000+00:00
FRT;2025-12-24;140.0;140.0;138.1;139.62;255100;2026-09-04 09:14:54.800000+00:00
FRT;2025-12-25;139.05;139.71;136.67;139.05;265600;2026-09-04 09:14:54.800000+00:00
FRT;2025-12-26;138.1;138.1;135.24;137.33;216500;2026-09-04 09:14:54.800000+00:00
FRT;2025-12-29;137.33;139.05;135.9;139.05;200200;2026-09-04 09:14:54.800000+00:00
FRT;2025-12-30;138.76;141.43;138.1;140.67;285100;2026-09-04 09:14:54.800000+00:00
FRT;2025-12-31;141.71;142.38;139.52;142.38;316800;2026-09-04 09:14:54.800000+00:00
FRT;2026-01-05;141.81;149.24;140.48;145.81;615800;2026-09-04 09:14:54.800000+00:00
FRT;2026-01-06;145.71;147.14;144.57;145.14;180000;2026-09-04 09:14:54.800000+00:00
FRT;2026-01-07;145.33;149.43;144.76;145.33;389500;2026-09-04 09:14:54.800000+00:00
FRT;2026-01-08;145.33;145.33;138.1;139.05;883800;2026-09-04 09:14:54.800000+00:00
FRT;2026-01-09;138.67;142.0;136.67;136.67;552500;2026-09-04 09:14:54.800000+00:00
FRT;2026-01-12;136.19;139.43;136.1;138.1;312400;2026-09-04 09:14:54.800000+00:00
FRT;2026-01-13;137.71;139.62;137.14;137.71;461800;2026-09-04 09:14:54.800000+00:00
FRT;2026-01-14;138.86;141.71;137.24;138.1;518200;2026-09-04 09:14:54.800000+00:00
FRT;2026-01-15;138.1;139.05;136.67;139.05;350700;2026-09-04 09:14:54.800000+00:00
FRT;2026-01-16;139.05;148.76;137.62;147.62;1373100;2026-09-04 09:14:54.800000+00:00
FRT;2026-01-19;148.48;148.48;143.43;146.1;295600;2026-09-04 09:14:54.800000+00:00
FRT;2026-01-20;145.71;152.38;145.05;145.52;698300;2026-09-04 09:14:54.800000+00:00
FRT;2026-01-21;144.29;145.52;140.95;145.52;496000;2026-09-04 09:14:54.800000+00:00
FRT;2026-01-22;145.52;146.1;142.48;146.0;442300;2026-09-04 09:14:54.800000+00:00
FRT;2026-01-23;145.62;147.81;143.9;144.57;389500;2026-09-04 09:14:54.800000+00:00
FRT;2026-01-26;143.9;144.48;138.19;138.19;485600;2026-09-04 09:14:54.800000+00:00
FRT;2026-01-27;138.29;147.71;138.29;147.33;791600;2026-09-04 09:14:54.800000+00:00
FRT;2026-01-28;148.19;154.38;147.62;152.67;1500000;2026-09-04 09:14:54.800000+00:00
FRT;2026-01-29;152.38;160.86;151.43;157.14;1082600;2026-09-04 09:14:54.800000+00:00
FRT;2026-01-30;160.86;162.86;157.14;161.81;998500;2026-09-04 09:14:54.800000+00:00
FRT;2026-02-02;163.14;172.38;158.19;167.14;1620300;2026-09-04 09:14:54.800000+00:00
FRT;2026-02-03;169.71;169.71;163.62;165.71;1074200;2026-09-04 09:14:54.800000+00:00
FRT;2026-02-04;163.81;169.71;163.81;166.57;868000;2026-09-04 09:14:54.800000+00:00
FRT;2026-02-05;166.76;166.76;161.43;161.9;867600;2026-09-04 09:14:54.800000+00:00
FRT;2026-02-06;160.1;160.76;152.76;152.76;998500;2026-09-04 09:14:54.800000+00:00
FRT;2026-02-09;155.71;157.81;153.33;156.19;219600;2026-09-04 09:14:54.800000+00:00
FRT;2026-02-10;156.19;157.14;152.0;157.14;440400;2026-09-04 09:14:54.800000+00:00
FRT;2026-02-11;157.14;159.05;154.86;159.05;349600;2026-09-04 09:14:54.800000+00:00
FRT;2026-02-12;159.9;162.19;158.0;159.05;375100;2026-09-04 09:14:54.800000+00:00
FRT;2026-02-13;159.05;161.9;157.05;161.9;575700;2026-09-04 09:14:54.800000+00:00
FRT;2026-02-23;161.9;164.1;160.0;163.71;582500;2026-09-04 09:14:54.800000+00:00
FRT;2026-02-24;162.86;163.71;160.1;162.86;540300;2026-09-04 09:14:54.800000+00:00
FRT;2026-02-25;162.86;162.86;160.67;162.86;360100;2026-09-04 09:14:54.800000+00:00
FRT;2026-02-26;162.76;163.71;160.67;162.76;392200;2026-09-04 09:14:54.800000+00:00
FRT;2026-02-27;162.76;162.76;157.33;160.95;972000;2026-09-04 09:14:54.800000+00:00
FRT;2026-03-02;157.62;160.95;157.14;160.95;535900;2026-09-04 09:14:54.800000+00:00
FRT;2026-03-03;159.43;160.95;154.29;157.14;651700;2026-09-04 09:14:54.800000+00:00
FRT;2026-03-04;154.95;156.0;147.62;156.0;899600;2026-09-04 09:14:54.800000+00:00
FRT;2026-03-05;156.0;156.19;150.38;151.43;500800;2026-09-04 09:14:54.800000+00:00
FRT;2026-03-06;149.81;149.81;143.33;143.43;804500;2026-09-04 09:14:54.800000+00:00
FRT;2026-03-09;134.29;135.24;133.43;133.43;729500;2026-09-04 09:14:54.800000+00:00
FRT;2026-03-10;136.19;140.95;135.71;138.29;675800;2026-09-04 09:14:54.800000+00:00
FRT;2026-03-11;138.1;147.9;138.1;147.9;510800;2026-09-04 09:14:54.800000+00:00
FRT;2026-03-12;146.48;146.48;140.76;146.29;657000;2026-09-04 09:14:54.800000+00:00
FRT;2026-03-13;142.86;142.86;141.52;142.0;307600;2026-09-04 09:14:54.800000+00:00
FRT;2026-03-16;140.48;143.52;140.48;143.33;193300;2026-09-04 09:14:54.800000+00:00
FRT;2026-03-17;143.81;147.52;143.33;144.95;386300;2026-09-04 09:14:54.800000+00:00
FRT;2026-03-18;146.86;146.86;142.57;142.57;186500;2026-09-04 09:14:54.800000+00:00
FRT;2026-03-19;141.9;142.48;140.48;141.9;244500;2026-09-04 09:14:54.800000+00:00
FRT;2026-03-20;141.9;142.86;140.95;141.52;157600;2026-09-04 09:14:54.800000+00:00
FRT;2026-03-23;138.1;142.86;137.14;142.86;439100;2026-09-04 09:14:54.800000+00:00
FRT;2026-03-24;142.86;150.48;142.86;150.48;377600;2026-09-04 09:14:54.800000+00:00
FRT;2026-03-25;150.48;151.05;147.9;151.05;377300;2026-09-04 09:14:54.800000+00:00
FRT;2026-03-26;150.86;150.86;146.86;150.48;353800;2026-09-04 09:14:54.800000+00:00
FRT;2026-03-27;147.52;154.76;147.52;154.76;704800;2026-09-04 09:14:54.800000+00:00
FRT;2026-03-30;151.52;151.52;148.76;150.48;630300;2026-09-04 09:14:54.800000+00:00
FRT;2026-03-31;150.1;150.1;146.57;149.52;477400;2026-09-04 09:14:54.800000+00:00
FRT;2026-04-01;150.48;150.48;147.14;149.52;163300;2026-09-04 09:14:54.800000+00:00
FRT;2026-04-02;146.86;148.29;146.48;146.67;185600;2026-09-04 09:14:54.800000+00:00
FRT;2026-04-03;146.67;147.62;141.62;144.76;454000;2026-09-04 09:14:54.800000+00:00
FRT;2026-04-06;145.71;145.71;140.48;140.95;273900;2026-09-04 09:14:54.800000+00:00
FRT;2026-04-07;140.95;142.67;139.71;142.38;165300;2026-09-04 09:14:54.800000+00:00
FRT;2026-04-08;144.57;147.62;144.1;145.81;691600;2026-09-04 09:14:54.800000+00:00
FRT;2026-04-09;144.76;145.71;142.86;142.86;223900;2026-09-04 09:14:54.800000+00:00
FRT;2026-04-10;143.81;145.14;142.0;144.76;412200;2026-09-04 09:14:54.800000+00:00
FRT;2026-04-13;144.29;144.38;141.9;141.9;183800;2026-09-04 09:14:54.800000+00:00
FRT;2026-04-14;143.62;144.29;142.86;143.33;78500;2026-09-04 09:14:54.800000+00:00
FRT;2026-04-15;144.76;144.76;141.62;143.81;271900;2026-09-04 09:14:54.800000+00:00
FRT;2026-04-16;142.86;144.29;141.9;143.81;330700;2026-09-04 09:14:54.800000+00:00
FRT;2026-04-17;143.62;149.24;143.62;144.86;814200;2026-09-04 09:14:54.800000+00:00
FRT;2026-04-20;145.71;145.71;142.95;143.62;201100;2026-09-04 09:14:54.800000+00:00
FRT;2026-04-21;143.33;143.81;141.9;143.81;420700;2026-09-04 09:14:54.800000+00:00
FRT;2026-04-22;142.0;143.24;141.05;142.76;215500;2026-09-04 09:14:54.800000+00:00
FRT;2026-04-23;142.76;142.76;139.62;139.71;235300;2026-09-04 09:14:54.800000+00:00
FRT;2026-04-24;140.0;140.95;136.48;137.62;369800;2026-09-04 09:14:54.800000+00:00
FRT;2026-04-28;137.62;140.48;136.19;140.48;470000;2026-09-04 09:14:54.800000+00:00
FRT;2026-04-29;139.43;141.9;138.1;141.9;325200;2026-09-04 09:14:54.800000+00:00
FRT;2026-05-04;140.29;141.52;139.71;140.95;155900;2026-09-04 09:14:54.800000+00:00
FRT;2026-05-05;139.71;141.81;139.14;141.81;148500;2026-09-04 09:14:54.800000+00:00
FRT;2026-05-06;140.29;141.62;140.29;140.76;226100;2026-09-04 09:14:54.800000+00:00
FRT;2026-05-07;140.67;142.29;138.67;138.76;316600;2026-09-04 09:14:54.800000+00:00
FRT;2026-05-08;138.76;140.38;136.86;138.1;374300;2026-09-04 09:14:54.800000+00:00
FRT;2026-05-11;137.05;138.1;131.43;131.43;674500;2026-09-04 09:14:54.800000+00:00
FRT;2026-05-12;133.33;135.05;130.38;131.71;393900;2026-09-04 09:14:54.800000+00:00
FRT;2026-05-13;130.48;132.38;130.48;130.95;187500;2026-09-04 09:14:54.800000+00:00
FRT;2026-05-14;130.95;134.19;129.52;129.52;424000;2026-09-04 09:14:54.800000+00:00
FRT;2026-05-15;129.62;131.52;127.62;127.62;368200;2026-09-04 09:14:54.800000+00:00
FRT;2026-05-18;127.62;128.38;126.57;127.62;427500;2026-09-04 09:14:54.800000+00:00
FRT;2026-05-19;127.62;129.05;126.38;126.38;398800;2026-09-04 09:14:54.800000+00:00
FRT;2026-05-20;126.29;126.29;122.38;125.71;618600;2026-09-04 09:14:54.800000+00:00
FRT;2026-05-21;126.67;126.76;124.29;125.14;366800;2026-09-04 09:14:54.800000+00:00
FRT;2026-05-22;124.76;125.24;123.14;123.14;213800;2026-09-04 09:14:54.800000+00:00
FRT;2026-05-25;124.57;124.57;123.33;123.9;267600;2026-09-04 09:14:54.800000+00:00
FRT;2026-05-26;124.1;124.1;123.33;124.0;212000;2026-09-04 09:14:54.800000+00:00
FRT;2026-05-27;124.0;124.76;123.62;124.76;181600;2026-09-04 09:14:54.800000+00:00
FRT;2026-05-28;124.76;125.05;123.81;124.76;324900;2026-09-04 09:14:54.800000+00:00
FRT;2026-05-29;124.67;124.67;123.43;124.0;200700;2026-09-04 09:14:54.800000+00:00
FRT;2026-06-01;123.62;123.81;121.05;121.05;359200;2026-09-04 09:14:54.800000+00:00
FRT;2026-06-02;121.05;124.67;121.05;121.62;331500;2026-09-04 09:14:54.800000+00:00
FRT;2026-06-03;121.43;122.19;120.67;122.0;399600;2026-09-04 09:14:54.800000+00:00
FRT;2026-06-04;121.9;121.9;119.43;120.95;452200;2026-09-04 09:14:54.800000+00:00
FRT;2026-06-05;120.95;121.9;113.33;118.86;528600;2026-09-04 09:14:54.800000+00:00
FRT;2026-06-08;117.14;119.05;116.57;118.57;385300;2026-09-04 09:14:54.800000+00:00
FRT;2026-06-09;118.76;118.86;115.33;116.57;662200;2026-09-04 09:14:54.800000+00:00
FRT;2026-06-10;116.48;116.48;114.29;115.24;678000;2026-09-04 09:14:54.800000+00:00
FRT;2026-06-11;115.14;115.24;113.33;113.33;490100;2026-09-04 09:14:54.800000+00:00
FRT;2026-06-12;113.43;117.05;113.43;115.24;260700;2026-09-04 09:14:54.800000+00:00
FRT;2026-06-15;116.86;118.1;114.76;117.9;215200;2026-09-04 09:14:54.800000+00:00
FRT;2026-06-16;120.0;125.71;118.86;124.67;1049100;2026-09-04 09:14:54.800000+00:00
FRT;2026-06-17;124.67;127.43;123.05;125.71;725900;2026-09-04 09:14:54.800000+00:00
FRT;2026-06-18;125.71;127.43;123.71;123.81;527000;2026-09-04 09:14:54.800000+00:00
FRT;2026-06-19;123.81;125.14;122.95;123.81;301500;2026-09-04 09:14:54.800000+00:00
FRT;2026-06-22;123.14;124.29;121.43;124.29;468400;2026-09-04 09:14:54.800000+00:00
FRT;2026-06-23;124.19;124.67;121.43;122.67;395800;2026-09-04 09:14:54.800000+00:00
FRT;2026-06-24;121.9;123.14;119.05;122.67;310800;2026-09-04 09:14:54.800000+00:00
FRT;2026-06-25;121.24;122.29;120.1;121.71;201000;2026-09-04 09:14:54.800000+00:00
FRT;2026-06-26;120.1;120.57;118.0;118.1;505400;2026-09-04 09:14:54.800000+00:00
FRT;2026-06-29;121.1;121.1;118.8;119.0;113600;2026-09-04 09:14:54.800000+00:00
FRT;2026-06-30;119.0;120.4;118.8;120.0;155200;2026-09-04 09:14:54.800000+00:00
FRT;2026-07-01;120.3;122.2;119.5;122.1;132200;2026-09-04 09:14:54.800000+00:00
FRT;2026-07-02;122.5;123.1;121.6;122.0;134300;2026-09-04 09:14:54.800000+00:00
FRT;2026-07-03;122.0;122.0;117.5;120.4;492800;2026-09-04 09:14:54.800000+00:00
FRT;2026-07-06;120.3;120.3;116.2;116.2;184800;2026-09-04 09:14:54.800000+00:00
FRT;2026-07-07;117.7;117.7;115.0;117.0;346900;2026-09-04 09:14:54.800000+00:00
FRT;2026-07-08;115.6;116.9;115.3;116.4;145500;2026-09-04 09:14:54.800000+00:00
FRT;2026-07-09;116.4;116.4;115.5;115.5;95600;2026-09-04 09:14:54.800000+00:00
FRT;2026-07-10;115.5;115.5;113.9;113.9;166800;2026-09-04 09:14:54.800000+00:00
FRT;2026-07-13;113.3;114.0;112.1;113.3;221000;2026-09-04 09:14:54.800000+00:00
FRT;2026-07-14;110.0;114.9;110.0;113.6;95800;2026-09-04 09:14:54.800000+00:00
FRT;2026-07-15;113.5;114.0;112.0;113.0;135100;2026-09-04 09:14:54.800000+00:00
FRT;2026-07-16;111.4;112.4;108.5;111.4;222700;2026-09-04 09:14:54.800000+00:00
FRT;2026-07-17;111.6;111.8;109.0;111.8;222400;2026-09-04 09:14:54.800000+00:00
FRT;2026-07-20;113.0;113.0;109.0;109.9;99800;2026-09-04 09:14:54.800000+00:00
FRT;2026-07-21;108.7;111.3;108.7;110.9;360400;2026-09-04 09:14:54.800000+00:00
FRT;2026-07-22;110.9;113.0;104.8;105.0;525600;2026-09-04 09:14:54.800000+00:00
FRT;2026-07-23;105.0;109.0;100.2;109.0;788600;2026-09-04 09:14:54.800000+00:00
FRT;2026-07-24;106.0;108.3;103.7;107.8;379500;2026-09-04 09:14:54.800000+00:00
FRT;2026-07-27;108.1;109.5;106.9;107.8;372900;2026-09-04 09:14:54.800000+00:00
FRT;2026-07-28;105.3;108.0;104.0;107.7;364900;2026-09-04 09:14:54.800000+00:00
FRT;2026-07-29;107.0;112.5;105.8;108.7;451300;2026-09-04 09:14:54.800000+00:00
FRT;2026-07-30;109.9;116.3;109.9;116.3;253700;2026-09-04 09:14:54.800000+00:00
FRT;2026-07-31;124.4;124.4;123.3;124.4;1254600;2026-09-04 09:14:54.800000+00:00
FRT;2026-08-03;126.0;133.1;125.9;133.1;1302200;2026-09-04 09:14:54.800000+00:00
FRT;2026-08-04;136.0;137.9;132.1;133.1;957900;2026-09-04 09:14:54.800000+00:00
FRT;2026-08-05;134.9;139.0;133.5;135.0;993100;2026-09-04 08:48:46.542000+00:00
FRT;2026-08-06;135.0;135.4;130.5;132.1;272000;2026-09-04 08:48:46.542000+00:00
FRT;2026-08-07;132.1;133.6;131.1;132.0;451000;2026-09-04 08:48:46.542000+00:00
FRT;2026-08-10;134.0;137.2;132.0;137.0;778600;2026-09-04 08:48:46.542000+00:00
FRT;2026-08-11;138.1;146.5;138.0;146.5;1428500;2026-09-04 08:48:46.542000+00:00
FRT;2026-08-12;148.0;148.5;145.0;148.0;931600;2026-09-04 08:48:46.542000+00:00
FRT;2026-08-13;147.3;147.9;143.1;146.9;408300;2026-09-04 08:48:46.542000+00:00
FRT;2026-08-14;142.1;144.8;141.8;142.9;825400;2026-09-04 08:48:46.542000+00:00
FRT;2026-08-17;143.2;147.0;138.0;147.0;921800;2026-09-04 08:48:46.542000+00:00
FRT;2026-08-18;147.0;151.5;145.1;145.1;325500;2026-09-04 08:48:46.542000+00:00
FRT;2026-08-19;142.0;149.6;142.0;143.0;768600;2026-09-04 08:48:46.542000+00:00
FRT;2026-08-20;142.9;147.0;142.1;145.0;426800;2026-09-04 08:48:46.542000+00:00
FRT;2026-08-21;144.8;147.5;140.6;143.5;469400;2026-09-04 08:48:46.542000+00:00
FRT;2026-08-24;143.0;148.0;142.6;147.5;461600;2026-09-04 08:48:46.542000+00:00
FRT;2026-08-25;146.0;146.5;144.0;145.0;143200;2026-09-04 08:48:46.542000+00:00
FRT;2026-08-26;144.9;144.9;142.9;142.9;275300;2026-09-04 08:48:46.542000+00:00
FRT;2026-08-27;142.9;146.5;142.9;145.9;411200;2026-09-04 08:48:46.542000+00:00
FRT;2026-08-28;145.7;145.8;143.5;144.2;64000;2026-09-04 08:48:46.542000+00:00
FRT;2026-09-03;144.2;144.2;142.9;142.9;182600;2026-09-04 08:48:46.542000+00:00
FRT;2026-09-04;142.0;143.9;139.0;142.7;250600;2026-09-05 02:07:51.891000+00:00
IMP;2025-05-05;42.07;42.45;42.07;42.45;24300;2026-09-04 09:15:11.043000+00:00
IMP;2025-05-06;41.97;42.65;41.97;42.45;48300;2026-09-04 09:15:11.043000+00:00
IMP;2025-05-07;42.45;44.07;42.45;43.33;134900;2026-09-04 09:15:11.043000+00:00
IMP;2025-05-08;43.43;46.22;43.43;45.87;370100;2026-09-04 09:15:11.043000+00:00
IMP;2025-05-09;45.58;48.12;45.58;48.12;621500;2026-09-04 09:15:11.043000+00:00
IMP;2025-05-12;48.8;48.8;47.77;48.17;268000;2026-09-04 09:15:11.043000+00:00
IMP;2025-05-13;47.72;47.97;46.17;46.36;309000;2026-09-04 09:15:11.043000+00:00
IMP;2025-05-14;46.55;47.68;46.55;46.85;95100;2026-09-04 09:15:11.043000+00:00
IMP;2025-05-15;46.12;48.27;46.12;48.02;212900;2026-09-04 09:15:11.043000+00:00
IMP;2025-05-16;47.82;47.82;47.19;47.24;76800;2026-09-04 09:15:11.043000+00:00
IMP;2025-05-19;46.9;49.48;46.85;48.75;301900;2026-09-04 09:15:11.043000+00:00
IMP;2025-05-20;48.8;49.39;48.32;48.32;294500;2026-09-04 09:15:11.043000+00:00
IMP;2025-05-21;49.09;49.29;48.02;49.0;202500;2026-09-04 09:15:11.043000+00:00
IMP;2025-05-22;49.0;50.27;48.17;49.39;379800;2026-09-04 09:15:11.043000+00:00
IMP;2025-05-23;50.75;52.8;50.07;50.75;707400;2026-09-04 09:15:11.043000+00:00
IMP;2025-05-26;51.73;53.39;51.44;53.39;1262400;2026-09-04 09:15:11.043000+00:00
IMP;2025-05-27;53.39;53.49;51.44;51.53;306600;2026-09-04 09:15:11.043000+00:00
IMP;2025-05-28;51.24;51.24;49.58;49.97;550500;2026-09-04 09:15:11.043000+00:00
IMP;2025-05-29;50.45;51.53;50.17;51.14;190600;2026-09-04 09:15:11.043000+00:00
IMP;2025-05-30;51.14;51.92;50.45;50.75;169600;2026-09-04 09:15:11.043000+00:00
IMP;2025-06-02;51.24;51.34;50.45;51.24;196900;2026-09-04 09:15:11.043000+00:00
IMP;2025-06-03;51.53;51.53;50.55;50.75;131500;2026-09-04 09:15:11.043000+00:00
IMP;2025-06-04;50.75;50.85;50.27;50.45;250900;2026-09-04 09:15:11.043000+00:00
IMP;2025-06-05;50.45;50.85;50.45;50.75;213300;2026-09-04 09:15:11.043000+00:00
IMP;2025-06-06;50.85;50.95;50.37;50.95;174000;2026-09-04 09:15:11.043000+00:00
IMP;2025-06-09;50.55;50.75;49.37;49.67;200600;2026-09-04 09:15:11.043000+00:00
IMP;2025-06-10;49.76;50.36;49.47;49.96;72200;2026-09-04 09:15:11.043000+00:00
IMP;2025-06-11;49.76;50.45;49.67;49.76;69000;2026-09-04 09:15:11.043000+00:00
IMP;2025-06-12;50.26;50.26;49.67;50.16;51800;2026-09-04 09:15:11.043000+00:00
IMP;2025-06-13;49.96;50.26;49.67;49.67;119500;2026-09-04 09:15:11.043000+00:00
IMP;2025-06-16;49.67;51.24;49.67;50.85;115800;2026-09-04 09:15:11.043000+00:00
IMP;2025-06-17;50.95;51.54;50.36;50.85;66900;2026-09-04 09:15:11.043000+00:00
IMP;2025-06-18;50.85;50.85;50.16;50.55;63100;2026-09-04 09:15:11.043000+00:00
IMP;2025-06-19;50.55;50.55;49.76;50.55;52200;2026-09-04 09:15:11.043000+00:00
IMP;2025-06-20;50.36;51.05;50.36;50.85;65000;2026-09-04 09:15:11.043000+00:00
IMP;2025-06-23;49.86;50.45;49.86;50.36;62500;2026-09-04 09:15:11.043000+00:00
IMP;2025-06-24;50.55;50.75;50.16;50.55;34600;2026-09-04 09:15:11.043000+00:00
IMP;2025-06-25;50.55;50.55;50.16;50.45;39100;2026-09-04 09:15:11.043000+00:00
IMP;2025-06-26;50.85;50.85;49.96;50.36;44800;2026-09-04 09:15:11.043000+00:00
IMP;2025-06-27;49.96;50.65;49.96;50.65;77700;2026-09-04 09:15:11.043000+00:00
IMP;2025-06-30;51.14;51.24;50.45;50.85;43700;2026-09-04 09:15:11.043000+00:00
IMP;2025-07-01;50.45;50.85;50.45;50.85;70900;2026-09-04 09:15:11.043000+00:00
IMP;2025-07-02;51.24;53.21;51.14;51.24;282000;2026-09-04 09:15:11.043000+00:00
IMP;2025-07-03;51.24;52.03;50.65;50.85;121200;2026-09-04 09:15:11.043000+00:00
IMP;2025-07-04;51.14;51.24;50.55;51.24;94900;2026-09-04 09:15:11.043000+00:00
IMP;2025-07-07;51.54;52.03;51.05;51.24;93900;2026-09-04 09:15:11.043000+00:00
IMP;2025-07-08;51.24;51.93;51.05;51.44;116500;2026-09-04 09:15:11.043000+00:00
IMP;2025-07-09;51.14;53.02;51.14;51.83;252800;2026-09-04 09:15:11.043000+00:00
IMP;2025-07-10;52.23;53.02;51.54;51.93;72400;2026-09-04 09:15:11.043000+00:00
IMP;2025-07-11;52.03;52.03;51.05;51.14;145300;2026-09-04 09:15:11.043000+00:00
IMP;2025-07-14;51.24;51.64;50.95;51.05;97000;2026-09-04 09:15:11.043000+00:00
IMP;2025-07-15;51.54;51.54;50.75;51.14;250200;2026-09-04 09:15:11.043000+00:00
IMP;2025-07-16;51.14;51.24;50.95;51.05;130900;2026-09-04 09:15:11.043000+00:00
IMP;2025-07-17;51.14;51.14;50.85;51.05;189900;2026-09-04 09:15:11.043000+00:00
IMP;2025-07-18;51.34;51.34;50.75;50.95;169300;2026-09-04 09:15:11.043000+00:00
IMP;2025-07-21;51.64;52.43;51.05;51.24;272400;2026-09-04 09:15:11.043000+00:00
IMP;2025-07-22;51.24;51.83;51.05;51.44;112000;2026-09-04 09:15:11.043000+00:00
IMP;2025-07-23;51.44;52.33;51.24;51.24;168200;2026-09-04 09:15:11.043000+00:00
IMP;2025-07-24;51.74;51.74;51.05;51.24;173100;2026-09-04 09:15:11.043000+00:00
IMP;2025-07-25;51.05;51.24;50.95;51.14;118900;2026-09-04 09:15:11.043000+00:00
IMP;2025-07-28;51.34;51.74;50.95;51.14;145500;2026-09-04 09:15:11.043000+00:00
IMP;2025-07-29;51.14;51.24;50.26;50.26;337200;2026-09-04 09:15:11.043000+00:00
IMP;2025-07-30;50.75;50.75;49.76;49.76;180000;2026-09-04 09:15:11.043000+00:00
IMP;2025-07-31;49.76;51.24;49.57;51.24;154000;2026-09-04 09:15:11.043000+00:00
IMP;2025-08-01;51.74;52.72;51.05;51.93;233000;2026-09-04 09:15:11.043000+00:00
IMP;2025-08-04;51.74;53.9;51.74;53.51;458100;2026-09-04 09:15:11.043000+00:00
IMP;2025-08-05;54.1;54.1;52.43;53.02;163100;2026-09-04 09:15:11.043000+00:00
IMP;2025-08-06;52.62;52.92;51.44;51.83;144600;2026-09-04 09:15:11.043000+00:00
IMP;2025-08-07;51.93;52.23;51.44;51.64;72000;2026-09-04 09:15:11.043000+00:00
IMP;2025-08-08;51.54;53.21;51.34;53.12;259000;2026-09-04 09:15:11.043000+00:00
IMP;2025-08-11;53.21;53.51;52.23;52.33;60100;2026-09-04 09:15:11.043000+00:00
IMP;2025-08-12;52.62;52.92;51.83;52.23;62700;2026-09-04 09:15:11.043000+00:00
IMP;2025-08-13;52.72;54.1;51.83;53.8;455200;2026-09-04 09:15:11.043000+00:00
IMP;2025-08-14;54.2;54.3;52.92;53.21;82200;2026-09-04 09:15:11.043000+00:00
IMP;2025-08-15;52.82;54.89;52.52;54.2;974900;2026-09-04 09:15:11.043000+00:00
IMP;2025-08-18;54.3;54.79;53.02;54.1;128100;2026-09-04 09:15:11.043000+00:00
IMP;2025-08-19;54.1;55.68;53.12;53.51;184500;2026-09-04 09:15:11.043000+00:00
IMP;2025-08-20;53.51;53.51;51.05;52.03;323700;2026-09-04 09:15:11.043000+00:00
IMP;2025-08-21;52.03;53.51;51.34;53.21;317500;2026-09-04 09:15:11.043000+00:00
IMP;2025-08-22;53.12;53.12;51.74;52.43;38100;2026-09-04 09:15:11.043000+00:00
IMP;2025-08-25;52.43;53.21;51.14;51.93;166200;2026-09-04 09:15:11.043000+00:00
IMP;2025-08-26;51.34;51.93;51.34;51.83;52200;2026-09-04 09:15:11.043000+00:00
IMP;2025-08-27;51.83;53.12;51.64;51.74;94000;2026-09-04 09:15:11.043000+00:00
IMP;2025-08-28;51.74;52.23;51.54;51.54;51400;2026-09-04 09:15:11.043000+00:00
IMP;2025-08-29;51.54;53.21;50.75;53.02;248100;2026-09-04 09:15:11.043000+00:00
IMP;2025-09-03;51.34;54.1;51.34;53.9;127500;2026-09-04 09:15:11.043000+00:00
IMP;2025-09-04;53.31;54.2;52.33;53.9;103500;2026-09-04 09:15:11.043000+00:00
IMP;2025-09-05;53.9;53.9;52.82;53.02;33200;2026-09-04 09:15:11.043000+00:00
IMP;2025-09-08;53.61;54.69;52.03;54.59;210100;2026-09-04 09:15:11.043000+00:00
IMP;2025-09-09;55.09;55.09;53.61;54.1;39300;2026-09-04 09:15:11.043000+00:00
IMP;2025-09-10;54.2;54.69;53.61;53.71;74600;2026-09-04 09:15:11.043000+00:00
IMP;2025-09-11;53.9;55.09;53.61;53.61;209400;2026-09-04 09:15:11.043000+00:00
IMP;2025-09-12;53.61;54.1;53.41;53.71;65200;2026-09-04 09:15:11.043000+00:00
IMP;2025-09-15;53.71;54.2;53.21;53.8;71500;2026-09-04 09:15:11.043000+00:00
IMP;2025-09-16;53.8;53.8;52.43;52.52;118300;2026-09-04 09:15:11.043000+00:00
IMP;2025-09-17;52.33;53.21;52.33;53.21;24300;2026-09-04 09:15:11.043000+00:00
IMP;2025-09-18;52.52;53.21;52.23;52.33;34900;2026-09-04 09:15:11.043000+00:00
IMP;2025-09-19;52.33;52.72;52.33;52.62;8500;2026-09-04 09:15:11.043000+00:00
IMP;2025-09-22;52.92;52.92;51.93;52.43;51300;2026-09-04 09:15:11.043000+00:00
IMP;2025-09-23;52.43;52.52;52.13;52.52;10300;2026-09-04 09:15:11.043000+00:00
IMP;2025-09-24;52.23;52.43;51.93;52.33;18900;2026-09-04 09:15:11.043000+00:00
IMP;2025-09-25;52.23;52.72;52.03;52.43;22500;2026-09-04 09:15:11.043000+00:00
IMP;2025-09-26;52.43;52.43;51.83;52.23;50300;2026-09-04 09:15:11.043000+00:00
IMP;2025-09-29;52.23;52.33;51.83;51.93;22600;2026-09-04 09:15:11.043000+00:00
IMP;2025-09-30;51.93;52.13;51.44;52.13;60900;2026-09-04 09:15:11.043000+00:00
IMP;2025-10-01;52.13;52.33;51.74;52.23;21400;2026-09-04 09:15:11.043000+00:00
IMP;2025-10-02;51.93;52.03;51.64;51.74;31400;2026-09-04 09:15:11.043000+00:00
IMP;2025-10-03;51.44;52.13;51.44;51.74;10900;2026-09-04 09:15:11.043000+00:00
IMP;2025-10-06;51.74;52.03;51.64;51.64;25100;2026-09-04 09:15:11.043000+00:00
IMP;2025-10-07;51.64;51.64;51.44;51.64;20100;2026-09-04 09:15:11.043000+00:00
IMP;2025-10-08;51.64;51.83;51.34;51.34;34900;2026-09-04 09:15:11.043000+00:00
IMP;2025-10-09;51.93;51.93;50.45;51.24;50900;2026-09-04 09:15:11.043000+00:00
IMP;2025-10-10;51.24;51.24;50.45;51.14;41600;2026-09-04 09:15:11.043000+00:00
IMP;2025-10-13;51.14;51.14;50.06;50.26;42100;2026-09-04 09:15:11.043000+00:00
IMP;2025-10-14;50.26;51.14;49.76;49.96;59200;2026-09-04 09:15:11.043000+00:00
IMP;2025-10-15;49.96;50.26;49.96;50.26;24000;2026-09-04 09:15:11.043000+00:00
IMP;2025-10-16;50.26;50.26;49.67;49.86;17900;2026-09-04 09:15:11.043000+00:00
IMP;2025-10-17;49.86;50.55;49.57;49.86;28700;2026-09-04 09:15:11.043000+00:00
IMP;2025-10-20;49.86;49.86;47.3;47.3;71000;2026-09-04 09:15:11.043000+00:00
IMP;2025-10-21;47.6;49.27;47.6;48.78;37800;2026-09-04 09:15:11.043000+00:00
IMP;2025-10-22;48.78;49.67;48.53;49.03;21900;2026-09-04 09:15:11.043000+00:00
IMP;2025-10-23;48.93;49.27;48.19;48.78;16100;2026-09-04 09:15:11.043000+00:00
IMP;2025-10-24;48.78;48.78;46.32;48.29;63300;2026-09-04 09:15:11.043000+00:00
IMP;2025-10-27;48.58;48.58;47.3;48.24;30800;2026-09-04 09:15:11.043000+00:00
IMP;2025-10-28;48.24;48.48;46.81;48.24;69200;2026-09-04 09:15:11.043000+00:00
IMP;2025-10-29;48.24;48.29;48.04;48.09;31200;2026-09-04 09:15:11.043000+00:00
IMP;2025-10-30;48.04;48.04;46.66;47.84;111000;2026-09-04 09:15:11.043000+00:00
IMP;2025-10-31;47.79;49.37;47.3;49.37;54400;2026-09-04 09:15:11.043000+00:00
IMP;2025-11-03;49.27;49.27;46.81;48.78;61400;2026-09-04 09:15:11.043000+00:00
IMP;2025-11-04;48.29;48.68;47.89;48.24;38400;2026-09-04 09:15:11.043000+00:00
IMP;2025-11-05;48.29;48.29;47.5;48.14;41200;2026-09-04 09:15:11.043000+00:00
IMP;2025-11-06;48.29;48.78;48.14;48.73;16600;2026-09-04 09:15:11.043000+00:00
IMP;2025-11-07;48.68;48.68;47.79;47.94;37200;2026-09-04 09:15:11.043000+00:00
IMP;2025-11-10;48.38;48.78;48.29;48.58;62000;2026-09-04 09:15:11.043000+00:00
IMP;2025-11-11;48.73;48.78;48.29;48.53;22900;2026-09-04 09:15:11.043000+00:00
IMP;2025-11-12;48.53;49.03;48.29;48.73;14600;2026-09-04 09:15:11.043000+00:00
IMP;2025-11-13;49.07;49.07;47.3;47.3;110900;2026-09-04 09:15:11.043000+00:00
IMP;2025-11-14;47.6;48.29;47.6;47.99;17400;2026-09-04 09:15:11.043000+00:00
IMP;2025-11-17;47.99;48.09;46.76;47.6;211700;2026-09-04 09:15:11.043000+00:00
IMP;2025-11-18;47.3;47.7;47.3;47.7;14900;2026-09-04 09:15:11.043000+00:00
IMP;2025-11-19;47.7;47.74;46.32;46.56;152600;2026-09-04 09:15:11.043000+00:00
IMP;2025-11-20;46.56;46.91;46.51;46.56;85100;2026-09-04 09:15:11.043000+00:00
IMP;2025-11-21;46.56;46.56;45.28;45.43;128100;2026-09-04 09:15:11.043000+00:00
IMP;2025-11-24;45.43;46.66;45.43;46.61;33800;2026-09-04 09:15:11.043000+00:00
IMP;2025-11-25;46.61;46.81;45.53;46.32;157600;2026-09-04 09:15:11.043000+00:00
IMP;2025-11-26;45.82;46.76;45.82;46.71;21800;2026-09-04 09:15:11.043000+00:00
IMP;2025-11-27;46.71;47.1;46.32;46.81;103200;2026-09-04 09:15:11.043000+00:00
IMP;2025-11-28;46.81;47.05;46.81;46.91;24400;2026-09-04 09:15:11.043000+00:00
IMP;2025-12-01;46.81;48.58;45.63;48.58;188000;2026-09-04 09:15:11.043000+00:00
IMP;2025-12-02;48.73;49.86;48.73;49.67;97800;2026-09-04 09:15:11.043000+00:00
IMP;2025-12-03;50.06;50.06;48.78;49.37;77100;2026-09-04 09:15:11.043000+00:00
IMP;2025-12-04;49.37;49.37;48.88;49.37;33800;2026-09-04 09:15:11.043000+00:00
IMP;2025-12-05;49.37;49.67;48.98;49.47;51100;2026-09-04 09:15:11.043000+00:00
IMP;2025-12-08;49.27;49.47;47.89;48.48;265500;2026-09-04 09:15:11.043000+00:00
IMP;2025-12-09;48.68;48.93;48.04;48.38;58600;2026-09-04 09:15:11.043000+00:00
IMP;2025-12-10;48.38;48.38;47.79;47.99;61500;2026-09-04 09:15:11.043000+00:00
IMP;2025-12-11;47.35;48.78;47.3;48.29;21700;2026-09-04 09:15:11.043000+00:00
IMP;2025-12-12;48.29;48.29;47.5;47.89;6800;2026-09-04 09:15:11.043000+00:00
IMP;2025-12-15;47.3;47.84;47.3;47.84;34000;2026-09-04 09:15:11.043000+00:00
IMP;2025-12-16;47.89;48.29;47.4;48.29;34100;2026-09-04 09:15:11.043000+00:00
IMP;2025-12-17;48.58;49.27;47.45;48.88;70300;2026-09-04 09:15:11.043000+00:00
IMP;2025-12-18;48.58;48.83;47.79;48.78;13500;2026-09-04 09:15:11.043000+00:00
IMP;2025-12-19;48.19;49.76;47.89;49.17;99600;2026-09-04 09:15:11.043000+00:00
IMP;2025-12-22;49.17;49.76;49.17;49.57;52100;2026-09-04 09:15:11.043000+00:00
IMP;2025-12-23;49.57;49.76;49.27;49.47;60900;2026-09-04 09:15:11.043000+00:00
IMP;2025-12-24;48.38;49.37;48.38;49.37;7300;2026-09-04 09:15:11.043000+00:00
IMP;2025-12-25;49.27;49.86;49.27;49.86;34500;2026-09-04 09:15:11.043000+00:00
IMP;2025-12-26;49.86;49.86;48.48;49.76;71800;2026-09-04 09:15:11.043000+00:00
IMP;2025-12-29;49.67;49.96;49.27;49.96;34000;2026-09-04 09:15:11.043000+00:00
IMP;2025-12-30;49.96;51.64;49.96;50.95;103500;2026-09-04 09:15:11.043000+00:00
IMP;2025-12-31;50.95;52.43;50.95;51.74;96300;2026-09-04 09:15:11.043000+00:00
IMP;2026-01-05;51.74;51.74;50.85;51.34;69500;2026-09-04 09:15:11.043000+00:00
IMP;2026-01-06;51.34;51.54;49.76;51.05;31400;2026-09-04 09:15:11.043000+00:00
IMP;2026-01-07;50.55;51.74;50.45;51.74;90300;2026-09-04 09:15:11.043000+00:00
IMP;2026-01-08;51.64;52.03;51.24;51.74;36500;2026-09-04 09:15:11.043000+00:00
IMP;2026-01-09;51.54;51.83;51.24;51.74;43800;2026-09-04 09:15:11.043000+00:00
IMP;2026-01-12;51.54;51.93;51.44;51.54;61400;2026-09-04 09:15:11.043000+00:00
IMP;2026-01-13;51.34;52.82;51.34;52.33;88100;2026-09-04 09:15:11.043000+00:00
IMP;2026-01-14;52.33;52.82;52.33;52.43;47900;2026-09-04 09:15:11.043000+00:00
IMP;2026-01-15;52.43;52.92;52.23;52.92;57700;2026-09-04 09:15:11.043000+00:00
IMP;2026-01-16;53.51;53.8;53.21;53.41;56600;2026-09-04 09:15:11.043000+00:00
IMP;2026-01-19;53.71;54.2;53.61;53.71;28100;2026-09-04 09:15:11.043000+00:00
IMP;2026-01-20;54.1;54.1;52.82;52.82;61100;2026-09-04 09:15:11.043000+00:00
IMP;2026-01-21;52.82;53.12;52.82;52.82;83800;2026-09-04 09:15:11.043000+00:00
IMP;2026-01-22;53.61;53.61;52.72;52.82;31000;2026-09-04 09:15:11.043000+00:00
IMP;2026-01-23;52.62;53.21;52.62;52.92;86600;2026-09-04 09:15:11.043000+00:00
IMP;2026-01-26;52.82;53.21;52.82;53.12;27500;2026-09-04 09:15:11.043000+00:00
IMP;2026-01-27;52.23;52.92;52.23;52.92;23200;2026-09-04 09:15:11.043000+00:00
IMP;2026-01-28;52.92;53.02;52.82;53.02;31600;2026-09-04 09:15:11.043000+00:00
IMP;2026-01-29;52.82;53.02;52.82;53.02;47900;2026-09-04 09:15:11.043000+00:00
IMP;2026-01-30;53.02;53.51;53.02;53.41;51500;2026-09-04 09:15:11.043000+00:00
IMP;2026-02-02;53.31;53.41;52.62;53.21;32300;2026-09-04 09:15:11.043000+00:00
IMP;2026-02-03;53.21;53.51;53.02;53.31;39800;2026-09-04 09:15:11.043000+00:00
IMP;2026-02-04;53.21;53.41;53.21;53.31;28900;2026-09-04 09:15:11.043000+00:00
IMP;2026-02-05;53.31;53.51;53.31;53.41;14600;2026-09-04 09:15:11.043000+00:00
IMP;2026-02-06;53.31;53.51;52.82;53.31;100400;2026-09-04 09:15:11.043000+00:00
IMP;2026-02-09;52.92;53.31;52.92;53.21;11300;2026-09-04 09:15:11.043000+00:00
IMP;2026-02-10;52.92;53.21;52.72;53.02;44100;2026-09-04 09:15:11.043000+00:00
IMP;2026-02-11;52.82;53.12;52.72;53.12;38800;2026-09-04 09:15:11.043000+00:00
IMP;2026-02-12;53.12;53.12;52.72;53.02;25800;2026-09-04 09:15:11.043000+00:00
IMP;2026-02-13;52.33;52.72;52.33;52.62;16800;2026-09-04 09:15:11.043000+00:00
IMP;2026-02-23;52.23;53.21;52.23;52.92;28300;2026-09-04 09:15:11.043000+00:00
IMP;2026-02-24;52.92;53.41;52.92;53.12;44000;2026-09-04 09:15:11.043000+00:00
IMP;2026-02-25;53.12;53.31;53.12;53.12;19600;2026-09-04 09:15:11.043000+00:00
IMP;2026-02-26;53.02;53.41;53.02;53.12;11300;2026-09-04 09:15:11.043000+00:00
IMP;2026-02-27;53.12;53.41;53.12;53.21;44700;2026-09-04 09:15:11.043000+00:00
IMP;2026-03-02;52.23;53.41;51.44;53.21;10300;2026-09-04 09:15:11.043000+00:00
IMP;2026-03-03;53.21;53.41;53.02;53.21;22000;2026-09-04 09:15:11.043000+00:00
IMP;2026-03-04;53.21;53.41;52.82;53.41;179600;2026-09-04 09:15:11.043000+00:00
IMP;2026-03-05;53.51;53.51;53.31;53.51;28000;2026-09-04 09:15:11.043000+00:00
IMP;2026-03-06;53.71;53.71;53.12;53.12;26800;2026-09-04 09:15:11.043000+00:00
IMP;2026-03-09;52.13;53.61;52.13;52.92;186900;2026-09-04 09:15:11.043000+00:00
IMP;2026-03-10;52.92;56.17;52.92;55.58;187900;2026-09-04 09:15:11.043000+00:00
IMP;2026-03-11;56.07;56.17;55.58;55.87;267600;2026-09-04 09:15:11.043000+00:00
IMP;2026-03-12;55.87;55.97;54.59;55.28;50700;2026-09-04 09:15:11.043000+00:00
IMP;2026-03-13;54.89;55.87;54.2;54.2;77000;2026-09-04 09:15:11.043000+00:00
IMP;2026-03-16;54.3;55.87;54.3;54.79;113900;2026-09-04 09:15:11.043000+00:00
IMP;2026-03-17;55.68;55.68;54.79;55.28;35200;2026-09-04 09:15:11.043000+00:00
IMP;2026-03-18;54.79;55.18;54.2;54.3;51000;2026-09-04 09:15:11.043000+00:00
IMP;2026-03-19;54.4;54.49;54.2;54.2;31500;2026-09-04 09:15:11.043000+00:00
IMP;2026-03-20;53.9;54.59;53.51;53.71;70000;2026-09-04 09:15:11.043000+00:00
IMP;2026-03-23;53.71;53.9;52.92;53.61;90700;2026-09-04 09:15:11.043000+00:00
IMP;2026-03-24;53.9;54.2;53.61;54.2;14100;2026-09-04 09:15:11.043000+00:00
IMP;2026-03-25;54.2;54.49;53.41;54.4;46500;2026-09-04 09:15:11.043000+00:00
IMP;2026-03-26;54.59;54.59;53.71;53.71;25600;2026-09-04 09:15:11.043000+00:00
IMP;2026-03-27;53.61;54.0;53.61;54.0;17600;2026-09-04 09:15:11.043000+00:00
IMP;2026-03-30;53.8;54.2;53.31;54.2;123000;2026-09-04 09:15:11.043000+00:00
IMP;2026-03-31;54.2;54.49;53.9;53.9;11800;2026-09-04 09:15:11.043000+00:00
IMP;2026-04-01;54.0;54.99;54.0;54.89;48900;2026-09-04 09:15:11.043000+00:00
IMP;2026-04-02;54.89;54.89;54.59;54.79;12200;2026-09-04 09:15:11.043000+00:00
IMP;2026-04-03;55.09;55.09;54.49;54.89;25400;2026-09-04 09:15:11.043000+00:00
IMP;2026-04-06;55.18;55.18;54.49;54.89;17700;2026-09-04 09:15:11.043000+00:00
IMP;2026-04-07;54.79;54.79;54.4;54.69;12700;2026-09-04 09:15:11.043000+00:00
IMP;2026-04-08;55.18;55.18;54.3;54.79;30400;2026-09-04 09:15:11.043000+00:00
IMP;2026-04-09;55.78;55.78;54.69;54.79;30600;2026-09-04 09:15:11.043000+00:00
IMP;2026-04-10;54.89;54.89;54.69;54.69;24200;2026-09-04 09:15:11.043000+00:00
IMP;2026-04-13;54.49;55.18;54.49;55.09;34700;2026-09-04 09:15:11.043000+00:00
IMP;2026-04-14;55.09;55.48;55.09;55.18;29200;2026-09-04 09:15:11.043000+00:00
IMP;2026-04-15;55.38;55.38;54.99;55.09;28200;2026-09-04 09:15:11.043000+00:00
IMP;2026-04-16;55.38;55.38;54.2;55.09;35800;2026-09-04 09:15:11.043000+00:00
IMP;2026-04-17;54.69;55.38;54.69;55.38;24500;2026-09-04 09:15:11.043000+00:00
IMP;2026-04-20;55.58;55.58;54.69;55.18;32700;2026-09-04 09:15:11.043000+00:00
IMP;2026-04-21;55.18;55.18;54.3;54.3;6200;2026-09-04 09:15:11.043000+00:00
IMP;2026-04-22;54.0;54.0;50.55;50.55;59200;2026-09-04 09:15:11.043000+00:00
IMP;2026-04-23;50.55;50.55;49.03;49.07;29200;2026-09-04 09:15:11.043000+00:00
IMP;2026-04-24;47.3;48.43;47.3;47.65;31300;2026-09-04 09:15:11.043000+00:00
IMP;2026-04-28;46.32;47.25;46.32;46.81;18300;2026-09-04 09:15:11.043000+00:00
IMP;2026-04-29;46.32;50.06;45.92;50.06;31100;2026-09-04 09:15:11.043000+00:00
IMP;2026-05-04;50.06;50.06;48.09;49.17;15400;2026-09-04 09:15:11.043000+00:00
IMP;2026-05-05;47.65;49.17;47.65;49.17;6800;2026-09-04 09:15:11.043000+00:00
IMP;2026-05-06;48.63;48.63;48.48;48.48;6600;2026-09-04 09:15:11.043000+00:00
IMP;2026-05-07;48.48;48.48;46.91;46.91;31500;2026-09-04 09:15:11.043000+00:00
IMP;2026-05-08;47.1;47.74;47.05;47.4;3900;2026-09-04 09:15:11.043000+00:00
IMP;2026-05-11;47.1;47.3;46.12;46.17;48600;2026-09-04 09:15:11.043000+00:00
IMP;2026-05-12;46.17;46.17;45.72;46.17;24100;2026-09-04 09:15:11.043000+00:00
IMP;2026-05-13;46.32;49.12;46.32;47.01;71900;2026-09-04 09:15:11.043000+00:00
IMP;2026-05-14;47.15;48.09;47.05;47.05;27100;2026-09-04 09:15:11.043000+00:00
IMP;2026-05-15;47.05;47.05;46.32;46.36;13100;2026-09-04 09:15:11.043000+00:00
IMP;2026-05-18;46.36;46.36;45.33;45.58;54400;2026-09-04 09:15:11.043000+00:00
IMP;2026-05-19;45.43;46.32;45.43;46.32;12500;2026-09-04 09:15:11.043000+00:00
IMP;2026-05-20;46.32;46.61;45.53;46.12;10900;2026-09-04 09:15:11.043000+00:00
IMP;2026-05-21;46.22;46.27;45.82;46.22;6500;2026-09-04 09:15:11.043000+00:00
IMP;2026-05-22;45.53;46.17;45.33;45.97;6700;2026-09-04 09:15:11.043000+00:00
IMP;2026-05-25;45.82;45.97;45.33;45.63;14000;2026-09-04 09:15:11.043000+00:00
IMP;2026-05-26;45.53;45.92;45.38;45.92;13100;2026-09-04 09:15:11.043000+00:00
IMP;2026-05-27;46.07;46.12;45.63;45.82;3800;2026-09-04 09:15:11.043000+00:00
IMP;2026-05-28;45.82;45.92;45.43;45.43;6600;2026-09-04 09:15:11.043000+00:00
IMP;2026-05-29;45.92;45.92;45.43;45.43;1900;2026-09-04 09:15:11.043000+00:00
IMP;2026-06-01;45.82;45.82;45.33;45.43;5200;2026-09-04 09:15:11.043000+00:00
IMP;2026-06-02;45.43;45.53;45.23;45.23;8300;2026-09-04 09:15:11.043000+00:00
IMP;2026-06-03;45.72;45.72;44.64;44.64;11300;2026-09-04 09:15:11.043000+00:00
IMP;2026-06-04;44.64;45.33;44.34;45.33;5300;2026-09-04 09:15:11.043000+00:00
IMP;2026-06-05;45.33;45.43;45.13;45.13;5000;2026-09-04 09:15:11.043000+00:00
IMP;2026-06-08;44.84;45.13;44.84;45.13;2400;2026-09-04 09:15:11.043000+00:00
IMP;2026-06-09;45.13;45.33;44.74;45.33;5500;2026-09-04 09:15:11.043000+00:00
IMP;2026-06-10;44.74;45.63;44.74;45.48;6900;2026-09-04 09:15:11.043000+00:00
IMP;2026-06-11;45.48;45.48;44.89;45.48;900;2026-09-04 09:15:11.043000+00:00
IMP;2026-06-12;45.48;45.48;45.13;45.48;5600;2026-09-04 09:15:11.043000+00:00
IMP;2026-06-15;45.43;45.48;44.89;45.48;3200;2026-09-04 09:15:11.043000+00:00
IMP;2026-06-16;45.43;45.48;45.33;45.43;4200;2026-09-04 09:15:11.043000+00:00
IMP;2026-06-17;45.43;45.43;45.18;45.23;5900;2026-09-04 09:15:11.043000+00:00
IMP;2026-06-18;45.23;45.23;44.84;44.94;8900;2026-09-04 09:15:11.043000+00:00
IMP;2026-06-19;44.84;44.84;44.84;44.84;100;2026-09-04 09:15:11.043000+00:00
IMP;2026-06-22;44.34;44.34;43.26;43.56;35000;2026-09-04 09:15:11.043000+00:00
IMP;2026-06-23;43.46;43.46;42.77;43.06;16300;2026-09-04 09:15:11.043000+00:00
IMP;2026-06-24;42.92;42.92;42.37;42.87;8400;2026-09-04 09:15:11.043000+00:00
IMP;2026-06-25;42.97;42.97;42.13;42.28;13900;2026-09-04 09:15:11.043000+00:00
IMP;2026-06-26;42.08;42.08;41.44;41.44;11600;2026-09-04 09:15:11.043000+00:00
IMP;2026-06-29;41.09;41.44;40.6;40.75;23200;2026-09-04 09:15:11.043000+00:00
IMP;2026-06-30;40.65;40.65;40.5;40.6;10600;2026-09-04 09:15:11.043000+00:00
IMP;2026-07-01;40.55;41.29;40.5;41.19;11700;2026-09-04 09:15:11.043000+00:00
IMP;2026-07-02;42.28;42.32;41.34;42.08;5300;2026-09-04 09:15:11.043000+00:00
IMP;2026-07-03;42.32;42.52;42.23;42.32;13400;2026-09-04 09:15:11.043000+00:00
IMP;2026-07-06;42.42;42.47;40.9;42.28;15600;2026-09-04 09:15:11.043000+00:00
IMP;2026-07-07;42.28;42.28;41.09;41.19;6100;2026-09-04 09:15:11.043000+00:00
IMP;2026-07-08;40.9;41.34;40.9;41.09;1200;2026-09-04 09:15:11.043000+00:00
IMP;2026-07-09;41.09;41.09;40.8;40.9;7600;2026-09-04 09:15:11.043000+00:00
IMP;2026-07-10;40.9;40.9;40.6;40.6;7200;2026-09-04 09:15:11.043000+00:00
IMP;2026-07-13;40.75;40.75;39.6;39.6;5800;2026-09-04 09:15:11.043000+00:00
IMP;2026-07-14;39.4;39.4;39.0;39.0;8900;2026-09-04 09:15:11.043000+00:00
IMP;2026-07-15;39.1;39.1;39.0;39.0;6000;2026-09-04 09:15:11.043000+00:00
IMP;2026-07-16;39.0;40.3;38.65;40.3;2500;2026-09-04 09:15:11.043000+00:00
IMP;2026-07-17;40.25;40.25;39.0;39.1;7800;2026-09-04 09:15:11.043000+00:00
IMP;2026-07-20;38.8;38.8;37.1;37.65;6100;2026-09-04 09:15:11.043000+00:00
IMP;2026-07-21;37.05;37.3;36.0;36.0;16300;2026-09-04 09:15:11.043000+00:00
IMP;2026-07-22;35.9;35.9;33.5;35.8;17300;2026-09-04 09:15:11.043000+00:00
IMP;2026-07-23;33.95;35.5;33.95;35.0;13700;2026-09-04 09:15:11.043000+00:00
IMP;2026-07-24;34.9;36.0;34.85;35.0;23400;2026-09-04 09:15:11.043000+00:00
IMP;2026-07-27;35.65;35.7;32.65;35.0;12600;2026-09-04 09:15:11.043000+00:00
IMP;2026-07-28;34.0;35.8;33.95;35.0;8400;2026-09-04 09:15:11.043000+00:00
IMP;2026-07-29;34.1;35.7;34.1;35.7;7700;2026-09-04 09:15:11.043000+00:00
IMP;2026-07-30;36.2;36.55;35.2;36.0;8200;2026-09-04 09:15:11.043000+00:00
IMP;2026-07-31;36.0;36.1;35.1;35.1;14100;2026-09-04 09:15:11.043000+00:00
IMP;2026-08-03;36.6;37.0;35.5;36.7;6400;2026-09-04 09:15:11.043000+00:00
IMP;2026-08-04;36.65;36.7;36.0;36.1;13000;2026-09-04 09:15:11.043000+00:00
IMP;2026-08-05;36.1;38.55;36.1;36.8;89000;2026-09-04 08:48:59.379000+00:00
IMP;2026-08-06;37.0;37.0;36.7;36.7;7900;2026-09-04 08:48:59.379000+00:00
IMP;2026-08-07;37.5;37.6;36.7;36.7;32800;2026-09-04 08:48:59.379000+00:00
IMP;2026-08-10;36.75;37.0;36.1;36.85;23300;2026-09-04 08:48:59.379000+00:00
IMP;2026-08-11;36.85;37.8;36.85;37.2;4500;2026-09-04 08:48:59.379000+00:00
IMP;2026-08-12;37.3;37.75;37.3;37.5;7500;2026-09-04 08:48:59.379000+00:00
IMP;2026-08-13;37.6;40.05;37.6;37.65;43400;2026-09-04 08:48:59.379000+00:00
IMP;2026-08-14;37.65;37.65;35.9;37.1;14900;2026-09-04 08:48:59.379000+00:00
IMP;2026-08-17;36.1;37.8;36.1;36.8;3300;2026-09-04 08:48:59.379000+00:00
IMP;2026-08-18;37.0;38.15;36.9;37.1;11900;2026-09-04 08:48:59.379000+00:00
IMP;2026-08-19;37.3;37.9;37.2;37.3;10900;2026-09-04 08:48:59.379000+00:00
IMP;2026-08-20;37.3;37.5;37.05;37.2;9300;2026-09-04 08:48:59.379000+00:00
IMP;2026-08-21;38.15;39.75;37.3;37.65;33200;2026-09-04 08:48:59.379000+00:00
IMP;2026-08-24;37.75;39.1;37.75;38.8;18600;2026-09-04 08:48:59.379000+00:00
IMP;2026-08-25;39.0;39.95;38.9;38.9;12100;2026-09-04 08:48:59.379000+00:00
IMP;2026-08-26;39.0;39.2;38.3;38.75;10100;2026-09-04 08:48:59.379000+00:00
IMP;2026-08-27;38.4;39.0;38.4;38.9;4600;2026-09-04 08:48:59.379000+00:00
IMP;2026-08-28;38.95;41.55;38.95;39.4;21400;2026-09-04 08:48:59.379000+00:00
IMP;2026-09-03;39.75;39.75;39.25;39.4;2600;2026-09-04 08:48:59.379000+00:00
IMP;2026-09-04;39.4;39.4;36.65;38.9;4200;2026-09-05 02:08:04.218000+00:00
MSN;2025-05-05;62.5;62.6;62.1;62.5;2950500;2026-09-04 09:14:58.813000+00:00
MSN;2025-05-06;62.4;62.4;61.8;62.0;3955400;2026-09-04 09:14:58.813000+00:00
MSN;2025-05-07;61.6;61.8;60.9;60.9;3353100;2026-09-04 09:14:58.813000+00:00
MSN;2025-05-08;61.0;63.0;60.7;63.0;4439500;2026-09-04 09:14:58.813000+00:00
MSN;2025-05-09;63.0;63.0;62.2;62.8;3321700;2026-09-04 09:14:58.813000+00:00
MSN;2025-05-12;62.8;63.3;62.0;62.0;3820500;2026-09-04 09:14:58.813000+00:00
MSN;2025-05-13;62.4;63.2;62.1;62.1;4735700;2026-09-04 09:14:58.813000+00:00
MSN;2025-05-14;62.3;63.7;62.2;62.3;5676400;2026-09-04 09:14:58.813000+00:00
MSN;2025-05-15;62.6;63.5;62.4;62.8;5773200;2026-09-04 09:14:58.813000+00:00
MSN;2025-05-16;62.6;63.0;61.7;62.5;5901500;2026-09-04 09:14:58.813000+00:00
MSN;2025-05-19;62.4;62.4;61.4;62.0;6012400;2026-09-04 09:14:58.813000+00:00
MSN;2025-05-20;62.0;63.1;61.5;62.7;5378500;2026-09-04 09:14:58.813000+00:00
MSN;2025-05-21;63.1;64.3;63.1;63.6;8645400;2026-09-04 09:14:58.813000+00:00
MSN;2025-05-22;63.6;64.6;63.2;64.0;7955100;2026-09-04 09:14:58.813000+00:00
MSN;2025-05-23;64.0;64.3;62.7;63.2;4290900;2026-09-04 09:14:58.813000+00:00
MSN;2025-05-26;63.2;63.8;61.5;63.8;4405400;2026-09-04 09:14:58.813000+00:00
MSN;2025-05-27;63.9;64.8;63.5;64.0;4747700;2026-09-04 09:14:58.813000+00:00
MSN;2025-05-28;64.1;64.5;63.5;63.9;4017900;2026-09-04 09:14:58.813000+00:00
MSN;2025-05-29;64.1;64.2;62.9;63.4;3507500;2026-09-04 09:14:58.813000+00:00
MSN;2025-05-30;63.0;63.1;62.0;62.0;4024000;2026-09-04 09:14:58.813000+00:00
MSN;2025-06-02;62.0;62.5;61.7;62.1;2287700;2026-09-04 09:14:58.813000+00:00
MSN;2025-06-03;62.3;63.6;62.3;63.3;4281300;2026-09-04 09:14:58.813000+00:00
MSN;2025-06-04;63.5;64.4;63.0;64.1;6891000;2026-09-04 09:14:58.813000+00:00
MSN;2025-06-05;64.4;65.8;63.9;65.8;11745400;2026-09-04 09:14:58.813000+00:00
MSN;2025-06-06;65.9;66.4;64.7;65.0;4122600;2026-09-04 09:14:58.813000+00:00
MSN;2025-06-09;65.0;65.0;63.5;64.1;5031500;2026-09-04 09:14:58.813000+00:00
MSN;2025-06-10;64.5;65.5;64.1;64.8;5622000;2026-09-04 09:14:58.813000+00:00
MSN;2025-06-11;64.8;65.2;64.1;64.8;2850500;2026-09-04 09:14:58.813000+00:00
MSN;2025-06-12;65.3;66.0;65.2;65.8;6866200;2026-09-04 09:14:58.813000+00:00
MSN;2025-06-13;65.0;65.4;64.3;65.4;5911100;2026-09-04 09:14:58.813000+00:00
MSN;2025-06-16;65.7;67.0;65.4;66.8;7846900;2026-09-04 09:14:58.813000+00:00
MSN;2025-06-17;67.0;67.9;66.2;67.9;5760000;2026-09-04 09:14:58.813000+00:00
MSN;2025-06-18;67.9;67.9;66.6;67.5;5472800;2026-09-04 09:14:58.813000+00:00
MSN;2025-06-19;67.0;67.5;66.1;67.5;5629600;2026-09-04 09:14:58.813000+00:00
MSN;2025-06-20;67.4;67.6;66.8;67.5;6005100;2026-09-04 09:14:58.813000+00:00
MSN;2025-06-23;66.8;68.0;66.2;68.0;5818700;2026-09-04 09:14:58.813000+00:00
MSN;2025-06-24;68.9;69.3;68.3;69.2;6555800;2026-09-04 09:14:58.813000+00:00
MSN;2025-06-25;69.7;70.4;69.1;70.3;7935800;2026-09-04 09:14:58.813000+00:00
MSN;2025-06-26;70.4;72.0;70.2;72.0;8616800;2026-09-04 09:14:58.813000+00:00
MSN;2025-06-27;72.3;76.9;72.0;76.8;14084900;2026-09-04 09:14:58.813000+00:00
MSN;2025-06-30;76.6;77.4;76.0;76.8;8361100;2026-09-04 09:14:58.813000+00:00
MSN;2025-07-01;76.2;76.7;74.9;75.2;6823100;2026-09-04 09:14:58.813000+00:00
MSN;2025-07-02;75.0;76.3;74.6;75.2;4787500;2026-09-04 09:14:58.813000+00:00
MSN;2025-07-03;74.8;76.3;74.1;74.5;5988200;2026-09-04 09:14:58.813000+00:00
MSN;2025-07-04;74.7;75.0;73.7;74.6;4470400;2026-09-04 09:14:58.813000+00:00
MSN;2025-07-07;75.0;75.7;74.3;74.8;5874900;2026-09-04 09:14:58.813000+00:00
MSN;2025-07-08;74.9;76.2;74.6;75.6;7088700;2026-09-04 09:14:58.813000+00:00
MSN;2025-07-09;76.5;76.5;75.4;75.8;7231700;2026-09-04 09:14:58.813000+00:00
MSN;2025-07-10;76.0;78.4;75.9;76.9;12326900;2026-09-04 09:14:58.813000+00:00
MSN;2025-07-11;76.8;77.5;76.1;76.5;8284200;2026-09-04 09:14:58.813000+00:00
MSN;2025-07-14;76.9;77.1;74.6;75.3;6527400;2026-09-04 09:14:58.813000+00:00
MSN;2025-07-15;75.3;76.7;74.5;74.5;8071700;2026-09-04 09:14:58.813000+00:00
MSN;2025-07-16;74.3;75.5;74.0;75.0;6128400;2026-09-04 09:14:58.813000+00:00
MSN;2025-07-17;75.8;77.3;75.6;76.2;10772700;2026-09-04 09:14:58.813000+00:00
MSN;2025-07-18;76.5;81.0;76.5;79.1;14574300;2026-09-04 09:14:58.813000+00:00
MSN;2025-07-21;79.6;79.8;77.5;77.5;7866900;2026-09-04 09:14:58.813000+00:00
MSN;2025-07-22;77.3;78.4;76.6;77.7;7375500;2026-09-04 09:14:58.813000+00:00
MSN;2025-07-23;78.7;79.3;77.2;77.3;8228200;2026-09-04 09:14:58.813000+00:00
MSN;2025-07-24;77.5;77.5;75.4;76.0;16440600;2026-09-04 09:14:58.813000+00:00
MSN;2025-07-25;76.0;77.2;75.5;75.8;8684800;2026-09-04 09:14:58.813000+00:00
MSN;2025-07-28;76.2;78.6;75.9;77.6;12672700;2026-09-04 09:14:58.813000+00:00
MSN;2025-07-29;78.5;78.5;72.2;72.2;16023900;2026-09-04 09:14:58.813000+00:00
MSN;2025-07-30;73.0;73.5;71.0;73.0;9483500;2026-09-04 09:14:58.813000+00:00
MSN;2025-07-31;73.1;73.4;70.8;72.5;9176600;2026-09-04 09:14:58.813000+00:00
MSN;2025-08-01;72.3;72.5;71.1;72.5;5598500;2026-09-04 09:14:58.813000+00:00
MSN;2025-08-04;72.1;74.0;71.8;73.9;5917800;2026-09-04 09:14:58.813000+00:00
MSN;2025-08-05;74.0;77.2;73.5;74.6;18436200;2026-09-04 09:14:58.813000+00:00
MSN;2025-08-06;75.6;76.8;75.2;76.0;9656300;2026-09-04 09:14:58.813000+00:00
MSN;2025-08-07;76.4;77.8;75.8;76.2;9815900;2026-09-04 09:14:58.813000+00:00
MSN;2025-08-08;76.5;77.7;75.6;76.7;11377400;2026-09-04 09:14:58.813000+00:00
MSN;2025-08-11;77.9;82.0;77.8;82.0;29731100;2026-09-04 09:14:58.813000+00:00
MSN;2025-08-12;85.0;86.0;82.3;83.6;13213200;2026-09-04 09:14:58.813000+00:00
MSN;2025-08-13;84.4;87.4;82.1;85.9;24211400;2026-09-04 09:14:58.813000+00:00
MSN;2025-08-14;86.6;86.8;83.8;84.8;13527300;2026-09-04 09:14:58.813000+00:00
MSN;2025-08-15;84.8;86.2;82.7;83.1;13662000;2026-09-04 09:14:58.813000+00:00
MSN;2025-08-18;83.1;84.4;83.0;83.9;8972500;2026-09-04 09:14:58.813000+00:00
MSN;2025-08-19;84.5;86.5;83.2;85.0;14531000;2026-09-04 09:14:58.813000+00:00
MSN;2025-08-20;86.8;87.4;81.0;83.9;19059400;2026-09-04 09:14:58.813000+00:00
MSN;2025-08-21;83.9;84.8;83.3;84.3;9701000;2026-09-04 09:14:58.813000+00:00
MSN;2025-08-22;83.0;83.4;79.7;81.0;18642000;2026-09-04 09:14:58.813000+00:00
MSN;2025-08-25;81.3;81.8;78.3;79.5;10287200;2026-09-04 09:14:58.813000+00:00
MSN;2025-08-26;78.7;81.1;78.2;81.1;8579900;2026-09-04 09:14:58.813000+00:00
MSN;2025-08-27;81.3;82.8;81.2;82.2;8098600;2026-09-04 09:14:58.813000+00:00
MSN;2025-08-28;82.5;83.3;81.9;83.1;6539900;2026-09-04 09:14:58.813000+00:00
MSN;2025-08-29;83.2;83.6;82.2;83.0;7420100;2026-09-04 09:14:58.813000+00:00
MSN;2025-09-03;83.5;85.3;82.9;83.0;9531800;2026-09-04 09:14:58.813000+00:00
MSN;2025-09-04;83.5;85.3;82.0;84.8;13228500;2026-09-04 09:14:58.813000+00:00
MSN;2025-09-05;86.3;87.4;83.0;83.0;12005700;2026-09-04 09:14:58.813000+00:00
MSN;2025-09-08;82.6;83.3;80.0;81.0;13945500;2026-09-04 09:14:58.813000+00:00
MSN;2025-09-09;81.0;81.3;79.8;81.0;6003800;2026-09-04 09:14:58.813000+00:00
MSN;2025-09-10;81.4;81.4;80.0;81.0;4256100;2026-09-04 09:14:58.813000+00:00
MSN;2025-09-11;80.8;82.3;79.1;82.0;10202400;2026-09-04 09:14:58.813000+00:00
MSN;2025-09-12;82.3;86.9;81.6;86.0;21808200;2026-09-04 09:14:58.813000+00:00
MSN;2025-09-15;86.8;89.0;86.3;88.5;16596700;2026-09-04 09:14:58.813000+00:00
MSN;2025-09-16;89.0;89.0;86.8;86.8;13155500;2026-09-04 09:14:58.813000+00:00
MSN;2025-09-17;86.6;86.9;84.2;84.2;11516500;2026-09-04 09:14:58.813000+00:00
MSN;2025-09-18;84.4;85.2;83.5;84.0;6725200;2026-09-04 09:14:58.813000+00:00
MSN;2025-09-19;84.6;84.7;83.3;83.9;10383000;2026-09-04 09:14:58.813000+00:00
MSN;2025-09-22;83.9;84.0;81.0;81.9;8824400;2026-09-04 09:14:58.813000+00:00
MSN;2025-09-23;81.9;82.6;81.5;81.9;3808100;2026-09-04 09:14:58.813000+00:00
MSN;2025-09-24;82.0;83.7;81.1;82.9;5235500;2026-09-04 09:14:58.813000+00:00
MSN;2025-09-25;83.5;83.6;82.2;82.2;4585800;2026-09-04 09:14:58.813000+00:00
MSN;2025-09-26;82.2;83.5;82.0;82.2;6728100;2026-09-04 09:14:58.813000+00:00
MSN;2025-09-29;82.2;82.5;81.3;81.8;4298200;2026-09-04 09:14:58.813000+00:00
MSN;2025-09-30;82.0;82.0;80.5;81.0;4726100;2026-09-04 09:14:58.813000+00:00
MSN;2025-10-01;81.1;82.3;81.1;81.3;3192800;2026-09-04 09:14:58.813000+00:00
MSN;2025-10-02;81.5;82.1;81.0;81.5;3777300;2026-09-04 09:14:58.813000+00:00
MSN;2025-10-03;81.2;81.2;79.4;80.0;6475000;2026-09-04 09:14:58.813000+00:00
MSN;2025-10-06;81.4;83.3;81.0;83.0;8979600;2026-09-04 09:14:58.813000+00:00
MSN;2025-10-07;83.3;83.4;82.5;82.5;5203300;2026-09-04 09:14:58.813000+00:00
MSN;2025-10-08;83.7;84.4;82.6;82.6;11323000;2026-09-04 09:14:58.813000+00:00
MSN;2025-10-09;82.9;84.2;82.7;83.1;7329600;2026-09-04 09:14:58.813000+00:00
MSN;2025-10-10;83.5;84.2;83.0;84.1;13452100;2026-09-04 09:14:58.813000+00:00
MSN;2025-10-13;83.6;85.8;83.6;85.0;12632300;2026-09-04 09:14:58.813000+00:00
MSN;2025-10-14;85.6;85.6;82.5;82.5;12780300;2026-09-04 09:14:58.813000+00:00
MSN;2025-10-15;83.0;83.7;82.5;82.5;6589100;2026-09-04 09:14:58.813000+00:00
MSN;2025-10-16;85.0;88.2;84.8;88.2;17212400;2026-09-04 09:14:58.813000+00:00
MSN;2025-10-17;91.4;94.0;88.0;88.0;32812700;2026-09-04 09:14:58.813000+00:00
MSN;2025-10-20;87.0;88.8;81.9;81.9;31684600;2026-09-04 09:14:58.813000+00:00
MSN;2025-10-21;79.9;80.0;76.2;78.0;28573200;2026-09-04 09:14:58.813000+00:00
MSN;2025-10-22;79.9;80.6;77.4;79.0;13805300;2026-09-04 09:14:58.813000+00:00
MSN;2025-10-23;79.6;80.0;77.6;78.2;9732300;2026-09-04 09:14:58.813000+00:00
MSN;2025-10-24;77.9;79.5;75.7;79.3;13522400;2026-09-04 09:14:58.813000+00:00
MSN;2025-10-27;79.6;79.8;77.4;78.5;7509000;2026-09-04 09:14:58.813000+00:00
MSN;2025-10-28;78.6;79.0;76.2;79.0;7889400;2026-09-04 09:14:58.813000+00:00
MSN;2025-10-29;79.1;80.6;78.5;79.2;8381100;2026-09-04 09:14:58.813000+00:00
MSN;2025-10-30;79.7;80.6;79.3;79.3;6826300;2026-09-04 09:14:58.813000+00:00
MSN;2025-10-31;79.4;80.8;79.0;79.6;6477800;2026-09-04 09:14:58.813000+00:00
MSN;2025-11-03;79.6;79.8;77.0;77.0;7670000;2026-09-04 09:14:58.813000+00:00
MSN;2025-11-04;76.8;80.5;74.4;80.0;12598000;2026-09-04 09:14:58.813000+00:00
MSN;2025-11-05;79.9;81.5;79.1;80.2;8834200;2026-09-04 09:14:58.813000+00:00
MSN;2025-11-06;80.1;80.1;78.8;78.8;4652600;2026-09-04 09:14:58.813000+00:00
MSN;2025-11-07;78.2;79.7;76.8;76.8;7306800;2026-09-04 09:14:58.813000+00:00
MSN;2025-11-10;77.1;78.3;76.0;76.0;5025900;2026-09-04 09:14:58.813000+00:00
MSN;2025-11-11;76.5;78.9;76.4;78.2;7667500;2026-09-04 09:14:58.813000+00:00
MSN;2025-11-12;78.5;79.5;78.3;79.2;5010800;2026-09-04 09:14:58.813000+00:00
MSN;2025-11-13;79.3;79.7;78.9;79.0;4590600;2026-09-04 09:14:58.813000+00:00
MSN;2025-11-14;78.6;79.3;77.6;78.0;5137900;2026-09-04 09:14:58.813000+00:00
MSN;2025-11-17;78.8;80.0;78.3;79.7;5528700;2026-09-04 09:14:58.813000+00:00
MSN;2025-11-18;79.8;80.3;78.5;79.0;4594500;2026-09-04 09:14:58.813000+00:00
MSN;2025-11-19;79.0;79.6;78.5;78.8;3470500;2026-09-04 09:14:58.813000+00:00
MSN;2025-11-20;78.9;79.1;78.5;78.5;3398600;2026-09-04 09:14:58.813000+00:00
MSN;2025-11-21;78.4;78.4;77.2;77.5;4020000;2026-09-04 09:14:58.813000+00:00
MSN;2025-11-24;77.7;79.0;77.7;77.8;3380300;2026-09-04 09:14:58.813000+00:00
MSN;2025-11-25;78.0;78.7;77.0;77.0;3736600;2026-09-04 09:14:58.813000+00:00
MSN;2025-11-26;77.5;78.6;77.3;78.6;3197800;2026-09-04 09:14:58.813000+00:00
MSN;2025-11-27;78.9;79.8;78.4;78.5;4485400;2026-09-04 09:14:58.813000+00:00
MSN;2025-11-28;78.8;79.0;77.4;77.4;4238900;2026-09-04 09:14:58.813000+00:00
MSN;2025-12-01;77.8;79.2;77.7;78.8;5362600;2026-09-04 09:14:58.813000+00:00
MSN;2025-12-02;78.9;79.5;78.0;78.6;4648900;2026-09-04 09:14:58.813000+00:00
MSN;2025-12-03;79.2;81.2;78.9;80.6;12175800;2026-09-04 09:14:58.813000+00:00
MSN;2025-12-04;81.3;81.3;79.9;79.9;5309300;2026-09-04 09:14:58.813000+00:00
MSN;2025-12-05;80.2;80.6;78.2;78.2;6658500;2026-09-04 09:14:58.813000+00:00
MSN;2025-12-08;78.0;78.8;77.9;77.9;4073000;2026-09-04 09:14:58.813000+00:00
MSN;2025-12-09;77.9;78.0;76.6;77.0;6841600;2026-09-04 09:14:58.813000+00:00
MSN;2025-12-10;77.1;77.4;76.6;77.0;3186100;2026-09-04 09:14:58.813000+00:00
MSN;2025-12-11;77.4;77.6;76.0;76.1;3520000;2026-09-04 09:14:58.813000+00:00
MSN;2025-12-12;76.5;76.6;73.1;73.5;8979200;2026-09-04 09:14:58.813000+00:00
MSN;2025-12-15;73.2;74.3;73.0;73.5;4188700;2026-09-04 09:14:58.813000+00:00
MSN;2025-12-16;73.9;75.2;73.0;74.5;4400000;2026-09-04 09:14:58.813000+00:00
MSN;2025-12-17;74.6;75.0;74.0;74.0;3573600;2026-09-04 09:14:58.813000+00:00
MSN;2025-12-18;74.4;74.4;73.5;74.0;3135400;2026-09-04 09:14:58.813000+00:00
MSN;2025-12-19;74.3;75.8;74.0;75.8;4350100;2026-09-04 09:14:58.813000+00:00
MSN;2025-12-22;76.0;76.2;75.5;76.0;3463700;2026-09-04 09:14:58.813000+00:00
MSN;2025-12-23;76.3;77.3;75.6;76.1;5203600;2026-09-04 09:14:58.813000+00:00
MSN;2025-12-24;75.6;76.2;75.1;76.2;3229900;2026-09-04 09:14:58.813000+00:00
MSN;2025-12-25;76.5;77.0;76.0;76.3;3230800;2026-09-04 09:14:58.813000+00:00
MSN;2025-12-26;76.0;76.0;73.1;75.3;6065600;2026-09-04 09:14:58.813000+00:00
MSN;2025-12-29;75.3;75.5;74.6;75.5;2513400;2026-09-04 09:14:58.813000+00:00
MSN;2025-12-30;75.7;76.9;75.5;76.9;4153700;2026-09-04 09:14:58.813000+00:00
MSN;2025-12-31;76.7;77.2;76.1;77.0;4728800;2026-09-04 09:14:58.813000+00:00
MSN;2026-01-05;76.9;77.0;75.0;76.8;4140400;2026-09-04 09:14:58.813000+00:00
MSN;2026-01-06;76.7;77.2;75.9;77.0;3765300;2026-09-04 09:14:58.813000+00:00
MSN;2026-01-07;77.1;78.4;76.7;78.4;8379800;2026-09-04 09:14:58.813000+00:00
MSN;2026-01-08;79.0;79.0;77.7;78.3;4525700;2026-09-04 09:14:58.813000+00:00
MSN;2026-01-09;78.5;78.6;76.5;76.5;5786600;2026-09-04 09:14:58.813000+00:00
MSN;2026-01-12;76.6;78.8;75.9;78.6;8295600;2026-09-04 09:14:58.813000+00:00
MSN;2026-01-13;79.5;82.2;79.3;79.3;10133600;2026-09-04 09:14:58.813000+00:00
MSN;2026-01-14;79.1;82.0;78.6;80.6;13858700;2026-09-04 09:14:58.813000+00:00
MSN;2026-01-15;80.5;82.5;79.8;81.0;9103300;2026-09-04 09:14:58.813000+00:00
MSN;2026-01-16;81.3;85.5;79.9;81.4;15818700;2026-09-04 09:14:58.813000+00:00
MSN;2026-01-19;82.1;82.3;80.2;80.2;6226700;2026-09-04 09:14:58.813000+00:00
MSN;2026-01-20;80.2;81.4;79.1;80.0;11205300;2026-09-04 09:14:58.813000+00:00
MSN;2026-01-21;79.0;79.9;78.5;79.9;6385500;2026-09-04 09:14:58.813000+00:00
MSN;2026-01-22;79.6;80.6;79.1;79.9;5049500;2026-09-04 09:14:58.813000+00:00
MSN;2026-01-23;80.0;80.2;79.0;79.0;4123600;2026-09-04 09:14:58.813000+00:00
MSN;2026-01-26;79.1;79.5;76.0;77.3;5784500;2026-09-04 09:14:58.813000+00:00
MSN;2026-01-27;77.4;77.5;76.7;76.7;3805800;2026-09-04 09:14:58.813000+00:00
MSN;2026-01-28;77.2;79.5;77.1;79.5;8819900;2026-09-04 09:14:58.813000+00:00
MSN;2026-01-29;80.3;85.0;80.2;84.1;24722400;2026-09-04 09:14:58.813000+00:00
MSN;2026-01-30;84.6;85.0;83.3;84.0;10777800;2026-09-04 09:14:58.813000+00:00
MSN;2026-02-02;83.9;85.5;82.2;83.8;11833900;2026-09-04 09:14:58.813000+00:00
MSN;2026-02-03;84.5;84.8;83.3;83.8;8426800;2026-09-04 09:14:58.813000+00:00
MSN;2026-02-04;84.1;84.9;82.5;82.7;8323300;2026-09-04 09:14:58.813000+00:00
MSN;2026-02-05;82.8;82.9;79.4;79.4;10434400;2026-09-04 09:14:58.813000+00:00
MSN;2026-02-06;78.4;79.5;77.7;78.2;9419400;2026-09-04 09:14:58.813000+00:00
MSN;2026-02-09;79.0;79.2;78.0;78.2;3681100;2026-09-04 09:14:58.813000+00:00
MSN;2026-02-10;78.2;78.4;75.6;76.8;6018600;2026-09-04 09:14:58.813000+00:00
MSN;2026-02-11;77.3;78.6;76.9;78.0;5600000;2026-09-04 09:14:58.813000+00:00
MSN;2026-02-12;78.4;78.4;78.0;78.0;2759900;2026-09-04 09:14:58.813000+00:00
MSN;2026-02-13;78.0;78.3;77.7;78.0;3963900;2026-09-04 09:14:58.813000+00:00
MSN;2026-02-23;78.8;79.2;78.3;79.2;3791500;2026-09-04 09:14:58.813000+00:00
MSN;2026-02-24;79.3;80.9;78.6;80.9;8479700;2026-09-04 09:14:58.813000+00:00
MSN;2026-02-25;81.3;81.6;80.3;80.3;5852200;2026-09-04 09:14:58.813000+00:00
MSN;2026-02-26;80.7;81.2;79.9;80.4;4991400;2026-09-04 09:14:58.813000+00:00
MSN;2026-02-27;80.5;80.6;79.0;79.0;5053900;2026-09-04 09:14:58.813000+00:00
MSN;2026-03-02;77.8;80.7;77.3;78.4;10248500;2026-09-04 09:14:58.813000+00:00
MSN;2026-03-03;79.2;79.7;77.0;77.0;7767900;2026-09-04 09:14:58.813000+00:00
MSN;2026-03-04;77.1;77.6;74.0;76.0;11189700;2026-09-04 09:14:58.813000+00:00
MSN;2026-03-05;76.8;77.5;75.3;75.3;6074200;2026-09-04 09:14:58.813000+00:00
MSN;2026-03-06;74.9;75.0;73.2;73.3;7955900;2026-09-04 09:14:58.813000+00:00
MSN;2026-03-09;68.2;70.0;68.2;68.2;4325700;2026-09-04 09:14:58.813000+00:00
MSN;2026-03-10;69.0;69.8;66.1;68.3;13574400;2026-09-04 09:14:58.813000+00:00
MSN;2026-03-11;69.3;73.0;69.1;73.0;10575800;2026-09-04 09:14:58.813000+00:00
MSN;2026-03-12;73.2;74.5;71.8;73.1;8489100;2026-09-04 09:14:58.813000+00:00
MSN;2026-03-13;73.4;74.7;72.7;73.9;8344100;2026-09-04 09:14:58.813000+00:00
MSN;2026-03-16;74.7;75.2;73.4;73.5;4578400;2026-09-04 09:14:58.813000+00:00
MSN;2026-03-17;74.0;75.7;73.8;75.4;8479300;2026-09-04 09:14:58.813000+00:00
MSN;2026-03-18;75.8;75.8;74.0;75.3;5029900;2026-09-04 09:14:58.813000+00:00
MSN;2026-03-19;73.6;75.7;73.5;75.4;8216000;2026-09-04 09:14:58.813000+00:00
MSN;2026-03-20;75.1;75.5;71.3;71.3;8880900;2026-09-04 09:14:58.813000+00:00
MSN;2026-03-23;70.6;72.8;70.6;70.8;8307600;2026-09-04 09:14:58.813000+00:00
MSN;2026-03-24;72.5;72.8;71.7;72.1;3692600;2026-09-04 09:14:58.813000+00:00
MSN;2026-03-25;73.5;73.5;72.2;73.2;4078200;2026-09-04 09:14:58.813000+00:00
MSN;2026-03-26;73.0;73.2;71.8;72.1;4014500;2026-09-04 09:14:58.813000+00:00
MSN;2026-03-27;72.2;73.4;72.2;73.3;4263900;2026-09-04 09:14:58.813000+00:00
MSN;2026-03-30;72.0;75.3;71.8;74.8;6573900;2026-09-04 09:14:58.813000+00:00
MSN;2026-03-31;75.5;76.4;75.0;75.5;5911100;2026-09-04 09:14:58.813000+00:00
MSN;2026-04-01;76.8;77.4;75.9;76.9;8282500;2026-09-04 09:14:58.813000+00:00
MSN;2026-04-02;76.6;76.7;75.3;76.1;5420300;2026-09-04 09:14:58.813000+00:00
MSN;2026-04-03;76.2;77.1;74.8;75.3;5241600;2026-09-04 09:14:58.813000+00:00
MSN;2026-04-06;75.1;76.2;74.5;75.3;4242400;2026-09-04 09:14:58.813000+00:00
MSN;2026-04-07;75.4;75.7;74.3;75.1;3191700;2026-09-04 09:14:58.813000+00:00
MSN;2026-04-08;77.2;77.8;76.3;77.7;10008300;2026-09-04 09:14:58.813000+00:00
MSN;2026-04-09;77.6;79.5;76.8;78.0;6333100;2026-09-04 09:14:58.813000+00:00
MSN;2026-04-10;78.5;78.7;77.5;78.0;3896000;2026-09-04 09:14:58.813000+00:00
MSN;2026-04-13;77.2;77.6;76.4;77.0;5031600;2026-09-04 09:14:58.813000+00:00
MSN;2026-04-14;77.7;78.0;77.0;77.6;4522400;2026-09-04 09:14:58.813000+00:00
MSN;2026-04-15;78.4;78.4;77.0;77.2;4323100;2026-09-04 09:14:58.813000+00:00
MSN;2026-04-16;77.2;78.8;76.7;78.0;7346700;2026-09-04 09:14:58.813000+00:00
MSN;2026-04-17;78.3;82.5;78.3;79.5;13601600;2026-09-04 09:14:58.813000+00:00
MSN;2026-04-20;80.0;80.4;79.3;79.8;5211800;2026-09-04 09:14:58.813000+00:00
MSN;2026-04-21;80.0;80.9;78.8;79.0;7452100;2026-09-04 09:14:58.813000+00:00
MSN;2026-04-22;78.9;79.2;78.1;79.0;4824100;2026-09-04 09:14:58.813000+00:00
MSN;2026-04-23;79.2;79.3;77.1;78.2;6071800;2026-09-04 09:14:58.813000+00:00
MSN;2026-04-24;79.0;79.6;77.2;77.2;7800700;2026-09-04 09:14:58.813000+00:00
MSN;2026-04-28;77.2;77.9;76.7;77.4;3730200;2026-09-04 09:14:58.813000+00:00
MSN;2026-04-29;77.0;77.4;76.1;76.8;4028900;2026-09-04 09:14:58.813000+00:00
MSN;2026-05-04;77.2;77.5;76.2;76.8;3381400;2026-09-04 09:14:58.813000+00:00
MSN;2026-05-05;76.9;78.4;76.6;76.6;4691700;2026-09-04 09:14:58.813000+00:00
MSN;2026-05-06;77.3;78.5;76.9;78.4;5808400;2026-09-04 09:14:58.813000+00:00
MSN;2026-05-07;79.7;82.3;79.2;81.0;15769900;2026-09-04 09:14:58.813000+00:00
MSN;2026-05-08;81.0;82.4;80.0;80.2;8819100;2026-09-04 09:14:58.813000+00:00
MSN;2026-05-11;80.8;80.8;77.5;77.5;8192600;2026-09-04 09:14:58.813000+00:00
MSN;2026-05-12;77.7;78.0;76.6;77.7;6062900;2026-09-04 09:14:58.813000+00:00
MSN;2026-05-13;77.7;79.3;77.5;78.9;6479900;2026-09-04 09:14:58.813000+00:00
MSN;2026-05-14;79.3;79.5;78.6;79.1;4324500;2026-09-04 09:14:58.813000+00:00
MSN;2026-05-15;79.1;79.1;77.1;77.5;4808600;2026-09-04 09:14:58.813000+00:00
MSN;2026-05-18;77.1;77.3;76.4;76.5;5621700;2026-09-04 09:14:58.813000+00:00
MSN;2026-05-19;76.8;77.4;76.3;76.5;5113200;2026-09-04 09:14:58.813000+00:00
MSN;2026-05-20;76.4;76.8;74.4;75.6;7861100;2026-09-04 09:14:58.813000+00:00
MSN;2026-05-21;76.0;76.9;75.8;76.2;3550000;2026-09-04 09:14:58.813000+00:00
MSN;2026-05-22;76.1;76.7;75.6;76.0;2603200;2026-09-04 09:14:58.813000+00:00
MSN;2026-05-25;76.0;77.3;75.7;77.2;4612600;2026-09-04 09:14:58.813000+00:00
MSN;2026-05-26;77.3;77.3;76.7;77.0;2637100;2026-09-04 09:14:58.813000+00:00
MSN;2026-05-27;77.3;77.5;76.5;76.5;3270300;2026-09-04 09:14:58.813000+00:00
MSN;2026-05-28;76.6;76.9;75.5;75.5;3042800;2026-09-04 09:14:58.813000+00:00
MSN;2026-05-29;75.8;75.8;74.7;74.7;3638900;2026-09-04 09:14:58.813000+00:00
MSN;2026-06-01;74.8;75.2;74.2;74.7;2089100;2026-09-04 09:14:58.813000+00:00
MSN;2026-06-02;74.7;74.8;73.2;73.2;3422300;2026-09-04 09:14:58.813000+00:00
MSN;2026-06-03;73.1;75.1;72.6;75.1;3872000;2026-09-04 09:14:58.813000+00:00
MSN;2026-06-04;74.9;74.9;73.9;74.0;1879100;2026-09-04 09:14:58.813000+00:00
MSN;2026-06-05;74.3;74.3;73.0;73.1;2864100;2026-09-04 09:14:58.813000+00:00
MSN;2026-06-08;72.4;72.7;70.8;70.8;5812600;2026-09-04 09:14:58.813000+00:00
MSN;2026-06-09;71.3;72.5;70.9;72.4;3417100;2026-09-04 09:14:58.813000+00:00
MSN;2026-06-10;72.2;72.3;71.6;71.9;1527900;2026-09-04 09:14:58.813000+00:00
MSN;2026-06-11;71.5;71.8;71.0;71.0;1778000;2026-09-04 09:14:58.813000+00:00
MSN;2026-06-12;72.0;72.2;71.1;71.1;2524400;2026-09-04 09:14:58.813000+00:00
MSN;2026-06-15;72.1;72.8;71.9;72.2;2829700;2026-09-04 09:14:58.813000+00:00
MSN;2026-06-16;72.5;73.2;72.2;73.0;1998300;2026-09-04 09:14:58.813000+00:00
MSN;2026-06-17;73.1;73.3;72.5;72.5;2463600;2026-09-04 09:14:58.813000+00:00
MSN;2026-06-18;72.5;73.2;72.1;72.1;2955300;2026-09-04 09:14:58.813000+00:00
MSN;2026-06-19;72.2;72.6;72.0;72.0;2203100;2026-09-04 09:14:58.813000+00:00
MSN;2026-06-22;72.6;72.6;71.5;71.5;1679500;2026-09-04 09:14:58.813000+00:00
MSN;2026-06-23;71.8;72.3;70.7;71.5;3924900;2026-09-04 09:14:58.813000+00:00
MSN;2026-06-24;71.4;71.6;70.6;71.5;2086700;2026-09-04 09:14:58.813000+00:00
MSN;2026-06-25;71.7;71.7;71.2;71.5;1092900;2026-09-04 09:14:58.813000+00:00
MSN;2026-06-26;71.4;71.5;70.9;71.4;1949700;2026-09-04 09:14:58.813000+00:00
MSN;2026-06-29;71.6;72.1;71.4;72.1;2189400;2026-09-04 09:14:58.813000+00:00
MSN;2026-06-30;72.2;72.7;71.6;72.1;2684100;2026-09-04 09:14:58.813000+00:00
MSN;2026-07-01;72.0;72.8;71.9;72.5;2278500;2026-09-04 09:14:58.813000+00:00
MSN;2026-07-02;72.8;73.1;71.9;72.4;3050700;2026-09-04 09:14:58.813000+00:00
MSN;2026-07-03;72.1;72.4;71.5;71.8;2721300;2026-09-04 09:14:58.813000+00:00
MSN;2026-07-06;71.6;71.8;69.2;70.5;4680200;2026-09-04 09:14:58.813000+00:00
MSN;2026-07-07;70.4;70.4;68.3;68.6;9695900;2026-09-04 09:14:58.813000+00:00
MSN;2026-07-08;68.4;69.7;67.5;69.0;10943100;2026-09-04 09:14:58.813000+00:00
MSN;2026-07-09;68.8;69.6;68.6;68.9;2298700;2026-09-04 09:14:58.813000+00:00
MSN;2026-07-10;68.6;69.1;68.1;68.8;2701100;2026-09-04 09:14:58.813000+00:00
MSN;2026-07-13;68.3;68.5;66.7;67.9;5488400;2026-09-04 09:14:58.813000+00:00
MSN;2026-07-14;67.3;68.4;67.1;68.4;2364800;2026-09-04 09:14:58.813000+00:00
MSN;2026-07-15;68.4;68.5;67.4;68.0;2633500;2026-09-04 09:14:58.813000+00:00
MSN;2026-07-16;67.5;68.0;66.7;68.0;3440100;2026-09-04 09:14:58.813000+00:00
MSN;2026-07-17;67.8;68.2;67.4;68.0;2752400;2026-09-04 09:14:58.813000+00:00
MSN;2026-07-20;67.8;67.8;64.6;64.8;6394700;2026-09-04 09:14:58.813000+00:00
MSN;2026-07-21;64.5;66.1;64.5;64.9;4693800;2026-09-04 09:14:58.813000+00:00
MSN;2026-07-22;65.5;67.0;63.5;63.9;9078900;2026-09-04 09:14:58.813000+00:00
MSN;2026-07-23;63.9;64.6;61.7;64.0;5065800;2026-09-04 09:14:58.813000+00:00
MSN;2026-07-24;63.9;64.0;62.8;63.9;3341400;2026-09-04 09:14:58.813000+00:00
MSN;2026-07-27;65.0;65.1;63.5;63.9;4605200;2026-09-04 09:14:58.813000+00:00
MSN;2026-07-28;63.2;66.4;63.2;65.7;5574000;2026-09-04 09:14:58.813000+00:00
MSN;2026-07-29;65.8;66.6;65.1;66.3;3692600;2026-09-04 09:14:58.813000+00:00
MSN;2026-07-30;66.0;68.1;65.9;67.9;4858200;2026-09-04 09:14:58.813000+00:00
MSN;2026-07-31;67.9;67.9;66.1;66.1;3736800;2026-09-04 09:14:58.813000+00:00
MSN;2026-08-03;66.5;68.3;66.4;68.2;4348300;2026-09-04 09:14:58.813000+00:00
MSN;2026-08-04;68.4;68.6;67.7;68.4;3115600;2026-09-04 09:14:58.813000+00:00
MSN;2026-08-05;68.8;69.4;67.0;67.2;4183900;2026-09-04 08:48:49.366000+00:00
MSN;2026-08-06;67.5;67.5;66.4;66.5;2286900;2026-09-04 08:48:49.366000+00:00
MSN;2026-08-07;66.3;67.8;66.2;67.4;3169000;2026-09-04 08:48:49.366000+00:00
MSN;2026-08-10;67.4;68.1;66.9;67.7;3056100;2026-09-04 08:48:49.366000+00:00
MSN;2026-08-11;67.8;68.2;67.1;67.1;2876400;2026-09-04 08:48:49.366000+00:00
MSN;2026-08-12;67.2;67.8;66.9;67.2;2039300;2026-09-04 08:48:49.366000+00:00
MSN;2026-08-13;67.5;68.3;67.4;67.6;5681100;2026-09-04 08:48:49.366000+00:00
MSN;2026-08-14;67.4;67.9;65.8;66.3;6325400;2026-09-04 08:48:49.366000+00:00
MSN;2026-08-17;66.3;66.9;65.9;66.9;3306800;2026-09-04 08:48:49.366000+00:00
MSN;2026-08-18;66.9;67.3;66.1;66.8;2283000;2026-09-04 08:48:49.366000+00:00
MSN;2026-08-19;66.7;66.8;65.5;66.4;3507000;2026-09-04 08:48:49.366000+00:00
MSN;2026-08-20;66.5;68.9;66.3;68.1;7132100;2026-09-04 08:48:49.366000+00:00
MSN;2026-08-21;68.2;70.2;67.9;69.8;7435200;2026-09-04 08:48:49.366000+00:00
MSN;2026-08-24;70.7;70.8;69.5;70.0;4715100;2026-09-04 08:48:49.366000+00:00
MSN;2026-08-25;70.0;70.5;69.0;69.5;4643500;2026-09-04 08:48:49.366000+00:00
MSN;2026-08-26;69.5;70.3;69.1;70.1;3819500;2026-09-04 08:48:49.366000+00:00
MSN;2026-08-27;70.3;71.1;69.6;70.2;4810800;2026-09-04 08:48:49.366000+00:00
MSN;2026-08-28;70.6;70.6;69.8;70.2;3335400;2026-09-04 08:48:49.366000+00:00
MSN;2026-09-03;69.5;69.6;68.3;69.0;5466400;2026-09-04 08:48:49.366000+00:00
MSN;2026-09-04;68.5;69.1;68.5;69.0;2788500;2026-09-05 02:07:54.972000+00:00
MWG;2025-05-05;59.12;59.21;59.02;59.21;5099700;2026-09-04 09:14:53.802000+00:00
MWG;2025-05-06;59.21;59.4;58.34;58.73;4110300;2026-09-04 09:14:53.802000+00:00
MWG;2025-05-07;58.14;58.73;57.37;58.34;7742800;2026-09-04 09:14:53.802000+00:00
MWG;2025-05-08;58.34;58.53;57.17;58.53;9463100;2026-09-04 09:14:53.802000+00:00
MWG;2025-05-09;58.53;59.21;58.34;58.63;4780000;2026-09-04 09:14:53.802000+00:00
MWG;2025-05-12;58.92;59.12;58.34;59.02;6434100;2026-09-04 09:14:53.802000+00:00
MWG;2025-05-13;59.4;61.84;59.21;61.64;17084400;2026-09-04 09:14:53.802000+00:00
MWG;2025-05-14;61.94;62.42;61.74;62.12;9926500;2026-09-04 09:14:53.802000+00:00
MWG;2025-05-15;62.12;62.7;61.16;62.42;9777600;2026-09-04 09:14:53.802000+00:00
MWG;2025-05-16;61.94;62.61;61.64;61.94;5354600;2026-09-04 09:14:53.802000+00:00
MWG;2025-05-19;61.64;62.52;61.25;61.84;6532900;2026-09-04 09:14:53.802000+00:00
MWG;2025-05-20;61.64;63.29;61.44;62.8;11898400;2026-09-04 09:14:53.802000+00:00
MWG;2025-05-21;63.0;63.0;61.74;62.42;6780600;2026-09-04 09:14:53.802000+00:00
MWG;2025-05-22;62.02;62.9;61.74;62.42;8712800;2026-09-04 09:14:53.802000+00:00
MWG;2025-05-23;62.32;62.42;61.44;62.32;7274000;2026-09-04 09:14:53.802000+00:00
MWG;2025-05-26;62.32;63.1;60.57;62.61;7017400;2026-09-04 09:14:53.802000+00:00
MWG;2025-05-27;62.9;63.0;61.64;62.42;8162000;2026-09-04 09:14:53.802000+00:00
MWG;2025-05-28;62.42;63.58;62.12;62.52;10272900;2026-09-04 09:14:53.802000+00:00
MWG;2025-05-29;62.61;62.7;61.54;62.42;7333000;2026-09-04 09:14:53.802000+00:00
MWG;2025-05-30;61.94;62.02;60.28;60.28;12817900;2026-09-04 09:14:53.802000+00:00
MWG;2025-06-02;60.18;60.18;58.24;59.21;14330200;2026-09-04 09:14:53.802000+00:00
MWG;2025-06-03;59.21;60.96;59.21;60.57;6563500;2026-09-04 09:14:53.802000+00:00
MWG;2025-06-04;60.96;60.96;59.31;59.5;6679500;2026-09-04 09:14:53.802000+00:00
MWG;2025-06-05;59.21;60.38;59.21;59.89;5366600;2026-09-04 09:14:53.802000+00:00
MWG;2025-06-06;59.4;59.5;58.63;58.73;6292000;2026-09-04 09:14:53.802000+00:00
MWG;2025-06-09;58.73;58.92;58.14;58.73;7249100;2026-09-04 09:14:53.802000+00:00
MWG;2025-06-10;59.21;61.06;58.82;59.7;10555000;2026-09-04 09:14:53.802000+00:00
MWG;2025-06-11;59.7;60.38;59.7;60.08;4240600;2026-09-04 09:14:53.802000+00:00
MWG;2025-06-12;60.67;61.64;60.28;61.64;10592900;2026-09-04 09:14:53.802000+00:00
MWG;2025-06-13;60.86;61.54;59.99;61.34;8830700;2026-09-04 09:14:53.802000+00:00
MWG;2025-06-16;61.16;62.42;60.76;62.42;8355900;2026-09-04 09:14:53.802000+00:00
MWG;2025-06-17;62.52;62.61;61.94;62.52;5183800;2026-09-04 09:14:53.802000+00:00
MWG;2025-06-18;62.42;63.38;61.74;61.84;7677600;2026-09-04 09:14:53.802000+00:00
MWG;2025-06-19;61.74;62.42;61.25;62.12;7897700;2026-09-04 09:14:53.802000+00:00
MWG;2025-06-20;62.12;62.7;61.84;62.22;4814200;2026-09-04 09:14:53.802000+00:00
MWG;2025-06-23;62.02;63.1;61.34;63.1;7778400;2026-09-04 09:14:53.802000+00:00
MWG;2025-06-24;63.88;63.97;63.0;63.0;8021100;2026-09-04 09:14:53.802000+00:00
MWG;2025-06-25;62.9;63.29;62.61;63.1;6367900;2026-09-04 09:14:53.802000+00:00
MWG;2025-06-26;63.1;63.38;62.32;62.61;5205000;2026-09-04 09:14:53.802000+00:00
MWG;2025-06-27;62.8;64.36;62.7;63.88;11065400;2026-09-04 09:14:53.802000+00:00
MWG;2025-06-30;64.26;64.36;63.48;63.58;5031900;2026-09-04 09:14:53.802000+00:00
MWG;2025-07-01;63.58;63.88;62.42;62.61;7109600;2026-09-04 09:14:53.802000+00:00
MWG;2025-07-02;62.61;63.2;62.42;62.9;5786300;2026-09-04 09:14:53.802000+00:00
MWG;2025-07-03;62.8;64.65;62.8;63.48;12680700;2026-09-04 09:14:53.802000+00:00
MWG;2025-07-04;63.97;64.55;63.58;64.36;6182500;2026-09-04 09:14:53.802000+00:00
MWG;2025-07-07;64.65;64.84;63.88;64.55;6683300;2026-09-04 09:14:53.802000+00:00
MWG;2025-07-08;64.65;65.33;64.06;65.23;8520700;2026-09-04 09:14:53.802000+00:00
MWG;2025-07-09;65.52;65.72;64.84;65.72;7522700;2026-09-04 09:14:53.802000+00:00
MWG;2025-07-10;66.01;66.4;65.33;66.01;6943600;2026-09-04 09:14:53.802000+00:00
MWG;2025-07-11;66.01;66.1;65.33;65.91;5780200;2026-09-04 09:14:53.802000+00:00
MWG;2025-07-14;65.91;66.98;64.46;66.98;8671000;2026-09-04 09:14:53.802000+00:00
MWG;2025-07-15;67.37;69.31;67.27;67.27;10076100;2026-09-04 09:14:53.802000+00:00
MWG;2025-07-16;67.17;67.95;66.49;67.95;6383800;2026-09-04 09:14:53.802000+00:00
MWG;2025-07-17;67.75;68.73;67.56;68.43;6844300;2026-09-04 09:14:53.802000+00:00
MWG;2025-07-18;68.43;69.89;67.66;68.63;7740900;2026-09-04 09:14:53.802000+00:00
MWG;2025-07-21;68.92;68.92;67.17;67.95;7601100;2026-09-04 09:14:53.802000+00:00
MWG;2025-07-22;67.95;68.34;66.98;68.34;7908200;2026-09-04 09:14:53.802000+00:00
MWG;2025-07-23;68.73;68.92;67.95;68.43;7547700;2026-09-04 09:14:53.802000+00:00
MWG;2025-07-24;68.93;68.93;67.74;68.43;6607100;2026-09-04 09:14:53.802000+00:00
MWG;2025-07-25;68.43;70.01;68.14;69.02;6469000;2026-09-04 09:14:53.802000+00:00
MWG;2025-07-28;69.52;69.91;68.53;69.12;9571200;2026-09-04 09:14:53.802000+00:00
MWG;2025-07-29;69.12;69.12;65.38;65.58;18358200;2026-09-04 09:14:53.802000+00:00
MWG;2025-07-30;66.46;66.86;65.09;66.07;13161600;2026-09-04 09:14:53.802000+00:00
MWG;2025-07-31;66.17;66.76;64.2;64.3;14552200;2026-09-04 09:14:53.802000+00:00
MWG;2025-08-01;64.4;65.68;64.2;64.2;8228000;2026-09-04 09:14:53.802000+00:00
MWG;2025-08-04;64.2;65.97;64.2;65.97;8211500;2026-09-04 09:14:53.802000+00:00
MWG;2025-08-05;66.27;68.43;64.99;68.24;15697200;2026-09-04 09:14:53.802000+00:00
MWG;2025-08-06;67.84;71.29;67.45;71.29;18002400;2026-09-04 09:14:53.802000+00:00
MWG;2025-08-07;71.58;71.68;70.5;71.29;8095800;2026-09-04 09:14:53.802000+00:00
MWG;2025-08-08;71.49;71.68;69.42;70.9;11116900;2026-09-04 09:14:53.802000+00:00
MWG;2025-08-11;70.9;72.57;70.6;70.99;10677600;2026-09-04 09:14:53.802000+00:00
MWG;2025-08-12;71.19;71.39;69.91;71.09;7809000;2026-09-04 09:14:53.802000+00:00
MWG;2025-08-13;71.39;71.39;68.93;69.81;11739600;2026-09-04 09:14:53.802000+00:00
MWG;2025-08-14;69.91;70.8;69.02;70.8;9930500;2026-09-04 09:14:53.802000+00:00
MWG;2025-08-15;70.9;71.19;68.73;69.42;9112800;2026-09-04 09:14:53.802000+00:00
MWG;2025-08-18;69.52;69.91;68.14;68.93;8199100;2026-09-04 09:14:53.802000+00:00
MWG;2025-08-19;68.93;68.93;66.96;66.96;14132300;2026-09-04 09:14:53.802000+00:00
MWG;2025-08-20;67.45;69.62;67.06;68.34;11461600;2026-09-04 09:14:53.802000+00:00
MWG;2025-08-21;68.34;70.5;68.14;69.91;12495000;2026-09-04 09:14:53.802000+00:00
MWG;2025-08-22;68.83;69.52;67.35;69.22;10901700;2026-09-04 09:14:53.802000+00:00
MWG;2025-08-25;69.22;69.52;67.55;67.74;6387100;2026-09-04 09:14:53.802000+00:00
MWG;2025-08-26;67.94;72.47;67.55;72.47;16810900;2026-09-04 09:14:53.802000+00:00
MWG;2025-08-27;73.85;75.43;73.46;73.85;12565000;2026-09-04 09:14:53.802000+00:00
MWG;2025-08-28;73.85;76.11;73.36;76.11;11875600;2026-09-04 09:14:53.802000+00:00
MWG;2025-08-29;76.8;77.0;75.43;76.8;9402500;2026-09-04 09:14:53.802000+00:00
MWG;2025-09-03;75.72;76.41;74.54;74.64;8068800;2026-09-04 09:14:53.802000+00:00
MWG;2025-09-04;74.83;76.31;72.77;76.31;12031500;2026-09-04 09:14:53.802000+00:00
MWG;2025-09-05;76.8;77.1;73.85;73.85;9769500;2026-09-04 09:14:53.802000+00:00
MWG;2025-09-08;73.36;75.62;72.87;72.87;13715000;2026-09-04 09:14:53.802000+00:00
MWG;2025-09-09;73.46;74.83;72.57;74.83;6933700;2026-09-04 09:14:53.802000+00:00
MWG;2025-09-10;74.44;75.13;73.36;74.34;7770800;2026-09-04 09:14:53.802000+00:00
MWG;2025-09-11;74.24;78.18;72.87;77.59;18120100;2026-09-04 09:14:53.802000+00:00
MWG;2025-09-12;77.59;78.18;76.61;77.79;7900100;2026-09-04 09:14:53.802000+00:00
MWG;2025-09-15;77.79;78.38;76.9;78.28;8395500;2026-09-04 09:14:53.802000+00:00
MWG;2025-09-16;78.38;80.15;77.69;79.07;8927700;2026-09-04 09:14:53.802000+00:00
MWG;2025-09-17;78.58;79.86;76.8;76.8;8298600;2026-09-04 09:14:53.802000+00:00
MWG;2025-09-18;76.8;77.3;75.52;77.3;8718800;2026-09-04 09:14:53.802000+00:00
MWG;2025-09-19;77.3;77.69;76.21;77.39;4279300;2026-09-04 09:14:53.802000+00:00
MWG;2025-09-22;76.71;76.71;74.83;75.33;8126100;2026-09-04 09:14:53.802000+00:00
MWG;2025-09-23;75.62;77.0;75.13;76.61;4466900;2026-09-04 09:14:53.802000+00:00
MWG;2025-09-24;76.51;77.99;75.92;77.99;4391900;2026-09-04 09:14:53.802000+00:00
MWG;2025-09-25;77.59;77.79;76.9;77.79;5302400;2026-09-04 09:14:53.802000+00:00
MWG;2025-09-26;77.1;77.89;76.71;76.71;4081700;2026-09-04 09:14:53.802000+00:00
MWG;2025-09-29;76.71;76.71;75.43;75.82;6021900;2026-09-04 09:14:53.802000+00:00
MWG;2025-09-30;75.62;76.61;75.03;76.51;7817600;2026-09-04 09:14:53.802000+00:00
MWG;2025-10-01;76.31;77.1;76.02;76.51;4989600;2026-09-04 09:14:53.802000+00:00
MWG;2025-10-02;76.61;77.3;75.72;75.92;4725900;2026-09-04 09:14:53.802000+00:00
MWG;2025-10-03;75.82;76.21;74.24;75.82;9671700;2026-09-04 09:14:53.802000+00:00
MWG;2025-10-06;77.2;77.49;76.02;76.41;9452100;2026-09-04 09:14:53.802000+00:00
MWG;2025-10-07;76.8;78.28;76.31;76.8;7199900;2026-09-04 09:14:53.802000+00:00
MWG;2025-10-08;77.79;80.05;77.3;79.56;17337700;2026-09-04 09:14:53.802000+00:00
MWG;2025-10-09;79.56;80.64;79.27;80.25;7782900;2026-09-04 09:14:53.802000+00:00
MWG;2025-10-10;80.15;80.74;79.36;80.74;7593200;2026-09-04 09:14:53.802000+00:00
MWG;2025-10-13;79.95;81.73;79.76;81.73;7962500;2026-09-04 09:14:53.802000+00:00
MWG;2025-10-14;82.61;83.7;81.14;82.91;12093100;2026-09-04 09:14:53.802000+00:00
MWG;2025-10-15;82.71;83.4;81.73;82.02;5687400;2026-09-04 09:14:53.802000+00:00
MWG;2025-10-16;82.02;83.5;81.73;83.2;6629400;2026-09-04 09:14:53.802000+00:00
MWG;2025-10-17;83.5;84.58;82.51;83.2;9880500;2026-09-04 09:14:53.802000+00:00
MWG;2025-10-20;85.67;86.55;78.58;79.66;14226400;2026-09-04 09:14:53.802000+00:00
MWG;2025-10-21;81.04;81.73;79.27;81.73;12062300;2026-09-04 09:14:53.802000+00:00
MWG;2025-10-22;81.73;83.2;80.35;83.2;8203100;2026-09-04 09:14:53.802000+00:00
MWG;2025-10-23;84.68;85.47;83.3;84.39;9156600;2026-09-04 09:14:53.802000+00:00
MWG;2025-10-24;84.19;84.58;81.53;84.39;9652900;2026-09-04 09:14:53.802000+00:00
MWG;2025-10-27;84.39;84.39;79.76;79.76;9884200;2026-09-04 09:14:53.802000+00:00
MWG;2025-10-28;79.66;83.11;79.17;82.91;8277300;2026-09-04 09:14:53.802000+00:00
MWG;2025-10-29;81.73;83.11;81.73;82.81;5076100;2026-09-04 09:14:53.802000+00:00
MWG;2025-10-30;82.91;83.11;82.22;82.61;5652200;2026-09-04 09:14:53.802000+00:00
MWG;2025-10-31;82.61;82.71;80.74;81.33;6453200;2026-09-04 09:14:53.802000+00:00
MWG;2025-11-03;81.73;82.02;79.76;79.76;6146600;2026-09-04 09:14:53.802000+00:00
MWG;2025-11-04;79.66;80.74;77.3;80.55;13681700;2026-09-04 09:14:53.802000+00:00
MWG;2025-11-05;80.25;80.25;78.87;78.97;4679900;2026-09-04 09:14:53.802000+00:00
MWG;2025-11-06;79.07;79.76;77.59;79.07;4495500;2026-09-04 09:14:53.802000+00:00
MWG;2025-11-07;78.38;79.27;74.34;75.33;8643300;2026-09-04 09:14:53.802000+00:00
MWG;2025-11-10;75.13;78.08;75.13;75.62;7274200;2026-09-04 09:14:53.802000+00:00
MWG;2025-11-11;76.31;77.89;76.31;76.8;5881500;2026-09-04 09:14:53.802000+00:00
MWG;2025-11-12;76.8;79.27;76.71;79.27;5083400;2026-09-04 09:14:53.802000+00:00
MWG;2025-11-13;78.87;79.27;78.28;78.87;3798700;2026-09-04 09:14:53.802000+00:00
MWG;2025-11-14;77.99;80.74;77.99;80.15;3951700;2026-09-04 09:14:53.802000+00:00
MWG;2025-11-17;79.95;81.14;79.95;81.14;4514700;2026-09-04 09:14:53.802000+00:00
MWG;2025-11-18;81.23;81.92;80.64;81.73;4417900;2026-09-04 09:14:53.802000+00:00
MWG;2025-11-19;81.73;81.92;80.35;81.14;6064700;2026-09-04 09:14:53.802000+00:00
MWG;2025-11-20;81.04;81.04;79.56;79.76;5080700;2026-09-04 09:14:53.802000+00:00
MWG;2025-11-21;79.17;79.17;76.9;78.77;8331600;2026-09-04 09:14:53.802000+00:00
MWG;2025-11-24;79.07;79.17;77.99;78.08;4147400;2026-09-04 09:14:53.802000+00:00
MWG;2025-11-25;77.79;78.58;77.3;77.3;4223700;2026-09-04 09:14:53.802000+00:00
MWG;2025-11-26;77.3;78.97;77.3;78.97;4735000;2026-09-04 09:14:53.802000+00:00
MWG;2025-11-27;78.77;78.87;78.28;78.77;3506200;2026-09-04 09:14:53.802000+00:00
MWG;2025-11-28;78.77;78.87;77.99;78.67;3026700;2026-09-04 09:14:53.802000+00:00
MWG;2025-12-01;78.48;78.87;78.28;78.77;2955600;2026-09-04 09:14:53.802000+00:00
MWG;2025-12-02;78.58;78.87;78.08;78.77;3953000;2026-09-04 09:14:53.802000+00:00
MWG;2025-12-03;78.97;84.19;78.97;83.4;15177100;2026-09-04 09:14:53.802000+00:00
MWG;2025-12-04;83.7;84.88;83.3;84.48;7082600;2026-09-04 09:14:53.802000+00:00
MWG;2025-12-05;84.39;84.39;82.81;83.79;6818100;2026-09-04 09:14:53.802000+00:00
MWG;2025-12-08;83.01;83.79;82.22;83.6;4614500;2026-09-04 09:14:53.802000+00:00
MWG;2025-12-09;83.2;83.2;81.23;82.71;6672700;2026-09-04 09:14:53.802000+00:00
MWG;2025-12-10;81.92;83.11;81.23;81.73;4887900;2026-09-04 09:14:53.802000+00:00
MWG;2025-12-11;81.73;82.32;81.04;81.04;3015900;2026-09-04 09:14:53.802000+00:00
MWG;2025-12-12;81.04;81.04;77.3;77.3;8896500;2026-09-04 09:14:53.802000+00:00
MWG;2025-12-15;77.2;77.99;76.41;76.51;5323900;2026-09-04 09:14:53.802000+00:00
MWG;2025-12-16;76.61;80.74;76.31;80.74;7552000;2026-09-04 09:14:53.802000+00:00
MWG;2025-12-17;80.64;81.73;79.56;80.64;4829800;2026-09-04 09:14:53.802000+00:00
MWG;2025-12-18;80.05;80.35;79.27;80.35;3495200;2026-09-04 09:14:53.802000+00:00
MWG;2025-12-19;80.25;81.73;80.05;81.63;5439900;2026-09-04 09:14:53.802000+00:00
MWG;2025-12-22;81.43;83.7;81.43;83.7;7856400;2026-09-04 09:14:53.802000+00:00
MWG;2025-12-23;83.7;86.65;83.6;86.16;13817800;2026-09-04 09:14:53.802000+00:00
MWG;2025-12-24;86.26;86.65;85.67;86.65;6357400;2026-09-04 09:14:53.802000+00:00
MWG;2025-12-25;86.65;88.62;84.68;84.68;8091600;2026-09-04 09:14:53.802000+00:00
MWG;2025-12-26;82.91;85.67;81.33;85.67;9310200;2026-09-04 09:14:53.802000+00:00
MWG;2025-12-29;84.88;86.35;84.78;85.76;6228800;2026-09-04 09:14:53.802000+00:00
MWG;2025-12-30;85.67;87.14;85.27;87.14;7753100;2026-09-04 09:14:53.802000+00:00
MWG;2025-12-31;86.65;87.04;86.26;87.04;4804600;2026-09-04 09:14:53.802000+00:00
MWG;2026-01-05;86.55;86.85;84.48;86.06;5947300;2026-09-04 09:14:53.802000+00:00
MWG;2026-01-06;85.47;87.93;85.47;87.44;6390700;2026-09-04 09:14:53.802000+00:00
MWG;2026-01-07;87.63;88.52;86.95;88.42;4998000;2026-09-04 09:14:53.802000+00:00
MWG;2026-01-08;88.42;88.42;84.88;86.16;10543900;2026-09-04 09:14:53.802000+00:00
MWG;2026-01-09;85.07;86.16;84.29;84.68;6472200;2026-09-04 09:14:53.802000+00:00
MWG;2026-01-12;84.68;86.16;83.7;86.16;8471500;2026-09-04 09:14:53.802000+00:00
MWG;2026-01-13;86.16;87.34;84.88;85.76;6657100;2026-09-04 09:14:53.802000+00:00
MWG;2026-01-14;85.76;85.96;83.79;84.68;6951400;2026-09-04 09:14:53.802000+00:00
MWG;2026-01-15;83.7;85.57;82.71;82.71;7636600;2026-09-04 09:14:53.802000+00:00
MWG;2026-01-16;82.51;86.06;82.51;85.67;7671600;2026-09-04 09:14:53.802000+00:00
MWG;2026-01-19;86.06;86.06;84.19;85.37;3055300;2026-09-04 09:14:53.802000+00:00
MWG;2026-01-20;85.37;86.95;84.68;84.68;6841300;2026-09-04 09:14:53.802000+00:00
MWG;2026-01-21;84.58;84.58;83.11;84.09;5383600;2026-09-04 09:14:53.802000+00:00
MWG;2026-01-22;83.7;85.27;83.7;85.17;5450600;2026-09-04 09:14:53.802000+00:00
MWG;2026-01-23;85.27;86.35;84.48;84.48;6722800;2026-09-04 09:14:53.802000+00:00
MWG;2026-01-26;84.48;84.58;82.61;82.81;6030600;2026-09-04 09:14:53.802000+00:00
MWG;2026-01-27;82.91;84.48;82.71;83.7;5418600;2026-09-04 09:14:53.802000+00:00
MWG;2026-01-28;83.6;84.48;83.01;84.19;6085200;2026-09-04 09:14:53.802000+00:00
MWG;2026-01-29;84.39;88.13;83.99;88.13;15892000;2026-09-04 09:14:53.802000+00:00
MWG;2026-01-30;88.62;91.97;88.42;91.48;20845900;2026-09-04 09:14:53.802000+00:00
MWG;2026-02-02;91.67;92.46;89.11;92.26;13866200;2026-09-04 09:14:53.802000+00:00
MWG;2026-02-03;92.95;92.95;90.1;90.1;10130300;2026-09-04 09:14:53.802000+00:00
MWG;2026-02-04;90.1;90.49;89.21;90.39;7656400;2026-09-04 09:14:53.802000+00:00
MWG;2026-02-05;90.29;90.39;88.82;88.82;5643400;2026-09-04 09:14:53.802000+00:00
MWG;2026-02-06;88.32;88.52;84.68;87.04;13814700;2026-09-04 09:14:53.802000+00:00
MWG;2026-02-09;87.63;88.62;87.14;87.93;5452400;2026-09-04 09:14:53.802000+00:00
MWG;2026-02-10;88.32;88.32;86.45;87.93;5950600;2026-09-04 09:14:53.802000+00:00
MWG;2026-02-11;88.13;90.49;87.93;90.49;8987000;2026-09-04 09:14:53.802000+00:00
MWG;2026-02-12;91.08;92.46;89.7;91.48;7890300;2026-09-04 09:14:53.802000+00:00
MWG;2026-02-13;90.49;91.77;90.1;91.38;5511500;2026-09-04 09:14:53.802000+00:00
MWG;2026-02-23;91.48;91.67;89.7;90.59;5003100;2026-09-04 09:14:53.802000+00:00
MWG;2026-02-24;90.2;90.79;89.11;90.79;6601300;2026-09-04 09:14:53.802000+00:00
MWG;2026-02-25;90.79;92.66;90.59;91.57;8132700;2026-09-04 09:14:53.802000+00:00
MWG;2026-02-26;91.57;92.85;91.08;92.16;5011100;2026-09-04 09:14:53.802000+00:00
MWG;2026-02-27;92.26;92.46;91.18;91.67;5224300;2026-09-04 09:14:53.802000+00:00
MWG;2026-03-02;90.39;90.79;88.62;88.62;10738700;2026-09-04 09:14:53.802000+00:00
MWG;2026-03-03;88.82;89.8;85.57;86.85;13370000;2026-09-04 09:14:53.802000+00:00
MWG;2026-03-04;85.76;87.44;82.51;87.44;13414100;2026-09-04 09:14:53.802000+00:00
MWG;2026-03-05;87.54;87.63;83.89;83.89;11270500;2026-09-04 09:14:53.802000+00:00
MWG;2026-03-06;83.5;83.5;80.45;81.43;13359400;2026-09-04 09:14:53.802000+00:00
MWG;2026-03-09;75.82;75.82;75.82;75.82;4983800;2026-09-04 09:14:53.802000+00:00
MWG;2026-03-10;77.79;80.55;76.21;79.76;21042400;2026-09-04 09:14:53.802000+00:00
MWG;2026-03-11;79.76;85.27;79.27;85.17;17339300;2026-09-04 09:14:53.802000+00:00
MWG;2026-03-12;82.71;85.17;81.83;83.3;10104500;2026-09-04 09:14:53.802000+00:00
MWG;2026-03-13;83.2;83.2;80.74;80.74;6260000;2026-09-04 09:14:53.802000+00:00
MWG;2026-03-16;80.64;80.94;79.17;79.36;5282300;2026-09-04 09:14:53.802000+00:00
MWG;2026-03-17;80.25;82.51;80.25;81.43;3811100;2026-09-04 09:14:53.802000+00:00
MWG;2026-03-18;81.53;83.01;81.14;82.42;4304400;2026-09-04 09:14:53.802000+00:00
MWG;2026-03-19;80.74;81.33;80.15;81.14;7916000;2026-09-04 09:14:53.802000+00:00
MWG;2026-03-20;80.84;80.84;78.48;78.48;6488600;2026-09-04 09:14:53.802000+00:00
MWG;2026-03-23;76.8;76.9;73.06;73.06;17473900;2026-09-04 09:14:53.802000+00:00
MWG;2026-03-24;75.43;75.62;73.85;74.83;7903300;2026-09-04 09:14:53.802000+00:00
MWG;2026-03-25;75.82;78.28;75.62;77.99;7550200;2026-09-04 09:14:53.802000+00:00
MWG;2026-03-26;76.8;77.69;76.21;77.3;7066800;2026-09-04 09:14:53.802000+00:00
MWG;2026-03-27;77.39;80.55;77.0;79.76;7595000;2026-09-04 09:14:53.802000+00:00
MWG;2026-03-30;77.69;79.56;77.39;79.56;6027600;2026-09-04 09:14:53.802000+00:00
MWG;2026-03-31;79.56;80.84;79.27;80.55;6582900;2026-09-04 09:14:53.802000+00:00
MWG;2026-04-01;81.73;82.61;80.55;81.14;5736600;2026-09-04 09:14:53.802000+00:00
MWG;2026-04-02;80.55;80.55;78.77;80.55;5675700;2026-09-04 09:14:53.802000+00:00
MWG;2026-04-03;80.25;80.25;77.99;78.08;6903100;2026-09-04 09:14:53.802000+00:00
MWG;2026-04-06;77.1;78.08;76.41;77.1;6411000;2026-09-04 09:14:53.802000+00:00
MWG;2026-04-07;77.2;77.59;75.43;76.8;3806200;2026-09-04 09:14:53.802000+00:00
MWG;2026-04-08;79.36;80.74;78.67;80.64;10192500;2026-09-04 09:14:53.802000+00:00
MWG;2026-04-09;79.66;80.74;79.46;79.46;3649300;2026-09-04 09:14:53.802000+00:00
MWG;2026-04-10;80.05;80.94;79.76;80.25;4667000;2026-09-04 09:14:53.802000+00:00
MWG;2026-04-13;79.56;80.05;78.58;80.05;4806700;2026-09-04 09:14:53.802000+00:00
MWG;2026-04-14;80.84;81.43;80.15;80.35;4600700;2026-09-04 09:14:53.802000+00:00
MWG;2026-04-15;80.74;80.74;78.77;78.77;3798700;2026-09-04 09:14:53.802000+00:00
MWG;2026-04-16;78.97;80.74;78.97;80.05;5775900;2026-09-04 09:14:53.802000+00:00
MWG;2026-04-17;81.33;85.57;81.23;85.57;15089000;2026-09-04 09:14:53.802000+00:00
MWG;2026-04-20;86.16;87.14;85.07;85.96;10168300;2026-09-04 09:14:53.802000+00:00
MWG;2026-04-21;86.06;86.06;84.29;84.29;7226400;2026-09-04 09:14:53.802000+00:00
MWG;2026-04-22;84.09;85.07;83.5;85.07;9172200;2026-09-04 09:14:53.802000+00:00
MWG;2026-04-23;85.07;85.47;83.01;83.2;5417100;2026-09-04 09:14:53.802000+00:00
MWG;2026-04-24;83.2;83.89;82.22;82.22;4634400;2026-09-04 09:14:53.802000+00:00
MWG;2026-04-28;82.42;84.58;82.42;84.29;5380700;2026-09-04 09:14:53.802000+00:00
MWG;2026-04-29;83.7;84.39;82.71;82.71;4897200;2026-09-04 09:14:53.802000+00:00
MWG;2026-05-04;83.4;84.09;82.12;83.6;6372100;2026-09-04 09:14:53.802000+00:00
MWG;2026-05-05;83.3;84.09;82.81;83.5;4720200;2026-09-04 09:14:53.802000+00:00
MWG;2026-05-06;83.89;85.07;83.6;84.68;6696800;2026-09-04 09:14:53.802000+00:00
MWG;2026-05-07;84.88;86.06;84.68;84.68;6344700;2026-09-04 09:14:53.802000+00:00
MWG;2026-05-08;84.39;84.58;83.3;83.3;4605300;2026-09-04 09:14:53.802000+00:00
MWG;2026-05-11;83.01;83.89;82.22;82.22;5716900;2026-09-04 09:14:53.802000+00:00
MWG;2026-05-12;82.22;83.01;81.33;82.51;4934800;2026-09-04 09:14:53.802000+00:00
MWG;2026-05-13;82.71;83.01;81.43;82.42;3536900;2026-09-04 09:14:53.802000+00:00
MWG;2026-05-14;82.42;83.3;81.92;82.91;4001800;2026-09-04 09:14:53.802000+00:00
MWG;2026-05-15;83.2;83.3;80.74;80.74;6691900;2026-09-04 09:14:53.802000+00:00
MWG;2026-05-18;80.74;80.74;77.79;77.79;11953700;2026-09-04 09:14:53.802000+00:00
MWG;2026-05-19;77.99;78.48;76.9;77.0;7953500;2026-09-04 09:14:53.802000+00:00
MWG;2026-05-20;77.0;77.59;73.06;76.02;8786000;2026-09-04 09:14:53.802000+00:00
MWG;2026-05-21;77.0;78.28;76.51;78.28;6597700;2026-09-04 09:14:53.802000+00:00
MWG;2026-05-22;78.97;79.76;77.89;78.18;6083900;2026-09-04 09:14:53.802000+00:00
MWG;2026-05-25;78.87;78.87;77.2;77.49;2510300;2026-09-04 09:14:53.802000+00:00
MWG;2026-05-26;77.79;78.18;77.1;77.3;2518800;2026-09-04 09:14:53.802000+00:00
MWG;2026-05-27;77.89;79.17;77.59;78.77;4631100;2026-09-04 09:14:53.802000+00:00
MWG;2026-05-28;78.77;79.07;76.51;76.51;4026400;2026-09-04 09:14:53.802000+00:00
MWG;2026-05-29;76.51;77.1;74.64;75.13;7834500;2026-09-04 09:14:53.802000+00:00
MWG;2026-06-01;75.33;77.89;75.33;77.89;3799400;2026-09-04 09:14:53.802000+00:00
MWG;2026-06-02;78.18;78.18;76.31;76.71;2969500;2026-09-04 09:14:53.802000+00:00
MWG;2026-06-03;76.61;77.3;75.72;77.3;4801100;2026-09-04 09:14:53.802000+00:00
MWG;2026-06-04;77.3;77.3;75.82;77.2;4308300;2026-09-04 09:14:53.802000+00:00
MWG;2026-06-05;77.3;77.69;76.41;76.8;3241800;2026-09-04 09:14:53.802000+00:00
MWG;2026-06-08;75.82;76.11;75.13;75.23;4633800;2026-09-04 09:14:53.802000+00:00
MWG;2026-06-09;75.33;76.31;75.13;76.21;1770800;2026-09-04 09:14:53.802000+00:00
MWG;2026-06-10;75.92;77.1;75.43;77.0;2866200;2026-09-04 09:14:53.802000+00:00
MWG;2026-06-11;77.1;77.3;75.72;75.72;3302700;2026-09-04 09:14:53.802000+00:00
MWG;2026-06-12;76.61;76.61;75.13;75.23;4139700;2026-09-04 09:14:53.802000+00:00
MWG;2026-06-15;75.82;78.48;75.82;78.18;7871700;2026-09-04 09:14:53.802000+00:00
MWG;2026-06-16;78.18;78.58;77.59;78.18;3183300;2026-09-04 09:14:53.802000+00:00
MWG;2026-06-17;78.08;78.58;77.49;77.89;4068800;2026-09-04 09:14:53.802000+00:00
MWG;2026-06-18;77.39;77.79;76.8;77.49;3234500;2026-09-04 09:14:53.802000+00:00
MWG;2026-06-19;77.49;77.69;76.31;76.8;2425600;2026-09-04 09:14:53.802000+00:00
MWG;2026-06-22;76.8;76.8;75.82;76.02;2992900;2026-09-04 09:14:53.802000+00:00
MWG;2026-06-23;75.92;76.02;74.83;74.83;6295100;2026-09-04 09:14:53.802000+00:00
MWG;2026-06-24;74.83;76.61;73.85;76.61;4218000;2026-09-04 09:14:53.802000+00:00
MWG;2026-06-25;75.92;76.31;75.52;76.02;3553800;2026-09-04 09:14:53.802000+00:00
MWG;2026-06-26;75.92;77.3;75.33;77.3;4859300;2026-09-04 09:14:53.802000+00:00
MWG;2026-06-29;77.2;77.99;76.9;77.79;4268900;2026-09-04 09:14:53.802000+00:00
MWG;2026-06-30;77.59;77.79;76.41;76.9;4008800;2026-09-04 09:14:53.802000+00:00
MWG;2026-07-01;76.8;78.77;76.51;78.77;6029400;2026-09-04 09:14:53.802000+00:00
MWG;2026-07-02;78.97;80.15;78.18;78.48;4640200;2026-09-04 09:14:53.802000+00:00
MWG;2026-07-03;78.38;78.38;77.1;77.69;3276600;2026-09-04 09:14:53.802000+00:00
MWG;2026-07-06;77.39;77.59;75.52;76.8;4935700;2026-09-04 09:14:53.802000+00:00
MWG;2026-07-07;76.9;77.1;76.21;76.31;2154600;2026-09-04 09:14:53.802000+00:00
MWG;2026-07-08;76.31;77.99;76.11;77.59;3145900;2026-09-04 09:14:53.802000+00:00
MWG;2026-07-09;77.2;77.3;76.61;77.3;1582900;2026-09-04 09:14:53.802000+00:00
MWG;2026-07-10;77.69;77.69;75.43;75.43;3169000;2026-09-04 09:14:53.802000+00:00
MWG;2026-07-13;75.62;76.11;74.83;74.83;3721700;2026-09-04 09:14:53.802000+00:00
MWG;2026-07-14;74.64;75.62;74.05;75.62;2788000;2026-09-04 09:14:53.802000+00:00
MWG;2026-07-15;75.62;75.62;74.64;75.03;1802400;2026-09-04 09:14:53.802000+00:00
MWG;2026-07-16;75.03;75.52;73.85;75.52;4353900;2026-09-04 09:14:53.802000+00:00
MWG;2026-07-17;75.33;75.52;74.74;75.52;1827000;2026-09-04 09:14:53.802000+00:00
MWG;2026-07-20;75.72;75.72;72.87;74.05;7676900;2026-09-04 09:14:53.802000+00:00
MWG;2026-07-21;73.95;75.23;73.16;74.74;2872900;2026-09-04 09:14:53.802000+00:00
MWG;2026-07-22;74.74;74.83;69.52;69.52;13474000;2026-09-04 09:14:53.802000+00:00
MWG;2026-07-23;69.42;70.6;66.07;70.4;9066200;2026-09-04 09:14:53.802000+00:00
MWG;2026-07-24;68.53;69.81;66.96;66.96;3613700;2026-09-04 09:14:53.802000+00:00
MWG;2026-07-27;67.45;67.94;62.33;62.33;7694800;2026-09-04 09:14:53.802000+00:00
MWG;2026-07-28;62.92;64.89;61.54;64.2;6958300;2026-09-04 09:14:53.802000+00:00
MWG;2026-07-29;65.0;67.8;64.6;66.5;4613000;2026-09-04 09:14:53.802000+00:00
MWG;2026-07-30;66.5;70.9;66.1;69.8;8424500;2026-09-04 09:14:53.802000+00:00
MWG;2026-07-31;70.5;70.5;68.5;69.9;4562900;2026-09-04 09:14:53.802000+00:00
MWG;2026-08-03;70.0;73.0;69.9;72.5;5091200;2026-09-04 09:14:53.802000+00:00
MWG;2026-08-04;72.2;72.9;71.4;72.1;3706800;2026-09-04 09:14:53.802000+00:00
MWG;2026-08-05;72.4;72.9;71.0;72.2;3955700;2026-09-04 08:48:45.157000+00:00
MWG;2026-08-06;71.5;71.9;69.8;71.2;5330100;2026-09-04 08:48:45.157000+00:00
MWG;2026-08-07;71.3;71.6;70.2;71.0;3084600;2026-09-04 08:48:45.157000+00:00
MWG;2026-08-10;71.0;73.8;70.7;73.0;4628400;2026-09-04 08:48:45.157000+00:00
MWG;2026-08-11;72.3;74.0;72.3;73.2;3120600;2026-09-04 08:48:45.157000+00:00
MWG;2026-08-12;73.3;74.2;73.2;74.0;3065700;2026-09-04 08:48:45.157000+00:00
MWG;2026-08-13;74.0;74.7;72.8;73.6;2669200;2026-09-04 08:48:45.157000+00:00
MWG;2026-08-14;73.1;73.5;72.2;72.4;3164500;2026-09-04 08:48:45.157000+00:00
MWG;2026-08-17;72.3;74.2;71.8;73.5;2140400;2026-09-04 08:48:45.157000+00:00
MWG;2026-08-18;73.6;73.9;72.1;72.8;1649500;2026-09-04 08:48:45.157000+00:00
MWG;2026-08-19;72.7;72.7;71.2;72.2;1995300;2026-09-04 08:48:45.157000+00:00
MWG;2026-08-20;72.3;73.2;71.9;72.7;2493500;2026-09-04 08:48:45.157000+00:00
MWG;2026-08-21;72.5;75.1;71.8;75.0;4995900;2026-09-04 08:48:45.157000+00:00
MWG;2026-08-24;75.5;75.6;74.6;75.1;2470100;2026-09-04 08:48:45.157000+00:00
MWG;2026-08-25;75.0;75.3;73.8;73.9;2556400;2026-09-04 08:48:45.157000+00:00
MWG;2026-08-26;73.9;75.5;73.2;75.5;2162400;2026-09-04 08:48:45.157000+00:00
MWG;2026-08-27;75.5;75.9;74.8;75.9;2305700;2026-09-04 08:48:45.157000+00:00
MWG;2026-08-28;75.7;75.7;74.8;75.0;2717400;2026-09-04 08:48:45.157000+00:00
MWG;2026-09-03;74.0;74.6;73.3;73.7;555900;2026-09-04 08:48:45.157000+00:00
MWG;2026-09-04;73.2;73.6;72.8;73.1;2437300;2026-09-05 02:07:51.087000+00:00
PNJ;2025-05-05;46.19;46.25;45.99;45.99;809800;2026-09-04 09:14:57.504000+00:00
PNJ;2025-05-06;46.05;47.8;46.05;47.8;1834900;2026-09-04 09:14:57.504000+00:00
PNJ;2025-05-07;47.55;47.61;46.97;47.29;1248300;2026-09-04 09:14:57.504000+00:00
PNJ;2025-05-08;46.77;48.33;46.77;48.07;1628400;2026-09-04 09:14:57.504000+00:00
PNJ;2025-05-09;48.19;49.69;48.19;49.63;2041400;2026-09-04 09:14:57.504000+00:00
PNJ;2025-05-12;50.01;51.05;49.37;51.05;1464300;2026-09-04 09:14:57.504000+00:00
PNJ;2025-05-13;51.64;54.62;51.64;53.39;4000600;2026-09-04 09:14:57.504000+00:00
PNJ;2025-05-14;53.39;56.12;53.33;55.86;2680500;2026-09-04 09:14:57.504000+00:00
PNJ;2025-05-15;56.51;56.51;54.57;54.82;1447700;2026-09-04 09:14:57.504000+00:00
PNJ;2025-05-16;54.57;54.75;52.61;52.61;1435100;2026-09-04 09:14:57.504000+00:00
PNJ;2025-05-19;52.55;53.97;51.89;53.0;959400;2026-09-04 09:14:57.504000+00:00
PNJ;2025-05-20;53.2;53.65;52.61;53.45;1117200;2026-09-04 09:14:57.504000+00:00
PNJ;2025-05-21;53.65;53.65;52.03;52.42;681100;2026-09-04 09:14:57.504000+00:00
PNJ;2025-05-22;51.96;52.29;50.99;51.25;1049600;2026-09-04 09:14:57.504000+00:00
PNJ;2025-05-23;51.31;51.96;50.66;51.31;660300;2026-09-04 09:14:57.504000+00:00
PNJ;2025-05-26;51.96;52.29;50.66;52.29;744800;2026-09-04 09:14:57.504000+00:00
PNJ;2025-05-27;52.61;52.61;51.96;52.16;538400;2026-09-04 09:14:57.504000+00:00
PNJ;2025-05-28;52.49;52.55;51.25;51.51;773000;2026-09-04 09:14:57.504000+00:00
PNJ;2025-05-29;55.01;55.01;53.65;54.57;2348100;2026-09-04 09:14:57.504000+00:00
PNJ;2025-05-30;55.86;55.86;53.13;53.59;1052600;2026-09-04 09:14:57.504000+00:00
PNJ;2025-06-02;50.01;51.71;50.01;50.79;2998100;2026-09-04 09:14:57.504000+00:00
PNJ;2025-06-03;50.66;51.44;50.47;50.53;1639700;2026-09-04 09:14:57.504000+00:00
PNJ;2025-06-04;50.93;51.25;50.47;51.25;1156900;2026-09-04 09:14:57.504000+00:00
PNJ;2025-06-05;51.05;51.18;50.53;50.59;1001000;2026-09-04 09:14:57.504000+00:00
PNJ;2025-06-06;50.59;50.59;49.17;49.17;1268500;2026-09-04 09:14:57.504000+00:00
PNJ;2025-06-09;49.17;49.3;48.19;48.45;690600;2026-09-04 09:14:57.504000+00:00
PNJ;2025-06-10;48.39;49.76;48.39;49.43;626600;2026-09-04 09:14:57.504000+00:00
PNJ;2025-06-11;49.88;49.88;49.17;49.37;403500;2026-09-04 09:14:57.504000+00:00
PNJ;2025-06-12;50.15;51.05;50.08;50.86;1064800;2026-09-04 09:14:57.504000+00:00
PNJ;2025-06-13;50.66;51.57;50.15;50.66;910500;2026-09-04 09:14:57.504000+00:00
PNJ;2025-06-16;50.66;53.59;50.53;53.26;1581800;2026-09-04 09:14:57.504000+00:00
PNJ;2025-06-17;53.26;53.39;52.35;52.67;485300;2026-09-04 09:14:57.504000+00:00
PNJ;2025-06-18;52.35;52.67;51.51;51.96;764700;2026-09-04 09:14:57.504000+00:00
PNJ;2025-06-19;51.96;52.42;51.64;52.16;245700;2026-09-04 09:14:57.504000+00:00
PNJ;2025-06-20;52.09;52.29;51.64;51.71;499500;2026-09-04 09:14:57.504000+00:00
PNJ;2025-06-23;51.64;52.29;51.05;52.29;598300;2026-09-04 09:14:57.504000+00:00
PNJ;2025-06-24;52.35;52.61;51.96;52.09;372900;2026-09-04 09:14:57.504000+00:00
PNJ;2025-06-25;52.16;52.35;51.64;51.71;487600;2026-09-04 09:14:57.504000+00:00
PNJ;2025-06-26;51.71;52.87;51.64;52.55;851400;2026-09-04 09:14:57.504000+00:00
PNJ;2025-06-27;52.94;53.45;52.55;53.2;801100;2026-09-04 09:14:57.504000+00:00
PNJ;2025-06-30;53.45;54.11;53.39;53.97;916200;2026-09-04 09:14:57.504000+00:00
PNJ;2025-07-01;54.04;54.17;53.26;54.17;924400;2026-09-04 09:14:57.504000+00:00
PNJ;2025-07-02;54.11;54.62;53.85;53.85;846400;2026-09-04 09:14:57.504000+00:00
PNJ;2025-07-03;53.85;54.62;53.39;53.59;903400;2026-09-04 09:14:57.504000+00:00
PNJ;2025-07-04;53.59;54.3;53.59;53.72;382300;2026-09-04 09:14:57.504000+00:00
PNJ;2025-07-07;53.91;54.11;53.26;53.59;331700;2026-09-04 09:14:57.504000+00:00
PNJ;2025-07-08;53.72;53.85;53.45;53.45;484900;2026-09-04 09:14:57.504000+00:00
PNJ;2025-07-09;53.91;54.17;53.33;53.79;660500;2026-09-04 09:14:57.504000+00:00
PNJ;2025-07-10;53.91;53.97;53.26;53.45;596100;2026-09-04 09:14:57.504000+00:00
PNJ;2025-07-11;53.45;54.23;53.45;54.04;676900;2026-09-04 09:14:57.504000+00:00
PNJ;2025-07-14;54.43;56.9;54.3;56.9;1846700;2026-09-04 09:14:57.504000+00:00
PNJ;2025-07-15;56.9;56.97;56.31;56.31;680600;2026-09-04 09:14:57.504000+00:00
PNJ;2025-07-16;55.86;57.16;55.4;57.16;763400;2026-09-04 09:14:57.504000+00:00
PNJ;2025-07-17;56.83;57.48;56.05;56.05;958100;2026-09-04 09:14:57.504000+00:00
PNJ;2025-07-18;55.99;56.7;55.86;55.99;471000;2026-09-04 09:14:57.504000+00:00
PNJ;2025-07-21;55.99;56.19;55.21;55.21;460300;2026-09-04 09:14:57.504000+00:00
PNJ;2025-07-22;55.21;55.86;54.62;55.79;479000;2026-09-04 09:14:57.504000+00:00
PNJ;2025-07-23;55.79;55.93;55.47;55.86;382100;2026-09-04 09:14:57.504000+00:00
PNJ;2025-07-24;55.86;56.05;55.28;55.86;560300;2026-09-04 09:14:57.504000+00:00
PNJ;2025-07-25;55.86;56.31;55.86;56.12;489900;2026-09-04 09:14:57.504000+00:00
PNJ;2025-07-28;56.12;56.19;55.79;55.86;691100;2026-09-04 09:14:57.504000+00:00
PNJ;2025-07-29;55.93;55.99;54.75;54.75;1558300;2026-09-04 09:14:57.504000+00:00
PNJ;2025-07-30;54.69;55.53;54.43;55.53;720900;2026-09-04 09:14:57.504000+00:00
PNJ;2025-07-31;54.95;55.4;54.43;54.82;541500;2026-09-04 09:14:57.504000+00:00
PNJ;2025-08-01;54.75;58.65;54.3;58.65;1139200;2026-09-04 09:14:57.504000+00:00
PNJ;2025-08-04;55.86;56.45;54.57;56.19;775500;2026-09-04 09:14:57.504000+00:00
PNJ;2025-08-05;56.12;56.25;55.53;55.53;1006700;2026-09-04 09:14:57.504000+00:00
PNJ;2025-08-06;55.53;56.25;55.53;56.05;446600;2026-09-04 09:14:57.504000+00:00
PNJ;2025-08-07;56.19;57.09;55.99;56.12;551700;2026-09-04 09:14:57.504000+00:00
PNJ;2025-08-08;56.51;56.51;55.67;55.73;752900;2026-09-04 09:14:57.504000+00:00
PNJ;2025-08-11;56.05;56.51;55.86;56.19;518400;2026-09-04 09:14:57.504000+00:00
PNJ;2025-08-12;56.19;56.83;56.19;56.83;777800;2026-09-04 09:14:57.504000+00:00
PNJ;2025-08-13;56.83;57.87;56.45;57.16;1126700;2026-09-04 09:14:57.504000+00:00
PNJ;2025-08-14;57.16;57.29;56.12;57.16;789700;2026-09-04 09:14:57.504000+00:00
PNJ;2025-08-15;57.16;57.16;55.86;55.99;808800;2026-09-04 09:14:57.504000+00:00
PNJ;2025-08-18;55.99;56.05;54.82;55.21;1043200;2026-09-04 09:14:57.504000+00:00
PNJ;2025-08-19;55.21;55.4;54.95;55.15;680000;2026-09-04 09:14:57.504000+00:00
PNJ;2025-08-20;55.28;55.6;54.89;55.4;964900;2026-09-04 09:14:57.504000+00:00
PNJ;2025-08-21;55.4;55.67;54.95;55.6;670700;2026-09-04 09:14:57.504000+00:00
PNJ;2025-08-22;55.86;55.86;54.75;55.08;878100;2026-09-04 09:14:57.504000+00:00
PNJ;2025-08-25;55.15;55.53;54.23;54.23;533900;2026-09-04 09:14:57.504000+00:00
PNJ;2025-08-26;53.85;54.82;53.85;54.69;383400;2026-09-04 09:14:57.504000+00:00
PNJ;2025-08-27;56.45;56.45;55.15;55.4;1316400;2026-09-04 09:14:57.504000+00:00
PNJ;2025-08-28;55.4;55.86;55.28;55.6;688500;2026-09-04 09:14:57.504000+00:00
PNJ;2025-08-29;55.6;55.79;55.47;55.6;677700;2026-09-04 09:14:57.504000+00:00
PNJ;2025-09-03;55.6;56.25;55.28;56.05;659000;2026-09-04 09:14:57.504000+00:00
PNJ;2025-09-04;56.38;58.07;56.05;57.41;1615100;2026-09-04 09:14:57.504000+00:00
PNJ;2025-09-05;57.55;57.55;56.64;56.64;620800;2026-09-04 09:14:57.504000+00:00
PNJ;2025-09-08;56.19;56.64;55.08;55.08;749500;2026-09-04 09:14:57.504000+00:00
PNJ;2025-09-09;55.6;55.73;54.89;55.67;432300;2026-09-04 09:14:57.504000+00:00
PNJ;2025-09-10;55.67;56.19;55.28;55.99;357000;2026-09-04 09:14:57.504000+00:00
PNJ;2025-09-11;56.19;56.19;55.34;55.99;458100;2026-09-04 09:14:57.504000+00:00
PNJ;2025-09-12;56.19;57.61;55.93;57.16;764100;2026-09-04 09:14:57.504000+00:00
PNJ;2025-09-15;57.16;57.29;56.7;57.29;485200;2026-09-04 09:14:57.504000+00:00
PNJ;2025-09-16;57.29;58.39;57.09;57.61;679700;2026-09-04 09:14:57.504000+00:00
PNJ;2025-09-17;57.61;58.78;56.58;56.58;618200;2026-09-04 09:14:57.504000+00:00
PNJ;2025-09-18;57.16;57.94;56.83;57.23;426000;2026-09-04 09:14:57.504000+00:00
PNJ;2025-09-19;57.81;57.81;57.09;57.48;437800;2026-09-04 09:14:57.504000+00:00
PNJ;2025-09-22;57.81;58.26;56.51;57.09;464800;2026-09-04 09:14:57.504000+00:00
PNJ;2025-09-23;57.03;57.16;55.99;57.09;346000;2026-09-04 09:14:57.504000+00:00
PNJ;2025-09-24;57.09;57.09;56.19;56.9;168700;2026-09-04 09:14:57.504000+00:00
PNJ;2025-09-25;56.97;57.03;55.99;55.99;766900;2026-09-04 09:14:57.504000+00:00
PNJ;2025-09-26;56.45;56.71;55.79;55.93;448400;2026-09-04 09:14:57.504000+00:00
PNJ;2025-09-29;56.12;56.12;55.07;55.13;285800;2026-09-04 09:14:57.504000+00:00
PNJ;2025-09-30;55.13;55.73;54.87;54.87;268100;2026-09-04 09:14:57.504000+00:00
PNJ;2025-10-01;55.07;55.46;55.07;55.07;468900;2026-09-04 09:14:57.504000+00:00
PNJ;2025-10-02;55.07;55.2;54.87;54.87;383100;2026-09-04 09:14:57.504000+00:00
PNJ;2025-10-03;54.8;55.2;54.8;54.8;228600;2026-09-04 09:14:57.504000+00:00
PNJ;2025-10-06;54.8;55.86;54.8;55.59;227500;2026-09-04 09:14:57.504000+00:00
PNJ;2025-10-07;55.66;56.32;55.66;56.05;232300;2026-09-04 09:14:57.504000+00:00
PNJ;2025-10-08;56.78;56.78;55.46;55.46;353700;2026-09-04 09:14:57.504000+00:00
PNJ;2025-10-09;55.59;56.45;55.53;56.12;379600;2026-09-04 09:14:57.504000+00:00
PNJ;2025-10-10;56.52;56.65;55.79;56.12;478400;2026-09-04 09:14:57.504000+00:00
PNJ;2025-10-13;55.99;56.32;55.53;56.05;189600;2026-09-04 09:14:57.504000+00:00
PNJ;2025-10-14;56.45;56.52;55.93;55.93;617400;2026-09-04 09:14:57.504000+00:00
PNJ;2025-10-15;55.79;57.31;55.79;56.85;997700;2026-09-04 09:14:57.504000+00:00
PNJ;2025-10-16;56.91;60.81;56.91;60.81;2980200;2026-09-04 09:14:57.504000+00:00
PNJ;2025-10-17;60.75;60.81;58.83;59.49;1440500;2026-09-04 09:14:57.504000+00:00
PNJ;2025-10-20;59.49;59.49;55.39;55.39;2295500;2026-09-04 09:14:57.504000+00:00
PNJ;2025-10-21;55.46;57.77;55.33;57.37;1027500;2026-09-04 09:14:57.504000+00:00
PNJ;2025-10-22;58.23;58.23;56.59;57.91;624100;2026-09-04 09:14:57.504000+00:00
PNJ;2025-10-23;57.64;61.41;57.64;60.94;2073400;2026-09-04 09:14:57.504000+00:00
PNJ;2025-10-24;60.75;63.19;59.42;62.73;1714300;2026-09-04 09:14:57.504000+00:00
PNJ;2025-10-27;62.66;62.73;61.73;61.73;810700;2026-09-04 09:14:57.504000+00:00
PNJ;2025-10-28;61.73;62.73;60.61;62.66;849400;2026-09-04 09:14:57.504000+00:00
PNJ;2025-10-29;62.66;63.12;60.61;63.05;1134200;2026-09-04 09:14:57.504000+00:00
PNJ;2025-10-30;63.05;63.52;62.07;62.46;544100;2026-09-04 09:14:57.504000+00:00
PNJ;2025-10-31;62.46;62.46;60.87;62.46;1203300;2026-09-04 09:14:57.504000+00:00
PNJ;2025-11-03;62.07;62.46;61.34;61.34;503500;2026-09-04 09:14:57.504000+00:00
PNJ;2025-11-04;61.27;61.27;58.1;59.42;1015200;2026-09-04 09:14:57.504000+00:00
PNJ;2025-11-05;59.55;60.35;59.42;60.35;297100;2026-09-04 09:14:57.504000+00:00
PNJ;2025-11-06;60.21;60.28;59.09;59.42;318400;2026-09-04 09:14:57.504000+00:00
PNJ;2025-11-07;59.75;60.02;57.77;57.77;419200;2026-09-04 09:14:57.504000+00:00
PNJ;2025-11-10;57.77;58.63;57.44;57.44;229700;2026-09-04 09:14:57.504000+00:00
PNJ;2025-11-11;57.84;58.83;57.37;58.83;398000;2026-09-04 09:14:57.504000+00:00
PNJ;2025-11-12;58.83;59.23;58.23;59.03;158600;2026-09-04 09:14:57.504000+00:00
PNJ;2025-11-13;58.89;60.28;58.7;59.62;528400;2026-09-04 09:14:57.504000+00:00
PNJ;2025-11-14;59.49;59.75;58.89;59.42;220700;2026-09-04 09:14:57.504000+00:00
PNJ;2025-11-17;59.42;60.02;59.23;59.29;276300;2026-09-04 09:14:57.504000+00:00
PNJ;2025-11-18;59.36;59.62;58.76;59.03;271500;2026-09-04 09:14:57.504000+00:00
PNJ;2025-11-19;59.03;59.16;58.83;58.96;153600;2026-09-04 09:14:57.504000+00:00
PNJ;2025-11-20;58.83;58.96;57.31;57.97;1169700;2026-09-04 09:14:57.504000+00:00
PNJ;2025-11-21;57.71;57.71;57.11;57.51;258200;2026-09-04 09:14:57.504000+00:00
PNJ;2025-11-24;57.84;57.84;57.51;57.77;135200;2026-09-04 09:14:57.504000+00:00
PNJ;2025-11-25;57.91;57.97;57.44;57.44;283600;2026-09-04 09:14:57.504000+00:00
PNJ;2025-11-26;57.44;57.71;57.25;57.57;427200;2026-09-04 09:14:57.504000+00:00
PNJ;2025-11-27;57.64;59.55;57.64;59.55;831600;2026-09-04 09:14:57.504000+00:00
PNJ;2025-11-28;59.75;60.21;58.63;60.09;436200;2026-09-04 09:14:57.504000+00:00
PNJ;2025-12-01;59.75;60.61;58.43;60.48;564200;2026-09-04 09:14:57.504000+00:00
PNJ;2025-12-02;60.15;60.48;58.83;60.48;444000;2026-09-04 09:14:57.504000+00:00
PNJ;2025-12-03;60.48;60.48;59.55;60.35;401200;2026-09-04 09:14:57.504000+00:00
PNJ;2025-12-04;60.48;60.75;59.62;59.62;302200;2026-09-04 09:14:57.504000+00:00
PNJ;2025-12-05;59.29;60.75;59.16;60.48;455900;2026-09-04 09:14:57.504000+00:00
PNJ;2025-12-08;60.68;60.68;59.03;59.03;422100;2026-09-04 09:14:57.504000+00:00
PNJ;2025-12-09;59.29;59.55;57.64;58.43;675000;2026-09-04 09:14:57.504000+00:00
PNJ;2025-12-10;58.37;58.5;57.97;58.17;364200;2026-09-04 09:14:57.504000+00:00
PNJ;2025-12-11;58.37;58.63;58.03;58.1;179000;2026-09-04 09:14:57.504000+00:00
PNJ;2025-12-12;58.63;60.15;58.1;59.29;814000;2026-09-04 09:14:57.504000+00:00
PNJ;2025-12-15;59.29;60.02;59.23;60.02;563000;2026-09-04 09:14:57.504000+00:00
PNJ;2025-12-16;60.09;61.01;59.62;61.01;807000;2026-09-04 09:14:57.504000+00:00
PNJ;2025-12-17;61.14;61.14;60.15;61.01;350100;2026-09-04 09:14:57.504000+00:00
PNJ;2025-12-18;60.75;60.75;60.15;60.68;163400;2026-09-04 09:14:57.504000+00:00
PNJ;2025-12-19;60.61;61.14;60.02;61.07;553200;2026-09-04 09:14:57.504000+00:00
PNJ;2025-12-22;60.87;62.26;60.35;62.0;582800;2026-09-04 09:14:57.504000+00:00
PNJ;2025-12-23;62.39;62.46;61.14;61.67;394100;2026-09-04 09:14:57.504000+00:00
PNJ;2025-12-24;62.19;63.32;61.41;63.25;894300;2026-09-04 09:14:57.504000+00:00
PNJ;2025-12-25;63.19;63.52;62.99;62.99;1122600;2026-09-04 09:14:57.504000+00:00
PNJ;2025-12-26;62.85;63.32;60.75;63.32;615400;2026-09-04 09:14:57.504000+00:00
PNJ;2025-12-29;63.45;64.05;62.85;63.39;337600;2026-09-04 09:14:57.504000+00:00
PNJ;2025-12-30;63.32;64.31;63.19;63.91;576600;2026-09-04 09:14:57.504000+00:00
PNJ;2025-12-31;63.25;64.71;63.25;64.05;459400;2026-09-04 09:14:57.504000+00:00
PNJ;2026-01-05;64.51;65.03;63.71;65.03;549100;2026-09-04 09:14:57.504000+00:00
PNJ;2026-01-06;64.71;65.37;64.31;65.17;383300;2026-09-04 09:14:57.504000+00:00
PNJ;2026-01-07;65.17;68.01;64.97;67.74;1263000;2026-09-04 09:14:57.504000+00:00
PNJ;2026-01-08;67.74;68.67;67.35;68.67;1117700;2026-09-04 09:14:57.504000+00:00
PNJ;2026-01-09;68.8;69.47;68.0;68.67;727400;2026-09-04 09:14:57.504000+00:00
PNJ;2026-01-12;69.33;69.33;66.13;68.8;1194900;2026-09-04 09:14:57.504000+00:00
PNJ;2026-01-13;67.0;69.0;66.93;68.6;928900;2026-09-04 09:14:57.504000+00:00
PNJ;2026-01-14;67.4;68.67;67.0;67.67;565000;2026-09-04 09:14:57.504000+00:00
PNJ;2026-01-15;66.73;68.0;66.33;67.67;753400;2026-09-04 09:14:57.504000+00:00
PNJ;2026-01-16;67.67;72.4;67.67;71.8;4710600;2026-09-04 09:14:57.504000+00:00
PNJ;2026-01-19;71.8;76.67;71.33;76.13;2878700;2026-09-04 09:14:57.504000+00:00
PNJ;2026-01-20;75.27;76.0;73.8;74.6;1915700;2026-09-04 09:14:57.504000+00:00
PNJ;2026-01-21;73.13;75.2;72.33;73.27;1994000;2026-09-04 09:14:57.504000+00:00
PNJ;2026-01-22;73.47;74.6;71.8;73.6;1620200;2026-09-04 09:14:57.504000+00:00
PNJ;2026-01-23;73.33;76.67;72.6;74.93;2202500;2026-09-04 09:14:57.504000+00:00
PNJ;2026-01-26;75.87;78.53;75.2;77.87;3634400;2026-09-04 09:14:57.504000+00:00
PNJ;2026-01-27;77.87;78.27;76.93;77.33;1294600;2026-09-04 09:14:57.504000+00:00
PNJ;2026-01-28;77.93;80.73;76.0;79.0;2418400;2026-09-04 09:14:57.504000+00:00
PNJ;2026-01-29;79.93;84.33;79.33;84.33;6501500;2026-09-04 09:14:57.504000+00:00
PNJ;2026-01-30;83.2;84.67;81.0;84.67;3736300;2026-09-04 09:14:57.504000+00:00
PNJ;2026-02-02;82.2;82.4;78.8;78.8;3359900;2026-09-04 09:14:57.504000+00:00
PNJ;2026-02-03;77.47;80.0;75.67;80.0;6753100;2026-09-04 09:14:57.504000+00:00
PNJ;2026-02-04;80.47;80.67;79.33;79.8;2147700;2026-09-04 09:14:57.504000+00:00
PNJ;2026-02-05;79.93;80.0;76.27;77.47;2863500;2026-09-04 09:14:57.504000+00:00
PNJ;2026-02-06;75.33;75.33;72.07;72.6;5025100;2026-09-04 09:14:57.504000+00:00
PNJ;2026-02-09;73.67;75.87;73.33;75.27;2245000;2026-09-04 09:14:57.504000+00:00
PNJ;2026-02-10;75.33;76.27;70.0;75.27;2252400;2026-09-04 09:14:57.504000+00:00
PNJ;2026-02-11;74.07;77.27;74.0;77.27;2808300;2026-09-04 09:14:57.504000+00:00
PNJ;2026-02-12;77.27;79.93;75.33;79.0;1754400;2026-09-04 09:14:57.504000+00:00
PNJ;2026-02-13;78.0;80.0;76.93;80.0;1728500;2026-09-04 09:14:57.504000+00:00
PNJ;2026-02-23;80.2;81.27;79.53;80.13;1204700;2026-09-04 09:14:57.504000+00:00
PNJ;2026-02-24;80.13;81.2;79.2;80.33;1746700;2026-09-04 09:14:57.504000+00:00
PNJ;2026-02-25;80.87;80.87;74.73;79.67;2794900;2026-09-04 09:14:57.504000+00:00
PNJ;2026-02-26;79.2;81.27;78.0;80.0;2723400;2026-09-04 09:14:57.504000+00:00
PNJ;2026-02-27;80.6;81.47;79.73;81.27;2033500;2026-09-04 09:14:57.504000+00:00
PNJ;2026-03-02;80.93;84.6;80.0;83.0;4182400;2026-09-04 09:14:57.504000+00:00
PNJ;2026-03-03;83.0;83.27;79.67;81.33;1980000;2026-09-04 09:14:57.504000+00:00
PNJ;2026-03-04;79.27;80.6;76.6;80.6;3158200;2026-09-04 09:14:57.504000+00:00
PNJ;2026-03-05;79.87;79.87;75.33;77.33;2272900;2026-09-04 09:14:57.504000+00:00
PNJ;2026-03-06;76.67;77.33;73.73;76.33;2642800;2026-09-04 09:14:57.504000+00:00
PNJ;2026-03-09;71.13;72.6;71.0;71.0;2019500;2026-09-04 09:14:57.504000+00:00
PNJ;2026-03-10;75.8;75.8;72.47;75.67;1808000;2026-09-04 09:14:57.504000+00:00
PNJ;2026-03-11;75.53;79.67;74.33;79.33;1930700;2026-09-04 09:14:57.504000+00:00
PNJ;2026-03-12;79.07;79.07;76.67;78.6;997100;2026-09-04 09:14:57.504000+00:00
PNJ;2026-03-13;76.67;78.27;76.6;77.93;1048900;2026-09-04 09:14:57.504000+00:00
PNJ;2026-03-16;76.73;78.73;76.13;78.67;717500;2026-09-04 09:14:57.504000+00:00
PNJ;2026-03-17;79.13;79.47;76.93;78.47;699700;2026-09-04 09:14:57.504000+00:00
PNJ;2026-03-18;78.47;78.47;75.67;76.67;878600;2026-09-04 09:14:57.504000+00:00
PNJ;2026-03-19;75.33;77.0;74.73;76.6;651100;2026-09-04 09:14:57.504000+00:00
PNJ;2026-03-20;76.6;76.6;75.07;76.13;1026100;2026-09-04 09:14:57.504000+00:00
PNJ;2026-03-23;74.07;74.67;70.87;70.87;1814500;2026-09-04 09:14:57.504000+00:00
PNJ;2026-03-24;71.47;72.33;70.8;72.33;910500;2026-09-04 09:14:57.504000+00:00
PNJ;2026-03-25;73.0;74.0;72.2;74.0;1209800;2026-09-04 09:14:57.504000+00:00
PNJ;2026-03-26;74.0;74.33;68.87;70.67;2293700;2026-09-04 09:14:57.504000+00:00
PNJ;2026-03-27;68.53;73.27;67.13;73.27;2116700;2026-09-04 09:14:57.504000+00:00
PNJ;2026-03-30;70.13;72.0;70.07;72.0;1202000;2026-09-04 09:14:57.504000+00:00
PNJ;2026-03-31;72.0;73.33;71.4;72.0;1492200;2026-09-04 09:14:57.504000+00:00
PNJ;2026-04-01;72.73;73.13;71.93;72.87;813000;2026-09-04 09:14:57.504000+00:00
PNJ;2026-04-02;71.0;72.6;70.8;72.6;937100;2026-09-04 09:14:57.504000+00:00
PNJ;2026-04-03;71.6;72.53;71.2;72.53;1010700;2026-09-04 09:14:57.504000+00:00
PNJ;2026-04-06;71.2;71.8;69.73;69.73;705500;2026-09-04 09:14:57.504000+00:00
PNJ;2026-04-07;69.73;70.07;66.67;66.67;1434500;2026-09-04 09:14:57.504000+00:00
PNJ;2026-04-08;69.0;71.33;68.47;71.33;971800;2026-09-04 09:14:57.504000+00:00
PNJ;2026-04-09;71.33;73.33;71.13;73.33;1176800;2026-09-04 09:14:57.504000+00:00
PNJ;2026-04-10;72.67;73.2;72.13;72.67;477400;2026-09-04 09:14:57.504000+00:00
PNJ;2026-04-13;72.67;74.0;72.53;73.33;723700;2026-09-04 09:14:57.504000+00:00
PNJ;2026-04-14;72.33;73.53;72.27;73.0;577200;2026-09-04 09:14:57.504000+00:00
PNJ;2026-04-15;73.4;75.0;72.67;72.8;551200;2026-09-04 09:14:57.504000+00:00
PNJ;2026-04-16;72.87;73.33;71.47;72.6;542200;2026-09-04 09:14:57.504000+00:00
PNJ;2026-04-17;72.6;75.0;72.2;74.0;1411900;2026-09-04 09:14:57.504000+00:00
PNJ;2026-04-20;74.33;76.67;74.33;76.67;1866600;2026-09-04 09:14:57.504000+00:00
PNJ;2026-04-21;76.93;77.07;74.27;74.6;1077600;2026-09-04 09:14:57.504000+00:00
PNJ;2026-04-22;76.0;76.0;72.67;73.33;2344800;2026-09-04 09:14:57.504000+00:00
PNJ;2026-04-23;75.1;76.6;71.1;71.7;1660400;2026-09-04 09:14:57.504000+00:00
PNJ;2026-04-24;71.9;72.4;69.0;70.0;1338800;2026-09-04 09:14:57.504000+00:00
PNJ;2026-04-28;70.1;70.1;66.9;67.0;1616500;2026-09-04 09:14:57.504000+00:00
PNJ;2026-04-29;67.5;69.0;67.0;67.3;2045300;2026-09-04 09:14:57.504000+00:00
PNJ;2026-05-04;67.6;68.9;67.6;68.3;1225800;2026-09-04 09:14:57.504000+00:00
PNJ;2026-05-05;68.3;68.3;67.2;67.4;1150100;2026-09-04 09:14:57.504000+00:00
PNJ;2026-05-06;68.1;68.1;67.2;68.0;1205200;2026-09-04 09:14:57.504000+00:00
PNJ;2026-05-07;68.2;70.0;68.1;69.1;1209000;2026-09-04 09:14:57.504000+00:00
PNJ;2026-05-08;69.1;70.1;69.1;70.1;986700;2026-09-04 09:14:57.504000+00:00
PNJ;2026-05-11;70.1;70.2;68.6;69.1;1038900;2026-09-04 09:14:57.504000+00:00
PNJ;2026-05-12;69.2;69.5;68.2;69.5;644500;2026-09-04 09:14:57.504000+00:00
PNJ;2026-05-13;69.5;70.0;68.9;69.6;459800;2026-09-04 09:14:57.504000+00:00
PNJ;2026-05-14;69.6;69.6;68.3;69.5;669200;2026-09-04 09:14:57.504000+00:00
PNJ;2026-05-15;69.1;69.1;67.1;67.3;1447200;2026-09-04 09:14:57.504000+00:00
PNJ;2026-05-18;67.1;67.1;64.5;64.7;2277600;2026-09-04 09:14:57.504000+00:00
PNJ;2026-05-19;64.3;66.7;64.3;65.0;1273000;2026-09-04 09:14:57.504000+00:00
PNJ;2026-05-20;64.5;66.1;63.4;65.8;1042000;2026-09-04 09:14:57.504000+00:00
PNJ;2026-05-21;65.9;66.1;64.7;65.3;855200;2026-09-04 09:14:57.504000+00:00
PNJ;2026-05-22;65.3;65.7;64.4;65.5;952100;2026-09-04 09:14:57.504000+00:00
PNJ;2026-05-25;66.0;66.0;64.3;64.3;710200;2026-09-04 09:14:57.504000+00:00
PNJ;2026-05-26;64.8;65.4;64.1;65.2;762200;2026-09-04 09:14:57.504000+00:00
PNJ;2026-05-27;65.0;65.6;65.0;65.3;514200;2026-09-04 09:14:57.504000+00:00
PNJ;2026-05-28;65.3;66.2;64.5;65.9;958700;2026-09-04 09:14:57.504000+00:00
PNJ;2026-05-29;65.3;66.1;64.9;65.8;738800;2026-09-04 09:14:57.504000+00:00
PNJ;2026-06-01;65.8;66.0;65.0;65.8;414900;2026-09-04 09:14:57.504000+00:00
PNJ;2026-06-02;65.2;65.7;64.6;65.0;694300;2026-09-04 09:14:57.504000+00:00
PNJ;2026-06-03;65.2;65.7;64.5;65.4;433300;2026-09-04 09:14:57.504000+00:00
PNJ;2026-06-04;65.4;65.5;64.3;65.0;660300;2026-09-04 09:14:57.504000+00:00
PNJ;2026-06-05;65.0;65.7;64.5;65.7;672500;2026-09-04 09:14:57.504000+00:00
PNJ;2026-06-08;64.7;65.5;64.6;65.1;1098900;2026-09-04 09:14:57.504000+00:00
PNJ;2026-06-09;64.8;64.9;63.5;64.8;1099300;2026-09-04 09:14:57.504000+00:00
PNJ;2026-06-10;63.9;64.7;63.6;64.0;878500;2026-09-04 09:14:57.504000+00:00
PNJ;2026-06-11;63.4;63.4;61.7;62.0;1190100;2026-09-04 09:14:57.504000+00:00
PNJ;2026-06-12;62.8;63.3;62.0;62.0;783600;2026-09-04 09:14:57.504000+00:00
PNJ;2026-06-15;63.1;65.2;63.1;65.0;1400200;2026-09-04 09:14:57.504000+00:00
PNJ;2026-06-16;64.9;68.5;64.5;68.2;2527000;2026-09-04 09:14:57.504000+00:00
PNJ;2026-06-17;68.4;68.4;66.9;68.0;915200;2026-09-04 09:14:57.504000+00:00
PNJ;2026-06-18;67.5;68.0;66.9;68.0;799900;2026-09-04 09:14:57.504000+00:00
PNJ;2026-06-19;66.8;67.9;66.8;67.1;668200;2026-09-04 09:14:57.504000+00:00
PNJ;2026-06-22;65.0;66.0;64.8;66.0;1405400;2026-09-04 09:14:57.504000+00:00
PNJ;2026-06-23;66.4;66.4;64.9;65.2;659700;2026-09-04 09:14:57.504000+00:00
PNJ;2026-06-24;64.8;66.0;64.4;65.5;724500;2026-09-04 09:14:57.504000+00:00
PNJ;2026-06-25;65.0;65.0;63.8;64.1;804500;2026-09-04 09:14:57.504000+00:00
PNJ;2026-06-26;63.6;63.8;62.7;63.5;542200;2026-09-04 09:14:57.504000+00:00
PNJ;2026-06-29;63.5;63.6;62.7;63.2;636200;2026-09-04 09:14:57.504000+00:00
PNJ;2026-06-30;63.1;63.2;62.3;63.0;715400;2026-09-04 09:14:57.504000+00:00
PNJ;2026-07-01;62.5;63.4;62.5;62.7;586500;2026-09-04 09:14:57.504000+00:00
PNJ;2026-07-02;63.0;64.8;62.8;63.1;2175200;2026-09-04 09:14:57.504000+00:00
PNJ;2026-07-03;58.7;58.7;58.7;58.7;1185500;2026-09-04 09:14:57.504000+00:00
PNJ;2026-07-06;54.6;54.6;54.6;54.6;565000;2026-09-04 09:14:57.504000+00:00
PNJ;2026-07-07;50.8;50.8;50.8;50.8;994200;2026-09-04 09:14:57.504000+00:00
PNJ;2026-07-08;47.25;52.0;47.25;52.0;25605600;2026-09-04 09:14:57.504000+00:00
PNJ;2026-07-09;52.0;54.0;50.0;50.0;4764300;2026-09-04 09:14:57.504000+00:00
PNJ;2026-07-10;49.7;49.8;46.5;46.6;10169700;2026-09-04 09:14:57.504000+00:00
PNJ;2026-07-13;45.9;46.5;43.75;43.85;6681400;2026-09-04 09:14:57.504000+00:00
PNJ;2026-07-14;43.9;46.9;43.8;46.9;5620000;2026-09-04 09:14:57.504000+00:00
PNJ;2026-07-15;46.8;46.8;43.65;43.65;8168200;2026-09-04 09:14:57.504000+00:00
PNJ;2026-07-16;41.7;42.75;40.6;40.9;14681800;2026-09-04 09:14:57.504000+00:00
PNJ;2026-07-17;41.5;43.0;40.5;43.0;7504500;2026-09-04 09:14:57.504000+00:00
PNJ;2026-07-20;43.35;43.35;40.6;41.0;5780000;2026-09-04 09:14:57.504000+00:00
PNJ;2026-07-21;40.9;41.5;38.15;38.15;9655900;2026-09-04 09:14:57.504000+00:00
PNJ;2026-07-22;35.5;36.95;35.5;35.5;7538000;2026-09-04 09:14:57.504000+00:00
PNJ;2026-07-23;33.05;33.05;33.05;33.05;586700;2026-09-04 09:14:57.504000+00:00
PNJ;2026-07-24;30.75;32.05;30.75;30.75;41349200;2026-09-04 09:14:57.504000+00:00
PNJ;2026-07-27;30.95;32.9;30.9;32.9;10257100;2026-09-04 09:14:57.504000+00:00
PNJ;2026-07-28;33.1;35.2;32.65;32.65;20423300;2026-09-04 09:14:57.504000+00:00
PNJ;2026-07-29;32.9;33.9;32.45;32.75;7236500;2026-09-04 09:14:57.504000+00:00
PNJ;2026-07-30;32.75;33.45;31.8;32.5;7820300;2026-09-04 09:14:57.504000+00:00
PNJ;2026-07-31;30.35;31.25;30.25;31.0;17734700;2026-09-04 09:14:57.504000+00:00
PNJ;2026-08-03;31.2;33.15;31.2;33.15;8005300;2026-09-04 09:14:57.504000+00:00
PNJ;2026-08-04;34.0;35.45;34.0;35.45;10647300;2026-09-04 09:14:57.504000+00:00
PNJ;2026-08-05;37.25;37.9;36.75;37.9;7807700;2026-09-04 08:48:48.163000+00:00
PNJ;2026-08-06;39.1;39.7;36.2;36.45;8463700;2026-09-04 08:48:48.163000+00:00
PNJ;2026-08-07;36.1;37.9;35.1;36.0;3949500;2026-09-04 08:48:48.163000+00:00
PNJ;2026-08-10;35.4;36.4;34.55;35.95;2725500;2026-09-04 08:48:48.163000+00:00
PNJ;2026-08-11;36.3;36.75;34.85;34.85;3197000;2026-09-04 08:48:48.163000+00:00
PNJ;2026-08-12;35.1;35.6;34.85;35.05;2360000;2026-09-04 08:48:48.163000+00:00
PNJ;2026-08-13;35.6;35.75;35.15;35.3;2472100;2026-09-04 08:48:48.163000+00:00
PNJ;2026-08-14;35.35;37.5;35.25;36.5;4771400;2026-09-04 08:48:48.163000+00:00
PNJ;2026-08-17;36.6;37.0;35.6;36.2;2983300;2026-09-04 08:48:48.163000+00:00
PNJ;2026-08-18;36.2;36.25;34.85;35.05;4749600;2026-09-04 08:48:48.163000+00:00
PNJ;2026-08-19;35.35;36.6;34.6;35.7;3352700;2026-09-04 08:48:48.163000+00:00
PNJ;2026-08-20;36.5;37.8;36.5;37.3;5683400;2026-09-04 08:48:48.163000+00:00
PNJ;2026-08-21;39.9;39.9;39.9;39.9;4043900;2026-09-04 08:48:48.163000+00:00
PNJ;2026-08-24;42.65;42.65;42.65;42.65;1143100;2026-09-04 08:48:48.163000+00:00
PNJ;2026-08-25;45.55;45.55;40.8;42.65;22381900;2026-09-04 08:48:48.163000+00:00
PNJ;2026-08-26;42.75;43.45;42.3;43.1;5908700;2026-09-04 08:48:48.163000+00:00
PNJ;2026-08-27;43.15;43.25;41.4;41.9;6328700;2026-09-04 08:48:48.163000+00:00
PNJ;2026-08-28;42.0;42.05;41.2;41.5;1916000;2026-09-04 08:48:48.163000+00:00
PNJ;2026-09-03;41.6;41.6;39.8;39.8;8105000;2026-09-04 08:48:48.163000+00:00
PNJ;2026-09-04;39.5;40.5;38.2;40.05;8025100;2026-09-05 02:07:53.947000+00:00
QNS;2025-05-05;41.0;41.0;41.0;41.0;116400;2026-09-04 09:15:03.098000+00:00
QNS;2025-05-06;41.18;41.18;40.91;40.91;68400;2026-09-04 09:15:03.098000+00:00
QNS;2025-05-07;40.91;40.91;40.29;40.46;415800;2026-09-04 09:15:03.098000+00:00
QNS;2025-05-08;40.65;41.0;40.46;40.91;223300;2026-09-04 09:15:03.098000+00:00
QNS;2025-05-09;40.82;40.91;40.74;40.91;148100;2026-09-04 09:15:03.098000+00:00
QNS;2025-05-12;40.91;41.0;40.55;41.0;223700;2026-09-04 09:15:03.098000+00:00
QNS;2025-05-13;41.18;41.55;41.0;41.36;496700;2026-09-04 09:15:03.098000+00:00
QNS;2025-05-14;41.27;41.45;41.27;41.36;324700;2026-09-04 09:15:03.098000+00:00
QNS;2025-05-15;41.45;41.55;41.27;41.36;398600;2026-09-04 09:15:03.098000+00:00
QNS;2025-05-16;41.36;41.81;41.36;41.63;148100;2026-09-04 09:15:03.098000+00:00
QNS;2025-05-19;41.55;41.72;41.55;41.55;72300;2026-09-04 09:15:03.098000+00:00
QNS;2025-05-20;41.55;41.63;41.36;41.55;177100;2026-09-04 09:15:03.098000+00:00
QNS;2025-05-21;41.55;41.72;41.45;41.63;269300;2026-09-04 09:15:03.098000+00:00
QNS;2025-05-22;41.63;41.9;41.63;41.81;389500;2026-09-04 09:15:03.098000+00:00
QNS;2025-05-23;41.81;42.0;41.81;42.0;195300;2026-09-04 09:15:03.098000+00:00
QNS;2025-05-26;42.0;42.26;41.9;42.26;301600;2026-09-04 09:15:03.098000+00:00
QNS;2025-05-27;42.26;42.98;42.26;42.8;327200;2026-09-04 09:15:03.098000+00:00
QNS;2025-05-28;42.8;43.16;42.71;43.16;263700;2026-09-04 09:15:03.098000+00:00
QNS;2025-05-29;43.16;43.25;42.71;42.71;471400;2026-09-04 09:15:03.098000+00:00
QNS;2025-05-30;42.71;42.98;42.63;42.8;254500;2026-09-04 09:15:03.098000+00:00
QNS;2025-06-02;42.71;42.71;42.26;42.53;542300;2026-09-04 09:15:03.098000+00:00
QNS;2025-06-03;42.45;42.9;42.45;42.8;179900;2026-09-04 09:15:03.098000+00:00
QNS;2025-06-04;42.71;42.9;42.71;42.71;109700;2026-09-04 09:15:03.098000+00:00
QNS;2025-06-05;42.8;42.8;42.63;42.71;66200;2026-09-04 09:15:03.098000+00:00
QNS;2025-06-06;42.71;42.9;42.63;42.63;117800;2026-09-04 09:15:03.098000+00:00
QNS;2025-06-09;42.63;42.8;42.35;42.35;85200;2026-09-04 09:15:03.098000+00:00
QNS;2025-06-10;42.45;42.53;42.35;42.45;131000;2026-09-04 09:15:03.098000+00:00
QNS;2025-06-11;42.53;42.53;42.35;42.53;283200;2026-09-04 09:15:03.098000+00:00
QNS;2025-06-12;42.53;42.63;42.35;42.53;189900;2026-09-04 09:15:03.098000+00:00
QNS;2025-06-13;42.53;42.53;42.26;42.45;159100;2026-09-04 09:15:03.098000+00:00
QNS;2025-06-16;42.45;42.53;42.35;42.45;173600;2026-09-04 09:15:03.098000+00:00
QNS;2025-06-17;42.45;42.8;42.45;42.63;282300;2026-09-04 09:15:03.098000+00:00
QNS;2025-06-18;42.53;43.34;42.53;42.8;437700;2026-09-04 09:15:03.098000+00:00
QNS;2025-06-19;42.8;42.9;42.63;42.9;241600;2026-09-04 09:15:03.098000+00:00
QNS;2025-06-20;42.9;42.9;42.45;42.63;325300;2026-09-04 09:15:03.098000+00:00
QNS;2025-06-23;42.63;42.71;42.45;42.53;207800;2026-09-04 09:15:03.098000+00:00
QNS;2025-06-24;42.63;42.71;42.53;42.63;296500;2026-09-04 09:15:03.098000+00:00
QNS;2025-06-25;42.63;42.8;42.63;42.71;198200;2026-09-04 09:15:03.098000+00:00
QNS;2025-06-26;42.71;42.9;42.53;42.8;196600;2026-09-04 09:15:03.098000+00:00
QNS;2025-06-27;42.98;42.98;42.63;42.71;79700;2026-09-04 09:15:03.098000+00:00
QNS;2025-06-30;42.71;42.98;42.63;42.8;169000;2026-09-04 09:15:03.098000+00:00
QNS;2025-07-01;42.8;42.9;42.63;42.71;144200;2026-09-04 09:15:03.098000+00:00
QNS;2025-07-02;42.71;43.25;42.71;43.08;277400;2026-09-04 09:15:03.098000+00:00
QNS;2025-07-03;42.98;43.34;42.98;43.08;245000;2026-09-04 09:15:03.098000+00:00
QNS;2025-07-04;43.16;43.43;43.16;43.43;133300;2026-09-04 09:15:03.098000+00:00
QNS;2025-07-07;43.34;43.61;43.34;43.61;106500;2026-09-04 09:15:03.098000+00:00
QNS;2025-07-08;43.53;43.61;43.43;43.61;161200;2026-09-04 09:15:03.098000+00:00
QNS;2025-07-09;43.61;43.79;43.61;43.61;93700;2026-09-04 09:15:03.098000+00:00
QNS;2025-07-10;41.81;43.79;41.81;43.61;199600;2026-09-04 09:15:03.098000+00:00
QNS;2025-07-11;43.79;43.88;43.53;43.7;366500;2026-09-04 09:15:03.098000+00:00
QNS;2025-07-14;43.7;43.79;43.7;43.79;162500;2026-09-04 09:15:03.098000+00:00
QNS;2025-07-15;43.79;44.15;43.34;43.88;295800;2026-09-04 09:15:03.098000+00:00
QNS;2025-07-16;43.79;44.05;43.61;44.05;185400;2026-09-04 09:15:03.098000+00:00
QNS;2025-07-17;44.05;44.05;43.61;43.61;240400;2026-09-04 09:15:03.098000+00:00
QNS;2025-07-18;43.88;43.98;43.7;43.79;270400;2026-09-04 09:15:03.098000+00:00
QNS;2025-07-21;43.79;43.79;43.7;43.79;66800;2026-09-04 09:15:03.098000+00:00
QNS;2025-07-22;43.7;43.88;43.7;43.7;192200;2026-09-04 09:15:03.098000+00:00
QNS;2025-07-23;43.88;43.88;43.7;43.88;219500;2026-09-04 09:15:03.098000+00:00
QNS;2025-07-24;43.98;44.15;43.88;43.98;117700;2026-09-04 09:15:03.098000+00:00
QNS;2025-07-25;44.15;44.43;43.98;44.33;235400;2026-09-04 09:15:03.098000+00:00
QNS;2025-07-28;44.33;44.33;44.15;44.15;214800;2026-09-04 09:15:03.098000+00:00
QNS;2025-07-29;44.24;44.24;43.53;43.88;263600;2026-09-04 09:15:03.098000+00:00
QNS;2025-07-30;43.7;43.79;43.43;43.7;125500;2026-09-04 09:15:03.098000+00:00
QNS;2025-07-31;43.7;43.98;43.61;43.88;260900;2026-09-04 09:15:03.098000+00:00
QNS;2025-08-01;43.98;44.05;43.79;43.79;133900;2026-09-04 09:15:03.098000+00:00
QNS;2025-08-04;43.98;44.15;43.79;43.98;162600;2026-09-04 09:15:03.098000+00:00
QNS;2025-08-05;44.15;44.15;43.88;44.05;220500;2026-09-04 09:15:03.098000+00:00
QNS;2025-08-06;43.88;44.15;43.88;43.88;213500;2026-09-04 09:15:03.098000+00:00
QNS;2025-08-07;44.24;44.5;44.15;44.43;110400;2026-09-04 09:15:03.098000+00:00
QNS;2025-08-08;44.24;44.33;44.15;44.33;224900;2026-09-04 09:15:03.098000+00:00
QNS;2025-08-11;44.33;44.43;44.24;44.33;168300;2026-09-04 09:15:03.098000+00:00
QNS;2025-08-12;44.33;44.33;44.24;44.33;127000;2026-09-04 09:15:03.098000+00:00
QNS;2025-08-13;45.06;45.06;44.15;44.33;359200;2026-09-04 09:15:03.098000+00:00
QNS;2025-08-14;44.33;44.51;43.97;44.15;236800;2026-09-04 09:15:03.098000+00:00
QNS;2025-08-15;44.43;44.43;43.97;44.05;242600;2026-09-04 09:15:03.098000+00:00
QNS;2025-08-18;44.05;44.24;43.87;44.05;106700;2026-09-04 09:15:03.098000+00:00
QNS;2025-08-19;43.97;44.05;43.87;44.05;83400;2026-09-04 09:15:03.098000+00:00
QNS;2025-08-20;44.05;44.51;43.51;43.97;464600;2026-09-04 09:15:03.098000+00:00
QNS;2025-08-21;43.6;43.97;42.77;42.95;1045900;2026-09-04 09:15:03.098000+00:00
QNS;2025-08-22;43.05;43.51;42.87;43.14;405800;2026-09-04 09:15:03.098000+00:00
QNS;2025-08-25;43.6;43.6;43.05;43.14;79900;2026-09-04 09:15:03.098000+00:00
QNS;2025-08-26;43.14;43.33;43.14;43.33;87000;2026-09-04 09:15:03.098000+00:00
QNS;2025-08-27;43.41;43.51;43.33;43.33;72000;2026-09-04 09:15:03.098000+00:00
QNS;2025-08-28;43.41;43.51;43.41;43.41;68000;2026-09-04 09:15:03.098000+00:00
QNS;2025-08-29;43.41;43.69;43.23;43.69;222200;2026-09-04 09:15:03.098000+00:00
QNS;2025-09-03;43.33;43.69;43.33;43.6;89000;2026-09-04 09:15:03.098000+00:00
QNS;2025-09-04;43.51;43.69;43.51;43.69;143300;2026-09-04 09:15:03.098000+00:00
QNS;2025-09-05;43.69;43.87;43.33;43.33;116500;2026-09-04 09:15:03.098000+00:00
QNS;2025-09-08;43.41;43.69;43.41;43.41;209300;2026-09-04 09:15:03.098000+00:00
QNS;2025-09-09;43.41;43.6;43.41;43.51;116100;2026-09-04 09:15:03.098000+00:00
QNS;2025-09-10;43.51;43.69;43.14;43.14;145800;2026-09-04 09:15:03.098000+00:00
QNS;2025-09-11;43.41;43.41;43.14;43.41;104900;2026-09-04 09:15:03.098000+00:00
QNS;2025-09-12;43.69;43.69;43.41;43.41;45300;2026-09-04 09:15:03.098000+00:00
QNS;2025-09-15;43.41;43.69;43.41;43.6;78100;2026-09-04 09:15:03.098000+00:00
QNS;2025-09-16;43.69;43.87;43.6;43.87;155400;2026-09-04 09:15:03.098000+00:00
QNS;2025-09-17;43.87;43.97;43.51;43.51;118500;2026-09-04 09:15:03.098000+00:00
QNS;2025-09-18;43.78;43.97;43.41;43.87;112600;2026-09-04 09:15:03.098000+00:00
QNS;2025-09-19;43.78;43.78;43.6;43.6;18600;2026-09-04 09:15:03.098000+00:00
QNS;2025-09-22;43.69;43.78;43.33;43.6;71700;2026-09-04 09:15:03.098000+00:00
QNS;2025-09-23;43.6;43.69;43.33;43.33;63800;2026-09-04 09:15:03.098000+00:00
QNS;2025-09-24;43.41;43.51;43.33;43.41;31100;2026-09-04 09:15:03.098000+00:00
QNS;2025-09-25;43.41;43.69;43.41;43.6;83700;2026-09-04 09:15:03.098000+00:00
QNS;2025-09-26;43.6;43.6;43.33;43.33;102700;2026-09-04 09:15:03.098000+00:00
QNS;2025-09-29;43.41;43.78;43.41;43.6;82000;2026-09-04 09:15:03.098000+00:00
QNS;2025-09-30;43.6;43.69;43.41;43.69;89300;2026-09-04 09:15:03.098000+00:00
QNS;2025-10-01;43.51;43.6;43.41;43.6;47100;2026-09-04 09:15:03.098000+00:00
QNS;2025-10-02;43.51;43.69;43.41;43.51;54400;2026-09-04 09:15:03.098000+00:00
QNS;2025-10-03;43.6;43.6;43.41;43.51;43400;2026-09-04 09:15:03.098000+00:00
QNS;2025-10-06;43.51;43.6;43.33;43.51;36000;2026-09-04 09:15:03.098000+00:00
QNS;2025-10-07;43.6;43.6;43.41;43.51;68200;2026-09-04 09:15:03.098000+00:00
QNS;2025-10-08;43.51;43.78;43.51;43.6;54400;2026-09-04 09:15:03.098000+00:00
QNS;2025-10-09;43.6;43.78;43.51;43.6;91700;2026-09-04 09:15:03.098000+00:00
QNS;2025-10-10;43.6;43.69;43.41;43.6;83400;2026-09-04 09:15:03.098000+00:00
QNS;2025-10-13;43.6;43.6;42.77;42.87;470500;2026-09-04 09:15:03.098000+00:00
QNS;2025-10-14;43.23;43.33;42.95;43.23;101700;2026-09-04 09:15:03.098000+00:00
QNS;2025-10-15;43.14;43.23;42.68;42.87;213800;2026-09-04 09:15:03.098000+00:00
QNS;2025-10-16;42.87;43.23;42.77;43.05;93500;2026-09-04 09:15:03.098000+00:00
QNS;2025-10-17;43.14;43.14;42.77;43.05;231700;2026-09-04 09:15:03.098000+00:00
QNS;2025-10-20;43.05;43.23;41.85;42.22;211500;2026-09-04 09:15:03.098000+00:00
QNS;2025-10-21;42.22;43.05;42.22;42.77;293900;2026-09-04 09:15:03.098000+00:00
QNS;2025-10-22;42.77;43.41;42.77;42.95;502500;2026-09-04 09:15:03.098000+00:00
QNS;2025-10-23;42.95;43.14;42.49;42.68;354700;2026-09-04 09:15:03.098000+00:00
QNS;2025-10-24;42.77;42.77;42.49;42.59;102300;2026-09-04 09:15:03.098000+00:00
QNS;2025-10-27;42.59;43.05;42.49;42.49;87500;2026-09-04 09:15:03.098000+00:00
QNS;2025-10-28;42.49;42.49;42.13;42.31;100400;2026-09-04 09:15:03.098000+00:00
QNS;2025-10-29;42.49;42.49;41.39;41.49;255600;2026-09-04 09:15:03.098000+00:00
QNS;2025-10-30;41.85;41.95;41.3;41.49;196300;2026-09-04 09:15:03.098000+00:00
QNS;2025-10-31;41.49;41.67;41.21;41.39;94100;2026-09-04 09:15:03.098000+00:00
QNS;2025-11-03;41.3;41.3;41.03;41.13;140700;2026-09-04 09:15:03.098000+00:00
QNS;2025-11-04;41.3;41.58;40.47;41.58;153100;2026-09-04 09:15:03.098000+00:00
QNS;2025-11-05;41.39;41.58;41.21;41.39;35400;2026-09-04 09:15:03.098000+00:00
QNS;2025-11-06;41.49;41.76;41.03;41.3;83100;2026-09-04 09:15:03.098000+00:00
QNS;2025-11-07;41.03;41.3;40.93;41.03;88500;2026-09-04 09:15:03.098000+00:00
QNS;2025-11-10;41.03;41.3;40.67;40.67;189600;2026-09-04 09:15:03.098000+00:00
QNS;2025-11-11;40.93;40.93;40.57;40.57;95900;2026-09-04 09:15:03.098000+00:00
QNS;2025-11-12;40.75;40.75;40.01;40.38;359100;2026-09-04 09:15:03.098000+00:00
QNS;2025-11-13;40.47;40.75;40.3;40.67;183700;2026-09-04 09:15:03.098000+00:00
QNS;2025-11-14;40.47;40.57;40.21;40.57;174100;2026-09-04 09:15:03.098000+00:00
QNS;2025-11-17;40.57;40.75;39.46;40.3;124000;2026-09-04 09:15:03.098000+00:00
QNS;2025-11-18;40.57;40.57;40.21;40.21;126400;2026-09-04 09:15:03.098000+00:00
QNS;2025-11-19;40.38;40.93;40.21;40.75;281600;2026-09-04 09:15:03.098000+00:00
QNS;2025-11-20;40.75;41.13;40.67;40.93;144200;2026-09-04 09:15:03.098000+00:00
QNS;2025-11-21;40.84;40.93;40.67;40.93;108900;2026-09-04 09:15:03.098000+00:00
QNS;2025-11-24;40.84;41.21;40.75;40.84;74400;2026-09-04 09:15:03.098000+00:00
QNS;2025-11-25;40.84;40.84;40.38;40.47;150600;2026-09-04 09:15:03.098000+00:00
QNS;2025-11-26;40.57;40.84;40.38;40.38;148300;2026-09-04 09:15:03.098000+00:00
QNS;2025-11-27;40.38;40.84;40.38;40.38;208500;2026-09-04 09:15:03.098000+00:00
QNS;2025-11-28;40.75;40.75;40.21;40.3;121300;2026-09-04 09:15:03.098000+00:00
QNS;2025-12-01;40.3;40.67;40.3;40.3;67800;2026-09-04 09:15:03.098000+00:00
QNS;2025-12-02;40.3;40.47;40.3;40.3;121700;2026-09-04 09:15:03.098000+00:00
QNS;2025-12-03;40.38;40.75;40.3;40.67;41900;2026-09-04 09:15:03.098000+00:00
QNS;2025-12-04;40.67;42.13;40.67;41.39;162300;2026-09-04 09:15:03.098000+00:00
QNS;2025-12-05;41.39;41.67;41.39;41.58;141200;2026-09-04 09:15:03.098000+00:00
QNS;2025-12-08;41.49;41.67;41.3;41.39;31400;2026-09-04 09:15:03.098000+00:00
QNS;2025-12-09;41.49;41.49;40.93;41.03;76100;2026-09-04 09:15:03.098000+00:00
QNS;2025-12-10;41.21;41.49;41.13;41.21;90500;2026-09-04 09:15:03.098000+00:00
QNS;2025-12-11;44.05;44.05;41.3;41.3;79800;2026-09-04 09:15:03.098000+00:00
QNS;2025-12-12;41.39;41.39;41.03;41.13;46000;2026-09-04 09:15:03.098000+00:00
QNS;2025-12-15;41.13;41.21;40.93;41.13;34200;2026-09-04 09:15:03.098000+00:00
QNS;2025-12-16;41.03;41.21;40.75;41.03;47000;2026-09-04 09:15:03.098000+00:00
QNS;2025-12-17;40.93;41.3;40.93;41.13;24500;2026-09-04 09:15:03.098000+00:00
QNS;2025-12-18;41.3;41.3;40.93;41.13;22000;2026-09-04 09:15:03.098000+00:00
QNS;2025-12-19;41.13;41.39;41.13;41.3;39400;2026-09-04 09:15:03.098000+00:00
QNS;2025-12-22;41.3;41.39;41.03;41.39;77700;2026-09-04 09:15:03.098000+00:00
QNS;2025-12-23;41.21;41.58;41.21;41.39;119000;2026-09-04 09:15:03.098000+00:00
QNS;2025-12-24;41.49;41.67;41.3;41.3;61900;2026-09-04 09:15:03.098000+00:00
QNS;2025-12-25;41.49;41.95;41.39;41.67;151700;2026-09-04 09:15:03.098000+00:00
QNS;2025-12-26;41.58;41.58;41.3;41.39;21500;2026-09-04 09:15:03.098000+00:00
QNS;2025-12-29;41.39;42.13;41.39;42.13;159300;2026-09-04 09:15:03.098000+00:00
QNS;2025-12-30;42.04;42.49;41.95;42.41;175800;2026-09-04 09:15:03.098000+00:00
QNS;2025-12-31;42.59;43.23;42.59;43.14;169800;2026-09-04 09:15:03.098000+00:00
QNS;2026-01-05;43.23;43.23;42.95;43.05;161200;2026-09-04 09:15:03.098000+00:00
QNS;2026-01-06;43.05;43.14;42.87;42.95;94200;2026-09-04 09:15:03.098000+00:00
QNS;2026-01-07;43.05;43.05;42.77;42.95;42500;2026-09-04 09:15:03.098000+00:00
QNS;2026-01-08;42.95;43.05;42.77;42.77;61300;2026-09-04 09:15:03.098000+00:00
QNS;2026-01-09;43.05;43.33;42.77;43.14;249200;2026-09-04 09:15:03.098000+00:00
QNS;2026-01-12;43.14;43.33;42.95;43.23;232100;2026-09-04 09:15:03.098000+00:00
QNS;2026-01-13;43.14;43.8;42.86;42.95;113700;2026-09-04 09:15:03.098000+00:00
QNS;2026-01-14;43.14;43.23;42.76;43.05;105500;2026-09-04 09:15:03.098000+00:00
QNS;2026-01-15;43.33;43.89;43.14;43.8;270500;2026-09-04 09:15:03.098000+00:00
QNS;2026-01-16;43.8;43.89;43.6;43.6;247400;2026-09-04 09:15:03.098000+00:00
QNS;2026-01-19;43.6;44.07;43.52;43.99;79500;2026-09-04 09:15:03.098000+00:00
QNS;2026-01-20;43.89;44.17;43.8;44.17;128900;2026-09-04 09:15:03.098000+00:00
QNS;2026-01-21;44.07;44.07;43.7;43.8;101900;2026-09-04 09:15:03.098000+00:00
QNS;2026-01-22;43.8;44.07;43.6;43.7;234300;2026-09-04 09:15:03.098000+00:00
QNS;2026-01-23;43.8;43.89;43.7;43.8;58200;2026-09-04 09:15:03.098000+00:00
QNS;2026-01-26;43.14;43.8;37.23;43.6;201300;2026-09-04 09:15:03.098000+00:00
QNS;2026-01-27;43.7;43.89;42.2;43.7;159600;2026-09-04 09:15:03.098000+00:00
QNS;2026-01-28;43.8;44.36;43.6;44.17;247200;2026-09-04 09:15:03.098000+00:00
QNS;2026-01-29;44.17;44.83;44.17;44.54;189300;2026-09-04 09:15:03.098000+00:00
QNS;2026-01-30;44.45;44.73;44.45;44.54;186000;2026-09-04 09:15:03.098000+00:00
QNS;2026-02-02;44.54;44.73;43.6;44.64;269300;2026-09-04 09:15:03.098000+00:00
QNS;2026-02-03;44.64;45.86;44.64;45.48;410700;2026-09-04 09:15:03.098000+00:00
QNS;2026-02-04;45.77;46.24;45.48;46.24;219200;2026-09-04 09:15:03.098000+00:00
QNS;2026-02-05;46.24;46.42;45.77;45.77;255500;2026-09-04 09:15:03.098000+00:00
QNS;2026-02-06;45.95;46.14;45.58;45.86;165400;2026-09-04 09:15:03.098000+00:00
QNS;2026-02-09;45.95;46.24;45.86;46.05;116800;2026-09-04 09:15:03.098000+00:00
QNS;2026-02-10;46.05;46.05;45.67;45.77;311300;2026-09-04 09:15:03.098000+00:00
QNS;2026-02-11;45.95;46.14;45.95;46.05;63600;2026-09-04 09:15:03.098000+00:00
QNS;2026-02-12;46.05;46.14;45.77;45.95;182800;2026-09-04 09:15:03.098000+00:00
QNS;2026-02-13;46.05;46.14;45.86;46.05;63900;2026-09-04 09:15:03.098000+00:00
QNS;2026-02-23;46.14;46.32;45.86;46.14;102300;2026-09-04 09:15:03.098000+00:00
QNS;2026-02-24;45.95;46.42;45.86;46.05;180500;2026-09-04 09:15:03.098000+00:00
QNS;2026-02-25;46.14;46.79;45.95;46.24;406400;2026-09-04 09:15:03.098000+00:00
QNS;2026-02-26;46.52;46.61;46.14;46.24;154500;2026-09-04 09:15:03.098000+00:00
QNS;2026-02-27;46.32;46.89;46.32;46.42;120000;2026-09-04 09:15:03.098000+00:00
QNS;2026-03-02;46.42;46.52;45.48;46.24;145200;2026-09-04 09:15:03.098000+00:00
QNS;2026-03-03;46.05;46.05;45.67;45.67;117100;2026-09-04 09:15:03.098000+00:00
QNS;2026-03-04;45.86;45.95;45.3;45.86;424200;2026-09-04 09:15:03.098000+00:00
QNS;2026-03-05;45.67;46.14;45.48;45.77;56800;2026-09-04 09:15:03.098000+00:00
QNS;2026-03-06;45.95;46.14;45.67;45.77;135900;2026-09-04 09:15:03.098000+00:00
QNS;2026-03-09;45.95;45.95;43.89;43.99;322900;2026-09-04 09:15:03.098000+00:00
QNS;2026-03-10;44.27;45.01;44.17;44.92;109200;2026-09-04 09:15:03.098000+00:00
QNS;2026-03-11;43.23;44.73;40.89;44.64;53000;2026-09-04 09:15:03.098000+00:00
QNS;2026-03-12;44.83;44.92;44.36;44.45;17100;2026-09-04 09:15:03.098000+00:00
QNS;2026-03-13;44.45;44.64;44.45;44.54;20600;2026-09-04 09:15:03.098000+00:00
QNS;2026-03-16;44.54;44.83;44.54;44.54;44600;2026-09-04 09:15:03.098000+00:00
QNS;2026-03-17;44.83;45.01;44.83;44.92;16100;2026-09-04 09:15:03.098000+00:00
QNS;2026-03-18;44.83;45.01;44.83;44.83;18200;2026-09-04 09:15:03.098000+00:00
QNS;2026-03-19;44.73;45.01;44.64;44.92;14400;2026-09-04 09:15:03.098000+00:00
QNS;2026-03-20;45.48;45.77;44.92;45.01;80900;2026-09-04 09:15:03.098000+00:00
QNS;2026-03-23;45.01;45.2;44.73;44.73;51400;2026-09-04 09:15:03.098000+00:00
QNS;2026-03-24;45.2;45.2;44.92;45.01;28500;2026-09-04 09:15:03.098000+00:00
QNS;2026-03-25;45.2;45.3;44.92;45.01;27700;2026-09-04 09:15:03.098000+00:00
QNS;2026-03-26;44.92;45.01;44.07;44.64;88700;2026-09-04 09:15:03.098000+00:00
QNS;2026-03-27;44.64;44.92;44.45;44.64;16300;2026-09-04 09:15:03.098000+00:00
QNS;2026-03-30;44.54;44.73;44.17;44.64;82200;2026-09-04 09:15:03.098000+00:00
QNS;2026-03-31;44.83;45.11;44.36;45.01;93400;2026-09-04 09:15:03.098000+00:00
QNS;2026-04-01;44.92;45.01;44.54;44.73;50700;2026-09-04 09:15:03.098000+00:00
QNS;2026-04-02;44.73;44.73;44.27;44.27;83500;2026-09-04 09:15:03.098000+00:00
QNS;2026-04-03;44.27;44.54;44.27;44.45;34900;2026-09-04 09:15:03.098000+00:00
QNS;2026-04-06;44.54;44.73;44.17;44.45;115100;2026-09-04 09:15:03.098000+00:00
QNS;2026-04-07;44.54;44.54;44.27;44.45;55600;2026-09-04 09:15:03.098000+00:00
QNS;2026-04-08;44.83;44.92;44.45;44.64;188600;2026-09-04 09:15:03.098000+00:00
QNS;2026-04-09;44.54;44.64;44.45;44.54;121600;2026-09-04 09:15:03.098000+00:00
QNS;2026-04-10;44.54;44.73;44.36;44.36;160700;2026-09-04 09:15:03.098000+00:00
QNS;2026-04-13;44.54;44.92;44.45;44.64;61400;2026-09-04 09:15:03.098000+00:00
QNS;2026-04-14;44.83;45.3;44.64;45.11;169400;2026-09-04 09:15:03.098000+00:00
QNS;2026-04-15;45.11;45.2;44.92;45.01;117900;2026-09-04 09:15:03.098000+00:00
QNS;2026-04-16;46.38;46.38;44.62;44.62;63200;2026-09-04 09:15:03.098000+00:00
QNS;2026-04-17;44.72;44.91;44.23;44.62;80800;2026-09-04 09:15:03.098000+00:00
QNS;2026-04-20;44.52;44.91;44.03;44.23;134800;2026-09-04 09:15:03.098000+00:00
QNS;2026-04-21;44.23;44.33;43.64;43.64;156600;2026-09-04 09:15:03.098000+00:00
QNS;2026-04-22;43.94;43.94;43.06;43.15;283500;2026-09-04 09:15:03.098000+00:00
QNS;2026-04-23;43.25;43.25;43.06;43.25;168000;2026-09-04 09:15:03.098000+00:00
QNS;2026-04-24;43.25;43.94;43.15;43.25;69600;2026-09-04 09:15:03.098000+00:00
QNS;2026-04-28;43.25;44.03;43.25;43.94;171300;2026-09-04 09:15:03.098000+00:00
QNS;2026-04-29;43.94;44.33;43.84;44.23;283700;2026-09-04 09:15:03.098000+00:00
QNS;2026-05-04;44.23;45.11;44.23;45.11;241300;2026-09-04 09:15:03.098000+00:00
QNS;2026-05-05;45.11;45.5;44.91;45.21;307600;2026-09-04 09:15:03.098000+00:00
QNS;2026-05-06;45.21;45.7;45.21;45.7;185300;2026-09-04 09:15:03.098000+00:00
QNS;2026-05-07;45.7;46.09;45.5;45.99;222500;2026-09-04 09:15:03.098000+00:00
QNS;2026-05-08;45.99;46.58;45.89;46.38;388800;2026-09-04 09:15:03.098000+00:00
QNS;2026-05-11;46.38;47.07;46.38;46.97;392400;2026-09-04 09:15:03.098000+00:00
QNS;2026-05-12;46.97;48.14;46.97;47.65;1081900;2026-09-04 09:15:03.098000+00:00
QNS;2026-05-13;47.56;48.05;47.56;47.95;276200;2026-09-04 09:15:03.098000+00:00
QNS;2026-05-14;47.95;47.95;47.26;47.95;281500;2026-09-04 09:15:03.098000+00:00
QNS;2026-05-15;47.95;47.95;47.56;47.65;140600;2026-09-04 09:15:03.098000+00:00
QNS;2026-05-18;47.07;47.75;43.74;47.75;137400;2026-09-04 09:15:03.098000+00:00
QNS;2026-05-19;47.65;47.75;47.65;47.65;123500;2026-09-04 09:15:03.098000+00:00
QNS;2026-05-20;47.46;47.56;47.17;47.46;122600;2026-09-04 09:15:03.098000+00:00
QNS;2026-05-21;47.36;47.65;47.36;47.65;88800;2026-09-04 09:15:03.098000+00:00
QNS;2026-05-22;47.17;47.65;47.17;47.56;42200;2026-09-04 09:15:03.098000+00:00
QNS;2026-05-25;47.56;47.95;47.46;47.85;138800;2026-09-04 09:15:03.098000+00:00
QNS;2026-05-26;47.85;47.85;47.36;47.65;58100;2026-09-04 09:15:03.098000+00:00
QNS;2026-05-27;47.65;47.85;47.46;47.75;10500;2026-09-04 09:15:03.098000+00:00
QNS;2026-05-28;47.65;47.75;47.46;47.46;16000;2026-09-04 09:15:03.098000+00:00
QNS;2026-05-29;47.46;47.46;46.58;46.58;90000;2026-09-04 09:15:03.098000+00:00
QNS;2026-06-01;46.48;46.68;46.09;46.58;35900;2026-09-04 09:15:03.098000+00:00
QNS;2026-06-02;46.38;46.87;46.28;46.38;114200;2026-09-04 09:15:03.098000+00:00
QNS;2026-06-03;46.58;46.58;46.19;46.48;69600;2026-09-04 09:15:03.098000+00:00
QNS;2026-06-04;46.48;46.48;46.19;46.38;53700;2026-09-04 09:15:03.098000+00:00
QNS;2026-06-05;46.38;46.58;46.28;46.48;167000;2026-09-04 09:15:03.098000+00:00
QNS;2026-06-08;46.48;46.97;46.19;46.97;153500;2026-09-04 09:15:03.098000+00:00
QNS;2026-06-09;46.97;47.17;46.77;47.17;45400;2026-09-04 09:15:03.098000+00:00
QNS;2026-06-10;47.07;48.34;47.07;47.85;260600;2026-09-04 09:15:03.098000+00:00
QNS;2026-06-11;47.85;47.95;47.07;47.36;25600;2026-09-04 09:15:03.098000+00:00
QNS;2026-06-12;47.36;47.46;47.17;47.17;36500;2026-09-04 09:15:03.098000+00:00
QNS;2026-06-15;47.17;47.46;47.07;47.46;31300;2026-09-04 09:15:03.098000+00:00
QNS;2026-06-16;47.26;47.46;47.26;47.26;25700;2026-09-04 09:15:03.098000+00:00
QNS;2026-06-17;47.26;47.26;47.17;47.26;30700;2026-09-04 09:15:03.098000+00:00
QNS;2026-06-18;47.26;47.95;47.07;47.95;122200;2026-09-04 09:15:03.098000+00:00
QNS;2026-06-19;47.36;47.65;47.36;47.56;50000;2026-09-04 09:15:03.098000+00:00
QNS;2026-06-22;47.46;47.75;47.36;47.46;111900;2026-09-04 09:15:03.098000+00:00
QNS;2026-06-23;47.36;47.56;47.17;47.56;39400;2026-09-04 09:15:03.098000+00:00
QNS;2026-06-24;47.56;47.56;47.36;47.46;101200;2026-09-04 09:15:03.098000+00:00
QNS;2026-06-25;47.46;48.05;47.46;48.05;248600;2026-09-04 09:15:03.098000+00:00
QNS;2026-06-26;47.85;48.24;47.65;48.14;186200;2026-09-04 09:15:03.098000+00:00
QNS;2026-06-29;47.85;48.34;47.85;47.95;41400;2026-09-04 09:15:03.098000+00:00
QNS;2026-06-30;48.05;48.14;47.85;47.85;114600;2026-09-04 09:15:03.098000+00:00
QNS;2026-07-01;48.14;48.14;47.56;48.05;53700;2026-09-04 09:15:03.098000+00:00
QNS;2026-07-02;47.85;48.34;47.75;48.05;84600;2026-09-04 09:15:03.098000+00:00
QNS;2026-07-03;47.65;48.14;47.56;47.85;83500;2026-09-04 09:15:03.098000+00:00
QNS;2026-07-06;48.05;48.54;47.75;48.05;508500;2026-09-04 09:15:03.098000+00:00
QNS;2026-07-07;47.75;48.34;47.56;47.95;76500;2026-09-04 09:15:03.098000+00:00
QNS;2026-07-08;48.05;48.05;47.75;48.05;21200;2026-09-04 09:15:03.098000+00:00
QNS;2026-07-09;47.85;48.44;47.85;47.85;491200;2026-09-04 09:15:03.098000+00:00
QNS;2026-07-10;47.95;47.95;47.46;47.46;220500;2026-09-04 09:15:03.098000+00:00
QNS;2026-07-13;47.46;47.95;47.36;47.46;87000;2026-09-04 09:15:03.098000+00:00
QNS;2026-07-14;47.65;47.65;47.46;47.56;77700;2026-09-04 09:15:03.098000+00:00
QNS;2026-07-15;47.56;47.65;47.46;47.65;107500;2026-09-04 09:15:03.098000+00:00
QNS;2026-07-16;47.56;47.65;47.46;47.56;62800;2026-09-04 09:15:03.098000+00:00
QNS;2026-07-17;47.46;47.56;47.46;47.46;26400;2026-09-04 09:15:03.098000+00:00
QNS;2026-07-20;47.46;47.46;46.97;47.36;107600;2026-09-04 09:15:03.098000+00:00
QNS;2026-07-21;47.26;47.46;47.17;47.17;51300;2026-09-04 09:15:03.098000+00:00
QNS;2026-07-22;47.17;47.17;46.87;46.87;110000;2026-09-04 09:15:03.098000+00:00
QNS;2026-07-23;46.87;46.87;46.48;46.77;142400;2026-09-04 09:15:03.098000+00:00
QNS;2026-07-24;46.58;47.17;46.28;46.58;136300;2026-09-04 09:15:03.098000+00:00
QNS;2026-07-27;46.58;46.77;46.48;46.58;121800;2026-09-04 09:15:03.098000+00:00
QNS;2026-07-28;46.48;46.58;46.38;46.38;78600;2026-09-04 09:15:03.098000+00:00
QNS;2026-07-29;46.38;46.48;46.28;46.38;215400;2026-09-04 09:15:03.098000+00:00
QNS;2026-07-30;46.38;46.48;46.28;46.38;21100;2026-09-04 09:15:03.098000+00:00
QNS;2026-07-31;46.48;46.48;45.99;46.19;185500;2026-09-04 09:15:03.098000+00:00
QNS;2026-08-03;46.19;46.19;45.7;45.89;167900;2026-09-04 09:15:03.098000+00:00
QNS;2026-08-04;45.89;46.19;45.8;46.19;26800;2026-09-04 09:15:03.098000+00:00
QNS;2026-08-05;46.19;46.28;45.89;45.89;49600;2026-09-04 08:48:52.285000+00:00
QNS;2026-08-06;45.89;46.28;45.7;46.28;38500;2026-09-04 08:48:52.285000+00:00
QNS;2026-08-07;46.28;46.28;45.89;45.99;178200;2026-09-04 08:48:52.285000+00:00
QNS;2026-08-10;45.99;46.19;45.89;45.99;218200;2026-09-04 08:48:52.285000+00:00
QNS;2026-08-11;46.87;46.87;45.7;45.7;154200;2026-09-04 08:48:52.285000+00:00
QNS;2026-08-12;45.8;46.19;45.7;45.89;105000;2026-09-04 08:48:52.285000+00:00
QNS;2026-08-13;46.09;46.19;45.5;45.89;124400;2026-09-04 08:48:52.285000+00:00
QNS;2026-08-14;45.89;45.89;45.6;45.6;74000;2026-09-04 08:48:52.285000+00:00
QNS;2026-08-17;45.7;45.8;45.4;45.6;111200;2026-09-04 08:48:52.285000+00:00
QNS;2026-08-18;46.1;46.1;45.3;45.4;240800;2026-09-04 08:48:52.285000+00:00
QNS;2026-08-19;45.8;45.8;45.4;45.6;174600;2026-09-04 08:48:52.285000+00:00
QNS;2026-08-20;45.5;46.1;45.5;46.0;306700;2026-09-04 08:48:52.285000+00:00
QNS;2026-08-21;46.1;47.0;46.0;46.5;205000;2026-09-04 08:48:52.285000+00:00
QNS;2026-08-24;46.7;46.7;46.4;46.6;195400;2026-09-04 08:48:52.285000+00:00
QNS;2026-08-25;46.7;47.4;46.4;46.8;379700;2026-09-04 08:48:52.285000+00:00
QNS;2026-08-26;47.0;47.0;46.6;46.7;165600;2026-09-04 08:48:52.285000+00:00
QNS;2026-08-27;47.0;47.1;46.8;46.8;183600;2026-09-04 08:48:52.285000+00:00
QNS;2026-08-28;47.2;47.5;47.2;47.3;157900;2026-09-04 08:48:52.285000+00:00
QNS;2026-09-03;47.3;48.5;46.8;48.5;418500;2026-09-04 08:48:52.285000+00:00
QNS;2026-09-04;48.0;49.2;48.0;48.9;421000;2026-09-05 02:07:58.059000+00:00
SAB;2025-05-05;40.27;40.44;40.27;40.44;1250000;2026-09-04 09:15:04.309000+00:00
SAB;2025-05-06;40.91;40.91;40.31;40.39;789500;2026-09-04 09:15:04.309000+00:00
SAB;2025-05-07;40.56;40.86;40.52;40.56;767300;2026-09-04 09:15:04.309000+00:00
SAB;2025-05-08;40.61;41.16;40.61;40.98;858200;2026-09-04 09:15:04.309000+00:00
SAB;2025-05-09;41.95;41.95;41.23;41.36;939400;2026-09-04 09:15:04.309000+00:00
SAB;2025-05-12;41.53;41.79;41.36;41.75;1225700;2026-09-04 09:15:04.309000+00:00
SAB;2025-05-13;41.87;41.87;41.53;41.58;1005900;2026-09-04 09:15:04.309000+00:00
SAB;2025-05-14;41.45;41.92;41.45;41.79;1128000;2026-09-04 09:15:04.309000+00:00
SAB;2025-05-15;41.79;42.72;41.79;42.47;1279400;2026-09-04 09:15:04.309000+00:00
SAB;2025-05-16;42.47;42.8;42.37;42.64;699300;2026-09-04 09:15:04.309000+00:00
SAB;2025-05-19;42.37;42.37;41.87;41.95;753400;2026-09-04 09:15:04.309000+00:00
SAB;2025-05-20;41.79;42.12;41.75;42.05;583600;2026-09-04 09:15:04.309000+00:00
SAB;2025-05-21;42.05;42.17;41.79;41.87;576400;2026-09-04 09:15:04.309000+00:00
SAB;2025-05-22;41.87;41.95;41.7;41.92;793900;2026-09-04 09:15:04.309000+00:00
SAB;2025-05-23;41.92;41.95;41.63;41.75;396500;2026-09-04 09:15:04.309000+00:00
SAB;2025-05-26;42.12;42.12;41.11;41.75;715800;2026-09-04 09:15:04.309000+00:00
SAB;2025-05-27;42.0;42.0;41.7;41.75;590800;2026-09-04 09:15:04.309000+00:00
SAB;2025-05-28;41.87;41.95;41.58;41.75;597900;2026-09-04 09:15:04.309000+00:00
SAB;2025-05-29;41.79;42.05;41.58;41.58;773000;2026-09-04 09:15:04.309000+00:00
SAB;2025-05-30;41.58;41.63;41.11;41.16;1703200;2026-09-04 09:15:04.309000+00:00
SAB;2025-06-02;41.16;41.65;40.98;41.49;569400;2026-09-04 09:15:04.309000+00:00
SAB;2025-06-03;41.53;41.83;41.53;41.79;604500;2026-09-04 09:15:04.309000+00:00
SAB;2025-06-04;41.87;42.8;41.83;42.29;1483800;2026-09-04 09:15:04.309000+00:00
SAB;2025-06-05;42.22;42.37;41.79;41.79;994000;2026-09-04 09:15:04.309000+00:00
SAB;2025-06-06;41.79;42.0;41.4;41.4;754000;2026-09-04 09:15:04.309000+00:00
SAB;2025-06-09;41.4;41.7;41.23;41.23;923500;2026-09-04 09:15:04.309000+00:00
SAB;2025-06-10;41.58;41.58;41.2;41.23;844500;2026-09-04 09:15:04.309000+00:00
SAB;2025-06-11;41.28;41.45;41.23;41.36;347400;2026-09-04 09:15:04.309000+00:00
SAB;2025-06-12;41.45;41.87;41.45;41.75;631300;2026-09-04 09:15:04.309000+00:00
SAB;2025-06-13;41.7;41.7;41.28;41.45;961900;2026-09-04 09:15:04.309000+00:00
SAB;2025-06-16;41.36;41.95;41.36;41.83;976600;2026-09-04 09:15:04.309000+00:00
SAB;2025-06-17;41.87;42.89;41.83;42.17;1505900;2026-09-04 09:15:04.309000+00:00
SAB;2025-06-18;42.17;42.29;41.79;41.79;1297100;2026-09-04 09:15:04.309000+00:00
SAB;2025-06-19;41.95;42.07;41.53;41.75;1024900;2026-09-04 09:15:04.309000+00:00
SAB;2025-06-20;41.79;41.87;41.63;41.79;716600;2026-09-04 09:15:04.309000+00:00
SAB;2025-06-23;41.53;41.75;41.45;41.58;1049600;2026-09-04 09:15:04.309000+00:00
SAB;2025-06-24;41.79;41.92;41.65;41.92;710200;2026-09-04 09:15:04.309000+00:00
SAB;2025-06-25;41.65;42.64;41.65;42.47;1762000;2026-09-04 09:15:04.309000+00:00
SAB;2025-06-26;42.8;42.89;42.47;42.64;1283600;2026-09-04 09:15:04.309000+00:00
SAB;2025-06-27;42.72;42.96;42.47;42.72;3001500;2026-09-04 09:15:04.309000+00:00
SAB;2025-06-30;42.72;42.85;42.08;42.18;1923100;2026-09-04 09:15:04.309000+00:00
SAB;2025-07-01;42.18;42.18;41.73;41.78;904400;2026-09-04 09:15:04.309000+00:00
SAB;2025-07-02;41.73;41.73;41.37;41.64;1099500;2026-09-04 09:15:04.309000+00:00
SAB;2025-07-03;41.64;41.82;41.5;41.5;1535400;2026-09-04 09:15:04.309000+00:00
SAB;2025-07-04;41.82;41.82;41.55;41.64;848400;2026-09-04 09:15:04.309000+00:00
SAB;2025-07-07;41.73;41.86;41.55;41.64;1320400;2026-09-04 09:15:04.309000+00:00
SAB;2025-07-08;41.68;42.05;41.68;42.05;1639400;2026-09-04 09:15:04.309000+00:00
SAB;2025-07-09;42.18;42.85;42.08;42.76;2602200;2026-09-04 09:15:04.309000+00:00
SAB;2025-07-10;42.8;43.38;42.8;43.16;2150900;2026-09-04 09:15:04.309000+00:00
SAB;2025-07-11;43.16;43.3;42.63;43.21;2444000;2026-09-04 09:15:04.309000+00:00
SAB;2025-07-14;43.21;43.38;42.76;43.08;1272000;2026-09-04 09:15:04.309000+00:00
SAB;2025-07-15;43.08;43.88;43.03;43.12;2151700;2026-09-04 09:15:04.309000+00:00
SAB;2025-07-16;43.12;43.21;42.76;43.08;1366400;2026-09-04 09:15:04.309000+00:00
SAB;2025-07-17;43.12;43.7;42.94;43.43;2042400;2026-09-04 09:15:04.309000+00:00
SAB;2025-07-18;43.57;43.57;43.08;43.25;1338400;2026-09-04 09:15:04.309000+00:00
SAB;2025-07-21;43.12;43.38;42.8;42.8;1645300;2026-09-04 09:15:04.309000+00:00
SAB;2025-07-22;42.85;42.98;42.63;42.9;797900;2026-09-04 09:15:04.309000+00:00
SAB;2025-07-23;42.94;43.88;42.63;43.61;2660200;2026-09-04 09:15:04.309000+00:00
SAB;2025-07-24;43.93;44.87;43.7;43.97;2245700;2026-09-04 09:15:04.309000+00:00
SAB;2025-07-25;43.97;44.06;43.83;44.06;1335000;2026-09-04 09:15:04.309000+00:00
SAB;2025-07-28;44.28;44.42;43.88;44.25;2668300;2026-09-04 09:15:04.309000+00:00
SAB;2025-07-29;44.25;44.42;42.5;42.5;2638000;2026-09-04 09:15:04.309000+00:00
SAB;2025-07-30;42.53;42.9;42.5;42.72;2020500;2026-09-04 09:15:04.309000+00:00
SAB;2025-07-31;42.8;43.43;42.63;42.76;1914100;2026-09-04 09:15:04.309000+00:00
SAB;2025-08-01;42.8;43.12;42.8;43.03;1031600;2026-09-04 09:15:04.309000+00:00
SAB;2025-08-04;43.08;43.16;42.76;43.16;804800;2026-09-04 09:15:04.309000+00:00
SAB;2025-08-05;43.16;43.25;42.53;42.63;2101200;2026-09-04 09:15:04.309000+00:00
SAB;2025-08-06;42.72;43.21;42.5;42.9;980700;2026-09-04 09:15:04.309000+00:00
SAB;2025-08-07;43.08;43.08;42.67;42.8;860100;2026-09-04 09:15:04.309000+00:00
SAB;2025-08-08;42.8;43.21;42.72;42.94;930800;2026-09-04 09:15:04.309000+00:00
SAB;2025-08-11;43.08;43.57;43.08;43.25;1467500;2026-09-04 09:15:04.309000+00:00
SAB;2025-08-12;43.43;43.57;43.25;43.35;1258100;2026-09-04 09:15:04.309000+00:00
SAB;2025-08-13;43.48;43.48;42.94;43.03;1126700;2026-09-04 09:15:04.309000+00:00
SAB;2025-08-14;43.16;43.16;42.85;42.98;1143800;2026-09-04 09:15:04.309000+00:00
SAB;2025-08-15;43.03;43.03;42.53;42.63;1553000;2026-09-04 09:15:04.309000+00:00
SAB;2025-08-18;42.67;42.85;42.31;42.31;962200;2026-09-04 09:15:04.309000+00:00
SAB;2025-08-19;42.4;42.5;42.22;42.31;1046500;2026-09-04 09:15:04.309000+00:00
SAB;2025-08-20;42.31;42.31;41.78;41.95;1212700;2026-09-04 09:15:04.309000+00:00
SAB;2025-08-21;41.78;42.08;41.55;41.82;1406200;2026-09-04 09:15:04.309000+00:00
SAB;2025-08-22;41.73;41.82;41.01;41.1;1847600;2026-09-04 09:15:04.309000+00:00
SAB;2025-08-25;41.1;41.28;40.83;40.92;990900;2026-09-04 09:15:04.309000+00:00
SAB;2025-08-26;40.92;41.19;40.78;41.19;696900;2026-09-04 09:15:04.309000+00:00
SAB;2025-08-27;41.37;41.55;41.15;41.28;1209900;2026-09-04 09:15:04.309000+00:00
SAB;2025-08-28;41.28;41.86;41.28;41.78;545500;2026-09-04 09:15:04.309000+00:00
SAB;2025-08-29;42.0;42.08;41.78;41.78;788100;2026-09-04 09:15:04.309000+00:00
SAB;2025-09-03;41.82;41.82;41.5;41.6;558900;2026-09-04 09:15:04.309000+00:00
SAB;2025-09-04;41.73;42.36;41.6;42.27;1013000;2026-09-04 09:15:04.309000+00:00
SAB;2025-09-05;42.4;42.63;42.27;42.45;1242400;2026-09-04 09:15:04.309000+00:00
SAB;2025-09-08;42.63;42.67;41.95;42.0;869100;2026-09-04 09:15:04.309000+00:00
SAB;2025-09-09;41.95;42.0;41.46;41.55;858200;2026-09-04 09:15:04.309000+00:00
SAB;2025-09-10;41.73;41.82;41.41;41.5;506700;2026-09-04 09:15:04.309000+00:00
SAB;2025-09-11;41.64;41.73;41.01;41.64;705600;2026-09-04 09:15:04.309000+00:00
SAB;2025-09-12;41.55;42.53;41.55;41.86;1050800;2026-09-04 09:15:04.309000+00:00
SAB;2025-09-15;42.13;42.18;41.86;41.91;507500;2026-09-04 09:15:04.309000+00:00
SAB;2025-09-16;42.13;43.21;41.82;42.9;2744100;2026-09-04 09:15:04.309000+00:00
SAB;2025-09-17;42.9;43.21;42.45;42.45;983000;2026-09-04 09:15:04.309000+00:00
SAB;2025-09-18;42.58;42.67;41.91;42.0;1010400;2026-09-04 09:15:04.309000+00:00
SAB;2025-09-19;42.13;42.13;41.28;41.28;1385500;2026-09-04 09:15:04.309000+00:00
SAB;2025-09-22;41.37;41.68;40.83;41.01;1354200;2026-09-04 09:15:04.309000+00:00
SAB;2025-09-23;41.1;41.37;40.96;41.1;447500;2026-09-04 09:15:04.309000+00:00
SAB;2025-09-24;41.19;41.37;40.83;41.37;503600;2026-09-04 09:15:04.309000+00:00
SAB;2025-09-25;41.41;41.5;41.06;41.15;468600;2026-09-04 09:15:04.309000+00:00
SAB;2025-09-26;41.33;41.33;40.96;40.96;480800;2026-09-04 09:15:04.309000+00:00
SAB;2025-09-29;41.01;41.01;40.7;40.83;571100;2026-09-04 09:15:04.309000+00:00
SAB;2025-09-30;40.83;40.92;40.52;40.56;553000;2026-09-04 09:15:04.309000+00:00
SAB;2025-10-01;40.65;40.88;40.56;40.65;324100;2026-09-04 09:15:04.309000+00:00
SAB;2025-10-02;40.75;41.06;40.75;40.75;696400;2026-09-04 09:15:04.309000+00:00
SAB;2025-10-03;40.78;41.1;40.75;40.88;425600;2026-09-04 09:15:04.309000+00:00
SAB;2025-10-06;41.33;41.46;41.01;41.41;894200;2026-09-04 09:15:04.309000+00:00
SAB;2025-10-07;41.68;41.68;41.19;41.28;690800;2026-09-04 09:15:04.309000+00:00
SAB;2025-10-08;41.55;41.64;41.23;41.23;517900;2026-09-04 09:15:04.309000+00:00
SAB;2025-10-09;41.28;41.33;40.88;40.92;557300;2026-09-04 09:15:04.309000+00:00
SAB;2025-10-10;40.92;41.23;40.88;41.15;481500;2026-09-04 09:15:04.309000+00:00
SAB;2025-10-13;40.83;41.23;40.7;41.23;521600;2026-09-04 09:15:04.309000+00:00
SAB;2025-10-14;41.1;41.23;40.75;40.75;579100;2026-09-04 09:15:04.309000+00:00
SAB;2025-10-15;40.78;41.01;40.61;40.61;544100;2026-09-04 09:15:04.309000+00:00
SAB;2025-10-16;40.65;40.92;40.48;40.56;467500;2026-09-04 09:15:04.309000+00:00
SAB;2025-10-17;40.56;40.83;40.3;40.61;825800;2026-09-04 09:15:04.309000+00:00
SAB;2025-10-20;40.43;40.61;39.48;39.48;961100;2026-09-04 09:15:04.309000+00:00
SAB;2025-10-21;39.62;39.93;39.48;39.89;806800;2026-09-04 09:15:04.309000+00:00
SAB;2025-10-22;39.89;40.2;39.71;40.2;390300;2026-09-04 09:15:04.309000+00:00
SAB;2025-10-23;40.2;40.96;39.98;40.78;730200;2026-09-04 09:15:04.309000+00:00
SAB;2025-10-24;40.83;40.83;40.38;40.52;354200;2026-09-04 09:15:04.309000+00:00
SAB;2025-10-27;40.83;41.06;40.56;40.78;691600;2026-09-04 09:15:04.309000+00:00
SAB;2025-10-28;40.78;40.96;40.7;40.78;405600;2026-09-04 09:15:04.309000+00:00
SAB;2025-10-29;41.1;41.28;40.78;41.06;762700;2026-09-04 09:15:04.309000+00:00
SAB;2025-10-30;41.19;41.19;40.75;41.01;623700;2026-09-04 09:15:04.309000+00:00
SAB;2025-10-31;41.15;41.19;40.92;41.15;575000;2026-09-04 09:15:04.309000+00:00
SAB;2025-11-03;41.1;41.86;41.06;41.55;858900;2026-09-04 09:15:04.309000+00:00
SAB;2025-11-04;41.68;41.68;40.83;41.5;851500;2026-09-04 09:15:04.309000+00:00
SAB;2025-11-05;41.55;41.6;41.23;41.46;566500;2026-09-04 09:15:04.309000+00:00
SAB;2025-11-06;41.28;41.55;41.19;41.41;543600;2026-09-04 09:15:04.309000+00:00
SAB;2025-11-07;41.19;41.64;41.19;41.37;560000;2026-09-04 09:15:04.309000+00:00
SAB;2025-11-10;41.46;41.6;41.28;41.28;515600;2026-09-04 09:15:04.309000+00:00
SAB;2025-11-11;41.23;42.4;41.19;42.0;1271900;2026-09-04 09:15:04.309000+00:00
SAB;2025-11-12;42.0;42.27;41.82;42.13;753600;2026-09-04 09:15:04.309000+00:00
SAB;2025-11-13;42.27;42.67;42.05;42.53;1122200;2026-09-04 09:15:04.309000+00:00
SAB;2025-11-14;42.53;42.67;42.22;42.27;842800;2026-09-04 09:15:04.309000+00:00
SAB;2025-11-17;42.27;42.72;42.27;42.4;1032700;2026-09-04 09:15:04.309000+00:00
SAB;2025-11-18;42.45;42.63;42.0;42.36;623200;2026-09-04 09:15:04.309000+00:00
SAB;2025-11-19;42.36;42.36;42.08;42.18;665000;2026-09-04 09:15:04.309000+00:00
SAB;2025-11-20;42.53;42.63;42.13;42.22;776700;2026-09-04 09:15:04.309000+00:00
SAB;2025-11-21;42.13;42.13;41.73;41.91;542300;2026-09-04 09:15:04.309000+00:00
SAB;2025-11-24;41.91;42.18;41.41;41.41;863800;2026-09-04 09:15:04.309000+00:00
SAB;2025-11-25;41.46;42.0;41.37;41.55;435300;2026-09-04 09:15:04.309000+00:00
SAB;2025-11-26;41.64;42.0;41.64;41.73;374600;2026-09-04 09:15:04.309000+00:00
SAB;2025-11-27;41.95;41.95;41.6;41.64;301100;2026-09-04 09:15:04.309000+00:00
SAB;2025-11-28;41.64;41.86;41.55;41.64;381200;2026-09-04 09:15:04.309000+00:00
SAB;2025-12-01;41.78;44.51;41.78;43.97;4104800;2026-09-04 09:15:04.309000+00:00
SAB;2025-12-02;43.97;47.02;43.83;47.02;5646800;2026-09-04 09:15:04.309000+00:00
SAB;2025-12-03;48.46;48.82;46.58;46.58;3231900;2026-09-04 09:15:04.309000+00:00
SAB;2025-12-04;46.22;46.85;45.32;45.68;2805000;2026-09-04 09:15:04.309000+00:00
SAB;2025-12-05;45.68;46.03;44.69;44.69;2542700;2026-09-04 09:15:04.309000+00:00
SAB;2025-12-08;44.69;47.74;44.6;47.74;5248000;2026-09-04 09:15:04.309000+00:00
SAB;2025-12-09;48.9;49.63;47.83;47.83;4328800;2026-09-04 09:15:04.309000+00:00
SAB;2025-12-10;47.83;47.92;46.13;46.22;2433700;2026-09-04 09:15:04.309000+00:00
SAB;2025-12-11;46.4;47.56;46.22;46.93;1643600;2026-09-04 09:15:04.309000+00:00
SAB;2025-12-12;46.67;47.2;44.83;44.87;2534500;2026-09-04 09:15:04.309000+00:00
SAB;2025-12-15;45.13;46.22;44.87;45.32;1509700;2026-09-04 09:15:04.309000+00:00
SAB;2025-12-16;45.77;46.67;43.16;46.4;2083100;2026-09-04 09:15:04.309000+00:00
SAB;2025-12-17;46.48;46.48;44.96;44.96;1555300;2026-09-04 09:15:04.309000+00:00
SAB;2025-12-18;45.41;45.5;44.69;45.05;1042600;2026-09-04 09:15:04.309000+00:00
SAB;2025-12-19;45.05;45.05;44.51;44.6;1138800;2026-09-04 09:15:04.309000+00:00
SAB;2025-12-22;44.6;45.13;44.38;44.51;995900;2026-09-04 09:15:04.309000+00:00
SAB;2025-12-23;44.6;44.78;43.88;44.42;1429100;2026-09-04 09:15:04.309000+00:00
SAB;2025-12-24;44.42;44.51;43.8;43.8;997100;2026-09-04 09:15:04.309000+00:00
SAB;2025-12-25;43.8;44.42;43.25;43.25;1145900;2026-09-04 09:15:04.309000+00:00
SAB;2025-12-26;43.16;44.15;43.16;43.75;1433800;2026-09-04 09:15:04.309000+00:00
SAB;2025-12-29;43.8;44.2;43.61;43.8;882900;2026-09-04 09:15:04.309000+00:00
SAB;2025-12-30;43.88;44.78;43.43;44.51;1279000;2026-09-04 09:15:04.309000+00:00
SAB;2025-12-31;44.51;44.51;43.97;43.97;579700;2026-09-04 09:15:04.309000+00:00
SAB;2026-01-05;44.11;44.15;43.12;43.16;1623700;2026-09-04 09:15:04.309000+00:00
SAB;2026-01-06;43.25;43.25;42.31;42.67;1942000;2026-09-04 09:15:04.309000+00:00
SAB;2026-01-07;42.72;43.83;42.72;43.53;2000300;2026-09-04 09:15:04.309000+00:00
SAB;2026-01-08;43.53;44.33;43.35;43.35;1599300;2026-09-04 09:15:04.309000+00:00
SAB;2026-01-09;43.88;44.78;43.61;43.93;2041500;2026-09-04 09:15:04.309000+00:00
SAB;2026-01-12;44.16;44.4;43.18;43.97;1678300;2026-09-04 09:15:04.309000+00:00
SAB;2026-01-13;44.02;46.97;44.02;46.97;3322400;2026-09-04 09:15:04.309000+00:00
SAB;2026-01-14;48.0;50.24;48.0;50.24;4550700;2026-09-04 09:15:04.309000+00:00
SAB;2026-01-15;51.46;53.42;49.31;49.31;6078400;2026-09-04 09:15:04.309000+00:00
SAB;2026-01-16;49.31;50.34;48.47;49.12;2852800;2026-09-04 09:15:04.309000+00:00
SAB;2026-01-19;49.12;49.31;46.97;47.81;2768200;2026-09-04 09:15:04.309000+00:00
SAB;2026-01-20;48.65;50.8;48.18;48.93;3633500;2026-09-04 09:15:04.309000+00:00
SAB;2026-01-21;48.65;48.65;46.97;47.34;2222400;2026-09-04 09:15:04.309000+00:00
SAB;2026-01-22;47.72;48.65;47.25;47.34;1396700;2026-09-04 09:15:04.309000+00:00
SAB;2026-01-23;47.44;48.0;45.75;46.13;2328200;2026-09-04 09:15:04.309000+00:00
SAB;2026-01-26;46.13;46.78;45.19;45.38;1694200;2026-09-04 09:15:04.309000+00:00
SAB;2026-01-27;45.8;46.36;45.14;46.36;1290400;2026-09-04 09:15:04.309000+00:00
SAB;2026-01-28;46.69;47.06;45.61;45.8;1151800;2026-09-04 09:15:04.309000+00:00
SAB;2026-01-29;45.94;47.34;45.85;47.06;1623900;2026-09-04 09:15:04.309000+00:00
SAB;2026-01-30;47.72;48.09;46.69;46.69;1724800;2026-09-04 09:15:04.309000+00:00
SAB;2026-02-02;46.69;47.62;46.03;46.69;1193500;2026-09-04 09:15:04.309000+00:00
SAB;2026-02-03;47.62;49.03;47.06;48.75;2564900;2026-09-04 09:15:04.309000+00:00
SAB;2026-02-04;49.03;49.87;48.28;48.37;1558600;2026-09-04 09:15:04.309000+00:00
SAB;2026-02-05;48.84;48.84;46.78;46.87;1682000;2026-09-04 09:15:04.309000+00:00
SAB;2026-02-06;46.31;46.59;45.56;45.61;1886100;2026-09-04 09:15:04.309000+00:00
SAB;2026-02-09;45.75;46.27;45.75;46.27;519800;2026-09-04 09:15:04.309000+00:00
SAB;2026-02-10;46.27;46.45;44.68;45.24;1278300;2026-09-04 09:15:04.309000+00:00
SAB;2026-02-11;45.28;45.66;44.96;45.56;675500;2026-09-04 09:15:04.309000+00:00
SAB;2026-02-12;45.56;46.03;45.38;45.66;508400;2026-09-04 09:15:04.309000+00:00
SAB;2026-02-13;45.85;45.85;45.28;45.38;758900;2026-09-04 09:15:04.309000+00:00
SAB;2026-02-23;45.47;45.99;45.47;45.71;747400;2026-09-04 09:15:04.309000+00:00
SAB;2026-02-24;45.71;46.08;45.52;45.66;812400;2026-09-04 09:15:04.309000+00:00
SAB;2026-02-25;45.66;46.69;45.66;46.03;1341700;2026-09-04 09:15:04.309000+00:00
SAB;2026-02-26;46.31;46.36;45.66;45.94;1107900;2026-09-04 09:15:04.309000+00:00
SAB;2026-02-27;45.94;46.03;45.24;45.28;1197000;2026-09-04 09:15:04.309000+00:00
SAB;2026-03-02;44.02;44.77;43.97;44.16;1618800;2026-09-04 09:15:04.309000+00:00
SAB;2026-03-03;43.97;44.4;42.38;43.04;2424900;2026-09-04 09:15:04.309000+00:00
SAB;2026-03-04;43.09;43.51;42.29;43.04;1327100;2026-09-04 09:15:04.309000+00:00
SAB;2026-03-05;43.18;43.46;42.71;42.71;768200;2026-09-04 09:15:04.309000+00:00
SAB;2026-03-06;42.71;43.23;42.62;42.66;804600;2026-09-04 09:15:04.309000+00:00
SAB;2026-03-09;40.93;41.17;39.72;39.72;3538000;2026-09-04 09:15:04.309000+00:00
SAB;2026-03-10;40.79;41.87;40.33;41.87;1473200;2026-09-04 09:15:04.309000+00:00
SAB;2026-03-11;41.73;42.1;41.21;41.92;966300;2026-09-04 09:15:04.309000+00:00
SAB;2026-03-12;41.78;41.78;40.89;40.93;824200;2026-09-04 09:15:04.309000+00:00
SAB;2026-03-13;40.93;41.78;40.84;41.54;599500;2026-09-04 09:15:04.309000+00:00
SAB;2026-03-16;41.35;41.78;41.26;41.64;465900;2026-09-04 09:15:04.309000+00:00
SAB;2026-03-17;41.64;42.29;41.49;41.49;700800;2026-09-04 09:15:04.309000+00:00
SAB;2026-03-18;41.64;41.96;41.07;41.59;577100;2026-09-04 09:15:04.309000+00:00
SAB;2026-03-19;41.49;41.59;40.79;41.49;840600;2026-09-04 09:15:04.309000+00:00
SAB;2026-03-20;41.49;41.49;39.86;39.86;1019800;2026-09-04 09:15:04.309000+00:00
SAB;2026-03-23;39.76;40.42;39.48;40.14;789200;2026-09-04 09:15:04.309000+00:00
SAB;2026-03-24;40.65;42.2;40.47;42.2;779500;2026-09-04 09:15:04.309000+00:00
SAB;2026-03-25;41.92;42.24;41.54;41.87;817400;2026-09-04 09:15:04.309000+00:00
SAB;2026-03-26;41.78;41.78;40.79;40.93;472100;2026-09-04 09:15:04.309000+00:00
SAB;2026-03-27;41.17;41.49;40.93;41.31;346700;2026-09-04 09:15:04.309000+00:00
SAB;2026-03-30;41.07;41.68;39.34;41.31;668100;2026-09-04 09:15:04.309000+00:00
SAB;2026-03-31;41.4;41.78;41.31;41.45;413500;2026-09-04 09:15:04.309000+00:00
SAB;2026-04-01;41.87;41.92;41.49;41.64;469200;2026-09-04 09:15:04.309000+00:00
SAB;2026-04-02;41.82;41.82;41.26;41.35;401600;2026-09-04 09:15:04.309000+00:00
SAB;2026-04-03;41.73;41.87;41.26;41.26;543600;2026-09-04 09:15:04.309000+00:00
SAB;2026-04-06;41.35;41.87;41.21;41.54;640800;2026-09-04 09:15:04.309000+00:00
SAB;2026-04-07;41.59;41.73;41.07;41.21;408500;2026-09-04 09:15:04.309000+00:00
SAB;2026-04-08;42.06;42.62;41.64;42.48;901300;2026-09-04 09:15:04.309000+00:00
SAB;2026-04-09;42.1;42.52;41.96;42.2;510700;2026-09-04 09:15:04.309000+00:00
SAB;2026-04-10;42.24;42.99;42.24;42.85;627600;2026-09-04 09:15:04.309000+00:00
SAB;2026-04-13;42.57;43.04;42.34;42.52;427500;2026-09-04 09:15:04.309000+00:00
SAB;2026-04-14;42.8;42.99;42.15;42.24;554900;2026-09-04 09:15:04.309000+00:00
SAB;2026-04-15;42.71;43.37;42.24;43.18;805700;2026-09-04 09:15:04.309000+00:00
SAB;2026-04-16;43.23;43.23;42.38;42.8;349400;2026-09-04 09:15:04.309000+00:00
SAB;2026-04-17;43.04;43.46;42.38;42.57;676000;2026-09-04 09:15:04.309000+00:00
SAB;2026-04-20;42.57;42.95;42.43;42.57;249100;2026-09-04 09:15:04.309000+00:00
SAB;2026-04-21;42.76;42.76;42.24;42.24;486700;2026-09-04 09:15:04.309000+00:00
SAB;2026-04-22;42.29;42.38;41.92;42.15;621600;2026-09-04 09:15:04.309000+00:00
SAB;2026-04-23;42.15;45.1;41.96;45.1;3372800;2026-09-04 09:15:04.309000+00:00
SAB;2026-04-24;45.0;45.0;43.65;43.97;825900;2026-09-04 09:15:04.309000+00:00
SAB;2026-04-28;44.21;46.22;44.07;45.38;1524700;2026-09-04 09:15:04.309000+00:00
SAB;2026-04-29;44.91;45.38;44.44;44.44;590700;2026-09-04 09:15:04.309000+00:00
SAB;2026-05-04;44.44;44.72;43.55;44.3;884900;2026-09-04 09:15:04.309000+00:00
SAB;2026-05-05;44.21;44.25;43.18;44.02;1090900;2026-09-04 09:15:04.309000+00:00
SAB;2026-05-06;43.97;44.72;43.55;44.72;654100;2026-09-04 09:15:04.309000+00:00
SAB;2026-05-07;44.72;44.72;43.51;43.65;1146500;2026-09-04 09:15:04.309000+00:00
SAB;2026-05-08;43.41;43.65;43.23;43.27;886100;2026-09-04 09:15:04.309000+00:00
SAB;2026-05-11;43.27;44.72;42.85;44.54;1480800;2026-09-04 09:15:04.309000+00:00
SAB;2026-05-12;44.63;44.68;43.55;43.97;656300;2026-09-04 09:15:04.309000+00:00
SAB;2026-05-13;43.97;43.97;43.18;43.55;586800;2026-09-04 09:15:04.309000+00:00
SAB;2026-05-14;43.65;44.44;43.65;43.97;511700;2026-09-04 09:15:04.309000+00:00
SAB;2026-05-15;44.4;45.94;44.11;45.42;1646900;2026-09-04 09:15:04.309000+00:00
SAB;2026-05-18;45.42;45.52;44.68;45.28;570000;2026-09-04 09:15:04.309000+00:00
SAB;2026-05-19;45.33;46.03;44.58;45.38;972600;2026-09-04 09:15:04.309000+00:00
SAB;2026-05-20;45.38;45.38;44.16;44.63;716000;2026-09-04 09:15:04.309000+00:00
SAB;2026-05-21;45.0;45.52;44.58;44.91;665600;2026-09-04 09:15:04.309000+00:00
SAB;2026-05-22;45.19;46.17;44.96;45.0;917600;2026-09-04 09:15:04.309000+00:00
SAB;2026-05-25;44.91;45.8;44.77;44.82;439000;2026-09-04 09:15:04.309000+00:00
SAB;2026-05-26;44.91;44.91;44.07;44.16;880400;2026-09-04 09:15:04.309000+00:00
SAB;2026-05-27;44.3;44.68;44.02;44.68;437900;2026-09-04 09:15:04.309000+00:00
SAB;2026-05-28;44.63;44.63;44.16;44.16;345600;2026-09-04 09:15:04.309000+00:00
SAB;2026-05-29;44.25;44.35;43.93;43.93;520300;2026-09-04 09:15:04.309000+00:00
SAB;2026-06-01;43.83;44.21;43.79;44.16;416200;2026-09-04 09:15:04.309000+00:00
SAB;2026-06-02;44.11;44.21;43.79;43.97;596100;2026-09-04 09:15:04.309000+00:00
SAB;2026-06-03;43.74;45.0;43.74;44.44;625500;2026-09-04 09:15:04.309000+00:00
SAB;2026-06-04;44.44;44.82;44.3;44.72;285400;2026-09-04 09:15:04.309000+00:00
SAB;2026-06-05;44.82;45.19;43.97;44.72;589100;2026-09-04 09:15:04.309000+00:00
SAB;2026-06-08;44.72;44.72;43.6;43.97;771900;2026-09-04 09:15:04.309000+00:00
SAB;2026-06-09;44.21;44.35;43.97;44.11;316800;2026-09-04 09:15:04.309000+00:00
SAB;2026-06-10;44.25;44.49;44.11;44.49;284900;2026-09-04 09:15:04.309000+00:00
SAB;2026-06-11;44.44;46.03;44.4;45.47;1436400;2026-09-04 09:15:04.309000+00:00
SAB;2026-06-12;45.56;46.17;45.38;45.47;850800;2026-09-04 09:15:04.309000+00:00
SAB;2026-06-15;45.38;46.13;45.05;45.38;567600;2026-09-04 09:15:04.309000+00:00
SAB;2026-06-16;45.38;46.64;45.05;45.94;1268100;2026-09-04 09:15:04.309000+00:00
SAB;2026-06-17;45.94;46.22;45.52;45.66;423500;2026-09-04 09:15:04.309000+00:00
SAB;2026-06-18;45.47;45.56;45.1;45.1;563100;2026-09-04 09:15:04.309000+00:00
SAB;2026-06-19;45.1;45.33;45.0;45.05;318800;2026-09-04 09:15:04.309000+00:00
SAB;2026-06-22;45.0;45.28;44.96;45.1;310900;2026-09-04 09:15:04.309000+00:00
SAB;2026-06-23;45.8;45.8;44.54;44.72;602600;2026-09-04 09:15:04.309000+00:00
SAB;2026-06-24;44.72;44.96;44.44;44.72;266600;2026-09-04 09:15:04.309000+00:00
SAB;2026-06-25;44.86;45.8;44.86;45.47;642500;2026-09-04 09:15:04.309000+00:00
SAB;2026-06-26;45.52;45.75;45.38;45.56;485600;2026-09-04 09:15:04.309000+00:00
SAB;2026-06-29;45.61;45.8;44.72;44.91;753400;2026-09-04 09:15:04.309000+00:00
SAB;2026-06-30;45.0;45.56;45.0;45.38;653200;2026-09-04 09:15:04.309000+00:00
SAB;2026-07-01;45.38;45.47;45.0;45.24;372900;2026-09-04 09:15:04.309000+00:00
SAB;2026-07-02;45.24;45.66;45.1;45.47;650500;2026-09-04 09:15:04.309000+00:00
SAB;2026-07-03;45.66;45.66;44.82;44.82;800100;2026-09-04 09:15:04.309000+00:00
SAB;2026-07-06;44.82;45.05;43.79;44.11;863000;2026-09-04 09:15:04.309000+00:00
SAB;2026-07-07;44.11;44.4;43.97;44.21;398900;2026-09-04 09:15:04.309000+00:00
SAB;2026-07-08;44.21;44.35;44.02;44.16;485900;2026-09-04 09:15:04.309000+00:00
SAB;2026-07-09;44.16;44.58;44.07;44.11;302100;2026-09-04 09:15:04.309000+00:00
SAB;2026-07-10;44.16;44.35;43.79;44.11;377800;2026-09-04 09:15:04.309000+00:00
SAB;2026-07-13;44.11;44.16;42.95;43.18;900100;2026-09-04 09:15:04.309000+00:00
SAB;2026-07-14;43.18;43.88;42.95;43.79;400600;2026-09-04 09:15:04.309000+00:00
SAB;2026-07-15;43.93;43.93;43.04;43.09;311700;2026-09-04 09:15:04.309000+00:00
SAB;2026-07-16;43.13;43.6;42.8;43.37;515200;2026-09-04 09:15:04.309000+00:00
SAB;2026-07-17;43.32;43.88;43.09;43.88;341400;2026-09-04 09:15:04.309000+00:00
SAB;2026-07-20;44.02;44.82;43.79;44.25;609300;2026-09-04 09:15:04.309000+00:00
SAB;2026-07-21;44.07;44.49;43.97;43.97;492300;2026-09-04 09:15:04.309000+00:00
SAB;2026-07-22;44.25;44.25;43.88;43.93;518500;2026-09-04 09:15:04.309000+00:00
SAB;2026-07-23;44.21;44.21;42.1;43.97;875600;2026-09-04 09:15:04.309000+00:00
SAB;2026-07-24;43.88;43.88;43.09;43.51;618600;2026-09-04 09:15:04.309000+00:00
SAB;2026-07-27;43.69;44.11;43.46;43.6;892500;2026-09-04 09:15:04.309000+00:00
SAB;2026-07-28;43.0;43.5;42.7;43.15;567000;2026-09-04 09:15:04.309000+00:00
SAB;2026-07-29;43.4;43.4;42.95;43.0;547800;2026-09-04 09:15:04.309000+00:00
SAB;2026-07-30;43.5;44.0;43.0;43.4;677700;2026-09-04 09:15:04.309000+00:00
SAB;2026-07-31;43.95;44.0;43.55;43.55;518400;2026-09-04 09:15:04.309000+00:00
SAB;2026-08-03;43.9;44.8;43.55;44.8;1227400;2026-09-04 09:15:04.309000+00:00
SAB;2026-08-04;44.65;45.15;44.25;45.1;643600;2026-09-04 09:15:04.309000+00:00
SAB;2026-08-05;45.0;45.1;44.4;44.4;488100;2026-09-04 08:48:53.075000+00:00
SAB;2026-08-06;44.35;44.4;43.7;43.7;580800;2026-09-04 08:48:53.075000+00:00
SAB;2026-08-07;43.7;45.3;43.7;44.75;782500;2026-09-04 08:48:53.075000+00:00
SAB;2026-08-10;45.1;46.55;44.85;46.5;2429700;2026-09-04 08:48:53.075000+00:00
SAB;2026-08-11;46.05;46.35;45.65;45.65;549400;2026-09-04 08:48:53.075000+00:00
SAB;2026-08-12;45.9;46.35;45.35;46.3;965700;2026-09-04 08:48:53.075000+00:00
SAB;2026-08-13;46.25;46.3;45.55;45.85;687300;2026-09-04 08:48:53.075000+00:00
SAB;2026-08-14;45.85;46.5;45.3;45.3;812400;2026-09-04 08:48:53.075000+00:00
SAB;2026-08-17;45.3;45.9;45.05;45.75;644800;2026-09-04 08:48:53.075000+00:00
SAB;2026-08-18;45.85;46.3;45.5;46.3;907600;2026-09-04 08:48:53.075000+00:00
SAB;2026-08-19;46.2;46.55;45.65;45.9;445500;2026-09-04 08:48:53.075000+00:00
SAB;2026-08-20;45.95;47.2;45.9;46.8;1646400;2026-09-04 08:48:53.075000+00:00
SAB;2026-08-21;47.0;47.0;46.4;46.8;646200;2026-09-04 08:48:53.075000+00:00
SAB;2026-08-24;46.9;46.9;45.65;46.1;1184800;2026-09-04 08:48:53.075000+00:00
SAB;2026-08-25;45.85;46.35;45.6;46.1;630400;2026-09-04 08:48:53.075000+00:00
SAB;2026-08-26;46.1;46.65;45.75;46.15;490300;2026-09-04 08:48:53.075000+00:00
SAB;2026-08-27;46.1;46.25;45.65;45.75;382500;2026-09-04 08:48:53.075000+00:00
SAB;2026-08-28;45.95;46.1;45.6;45.6;564100;2026-09-04 08:48:53.075000+00:00
SAB;2026-09-03;45.6;45.8;44.9;45.0;761300;2026-09-04 08:48:53.075000+00:00
SAB;2026-09-04;45.2;45.5;44.9;45.35;352900;2026-09-05 02:07:59.051000+00:00
SBT;2025-05-05;15.94;15.99;15.9;15.94;1311100;2026-09-04 09:15:01.652000+00:00
SBT;2025-05-06;15.9;15.9;15.61;15.85;2683800;2026-09-04 09:15:01.652000+00:00
SBT;2025-05-07;15.85;15.94;15.75;15.94;2053000;2026-09-04 09:15:01.652000+00:00
SBT;2025-05-08;15.94;16.46;15.9;16.37;2362900;2026-09-04 09:15:01.652000+00:00
SBT;2025-05-09;16.37;16.42;16.13;16.37;1411000;2026-09-04 09:15:01.652000+00:00
SBT;2025-05-12;16.37;16.37;16.13;16.32;1862500;2026-09-04 09:15:01.652000+00:00
SBT;2025-05-13;16.32;16.37;16.13;16.37;1671900;2026-09-04 09:15:01.652000+00:00
SBT;2025-05-14;16.37;16.42;16.18;16.42;2401200;2026-09-04 09:15:01.652000+00:00
SBT;2025-05-15;16.46;16.51;16.18;16.51;1460100;2026-09-04 09:15:01.652000+00:00
SBT;2025-05-16;16.56;16.56;16.32;16.51;1224800;2026-09-04 09:15:01.652000+00:00
SBT;2025-05-19;16.51;16.51;16.32;16.51;1271200;2026-09-04 09:15:01.652000+00:00
SBT;2025-05-20;16.56;16.6;16.37;16.51;2987300;2026-09-04 09:15:01.652000+00:00
SBT;2025-05-21;16.65;17.03;16.46;16.98;2517000;2026-09-04 09:15:01.652000+00:00
SBT;2025-05-22;17.03;17.03;16.7;16.84;1347300;2026-09-04 09:15:01.652000+00:00
SBT;2025-05-23;16.98;16.98;16.65;16.93;1287700;2026-09-04 09:15:01.652000+00:00
SBT;2025-05-26;16.98;16.98;16.65;16.98;1402700;2026-09-04 09:15:01.652000+00:00
SBT;2025-05-27;16.93;17.03;16.79;17.03;1929700;2026-09-04 09:15:01.652000+00:00
SBT;2025-05-28;17.03;17.17;16.79;17.08;1744800;2026-09-04 09:15:01.652000+00:00
SBT;2025-05-29;17.08;17.12;16.93;17.12;1458200;2026-09-04 09:15:01.652000+00:00
SBT;2025-05-30;17.17;17.17;16.98;17.17;1666800;2026-09-04 09:15:01.652000+00:00
SBT;2025-06-02;17.17;17.31;16.98;17.22;1260800;2026-09-04 09:15:01.652000+00:00
SBT;2025-06-03;17.26;17.36;17.17;17.36;1520900;2026-09-04 09:15:01.652000+00:00
SBT;2025-06-04;17.45;17.45;17.22;17.36;1134600;2026-09-04 09:15:01.652000+00:00
SBT;2025-06-05;17.36;17.45;17.22;17.45;1381400;2026-09-04 09:15:01.652000+00:00
SBT;2025-06-06;17.5;17.5;17.31;17.45;915700;2026-09-04 09:15:01.652000+00:00
SBT;2025-06-09;17.45;17.45;17.26;17.45;1160600;2026-09-04 09:15:01.652000+00:00
SBT;2025-06-10;17.45;17.59;17.31;17.59;1468300;2026-09-04 09:15:01.652000+00:00
SBT;2025-06-11;17.59;17.64;17.5;17.64;1162400;2026-09-04 09:15:01.652000+00:00
SBT;2025-06-12;17.64;17.88;17.59;17.88;1348400;2026-09-04 09:15:01.652000+00:00
SBT;2025-06-13;17.83;17.88;17.55;17.83;1165900;2026-09-04 09:15:01.652000+00:00
SBT;2025-06-16;17.78;17.92;17.74;17.92;1232100;2026-09-04 09:15:01.652000+00:00
SBT;2025-06-17;17.92;17.97;17.74;17.92;1757200;2026-09-04 09:15:01.652000+00:00
SBT;2025-06-18;17.97;18.07;17.83;17.92;1379700;2026-09-04 09:15:01.652000+00:00
SBT;2025-06-19;17.92;18.02;17.74;18.02;1238300;2026-09-04 09:15:01.652000+00:00
SBT;2025-06-20;18.02;18.07;17.92;17.92;1525500;2026-09-04 09:15:01.652000+00:00
SBT;2025-06-23;17.74;18.07;17.69;18.02;1262400;2026-09-04 09:15:01.652000+00:00
SBT;2025-06-24;18.07;18.07;17.88;18.02;1317400;2026-09-04 09:15:01.652000+00:00
SBT;2025-06-25;18.02;18.11;17.88;18.02;1142500;2026-09-04 09:15:01.652000+00:00
SBT;2025-06-26;18.02;18.07;17.83;18.07;1508400;2026-09-04 09:15:01.652000+00:00
SBT;2025-06-27;18.02;18.3;17.83;18.3;2063000;2026-09-04 09:15:01.652000+00:00
SBT;2025-06-30;18.25;18.63;18.11;18.63;2016600;2026-09-04 09:15:01.652000+00:00
SBT;2025-07-01;18.63;18.73;18.44;18.58;1160200;2026-09-04 09:15:01.652000+00:00
SBT;2025-07-02;18.54;18.68;18.49;18.68;1151100;2026-09-04 09:15:01.652000+00:00
SBT;2025-07-03;18.68;18.77;18.58;18.63;1064500;2026-09-04 09:15:01.652000+00:00
SBT;2025-07-04;18.68;18.73;18.49;18.63;1140600;2026-09-04 09:15:01.652000+00:00
SBT;2025-07-07;18.63;18.68;18.49;18.68;1235900;2026-09-04 09:15:01.652000+00:00
SBT;2025-07-08;18.68;18.73;18.49;18.68;1186000;2026-09-04 09:15:01.652000+00:00
SBT;2025-07-09;18.73;18.87;18.58;18.87;1594800;2026-09-04 09:15:01.652000+00:00
SBT;2025-07-10;18.68;18.92;18.58;18.92;1409300;2026-09-04 09:15:01.652000+00:00
SBT;2025-07-11;18.92;19.01;18.77;18.96;1501000;2026-09-04 09:15:01.652000+00:00
SBT;2025-07-14;18.96;19.06;18.82;19.01;1153000;2026-09-04 09:15:01.652000+00:00
SBT;2025-07-15;19.01;19.06;18.82;19.06;1425700;2026-09-04 09:15:01.652000+00:00
SBT;2025-07-16;19.06;19.1;18.87;19.1;1171000;2026-09-04 09:15:01.652000+00:00
SBT;2025-07-17;19.1;19.2;18.87;19.2;1722200;2026-09-04 09:15:01.652000+00:00
SBT;2025-07-18;19.25;20.52;19.25;20.47;1972700;2026-09-04 09:15:01.652000+00:00
SBT;2025-07-21;20.47;20.61;20.28;20.47;1328900;2026-09-04 09:15:01.652000+00:00
SBT;2025-07-22;20.47;20.57;20.28;20.57;1213600;2026-09-04 09:15:01.652000+00:00
SBT;2025-07-23;20.61;21.23;20.61;21.23;2287200;2026-09-04 09:15:01.652000+00:00
SBT;2025-07-24;21.27;21.79;21.27;21.75;2282600;2026-09-04 09:15:01.652000+00:00
SBT;2025-07-25;21.75;22.08;21.56;22.08;2476600;2026-09-04 09:15:01.652000+00:00
SBT;2025-07-28;22.12;23.54;22.12;23.54;3282100;2026-09-04 09:15:01.652000+00:00
SBT;2025-07-29;23.58;23.82;22.88;23.11;2692300;2026-09-04 09:15:01.652000+00:00
SBT;2025-07-30;23.11;23.4;22.78;23.4;1616800;2026-09-04 09:15:01.652000+00:00
SBT;2025-07-31;23.4;23.44;22.59;22.83;3261500;2026-09-04 09:15:01.652000+00:00
SBT;2025-08-01;22.69;22.83;21.7;22.36;2369900;2026-09-04 09:15:01.652000+00:00
SBT;2025-08-04;22.31;22.64;22.17;22.64;1347400;2026-09-04 09:15:01.652000+00:00
SBT;2025-08-05;22.64;23.02;22.5;22.83;2534500;2026-09-04 09:15:01.652000+00:00
SBT;2025-08-06;22.83;22.97;22.64;22.78;1331700;2026-09-04 09:15:01.652000+00:00
SBT;2025-08-07;22.78;22.97;22.64;22.97;2724400;2026-09-04 09:15:01.652000+00:00
SBT;2025-08-08;22.97;23.63;22.92;23.54;1574500;2026-09-04 09:15:01.652000+00:00
SBT;2025-08-11;23.54;23.58;23.3;23.58;1258200;2026-09-04 09:15:01.652000+00:00
SBT;2025-08-12;23.58;23.58;23.35;23.58;1152700;2026-09-04 09:15:01.652000+00:00
SBT;2025-08-13;23.54;23.58;23.07;23.49;1638500;2026-09-04 09:15:01.652000+00:00
SBT;2025-08-14;23.49;23.58;23.35;23.54;1144300;2026-09-04 09:15:01.652000+00:00
SBT;2025-08-15;23.54;23.58;23.25;23.54;1383200;2026-09-04 09:15:01.652000+00:00
SBT;2025-08-18;23.54;23.54;23.25;23.44;1159900;2026-09-04 09:15:01.652000+00:00
SBT;2025-08-19;23.44;23.49;23.21;23.49;1834800;2026-09-04 09:15:01.652000+00:00
SBT;2025-08-20;23.49;23.49;23.16;23.35;1092900;2026-09-04 09:15:01.652000+00:00
SBT;2025-08-21;23.35;23.58;23.21;23.35;1137300;2026-09-04 09:15:01.652000+00:00
SBT;2025-08-22;23.35;23.35;23.07;23.07;1407800;2026-09-04 09:15:01.652000+00:00
SBT;2025-08-25;23.3;23.3;22.83;23.11;1009700;2026-09-04 09:15:01.652000+00:00
SBT;2025-08-26;23.11;23.3;22.64;23.21;1112500;2026-09-04 09:15:01.652000+00:00
SBT;2025-08-27;23.21;23.3;23.02;23.21;1359400;2026-09-04 09:15:01.652000+00:00
SBT;2025-08-28;23.21;23.21;22.64;22.64;1972200;2026-09-04 09:15:01.652000+00:00
SBT;2025-08-29;22.74;23.11;22.5;23.11;2114700;2026-09-04 09:15:01.652000+00:00
SBT;2025-09-03;23.07;23.16;22.92;23.16;1052700;2026-09-04 09:15:01.652000+00:00
SBT;2025-09-04;23.16;23.21;23.02;23.16;1145500;2026-09-04 09:15:01.652000+00:00
SBT;2025-09-05;23.16;23.21;23.11;23.11;1042600;2026-09-04 09:15:01.652000+00:00
SBT;2025-09-08;23.02;23.02;22.78;22.88;1392800;2026-09-04 09:15:01.652000+00:00
SBT;2025-09-09;22.88;22.92;22.74;22.88;1313700;2026-09-04 09:15:01.652000+00:00
SBT;2025-09-10;22.83;22.88;22.69;22.83;1096200;2026-09-04 09:15:01.652000+00:00
SBT;2025-09-11;22.83;22.83;22.64;22.78;891000;2026-09-04 09:15:01.652000+00:00
SBT;2025-09-12;22.78;22.83;22.5;22.78;975600;2026-09-04 09:15:01.652000+00:00
SBT;2025-09-15;22.78;22.78;22.59;22.78;940200;2026-09-04 09:15:01.652000+00:00
SBT;2025-09-16;22.78;22.83;22.59;22.78;908800;2026-09-04 09:15:01.652000+00:00
SBT;2025-09-17;22.78;22.78;22.64;22.74;951200;2026-09-04 09:15:01.652000+00:00
SBT;2025-09-18;22.74;22.78;22.55;22.64;635100;2026-09-04 09:15:01.652000+00:00
SBT;2025-09-19;22.74;22.74;22.55;22.59;1271600;2026-09-04 09:15:01.652000+00:00
SBT;2025-09-22;22.59;22.64;22.45;22.59;644600;2026-09-04 09:15:01.652000+00:00
SBT;2025-09-23;22.59;22.88;22.5;22.64;768300;2026-09-04 09:15:01.652000+00:00
SBT;2025-09-24;22.64;22.69;22.45;22.69;994200;2026-09-04 09:15:01.652000+00:00
SBT;2025-09-25;22.69;22.74;22.5;22.74;931900;2026-09-04 09:15:01.652000+00:00
SBT;2025-09-26;22.74;22.78;22.45;22.74;949900;2026-09-04 09:15:01.652000+00:00
SBT;2025-09-29;22.74;22.74;22.45;22.74;920200;2026-09-04 09:15:01.652000+00:00
SBT;2025-09-30;22.74;22.74;22.55;22.74;978000;2026-09-04 09:15:01.652000+00:00
SBT;2025-10-01;22.74;22.74;22.5;22.74;868800;2026-09-04 09:15:01.652000+00:00
SBT;2025-10-02;22.74;22.74;22.5;22.64;743400;2026-09-04 09:15:01.652000+00:00
SBT;2025-10-03;22.64;22.64;22.45;22.64;812100;2026-09-04 09:15:01.652000+00:00
SBT;2025-10-06;22.64;22.74;22.59;22.74;907100;2026-09-04 09:15:01.652000+00:00
SBT;2025-10-07;22.74;22.78;22.59;22.78;781700;2026-09-04 09:15:01.652000+00:00
SBT;2025-10-08;22.78;23.02;22.74;23.02;1176100;2026-09-04 09:15:01.652000+00:00
SBT;2025-10-09;23.02;23.58;22.97;23.58;1256600;2026-09-04 09:15:01.652000+00:00
SBT;2025-10-10;23.63;25.24;23.63;25.24;2006800;2026-09-04 09:15:01.652000+00:00
SBT;2025-10-13;25.42;26.04;25.09;25.38;806300;2026-09-04 09:15:01.652000+00:00
SBT;2025-10-14;25.38;25.42;24.91;25.19;988300;2026-09-04 09:15:01.652000+00:00
SBT;2025-10-15;25.19;25.19;24.15;24.53;1115500;2026-09-04 09:15:01.652000+00:00
SBT;2025-10-16;24.53;24.58;23.87;24.06;797500;2026-09-04 09:15:01.652000+00:00
SBT;2025-10-17;24.06;24.1;23.63;23.96;1293600;2026-09-04 09:15:01.652000+00:00
SBT;2025-10-20;23.96;24.06;23.58;23.58;929900;2026-09-04 09:15:01.652000+00:00
SBT;2025-10-21;23.58;23.68;22.64;23.63;902900;2026-09-04 09:15:01.652000+00:00
SBT;2025-10-22;23.63;23.87;23.44;23.87;809500;2026-09-04 09:15:01.652000+00:00
SBT;2025-10-23;23.87;24.34;23.87;24.1;768100;2026-09-04 09:15:01.652000+00:00
SBT;2025-10-24;24.1;24.1;23.68;24.1;819600;2026-09-04 09:15:01.652000+00:00
SBT;2025-10-27;24.1;24.15;23.77;23.96;666900;2026-09-04 09:15:01.652000+00:00
SBT;2025-10-28;23.96;23.96;23.58;23.77;796200;2026-09-04 09:15:01.652000+00:00
SBT;2025-10-29;23.77;23.96;23.58;23.96;711000;2026-09-04 09:15:01.652000+00:00
SBT;2025-10-30;23.96;24.01;23.73;23.96;826000;2026-09-04 09:15:01.652000+00:00
SBT;2025-10-31;23.96;23.96;23.77;23.92;861000;2026-09-04 09:15:01.652000+00:00
SBT;2025-11-03;23.92;23.96;23.73;23.92;837300;2026-09-04 09:15:01.652000+00:00
SBT;2025-11-04;23.92;24.01;23.68;24.01;935000;2026-09-04 09:15:01.652000+00:00
SBT;2025-11-05;23.96;24.1;23.68;24.01;875200;2026-09-04 09:15:01.652000+00:00
SBT;2025-11-06;24.01;24.01;23.68;23.87;588900;2026-09-04 09:15:01.652000+00:00
SBT;2025-11-07;23.87;23.87;23.58;23.77;718300;2026-09-04 09:15:01.652000+00:00
SBT;2025-11-10;23.77;23.77;23.54;23.68;730700;2026-09-04 09:15:01.652000+00:00
SBT;2025-11-11;23.68;23.77;23.58;23.68;839400;2026-09-04 09:15:01.652000+00:00
SBT;2025-11-12;23.68;23.82;23.58;23.82;902500;2026-09-04 09:15:01.652000+00:00
SBT;2025-11-13;23.82;23.82;23.63;23.82;658400;2026-09-04 09:15:01.652000+00:00
SBT;2025-11-14;23.77;23.82;23.63;23.82;814000;2026-09-04 09:15:01.652000+00:00
SBT;2025-11-17;23.82;23.96;23.82;23.92;815000;2026-09-04 09:15:01.652000+00:00
SBT;2025-11-18;23.87;23.96;23.73;23.96;834900;2026-09-04 09:15:01.652000+00:00
SBT;2025-11-19;23.96;24.01;23.73;23.92;824900;2026-09-04 09:15:01.652000+00:00
SBT;2025-11-20;23.92;23.92;23.73;23.87;647800;2026-09-04 09:15:01.652000+00:00
SBT;2025-11-21;23.87;23.92;23.68;23.87;717100;2026-09-04 09:15:01.652000+00:00
SBT;2025-11-24;23.87;23.87;23.68;23.82;814400;2026-09-04 09:15:01.652000+00:00
SBT;2025-11-25;23.82;23.82;23.58;23.73;808300;2026-09-04 09:15:01.652000+00:00
SBT;2025-11-26;23.73;23.82;23.68;23.82;811400;2026-09-04 09:15:01.652000+00:00
SBT;2025-11-27;23.82;23.82;23.58;23.68;799700;2026-09-04 09:15:01.652000+00:00
SBT;2025-11-28;23.58;23.58;22.69;23.58;794100;2026-09-04 09:15:01.652000+00:00
SBT;2025-12-01;23.58;23.58;23.25;23.49;823300;2026-09-04 09:15:01.652000+00:00
SBT;2025-12-02;23.44;23.49;23.35;23.49;851700;2026-09-04 09:15:01.652000+00:00
SBT;2025-12-03;23.49;23.58;23.4;23.58;806000;2026-09-04 09:15:01.652000+00:00
SBT;2025-12-04;23.58;23.63;23.44;23.58;676600;2026-09-04 09:15:01.652000+00:00
SBT;2025-12-05;23.58;23.77;23.35;23.77;890300;2026-09-04 09:15:01.652000+00:00
SBT;2025-12-08;23.77;23.77;23.49;23.58;645900;2026-09-04 09:15:01.652000+00:00
SBT;2025-12-09;23.58;23.58;23.3;23.44;524900;2026-09-04 09:15:01.652000+00:00
SBT;2025-12-10;23.44;23.44;23.16;23.35;552300;2026-09-04 09:15:01.652000+00:00
SBT;2025-12-11;23.02;23.25;22.97;23.16;665500;2026-09-04 09:15:01.652000+00:00
SBT;2025-12-12;23.16;23.21;22.78;23.02;580200;2026-09-04 09:15:01.652000+00:00
SBT;2025-12-15;23.02;23.02;22.83;22.97;600600;2026-09-04 09:15:01.652000+00:00
SBT;2025-12-16;22.88;23.25;22.69;23.25;807200;2026-09-04 09:15:01.652000+00:00
SBT;2025-12-17;23.11;23.21;22.88;23.21;573800;2026-09-04 09:15:01.652000+00:00
SBT;2025-12-18;23.21;23.21;22.97;23.21;511700;2026-09-04 09:15:01.652000+00:00
SBT;2025-12-19;23.11;23.35;22.88;23.35;847700;2026-09-04 09:15:01.652000+00:00
SBT;2025-12-22;23.35;23.35;23.02;23.35;735600;2026-09-04 09:15:01.652000+00:00
SBT;2025-12-23;23.35;23.35;22.92;22.92;572500;2026-09-04 09:15:01.652000+00:00
SBT;2025-12-24;22.92;23.02;22.74;23.02;503100;2026-09-04 09:15:01.652000+00:00
SBT;2025-12-25;23.02;23.02;22.83;22.92;539500;2026-09-04 09:15:01.652000+00:00
SBT;2025-12-26;22.92;22.92;21.75;22.83;510600;2026-09-04 09:15:01.652000+00:00
SBT;2025-12-29;22.83;23.07;22.78;23.07;872400;2026-09-04 09:15:01.652000+00:00
SBT;2025-12-30;23.07;23.3;23.07;23.11;665400;2026-09-04 09:15:01.652000+00:00
SBT;2025-12-31;23.11;23.73;23.07;23.68;1172400;2026-09-04 09:15:01.652000+00:00
SBT;2026-01-05;23.68;23.68;23.3;23.49;593900;2026-09-04 09:15:01.652000+00:00
SBT;2026-01-06;23.4;23.4;23.11;23.11;783400;2026-09-04 09:15:01.652000+00:00
SBT;2026-01-07;23.07;23.11;22.74;23.11;673800;2026-09-04 09:15:01.652000+00:00
SBT;2026-01-08;23.07;23.11;22.64;23.11;618000;2026-09-04 09:15:01.652000+00:00
SBT;2026-01-09;23.07;23.11;22.97;23.02;643300;2026-09-04 09:15:01.652000+00:00
SBT;2026-01-12;23.02;23.07;22.92;22.97;568800;2026-09-04 09:15:01.652000+00:00
SBT;2026-01-13;22.97;23.02;22.64;22.64;675100;2026-09-04 09:15:01.652000+00:00
SBT;2026-01-14;22.64;22.97;22.59;22.88;829700;2026-09-04 09:15:01.652000+00:00
SBT;2026-01-15;22.88;22.92;22.69;22.88;820400;2026-09-04 09:15:01.652000+00:00
SBT;2026-01-16;22.88;22.97;22.78;22.92;504200;2026-09-04 09:15:01.652000+00:00
SBT;2026-01-19;22.92;23.07;22.83;22.92;550400;2026-09-04 09:15:01.652000+00:00
SBT;2026-01-20;22.92;23.02;22.88;22.97;532900;2026-09-04 09:15:01.652000+00:00
SBT;2026-01-21;22.97;22.97;22.64;22.64;511900;2026-09-04 09:15:01.652000+00:00
SBT;2026-01-22;22.64;22.83;22.64;22.64;599200;2026-09-04 09:15:01.652000+00:00
SBT;2026-01-23;22.64;22.83;22.59;22.69;484600;2026-09-04 09:15:01.652000+00:00
SBT;2026-01-26;22.69;22.69;22.5;22.64;368100;2026-09-04 09:15:01.652000+00:00
SBT;2026-01-27;22.64;22.69;22.45;22.69;501300;2026-09-04 09:15:01.652000+00:00
SBT;2026-01-28;22.69;22.74;22.55;22.64;446700;2026-09-04 09:15:01.652000+00:00
SBT;2026-01-29;22.64;22.69;22.22;22.64;600400;2026-09-04 09:15:01.652000+00:00
SBT;2026-01-30;22.64;22.69;21.75;22.55;721700;2026-09-04 09:15:01.652000+00:00
SBT;2026-02-02;22.55;22.55;22.31;22.55;474800;2026-09-04 09:15:01.652000+00:00
SBT;2026-02-03;22.55;22.64;22.41;22.55;580200;2026-09-04 09:15:01.652000+00:00
SBT;2026-02-04;22.55;22.59;22.36;22.55;432000;2026-09-04 09:15:01.652000+00:00
SBT;2026-02-05;22.55;22.55;22.36;22.55;393300;2026-09-04 09:15:01.652000+00:00
SBT;2026-02-06;22.55;22.55;22.26;22.45;398700;2026-09-04 09:15:01.652000+00:00
SBT;2026-02-09;22.45;22.45;22.31;22.36;430400;2026-09-04 09:15:01.652000+00:00
SBT;2026-02-10;22.36;22.36;22.22;22.26;458000;2026-09-04 09:15:01.652000+00:00
SBT;2026-02-11;22.26;22.31;21.98;22.26;578900;2026-09-04 09:15:01.652000+00:00
SBT;2026-02-12;22.22;22.31;22.08;22.31;587300;2026-09-04 09:15:01.652000+00:00
SBT;2026-02-13;22.31;22.55;22.22;22.55;472000;2026-09-04 09:15:01.652000+00:00
SBT;2026-02-23;22.55;22.74;22.5;22.74;603600;2026-09-04 09:15:01.652000+00:00
SBT;2026-02-24;22.74;22.78;22.59;22.78;636500;2026-09-04 09:15:01.652000+00:00
SBT;2026-02-25;22.78;22.83;22.64;22.83;496700;2026-09-04 09:15:01.652000+00:00
SBT;2026-02-26;22.83;22.83;22.64;22.83;551200;2026-09-04 09:15:01.652000+00:00
SBT;2026-02-27;22.83;22.83;22.64;22.74;365300;2026-09-04 09:15:01.652000+00:00
SBT;2026-03-02;22.64;22.74;22.5;22.74;502800;2026-09-04 09:15:01.652000+00:00
SBT;2026-03-03;22.74;22.74;22.55;22.74;421400;2026-09-04 09:15:01.652000+00:00
SBT;2026-03-04;22.74;22.74;22.26;22.55;579300;2026-09-04 09:15:01.652000+00:00
SBT;2026-03-05;22.17;22.55;22.17;22.5;707800;2026-09-04 09:15:01.652000+00:00
SBT;2026-03-06;22.17;22.41;21.7;21.7;729800;2026-09-04 09:15:01.652000+00:00
SBT;2026-03-09;21.65;21.65;20.66;21.23;329600;2026-09-04 09:15:01.652000+00:00
SBT;2026-03-10;21.23;21.32;21.13;21.27;513800;2026-09-04 09:15:01.652000+00:00
SBT;2026-03-11;21.27;21.7;21.13;21.7;706400;2026-09-04 09:15:01.652000+00:00
SBT;2026-03-12;21.65;21.65;21.37;21.56;401100;2026-09-04 09:15:01.652000+00:00
SBT;2026-03-13;21.56;21.56;21.13;21.23;480800;2026-09-04 09:15:01.652000+00:00
SBT;2026-03-16;21.23;21.23;20.99;21.04;506000;2026-09-04 09:15:01.652000+00:00
SBT;2026-03-17;21.04;21.08;20.9;21.08;603800;2026-09-04 09:15:01.652000+00:00
SBT;2026-03-18;20.94;20.99;20.75;20.75;457800;2026-09-04 09:15:01.652000+00:00
SBT;2026-03-19;20.71;20.71;20.0;20.0;597700;2026-09-04 09:15:01.652000+00:00
SBT;2026-03-20;19.81;19.95;19.34;19.43;1256900;2026-09-04 09:15:01.652000+00:00
SBT;2026-03-23;19.43;19.81;19.15;19.81;567100;2026-09-04 09:15:01.652000+00:00
SBT;2026-03-24;19.81;19.86;19.58;19.86;554700;2026-09-04 09:15:01.652000+00:00
SBT;2026-03-25;19.86;20.42;19.76;20.42;547600;2026-09-04 09:15:01.652000+00:00
SBT;2026-03-26;20.42;20.47;20.24;20.47;409100;2026-09-04 09:15:01.652000+00:00
SBT;2026-03-27;20.47;21.51;20.24;21.51;742900;2026-09-04 09:15:01.652000+00:00
SBT;2026-03-30;21.51;21.51;21.13;21.51;781200;2026-09-04 09:15:01.652000+00:00
SBT;2026-03-31;21.51;21.51;21.23;21.42;691800;2026-09-04 09:15:01.652000+00:00
SBT;2026-04-01;21.42;21.46;21.04;21.04;674000;2026-09-04 09:15:01.652000+00:00
SBT;2026-04-02;21.04;21.04;20.75;20.75;485800;2026-09-04 09:15:01.652000+00:00
SBT;2026-04-03;20.75;20.94;20.52;20.66;340000;2026-09-04 09:15:01.652000+00:00
SBT;2026-04-06;20.66;20.66;20.38;20.57;450000;2026-09-04 09:15:01.652000+00:00
SBT;2026-04-07;20.52;20.61;20.42;20.61;442800;2026-09-04 09:15:01.652000+00:00
SBT;2026-04-08;20.61;20.71;20.47;20.71;492500;2026-09-04 09:15:01.652000+00:00
SBT;2026-04-09;20.66;20.71;20.47;20.57;430600;2026-09-04 09:15:01.652000+00:00
SBT;2026-04-10;20.57;20.61;20.42;20.61;418300;2026-09-04 09:15:01.652000+00:00
SBT;2026-04-13;20.61;20.61;20.42;20.61;455200;2026-09-04 09:15:01.652000+00:00
SBT;2026-04-14;20.61;20.66;20.42;20.66;441800;2026-09-04 09:15:01.652000+00:00
SBT;2026-04-15;20.66;20.66;20.42;20.66;414700;2026-09-04 09:15:01.652000+00:00
SBT;2026-04-16;20.66;20.66;20.42;20.66;513800;2026-09-04 09:15:01.652000+00:00
SBT;2026-04-17;20.65;20.65;20.45;20.65;439700;2026-09-04 09:15:01.652000+00:00
SBT;2026-04-20;20.65;20.65;20.45;20.6;447400;2026-09-04 09:15:01.652000+00:00
SBT;2026-04-21;20.55;20.6;20.05;20.55;652900;2026-09-04 09:15:01.652000+00:00
SBT;2026-04-22;20.55;20.55;20.15;20.5;515400;2026-09-04 09:15:01.652000+00:00
SBT;2026-04-23;20.5;20.5;20.35;20.5;392100;2026-09-04 09:15:01.652000+00:00
SBT;2026-04-24;20.45;20.5;20.3;20.5;446800;2026-09-04 09:15:01.652000+00:00
SBT;2026-04-28;20.5;20.5;20.35;20.5;462200;2026-09-04 09:15:01.652000+00:00
SBT;2026-04-29;20.5;20.5;20.35;20.35;446700;2026-09-04 09:15:01.652000+00:00
SBT;2026-05-04;20.35;20.45;20.25;20.4;425700;2026-09-04 09:15:01.652000+00:00
SBT;2026-05-05;20.4;20.4;20.25;20.4;511900;2026-09-04 09:15:01.652000+00:00
SBT;2026-05-06;20.4;20.4;20.1;20.4;445700;2026-09-04 09:15:01.652000+00:00
SBT;2026-05-07;20.4;20.4;20.25;20.4;442300;2026-09-04 09:15:01.652000+00:00
SBT;2026-05-08;20.4;20.4;20.25;20.4;358000;2026-09-04 09:15:01.652000+00:00
SBT;2026-05-11;20.4;20.4;20.3;20.4;524200;2026-09-04 09:15:01.652000+00:00
SBT;2026-05-12;20.4;20.4;20.2;20.2;579700;2026-09-04 09:15:01.652000+00:00
SBT;2026-05-13;20.2;20.2;20.05;20.2;374400;2026-09-04 09:15:01.652000+00:00
SBT;2026-05-14;20.2;20.2;20.1;20.2;458100;2026-09-04 09:15:01.652000+00:00
SBT;2026-05-15;20.2;20.2;20.1;20.2;490400;2026-09-04 09:15:01.652000+00:00
SBT;2026-05-18;20.2;20.55;20.05;20.55;592600;2026-09-04 09:15:01.652000+00:00
SBT;2026-05-19;20.55;21.45;20.55;21.3;932700;2026-09-04 09:15:01.652000+00:00
SBT;2026-05-20;21.3;21.9;21.3;21.8;781800;2026-09-04 09:15:01.652000+00:00
SBT;2026-05-21;21.8;21.85;21.4;21.6;622500;2026-09-04 09:15:01.652000+00:00
SBT;2026-05-22;21.6;21.6;21.0;21.15;510600;2026-09-04 09:15:01.652000+00:00
SBT;2026-05-25;21.15;21.15;20.8;20.95;620300;2026-09-04 09:15:01.652000+00:00
SBT;2026-05-26;20.95;21.0;20.65;21.0;541000;2026-09-04 09:15:01.652000+00:00
SBT;2026-05-27;21.0;21.0;20.8;20.95;546600;2026-09-04 09:15:01.652000+00:00
SBT;2026-05-28;20.95;20.95;20.55;20.75;448300;2026-09-04 09:15:01.652000+00:00
SBT;2026-05-29;20.75;20.75;19.7;20.35;1426000;2026-09-04 09:15:01.652000+00:00
SBT;2026-06-01;20.35;20.35;20.0;20.3;705900;2026-09-04 09:15:01.652000+00:00
SBT;2026-06-02;20.3;20.4;20.1;20.1;472100;2026-09-04 09:15:01.652000+00:00
SBT;2026-06-03;20.05;20.2;19.7;20.2;607700;2026-09-04 09:15:01.652000+00:00
SBT;2026-06-04;20.2;20.2;19.8;20.2;452100;2026-09-04 09:15:01.652000+00:00
SBT;2026-06-05;20.2;20.3;20.05;20.3;502200;2026-09-04 09:15:01.652000+00:00
SBT;2026-06-08;20.25;20.3;20.05;20.3;492300;2026-09-04 09:15:01.652000+00:00
SBT;2026-06-09;20.15;20.5;20.15;20.5;472000;2026-09-04 09:15:01.652000+00:00
SBT;2026-06-10;20.5;21.2;20.35;21.2;778100;2026-09-04 09:15:01.652000+00:00
SBT;2026-06-11;21.15;21.9;20.9;21.9;946400;2026-09-04 09:15:01.652000+00:00
SBT;2026-06-12;21.9;22.0;21.55;21.55;592900;2026-09-04 09:15:01.652000+00:00
SBT;2026-06-15;21.55;21.8;21.45;21.75;604100;2026-09-04 09:15:01.652000+00:00
SBT;2026-06-16;21.75;21.9;21.6;21.75;575600;2026-09-04 09:15:01.652000+00:00
SBT;2026-06-17;21.75;21.9;21.45;21.75;432400;2026-09-04 09:15:01.652000+00:00
SBT;2026-06-18;21.5;21.7;21.1;21.3;742600;2026-09-04 09:15:01.652000+00:00
SBT;2026-06-19;21.3;21.55;21.0;21.55;668400;2026-09-04 09:15:01.652000+00:00
SBT;2026-06-22;21.55;21.6;21.15;21.6;523000;2026-09-04 09:15:01.652000+00:00
SBT;2026-06-23;21.6;21.6;20.65;21.45;656300;2026-09-04 09:15:01.652000+00:00
SBT;2026-06-24;21.1;21.45;21.1;21.45;458800;2026-09-04 09:15:01.652000+00:00
SBT;2026-06-25;21.45;21.45;21.2;21.4;408900;2026-09-04 09:15:01.652000+00:00
SBT;2026-06-26;21.2;21.35;21.15;21.3;421000;2026-09-04 09:15:01.652000+00:00
SBT;2026-06-29;21.3;21.3;21.1;21.3;406100;2026-09-04 09:15:01.652000+00:00
SBT;2026-06-30;21.3;21.3;21.15;21.25;478300;2026-09-04 09:15:01.652000+00:00
SBT;2026-07-01;21.25;21.25;21.05;21.25;519400;2026-09-04 09:15:01.652000+00:00
SBT;2026-07-02;21.25;21.3;20.85;20.85;507400;2026-09-04 09:15:01.652000+00:00
SBT;2026-07-03;20.85;21.25;20.8;21.25;567800;2026-09-04 09:15:01.652000+00:00
SBT;2026-07-06;21.25;21.3;21.1;21.25;515300;2026-09-04 09:15:01.652000+00:00
SBT;2026-07-07;21.2;21.2;21.0;21.2;550500;2026-09-04 09:15:01.652000+00:00
SBT;2026-07-08;21.2;21.25;21.05;21.25;552500;2026-09-04 09:15:01.652000+00:00
SBT;2026-07-09;21.25;21.25;21.0;21.25;546400;2026-09-04 09:15:01.652000+00:00
SBT;2026-07-10;21.25;21.3;21.1;21.3;472200;2026-09-04 09:15:01.652000+00:00
SBT;2026-07-13;21.3;21.3;21.1;21.25;536700;2026-09-04 09:15:01.652000+00:00
SBT;2026-07-14;21.25;21.3;20.9;20.9;627900;2026-09-04 09:15:01.652000+00:00
SBT;2026-07-15;20.9;21.2;20.8;21.0;874300;2026-09-04 09:15:01.652000+00:00
SBT;2026-07-16;21.0;21.15;20.9;21.05;802800;2026-09-04 09:15:01.652000+00:00
SBT;2026-07-17;21.05;21.15;20.9;20.9;694400;2026-09-04 09:15:01.652000+00:00
SBT;2026-07-20;20.9;20.9;20.65;20.85;691700;2026-09-04 09:15:01.652000+00:00
SBT;2026-07-21;20.85;20.85;20.6;20.85;861700;2026-09-04 09:15:01.652000+00:00
SBT;2026-07-22;20.85;20.85;20.6;20.85;408200;2026-09-04 09:15:01.652000+00:00
SBT;2026-07-23;20.8;20.85;20.6;20.75;688400;2026-09-04 09:15:01.652000+00:00
SBT;2026-07-24;20.75;20.75;20.5;20.75;459400;2026-09-04 09:15:01.652000+00:00
SBT;2026-07-27;20.75;20.75;20.45;20.7;568500;2026-09-04 09:15:01.652000+00:00
SBT;2026-07-28;20.65;20.7;20.45;20.7;486500;2026-09-04 09:15:01.652000+00:00
SBT;2026-07-29;20.7;20.7;20.55;20.7;573900;2026-09-04 09:15:01.652000+00:00
SBT;2026-07-30;20.7;21.4;20.6;21.3;818700;2026-09-04 09:15:01.652000+00:00
SBT;2026-07-31;21.3;21.3;21.15;21.25;401500;2026-09-04 09:15:01.652000+00:00
SBT;2026-08-03;21.25;21.35;21.0;21.3;644000;2026-09-04 09:15:01.652000+00:00
SBT;2026-08-04;21.3;21.35;21.15;21.3;539900;2026-09-04 09:15:01.652000+00:00
SBT;2026-08-05;21.3;21.4;20.65;20.65;605700;2026-09-04 08:48:51.289000+00:00
SBT;2026-08-06;20.65;20.95;20.5;20.95;496800;2026-09-04 08:48:51.289000+00:00
SBT;2026-08-07;20.95;21.1;20.8;21.0;407800;2026-09-04 08:48:51.289000+00:00
SBT;2026-08-10;21.0;21.25;20.8;21.25;651700;2026-09-04 08:48:51.289000+00:00
SBT;2026-08-11;21.25;21.35;21.1;21.3;467200;2026-09-04 08:48:51.289000+00:00
SBT;2026-08-12;21.3;21.6;20.9;21.6;569600;2026-09-04 08:48:51.289000+00:00
SBT;2026-08-13;21.6;23.0;21.6;23.0;1525400;2026-09-04 08:48:51.289000+00:00
SBT;2026-08-14;23.0;23.5;23.0;23.3;1053000;2026-09-04 08:48:51.289000+00:00
SBT;2026-08-17;23.3;23.4;22.85;23.35;1124000;2026-09-04 08:48:51.289000+00:00
SBT;2026-08-18;23.35;23.8;23.3;23.7;1237500;2026-09-04 08:48:51.289000+00:00
SBT;2026-08-19;23.7;23.8;23.35;23.8;1041100;2026-09-04 08:48:51.289000+00:00
SBT;2026-08-20;23.8;23.9;23.7;23.8;1568900;2026-09-04 08:48:51.289000+00:00
SBT;2026-08-21;23.8;24.0;23.7;23.8;1625000;2026-09-04 08:48:51.289000+00:00
SBT;2026-08-24;23.8;24.15;23.75;24.15;1290300;2026-09-04 08:48:51.289000+00:00
SBT;2026-08-25;24.15;24.15;23.55;23.55;1365200;2026-09-04 08:48:51.289000+00:00
SBT;2026-08-26;23.55;23.6;22.7;22.9;1233400;2026-09-04 08:48:51.289000+00:00
SBT;2026-08-27;22.9;22.9;22.45;22.75;1080700;2026-09-04 08:48:51.289000+00:00
SBT;2026-08-28;22.75;23.0;22.7;22.95;732800;2026-09-04 08:48:51.289000+00:00
SBT;2026-09-03;22.85;22.95;22.55;22.85;1082000;2026-09-04 08:48:51.289000+00:00
SBT;2026-09-04;22.85;23.0;22.7;23.0;1197500;2026-09-05 02:07:57.059000+00:00
VHC;2025-05-05;48.22;48.32;48.03;48.17;993300;2026-09-04 09:15:06.951000+00:00
VHC;2025-05-06;48.8;50.16;48.61;49.96;1621500;2026-09-04 09:15:06.951000+00:00
VHC;2025-05-07;49.96;50.06;49.0;50.06;949000;2026-09-04 09:15:06.951000+00:00
VHC;2025-05-08;50.35;50.93;49.77;49.96;885500;2026-09-04 09:15:06.951000+00:00
VHC;2025-05-09;50.25;50.74;48.8;49.96;1135300;2026-09-04 09:15:06.951000+00:00
VHC;2025-05-12;49.96;51.03;49.58;51.03;1190600;2026-09-04 09:15:06.951000+00:00
VHC;2025-05-13;52.18;53.44;51.8;53.25;2718500;2026-09-04 09:15:06.951000+00:00
VHC;2025-05-14;52.96;53.05;51.89;52.96;1478700;2026-09-04 09:15:06.951000+00:00
VHC;2025-05-15;53.15;53.15;51.51;52.09;1427000;2026-09-04 09:15:06.951000+00:00
VHC;2025-05-16;52.09;52.09;51.03;51.03;1444100;2026-09-04 09:15:06.951000+00:00
VHC;2025-05-19;50.54;51.51;50.35;50.45;918800;2026-09-04 09:15:06.951000+00:00
VHC;2025-05-20;50.25;53.54;50.25;52.57;2155600;2026-09-04 09:15:06.951000+00:00
VHC;2025-05-21;52.86;52.86;51.51;51.99;798400;2026-09-04 09:15:06.951000+00:00
VHC;2025-05-22;52.38;52.38;51.32;51.32;915100;2026-09-04 09:15:06.951000+00:00
VHC;2025-05-23;51.03;51.41;50.74;50.83;649800;2026-09-04 09:15:06.951000+00:00
VHC;2025-05-26;50.83;54.31;50.64;54.31;2501400;2026-09-04 09:15:06.951000+00:00
VHC;2025-05-27;57.5;57.5;56.05;56.44;2470100;2026-09-04 09:15:06.951000+00:00
VHC;2025-05-28;56.44;56.63;54.7;54.99;1754900;2026-09-04 09:15:06.951000+00:00
VHC;2025-05-29;56.44;56.44;55.28;55.76;1161600;2026-09-04 09:15:06.951000+00:00
VHC;2025-05-30;55.47;55.47;53.63;53.63;1933400;2026-09-04 09:15:06.951000+00:00
VHC;2025-06-02;53.63;53.83;52.67;53.83;1070300;2026-09-04 09:15:06.951000+00:00
VHC;2025-06-03;54.31;54.6;53.83;54.31;583000;2026-09-04 09:15:06.951000+00:00
VHC;2025-06-04;54.31;55.37;53.92;54.02;753600;2026-09-04 09:15:06.951000+00:00
VHC;2025-06-05;54.31;54.6;53.44;54.5;905900;2026-09-04 09:15:06.951000+00:00
VHC;2025-06-06;54.89;54.89;53.83;53.92;514700;2026-09-04 09:15:06.951000+00:00
VHC;2025-06-09;53.25;53.34;52.18;52.18;777800;2026-09-04 09:15:06.951000+00:00
VHC;2025-06-10;52.28;52.67;51.99;52.09;612800;2026-09-04 09:15:06.951000+00:00
VHC;2025-06-11;52.57;52.57;51.7;51.8;473400;2026-09-04 09:15:06.951000+00:00
VHC;2025-06-12;51.89;52.96;51.89;52.28;533100;2026-09-04 09:15:06.951000+00:00
VHC;2025-06-13;51.7;53.25;51.22;51.89;1352700;2026-09-04 09:15:06.951000+00:00
VHC;2025-06-16;51.89;52.96;51.89;52.76;664600;2026-09-04 09:15:06.951000+00:00
VHC;2025-06-17;52.86;52.96;52.09;52.38;807600;2026-09-04 09:15:06.951000+00:00
VHC;2025-06-18;52.38;53.44;52.18;52.67;885900;2026-09-04 09:15:06.951000+00:00
VHC;2025-06-19;52.86;52.86;51.89;52.18;554900;2026-09-04 09:15:06.951000+00:00
VHC;2025-06-20;52.18;55.76;51.89;55.66;2892600;2026-09-04 09:15:06.951000+00:00
VHC;2025-06-23;54.7;55.18;53.63;54.7;1795500;2026-09-04 09:15:06.951000+00:00
VHC;2025-06-24;55.66;56.05;54.6;54.79;1718000;2026-09-04 09:15:06.951000+00:00
VHC;2025-06-25;54.99;55.66;54.6;54.99;1349800;2026-09-04 09:15:06.951000+00:00
VHC;2025-06-26;55.08;56.92;54.6;56.53;2483200;2026-09-04 09:15:06.951000+00:00
VHC;2025-06-27;57.11;59.63;56.24;57.69;2244800;2026-09-04 09:15:06.951000+00:00
VHC;2025-06-30;58.27;59.72;57.6;57.69;1578800;2026-09-04 09:15:06.951000+00:00
VHC;2025-07-01;58.18;58.18;56.05;56.92;2112100;2026-09-04 09:15:06.951000+00:00
VHC;2025-07-02;57.11;59.63;56.73;58.76;2744200;2026-09-04 09:15:06.951000+00:00
VHC;2025-07-03;56.82;58.85;55.08;55.47;3745000;2026-09-04 09:15:06.951000+00:00
VHC;2025-07-04;55.57;56.53;55.47;55.86;1211500;2026-09-04 09:15:06.951000+00:00
VHC;2025-07-07;56.92;56.92;55.57;56.05;939600;2026-09-04 09:15:06.951000+00:00
VHC;2025-07-08;57.5;57.79;56.34;56.53;1564500;2026-09-04 09:15:06.951000+00:00
VHC;2025-07-09;57.02;57.6;56.73;57.6;2922900;2026-09-04 09:15:06.951000+00:00
VHC;2025-07-10;57.98;58.27;57.02;57.11;954300;2026-09-04 09:15:06.951000+00:00
VHC;2025-07-11;57.31;57.31;56.05;56.15;1595400;2026-09-04 09:15:06.951000+00:00
VHC;2025-07-14;56.44;56.53;55.47;55.76;948900;2026-09-04 09:15:06.951000+00:00
VHC;2025-07-15;55.95;56.63;55.66;55.76;1114900;2026-09-04 09:15:06.951000+00:00
VHC;2025-07-16;55.66;55.76;54.99;55.18;2026800;2026-09-04 09:15:06.951000+00:00
VHC;2025-07-17;55.57;56.24;55.37;55.66;1149700;2026-09-04 09:15:06.951000+00:00
VHC;2025-07-18;55.57;55.95;54.5;54.99;2661400;2026-09-04 09:15:06.951000+00:00
VHC;2025-07-21;54.99;55.66;54.99;55.28;984900;2026-09-04 09:15:06.951000+00:00
VHC;2025-07-22;55.57;56.92;55.47;55.66;1764500;2026-09-04 09:15:06.951000+00:00
VHC;2025-07-23;56.15;56.15;55.18;55.66;1148800;2026-09-04 09:15:06.951000+00:00
VHC;2025-07-24;55.86;57.31;55.66;56.24;3373800;2026-09-04 09:15:06.951000+00:00
VHC;2025-07-25;56.34;57.31;56.05;56.15;3823100;2026-09-04 09:15:06.951000+00:00
VHC;2025-07-28;56.53;56.92;55.95;56.44;2428800;2026-09-04 09:15:06.951000+00:00
VHC;2025-07-29;56.92;56.92;52.86;52.86;3168400;2026-09-04 09:15:06.951000+00:00
VHC;2025-07-30;53.05;54.21;53.05;54.12;1437600;2026-09-04 09:15:06.951000+00:00
VHC;2025-07-31;54.79;54.99;53.15;54.7;1190600;2026-09-04 09:15:06.951000+00:00
VHC;2025-08-01;54.89;54.89;53.44;53.83;883700;2026-09-04 09:15:06.951000+00:00
VHC;2025-08-04;54.79;56.63;54.41;56.24;2588600;2026-09-04 09:15:06.951000+00:00
VHC;2025-08-05;56.63;57.02;54.79;56.05;3009400;2026-09-04 09:15:06.951000+00:00
VHC;2025-08-06;56.24;58.56;55.66;58.08;3897200;2026-09-04 09:15:06.951000+00:00
VHC;2025-08-07;58.76;58.85;57.31;57.6;1785400;2026-09-04 09:15:06.951000+00:00
VHC;2025-08-08;58.47;58.47;55.95;56.53;2301200;2026-09-04 09:15:06.951000+00:00
VHC;2025-08-11;57.02;57.11;56.15;56.82;1413700;2026-09-04 09:15:06.951000+00:00
VHC;2025-08-12;56.92;57.79;56.92;57.6;1919100;2026-09-04 09:15:06.951000+00:00
VHC;2025-08-13;57.98;60.5;57.11;60.21;5124600;2026-09-04 09:15:06.951000+00:00
VHC;2025-08-14;60.88;60.88;58.66;59.24;1495100;2026-09-04 09:15:06.951000+00:00
VHC;2025-08-15;59.34;59.34;56.34;57.02;2723800;2026-09-04 09:15:06.951000+00:00
VHC;2025-08-18;57.11;57.5;55.86;56.05;1847700;2026-09-04 09:15:06.951000+00:00
VHC;2025-08-19;56.15;57.11;55.66;56.24;1700900;2026-09-04 09:15:06.951000+00:00
VHC;2025-08-20;56.44;57.11;54.6;55.18;1851800;2026-09-04 09:15:06.951000+00:00
VHC;2025-08-21;55.86;55.86;53.92;54.5;1749100;2026-09-04 09:15:06.951000+00:00
VHC;2025-08-22;54.5;55.37;53.34;53.83;1405900;2026-09-04 09:15:06.951000+00:00
VHC;2025-08-25;54.31;55.08;53.15;53.15;1166400;2026-09-04 09:15:06.951000+00:00
VHC;2025-08-26;53.25;55.37;53.25;55.37;1204600;2026-09-04 09:15:06.951000+00:00
VHC;2025-08-27;55.18;55.57;54.31;54.31;1085200;2026-09-04 09:15:06.951000+00:00
VHC;2025-08-28;54.89;56.15;54.31;55.57;761000;2026-09-04 09:15:06.951000+00:00
VHC;2025-08-29;55.86;55.95;54.89;54.99;641300;2026-09-04 09:15:06.951000+00:00
VHC;2025-09-03;55.28;55.86;54.99;55.66;652200;2026-09-04 09:15:06.951000+00:00
VHC;2025-09-04;56.24;56.73;55.66;56.24;1551900;2026-09-04 09:15:06.951000+00:00
VHC;2025-09-05;56.63;57.79;56.15;56.24;1625500;2026-09-04 09:15:06.951000+00:00
VHC;2025-09-08;56.53;57.6;56.05;56.15;2043100;2026-09-04 09:15:06.951000+00:00
VHC;2025-09-09;56.44;56.44;55.18;56.34;1172800;2026-09-04 09:15:06.951000+00:00
VHC;2025-09-10;56.34;56.92;56.05;56.05;964500;2026-09-04 09:15:06.951000+00:00
VHC;2025-09-11;56.15;57.89;55.95;57.69;2374000;2026-09-04 09:15:06.951000+00:00
VHC;2025-09-12;58.37;59.34;57.79;58.08;2517000;2026-09-04 09:15:06.951000+00:00
VHC;2025-09-15;58.66;62.14;58.47;62.14;4817000;2026-09-04 09:15:06.951000+00:00
VHC;2025-09-16;62.43;64.07;61.85;63.49;3266900;2026-09-04 09:15:06.951000+00:00
VHC;2025-09-17;63.49;63.78;61.95;62.04;2327600;2026-09-04 09:15:06.951000+00:00
VHC;2025-09-18;62.14;62.72;60.4;61.37;2234900;2026-09-04 09:15:06.951000+00:00
VHC;2025-09-19;61.37;61.75;60.21;60.3;1586900;2026-09-04 09:15:06.951000+00:00
VHC;2025-09-22;60.3;60.69;56.53;58.37;2779800;2026-09-04 09:15:06.951000+00:00
VHC;2025-09-23;58.56;59.72;58.18;58.85;878400;2026-09-04 09:15:06.951000+00:00
VHC;2025-09-24;58.66;58.76;57.11;58.47;2551700;2026-09-04 09:15:06.951000+00:00
VHC;2025-09-25;58.47;58.56;57.31;57.79;2107700;2026-09-04 09:15:06.951000+00:00
VHC;2025-09-26;57.79;57.89;57.21;57.5;1002000;2026-09-04 09:15:06.951000+00:00
VHC;2025-09-29;58.0;58.2;55.5;55.5;1764900;2026-09-04 09:15:06.951000+00:00
VHC;2025-09-30;55.5;56.5;55.2;55.7;1533400;2026-09-04 09:15:06.951000+00:00
VHC;2025-10-01;55.8;55.8;54.6;55.1;1636900;2026-09-04 09:15:06.951000+00:00
VHC;2025-10-02;55.2;55.2;54.0;54.0;1025300;2026-09-04 09:15:06.951000+00:00
VHC;2025-10-03;54.1;55.6;53.7;55.1;1254200;2026-09-04 09:15:06.951000+00:00
VHC;2025-10-06;55.4;55.6;55.1;55.6;1116700;2026-09-04 09:15:06.951000+00:00
VHC;2025-10-07;55.6;55.6;54.5;54.6;806100;2026-09-04 09:15:06.951000+00:00
VHC;2025-10-08;55.0;55.8;54.7;55.2;1767300;2026-09-04 09:15:06.951000+00:00
VHC;2025-10-09;55.2;55.7;55.0;55.2;586700;2026-09-04 09:15:06.951000+00:00
VHC;2025-10-10;55.3;57.4;55.2;56.5;2239300;2026-09-04 09:15:06.951000+00:00
VHC;2025-10-13;56.0;56.7;55.9;56.5;946200;2026-09-04 09:15:06.951000+00:00
VHC;2025-10-14;56.6;56.8;55.1;55.1;1153200;2026-09-04 09:15:06.951000+00:00
VHC;2025-10-15;55.2;55.4;54.2;54.2;1082000;2026-09-04 09:15:06.951000+00:00
VHC;2025-10-16;54.2;55.0;54.2;54.3;429300;2026-09-04 09:15:06.951000+00:00
VHC;2025-10-17;54.3;55.0;54.2;54.4;618400;2026-09-04 09:15:06.951000+00:00
VHC;2025-10-20;54.8;55.2;50.7;51.9;1466900;2026-09-04 09:15:06.951000+00:00
VHC;2025-10-21;52.6;54.0;52.1;54.0;1033400;2026-09-04 09:15:06.951000+00:00
VHC;2025-10-22;54.7;55.6;53.9;55.6;859700;2026-09-04 09:15:06.951000+00:00
VHC;2025-10-23;55.6;55.6;54.5;54.7;450400;2026-09-04 09:15:06.951000+00:00
VHC;2025-10-24;54.7;55.2;53.9;54.3;528200;2026-09-04 09:15:06.951000+00:00
VHC;2025-10-27;56.6;56.6;55.3;55.3;1072200;2026-09-04 09:15:06.951000+00:00
VHC;2025-10-28;56.0;56.2;54.6;56.2;562200;2026-09-04 09:15:06.951000+00:00
VHC;2025-10-29;57.1;58.9;56.7;58.3;2622000;2026-09-04 09:15:06.951000+00:00
VHC;2025-10-30;58.4;59.1;57.5;57.6;1067400;2026-09-04 09:15:06.951000+00:00
VHC;2025-10-31;57.8;59.8;57.8;59.0;2295300;2026-09-04 09:15:06.951000+00:00
VHC;2025-11-03;58.6;59.5;57.2;57.2;1354000;2026-09-04 09:15:06.951000+00:00
VHC;2025-11-04;57.2;58.5;55.2;58.2;2085000;2026-09-04 09:15:06.951000+00:00
VHC;2025-11-05;58.0;60.2;57.6;58.7;2430200;2026-09-04 09:15:06.951000+00:00
VHC;2025-11-06;59.3;59.3;57.7;57.7;903700;2026-09-04 09:15:06.951000+00:00
VHC;2025-11-07;57.7;57.9;55.6;56.0;1558100;2026-09-04 09:15:06.951000+00:00
VHC;2025-11-10;55.9;57.0;55.5;56.0;929800;2026-09-04 09:15:06.951000+00:00
VHC;2025-11-11;56.3;57.1;55.9;56.8;635900;2026-09-04 09:15:06.951000+00:00
VHC;2025-11-12;57.2;57.4;56.7;57.2;628900;2026-09-04 09:15:06.951000+00:00
VHC;2025-11-13;57.4;59.2;57.3;58.8;2038200;2026-09-04 09:15:06.951000+00:00
VHC;2025-11-14;58.9;59.9;58.3;58.6;1005400;2026-09-04 09:15:06.951000+00:00
VHC;2025-11-17;59.2;59.6;58.0;58.7;1222100;2026-09-04 09:15:06.951000+00:00
VHC;2025-11-18;59.0;61.0;58.8;60.7;4256400;2026-09-04 09:15:06.951000+00:00
VHC;2025-11-19;60.7;60.7;58.0;58.3;2337300;2026-09-04 09:15:06.951000+00:00
VHC;2025-11-20;58.6;58.6;57.2;57.6;1421900;2026-09-04 09:15:06.951000+00:00
VHC;2025-11-21;57.1;58.6;56.6;58.4;1397900;2026-09-04 09:15:06.951000+00:00
VHC;2025-11-24;58.5;58.5;57.7;58.4;648700;2026-09-04 09:15:06.951000+00:00
VHC;2025-11-25;58.5;58.5;57.0;57.5;865000;2026-09-04 09:15:06.951000+00:00
VHC;2025-11-26;57.8;58.5;57.3;58.5;620400;2026-09-04 09:15:06.951000+00:00
VHC;2025-11-27;58.5;59.0;57.8;57.8;535000;2026-09-04 09:15:06.951000+00:00
VHC;2025-11-28;57.7;57.9;56.6;57.6;1214700;2026-09-04 09:15:06.951000+00:00
VHC;2025-12-01;57.3;57.7;56.8;57.5;482100;2026-09-04 09:15:06.951000+00:00
VHC;2025-12-02;57.5;57.5;56.7;57.0;863700;2026-09-04 09:15:06.951000+00:00
VHC;2025-12-03;57.0;57.5;56.8;57.5;473800;2026-09-04 09:15:06.951000+00:00
VHC;2025-12-04;57.6;57.9;57.0;57.6;689700;2026-09-04 09:15:06.951000+00:00
VHC;2025-12-05;57.7;57.8;56.8;56.8;760500;2026-09-04 09:15:06.951000+00:00
VHC;2025-12-08;57.1;57.1;56.1;56.1;695700;2026-09-04 09:15:06.951000+00:00
VHC;2025-12-09;56.2;56.5;55.0;55.2;921400;2026-09-04 09:15:06.951000+00:00
VHC;2025-12-10;55.4;55.9;55.2;55.6;397900;2026-09-04 09:15:06.951000+00:00
VHC;2025-12-11;55.6;55.9;55.4;55.6;330500;2026-09-04 09:15:06.951000+00:00
VHC;2025-12-12;55.4;56.3;55.0;55.0;799200;2026-09-04 09:15:06.951000+00:00
VHC;2025-12-15;55.2;55.4;54.6;54.8;567800;2026-09-04 09:15:06.951000+00:00
VHC;2025-12-16;54.3;55.7;52.9;55.0;1169700;2026-09-04 09:15:06.951000+00:00
VHC;2025-12-17;55.5;55.5;54.4;54.4;328200;2026-09-04 09:15:06.951000+00:00
VHC;2025-12-18;54.7;54.8;54.0;54.5;351100;2026-09-04 09:15:06.951000+00:00
VHC;2025-12-19;54.6;55.0;54.1;54.5;322100;2026-09-04 09:15:06.951000+00:00
VHC;2025-12-22;54.8;55.8;54.7;55.0;285600;2026-09-04 09:15:06.951000+00:00
VHC;2025-12-23;55.3;55.5;54.0;54.3;562300;2026-09-04 09:15:06.951000+00:00
VHC;2025-12-24;54.1;54.7;53.6;53.6;623800;2026-09-04 09:15:06.951000+00:00
VHC;2025-12-25;53.6;54.5;53.0;53.0;503300;2026-09-04 09:15:06.951000+00:00
VHC;2025-12-26;53.1;54.0;52.9;53.7;624200;2026-09-04 09:15:06.951000+00:00
VHC;2025-12-29;53.7;54.4;53.7;54.4;240200;2026-09-04 09:15:06.951000+00:00
VHC;2025-12-30;55.4;56.6;55.0;56.6;1118400;2026-09-04 09:15:06.951000+00:00
VHC;2025-12-31;56.6;56.8;56.0;56.1;682200;2026-09-04 09:15:06.951000+00:00
VHC;2026-01-05;56.3;56.3;55.1;55.5;478400;2026-09-04 09:15:06.951000+00:00
VHC;2026-01-06;55.4;56.5;55.3;55.7;358700;2026-09-04 09:15:06.951000+00:00
VHC;2026-01-07;55.9;57.2;55.6;57.0;811500;2026-09-04 09:15:06.951000+00:00
VHC;2026-01-08;57.4;58.2;56.7;57.1;1043400;2026-09-04 09:15:06.951000+00:00
VHC;2026-01-09;57.6;58.0;56.9;57.1;609200;2026-09-04 09:15:06.951000+00:00
VHC;2026-01-12;57.1;57.3;56.2;56.8;764400;2026-09-04 09:15:06.951000+00:00
VHC;2026-01-13;56.9;58.7;56.9;58.6;1850500;2026-09-04 09:15:06.951000+00:00
VHC;2026-01-14;59.2;60.8;59.1;60.2;3101200;2026-09-04 09:15:06.951000+00:00
VHC;2026-01-15;60.9;60.9;58.0;59.5;1033000;2026-09-04 09:15:06.951000+00:00
VHC;2026-01-16;59.8;60.7;59.3;60.1;1246200;2026-09-04 09:15:06.951000+00:00
VHC;2026-01-19;60.5;63.2;60.5;63.0;2654600;2026-09-04 09:15:06.951000+00:00
VHC;2026-01-20;63.2;63.8;62.4;63.0;1639700;2026-09-04 09:15:06.951000+00:00
VHC;2026-01-21;62.4;62.8;60.0;62.0;2053800;2026-09-04 09:15:06.951000+00:00
VHC;2026-01-22;62.0;63.6;60.2;60.8;1305800;2026-09-04 09:15:06.951000+00:00
VHC;2026-01-23;61.2;62.2;59.0;59.0;1244700;2026-09-04 09:15:06.951000+00:00
VHC;2026-01-26;58.6;60.2;58.5;60.0;962400;2026-09-04 09:15:06.951000+00:00
VHC;2026-01-27;59.9;60.0;58.5;58.5;679400;2026-09-04 09:15:06.951000+00:00
VHC;2026-01-28;59.6;61.5;58.8;61.0;1287000;2026-09-04 09:15:06.951000+00:00
VHC;2026-01-29;61.0;65.0;60.8;65.0;4208700;2026-09-04 09:15:06.951000+00:00
VHC;2026-01-30;64.7;65.6;64.3;64.7;1548000;2026-09-04 09:15:06.951000+00:00
VHC;2026-02-02;64.3;69.2;64.1;69.2;5180500;2026-09-04 09:15:06.951000+00:00
VHC;2026-02-03;69.3;69.9;67.7;68.2;2583900;2026-09-04 09:15:06.951000+00:00
VHC;2026-02-04;68.2;69.8;68.0;68.2;2290000;2026-09-04 09:15:06.951000+00:00
VHC;2026-02-05;68.8;68.8;63.5;63.5;4180400;2026-09-04 09:15:06.951000+00:00
VHC;2026-02-06;61.6;62.9;60.0;60.0;2640600;2026-09-04 09:15:06.951000+00:00
VHC;2026-02-09;60.5;60.6;58.6;60.0;1393900;2026-09-04 09:15:06.951000+00:00
VHC;2026-02-10;60.0;60.5;58.2;60.0;1752000;2026-09-04 09:15:06.951000+00:00
VHC;2026-02-11;60.0;60.5;59.3;60.0;939600;2026-09-04 09:15:06.951000+00:00
VHC;2026-02-12;60.0;60.6;59.6;60.1;906200;2026-09-04 09:15:06.951000+00:00
VHC;2026-02-13;60.1;60.4;59.7;60.1;976600;2026-09-04 09:15:06.951000+00:00
VHC;2026-02-23;62.9;62.9;61.0;61.9;1468700;2026-09-04 09:15:06.951000+00:00
VHC;2026-02-24;61.7;62.3;60.9;61.7;1374500;2026-09-04 09:15:06.951000+00:00
VHC;2026-02-25;61.9;63.8;61.9;62.7;1064700;2026-09-04 09:15:06.951000+00:00
VHC;2026-02-26;63.1;63.1;61.8;62.6;908400;2026-09-04 09:15:06.951000+00:00
VHC;2026-02-27;62.5;62.5;61.4;61.5;1207400;2026-09-04 09:15:06.951000+00:00
VHC;2026-03-02;60.4;65.3;59.8;64.2;2742900;2026-09-04 09:15:06.951000+00:00
VHC;2026-03-03;65.0;65.3;62.8;62.8;2089100;2026-09-04 09:15:06.951000+00:00
VHC;2026-03-04;62.4;62.6;59.9;62.0;2546100;2026-09-04 09:15:06.951000+00:00
VHC;2026-03-05;62.2;62.6;59.3;60.7;2286200;2026-09-04 09:15:06.951000+00:00
VHC;2026-03-06;59.8;60.7;57.8;59.2;1534700;2026-09-04 09:15:06.951000+00:00
VHC;2026-03-09;55.1;55.5;55.1;55.1;1680900;2026-09-04 09:15:06.951000+00:00
VHC;2026-03-10;56.5;57.0;55.2;57.0;1690800;2026-09-04 09:15:06.951000+00:00
VHC;2026-03-11;57.2;59.4;57.1;59.0;1166500;2026-09-04 09:15:06.951000+00:00
VHC;2026-03-12;57.7;59.2;57.7;58.7;696200;2026-09-04 09:15:06.951000+00:00
VHC;2026-03-13;59.0;61.2;58.8;60.6;1651900;2026-09-04 09:15:06.951000+00:00
VHC;2026-03-16;60.5;60.7;59.5;60.6;562000;2026-09-04 09:15:06.951000+00:00
VHC;2026-03-17;60.7;61.0;60.1;61.0;1254700;2026-09-04 09:15:06.951000+00:00
VHC;2026-03-18;60.6;60.9;59.4;59.6;510800;2026-09-04 09:15:06.951000+00:00
VHC;2026-03-19;59.0;59.0;57.8;58.7;779300;2026-09-04 09:15:06.951000+00:00
VHC;2026-03-20;58.6;59.8;57.5;57.5;761600;2026-09-04 09:15:06.951000+00:00
VHC;2026-03-23;57.0;58.3;55.7;55.9;715500;2026-09-04 09:15:06.951000+00:00
VHC;2026-03-24;56.8;57.5;56.2;57.4;349400;2026-09-04 09:15:06.951000+00:00
VHC;2026-03-25;57.9;58.5;57.7;58.5;332200;2026-09-04 09:15:06.951000+00:00
VHC;2026-03-26;58.4;59.3;57.8;59.3;511200;2026-09-04 09:15:06.951000+00:00
VHC;2026-03-27;58.3;59.3;58.3;58.8;670700;2026-09-04 09:15:06.951000+00:00
VHC;2026-03-30;57.8;59.3;57.5;59.3;439600;2026-09-04 09:15:06.951000+00:00
VHC;2026-03-31;58.9;59.3;58.6;59.0;608200;2026-09-04 09:15:06.951000+00:00
VHC;2026-04-01;59.4;59.6;58.8;58.9;452700;2026-09-04 09:15:06.951000+00:00
VHC;2026-04-02;58.5;58.6;57.3;58.6;828100;2026-09-04 09:15:06.951000+00:00
VHC;2026-04-03;58.6;58.6;57.4;57.4;444700;2026-09-04 09:15:06.951000+00:00
VHC;2026-04-06;57.1;57.4;56.2;57.4;644000;2026-09-04 09:15:06.951000+00:00
VHC;2026-04-07;57.2;58.7;56.6;58.7;899500;2026-09-04 09:15:06.951000+00:00
VHC;2026-04-08;59.5;59.6;58.7;59.2;956400;2026-09-04 09:15:06.951000+00:00
VHC;2026-04-09;59.5;61.0;59.5;60.2;1133600;2026-09-04 09:15:06.951000+00:00
VHC;2026-04-10;61.0;61.9;60.2;61.2;881100;2026-09-04 09:15:06.951000+00:00
VHC;2026-04-13;60.6;60.9;60.0;60.5;527200;2026-09-04 09:15:06.951000+00:00
VHC;2026-04-14;60.5;61.4;60.4;61.0;656200;2026-09-04 09:15:06.951000+00:00
VHC;2026-04-15;61.5;61.5;60.8;61.0;590200;2026-09-04 09:15:06.951000+00:00
VHC;2026-04-16;61.3;61.8;61.0;61.7;700100;2026-09-04 09:15:06.951000+00:00
VHC;2026-04-17;61.7;61.9;61.1;61.3;440900;2026-09-04 09:15:06.951000+00:00
VHC;2026-04-20;61.5;62.8;60.8;62.7;1518100;2026-09-04 09:15:06.951000+00:00
VHC;2026-04-21;62.8;62.9;62.1;62.3;997400;2026-09-04 09:15:06.951000+00:00
VHC;2026-04-22;62.2;62.7;62.1;62.2;822900;2026-09-04 09:15:06.951000+00:00
VHC;2026-04-23;62.3;62.8;61.9;62.0;1735200;2026-09-04 09:15:06.951000+00:00
VHC;2026-04-24;62.0;62.7;61.8;62.4;980800;2026-09-04 09:15:06.951000+00:00
VHC;2026-04-28;62.6;62.6;59.5;62.0;1603200;2026-09-04 09:15:06.951000+00:00
VHC;2026-04-29;61.5;62.5;60.6;61.2;1133000;2026-09-04 09:15:06.951000+00:00
VHC;2026-05-04;61.2;62.8;61.2;61.7;1678300;2026-09-04 09:15:06.951000+00:00
VHC;2026-05-05;62.3;62.4;60.7;62.4;1536000;2026-09-04 09:15:06.951000+00:00
VHC;2026-05-06;62.4;62.7;61.1;61.4;2243200;2026-09-04 09:15:06.951000+00:00
VHC;2026-05-07;61.7;62.5;60.5;60.5;1436000;2026-09-04 09:15:06.951000+00:00
VHC;2026-05-08;60.9;62.4;60.0;60.5;1348400;2026-09-04 09:15:06.951000+00:00
VHC;2026-05-11;61.2;62.3;60.5;61.0;1238900;2026-09-04 09:15:06.951000+00:00
VHC;2026-05-12;61.0;61.5;60.5;61.3;760800;2026-09-04 09:15:06.951000+00:00
VHC;2026-05-13;61.2;61.9;60.6;61.2;685700;2026-09-04 09:15:06.951000+00:00
VHC;2026-05-14;61.1;61.8;60.9;61.2;865600;2026-09-04 09:15:06.951000+00:00
VHC;2026-05-15;61.2;61.3;60.0;60.0;1026300;2026-09-04 09:15:06.951000+00:00
VHC;2026-05-18;60.0;60.0;59.0;59.0;472800;2026-09-04 09:15:06.951000+00:00
VHC;2026-05-19;59.0;59.2;58.5;58.6;447200;2026-09-04 09:15:06.951000+00:00
VHC;2026-05-20;59.0;59.5;57.3;58.2;553200;2026-09-04 09:15:06.951000+00:00
VHC;2026-05-21;59.3;59.3;58.3;58.8;218500;2026-09-04 09:15:06.951000+00:00
VHC;2026-05-22;58.9;59.2;58.9;59.0;158700;2026-09-04 09:15:06.951000+00:00
VHC;2026-05-25;59.1;60.2;59.1;60.0;321800;2026-09-04 09:15:06.951000+00:00
VHC;2026-05-26;60.5;60.5;59.5;59.5;356800;2026-09-04 09:15:06.951000+00:00
VHC;2026-05-27;60.1;60.1;58.0;58.3;403400;2026-09-04 09:15:06.951000+00:00
VHC;2026-05-28;58.5;59.2;58.5;58.8;94100;2026-09-04 09:15:06.951000+00:00
VHC;2026-05-29;58.8;59.1;58.5;58.7;89100;2026-09-04 09:15:06.951000+00:00
VHC;2026-06-01;59.0;59.0;58.3;58.3;100600;2026-09-04 09:15:06.951000+00:00
VHC;2026-06-02;58.1;58.4;57.8;57.8;235300;2026-09-04 09:15:06.951000+00:00
VHC;2026-06-03;57.7;58.3;57.7;58.0;130000;2026-09-04 09:15:06.951000+00:00
VHC;2026-06-04;58.0;58.2;57.5;57.8;107800;2026-09-04 09:15:06.951000+00:00
VHC;2026-06-05;57.7;57.8;57.5;57.5;246300;2026-09-04 09:15:06.951000+00:00
VHC;2026-06-08;57.5;57.5;55.4;55.4;680800;2026-09-04 09:15:06.951000+00:00
VHC;2026-06-09;55.6;57.2;55.6;57.1;147400;2026-09-04 09:15:06.951000+00:00
VHC;2026-06-10;56.5;57.1;56.5;57.0;323400;2026-09-04 09:15:06.951000+00:00
VHC;2026-06-11;56.9;57.2;56.5;57.0;145100;2026-09-04 09:15:06.951000+00:00
VHC;2026-06-12;57.2;57.7;57.0;57.1;145100;2026-09-04 09:15:06.951000+00:00
VHC;2026-06-15;57.4;58.4;57.4;58.4;124300;2026-09-04 09:15:06.951000+00:00
VHC;2026-06-16;58.2;58.9;57.5;58.5;116700;2026-09-04 09:15:06.951000+00:00
VHC;2026-06-17;58.8;58.8;58.2;58.5;222000;2026-09-04 09:15:06.951000+00:00
VHC;2026-06-18;58.6;58.6;57.6;57.9;111400;2026-09-04 09:15:06.951000+00:00
VHC;2026-06-19;57.9;58.1;57.5;57.5;217200;2026-09-04 09:15:06.951000+00:00
VHC;2026-06-22;57.3;58.5;57.3;58.5;117300;2026-09-04 09:15:06.951000+00:00
VHC;2026-06-23;57.9;58.9;57.9;58.5;382000;2026-09-04 09:15:06.951000+00:00
VHC;2026-06-24;58.5;58.8;57.8;58.4;452700;2026-09-04 09:15:06.951000+00:00
VHC;2026-06-25;58.4;61.1;58.4;61.1;921200;2026-09-04 09:15:06.951000+00:00
VHC;2026-06-26;60.9;61.1;60.0;60.1;145700;2026-09-04 09:15:06.951000+00:00
VHC;2026-06-29;60.0;60.2;59.4;60.0;218500;2026-09-04 09:15:06.951000+00:00
VHC;2026-06-30;59.8;60.4;59.5;59.5;126900;2026-09-04 09:15:06.951000+00:00
VHC;2026-07-01;59.5;60.0;59.5;60.0;147200;2026-09-04 09:15:06.951000+00:00
VHC;2026-07-02;59.9;60.5;59.9;60.0;114800;2026-09-04 09:15:06.951000+00:00
VHC;2026-07-03;59.7;60.4;59.3;59.3;182100;2026-09-04 09:15:06.951000+00:00
VHC;2026-07-06;59.5;60.0;56.2;57.6;318800;2026-09-04 09:15:06.951000+00:00
VHC;2026-07-07;58.0;58.3;57.6;57.8;172100;2026-09-04 09:15:06.951000+00:00
VHC;2026-07-08;57.8;59.8;57.7;58.9;142300;2026-09-04 09:15:06.951000+00:00
VHC;2026-07-09;58.2;58.5;57.5;57.7;277300;2026-09-04 09:15:06.951000+00:00
VHC;2026-07-10;57.9;58.4;57.5;57.5;152400;2026-09-04 09:15:06.951000+00:00
VHC;2026-07-13;56.7;57.7;56.4;57.0;429700;2026-09-04 09:15:06.951000+00:00
VHC;2026-07-14;57.0;57.5;56.4;57.4;171800;2026-09-04 09:15:06.951000+00:00
VHC;2026-07-15;57.4;57.5;56.8;56.8;203000;2026-09-04 09:15:06.951000+00:00
VHC;2026-07-16;56.5;57.0;56.0;56.7;221900;2026-09-04 09:15:06.951000+00:00
VHC;2026-07-17;56.8;57.4;56.8;57.2;181100;2026-09-04 09:15:06.951000+00:00
VHC;2026-07-20;56.3;57.1;55.3;55.5;346200;2026-09-04 09:15:06.951000+00:00
VHC;2026-07-21;55.5;56.5;54.3;54.5;325900;2026-09-04 09:15:06.951000+00:00
VHC;2026-07-22;53.3;55.8;53.0;53.1;327000;2026-09-04 09:15:06.951000+00:00
VHC;2026-07-23;53.5;54.0;52.4;53.9;246800;2026-09-04 09:15:06.951000+00:00
VHC;2026-07-24;54.0;54.5;53.8;53.9;135900;2026-09-04 09:15:06.951000+00:00
VHC;2026-07-27;53.6;54.5;53.2;53.2;209600;2026-09-04 09:15:06.951000+00:00
VHC;2026-07-28;52.6;54.0;52.6;53.8;89900;2026-09-04 09:15:06.951000+00:00
VHC;2026-07-29;54.2;54.2;53.4;53.4;39200;2026-09-04 09:15:06.951000+00:00
VHC;2026-07-30;53.5;54.8;53.1;54.1;146000;2026-09-04 09:15:06.951000+00:00
VHC;2026-07-31;54.5;54.7;52.6;52.6;248700;2026-09-04 09:15:06.951000+00:00
VHC;2026-08-03;53.0;53.5;52.6;53.0;308000;2026-09-04 09:15:06.951000+00:00
VHC;2026-08-04;53.1;54.5;53.1;53.5;191900;2026-09-04 09:15:06.951000+00:00
VHC;2026-08-05;54.1;54.1;53.4;53.5;352300;2026-09-04 08:48:55.752000+00:00
VHC;2026-08-06;53.5;53.5;52.4;52.6;563700;2026-09-04 08:48:55.752000+00:00
VHC;2026-08-07;52.6;53.4;51.4;51.4;415700;2026-09-04 08:48:55.752000+00:00
VHC;2026-08-10;51.4;53.1;51.4;52.1;441800;2026-09-04 08:48:55.752000+00:00
VHC;2026-08-11;52.9;52.9;52.1;52.1;172500;2026-09-04 08:48:55.752000+00:00
VHC;2026-08-12;52.9;55.3;52.5;53.1;1184500;2026-09-04 08:48:55.752000+00:00
VHC;2026-08-13;53.8;55.7;53.8;54.1;1293600;2026-09-04 08:48:55.752000+00:00
VHC;2026-08-14;55.1;55.8;54.0;54.4;384400;2026-09-04 08:48:55.752000+00:00
VHC;2026-08-17;54.5;54.8;53.6;54.0;314000;2026-09-04 08:48:55.752000+00:00
VHC;2026-08-18;53.8;54.4;53.4;53.4;300900;2026-09-04 08:48:55.752000+00:00
VHC;2026-08-19;53.4;53.4;52.5;52.6;414200;2026-09-04 08:48:55.752000+00:00
VHC;2026-08-20;52.9;53.1;52.3;52.5;188900;2026-09-04 08:48:55.752000+00:00
VHC;2026-08-21;52.5;53.0;52.1;53.0;386800;2026-09-04 08:48:55.752000+00:00
VHC;2026-08-24;53.6;53.6;52.9;53.0;222500;2026-09-04 08:48:55.752000+00:00
VHC;2026-08-25;53.1;53.4;52.6;52.7;321200;2026-09-04 08:48:55.752000+00:00
VHC;2026-08-26;52.8;52.8;52.3;52.7;248000;2026-09-04 08:48:55.752000+00:00
VHC;2026-08-27;52.8;52.8;52.3;52.3;171100;2026-09-04 08:48:55.752000+00:00
VHC;2026-08-28;52.3;52.5;52.2;52.2;99400;2026-09-04 08:48:55.752000+00:00
VHC;2026-09-03;52.2;52.2;51.8;52.1;357800;2026-09-04 08:48:55.752000+00:00
VHC;2026-09-04;52.2;52.5;52.1;52.5;293400;2026-09-05 02:08:01.089000+00:00
VNM;2025-05-05;50.91;51.01;50.82;50.82;4238300;2026-09-04 09:15:00.156000+00:00
VNM;2025-05-06;50.91;51.28;50.82;50.82;2502600;2026-09-04 09:15:00.156000+00:00
VNM;2025-05-07;50.82;51.54;50.82;51.09;2905500;2026-09-04 09:15:00.156000+00:00
VNM;2025-05-08;51.09;51.63;51.09;51.28;3262200;2026-09-04 09:15:00.156000+00:00
VNM;2025-05-09;51.54;52.34;51.54;51.54;3832400;2026-09-04 09:15:00.156000+00:00
VNM;2025-05-12;51.81;52.43;51.81;52.34;5863100;2026-09-04 09:15:00.156000+00:00
VNM;2025-05-13;52.62;52.7;52.08;52.26;4352200;2026-09-04 09:15:00.156000+00:00
VNM;2025-05-14;52.72;52.72;51.89;51.98;5034700;2026-09-04 09:15:00.156000+00:00
VNM;2025-05-15;51.98;52.72;51.98;52.53;4092100;2026-09-04 09:15:00.156000+00:00
VNM;2025-05-16;52.53;52.53;51.98;51.98;3198400;2026-09-04 09:15:00.156000+00:00
VNM;2025-05-19;51.98;52.72;51.79;51.79;2795600;2026-09-04 09:15:00.156000+00:00
VNM;2025-05-20;51.89;52.07;51.61;51.71;3224100;2026-09-04 09:15:00.156000+00:00
VNM;2025-05-21;51.79;51.79;51.24;51.24;4464400;2026-09-04 09:15:00.156000+00:00
VNM;2025-05-22;51.24;51.42;50.87;50.87;2665200;2026-09-04 09:15:00.156000+00:00
VNM;2025-05-23;51.06;51.33;50.96;51.14;1666700;2026-09-04 09:15:00.156000+00:00
VNM;2025-05-26;51.24;51.61;50.87;51.51;2729200;2026-09-04 09:15:00.156000+00:00
VNM;2025-05-27;51.71;51.79;51.14;51.24;3680800;2026-09-04 09:15:00.156000+00:00
VNM;2025-05-28;51.51;51.51;50.96;51.06;3901700;2026-09-04 09:15:00.156000+00:00
VNM;2025-05-29;51.33;51.33;50.96;50.96;2182300;2026-09-04 09:15:00.156000+00:00
VNM;2025-05-30;51.24;51.24;50.68;50.78;3273900;2026-09-04 09:15:00.156000+00:00
VNM;2025-06-02;50.78;51.06;50.41;50.5;2644100;2026-09-04 09:15:00.156000+00:00
VNM;2025-06-03;50.59;51.79;50.59;51.33;4311900;2026-09-04 09:15:00.156000+00:00
VNM;2025-06-04;51.61;53.46;51.33;52.63;8419300;2026-09-04 09:15:00.156000+00:00
VNM;2025-06-05;52.72;52.81;52.07;52.07;2794700;2026-09-04 09:15:00.156000+00:00
VNM;2025-06-06;52.16;52.16;50.96;51.14;4122400;2026-09-04 09:15:00.156000+00:00
VNM;2025-06-09;51.24;52.07;51.14;51.14;3035700;2026-09-04 09:15:00.156000+00:00
VNM;2025-06-10;51.33;51.89;50.96;51.14;2999200;2026-09-04 09:15:00.156000+00:00
VNM;2025-06-11;51.14;51.42;50.96;51.06;1720700;2026-09-04 09:15:00.156000+00:00
VNM;2025-06-12;51.42;51.98;51.33;51.71;3282700;2026-09-04 09:15:00.156000+00:00
VNM;2025-06-13;51.33;51.51;51.06;51.33;3545400;2026-09-04 09:15:00.156000+00:00
VNM;2025-06-16;51.24;52.34;51.24;52.07;4734300;2026-09-04 09:15:00.156000+00:00
VNM;2025-06-17;52.16;52.44;51.89;51.98;3406400;2026-09-04 09:15:00.156000+00:00
VNM;2025-06-18;52.07;52.53;51.79;51.79;4098100;2026-09-04 09:15:00.156000+00:00
VNM;2025-06-19;51.79;52.16;51.51;51.89;2628700;2026-09-04 09:15:00.156000+00:00
VNM;2025-06-20;52.07;52.44;51.71;52.34;4661400;2026-09-04 09:15:00.156000+00:00
VNM;2025-06-23;51.79;52.16;51.61;51.71;3022700;2026-09-04 09:15:00.156000+00:00
VNM;2025-06-24;51.98;52.26;51.89;52.16;2803800;2026-09-04 09:15:00.156000+00:00
VNM;2025-06-25;52.26;53.46;52.16;52.53;6268200;2026-09-04 09:15:00.156000+00:00
VNM;2025-06-26;52.53;52.72;52.07;52.16;3118900;2026-09-04 09:15:00.156000+00:00
VNM;2025-06-27;52.53;54.19;52.07;53.46;8895400;2026-09-04 09:15:00.156000+00:00
VNM;2025-06-30;53.74;54.29;53.55;53.64;4487800;2026-09-04 09:15:00.156000+00:00
VNM;2025-07-01;54.01;54.01;52.91;53.18;4013600;2026-09-04 09:15:00.156000+00:00
VNM;2025-07-02;53.27;53.64;52.99;53.36;3775700;2026-09-04 09:15:00.156000+00:00
VNM;2025-07-03;53.36;54.01;52.99;53.18;5293100;2026-09-04 09:15:00.156000+00:00
VNM;2025-07-04;53.18;53.55;52.99;53.46;2696200;2026-09-04 09:15:00.156000+00:00
VNM;2025-07-07;53.64;53.92;53.36;53.55;3762300;2026-09-04 09:15:00.156000+00:00
VNM;2025-07-08;53.64;54.76;53.55;54.57;7163100;2026-09-04 09:15:00.156000+00:00
VNM;2025-07-09;54.84;56.04;54.66;55.68;9636900;2026-09-04 09:15:00.156000+00:00
VNM;2025-07-10;55.96;56.04;55.21;55.21;5246100;2026-09-04 09:15:00.156000+00:00
VNM;2025-07-11;55.77;56.24;55.31;55.31;6233200;2026-09-04 09:15:00.156000+00:00
VNM;2025-07-14;55.49;56.24;54.84;55.77;6083200;2026-09-04 09:15:00.156000+00:00
VNM;2025-07-15;56.04;56.6;55.59;55.59;6553200;2026-09-04 09:15:00.156000+00:00
VNM;2025-07-16;55.49;55.68;55.12;55.59;4961100;2026-09-04 09:15:00.156000+00:00
VNM;2025-07-17;55.77;56.04;55.31;55.59;6357800;2026-09-04 09:15:00.156000+00:00
VNM;2025-07-18;55.59;56.51;55.49;55.68;5826800;2026-09-04 09:15:00.156000+00:00
VNM;2025-07-21;55.77;56.24;55.49;55.49;5503300;2026-09-04 09:15:00.156000+00:00
VNM;2025-07-22;55.49;55.68;55.03;55.68;4735100;2026-09-04 09:15:00.156000+00:00
VNM;2025-07-23;55.86;57.07;55.68;57.07;9228600;2026-09-04 09:15:00.156000+00:00
VNM;2025-07-24;57.44;59.19;57.44;58.92;13421100;2026-09-04 09:15:00.156000+00:00
VNM;2025-07-25;59.01;59.01;58.36;58.45;5124000;2026-09-04 09:15:00.156000+00:00
VNM;2025-07-28;58.54;59.1;58.27;58.54;8462700;2026-09-04 09:15:00.156000+00:00
VNM;2025-07-29;58.54;59.37;58.09;58.45;10714200;2026-09-04 09:15:00.156000+00:00
VNM;2025-07-30;58.27;58.73;58.09;58.17;6078500;2026-09-04 09:15:00.156000+00:00
VNM;2025-07-31;58.27;58.73;55.86;56.6;10570300;2026-09-04 09:15:00.156000+00:00
VNM;2025-08-01;56.79;56.79;55.49;55.49;5329800;2026-09-04 09:15:00.156000+00:00
VNM;2025-08-04;55.31;56.24;55.31;55.86;3746300;2026-09-04 09:15:00.156000+00:00
VNM;2025-08-05;55.96;56.88;55.49;55.59;9564600;2026-09-04 09:15:00.156000+00:00
VNM;2025-08-06;55.86;57.07;55.86;56.69;5377500;2026-09-04 09:15:00.156000+00:00
VNM;2025-08-07;57.25;57.34;56.24;56.32;4741600;2026-09-04 09:15:00.156000+00:00
VNM;2025-08-08;56.42;57.16;56.04;56.24;6503200;2026-09-04 09:15:00.156000+00:00
VNM;2025-08-11;56.42;57.44;56.32;56.88;5787800;2026-09-04 09:15:00.156000+00:00
VNM;2025-08-12;57.44;57.71;56.79;57.16;5207000;2026-09-04 09:15:00.156000+00:00
VNM;2025-08-13;57.34;57.44;56.24;56.51;6210800;2026-09-04 09:15:00.156000+00:00
VNM;2025-08-14;56.69;57.52;56.42;57.07;6534600;2026-09-04 09:15:00.156000+00:00
VNM;2025-08-15;57.34;57.52;56.42;56.42;5660400;2026-09-04 09:15:00.156000+00:00
VNM;2025-08-18;56.51;56.69;56.04;56.14;4775600;2026-09-04 09:15:00.156000+00:00
VNM;2025-08-19;56.24;56.6;55.86;55.96;5257700;2026-09-04 09:15:00.156000+00:00
VNM;2025-08-20;55.96;56.32;55.12;55.49;6338200;2026-09-04 09:15:00.156000+00:00
VNM;2025-08-21;55.59;56.32;55.12;55.59;5810000;2026-09-04 09:15:00.156000+00:00
VNM;2025-08-22;55.31;55.4;54.11;54.29;7201500;2026-09-04 09:15:00.156000+00:00
VNM;2025-08-25;54.47;55.12;54.29;54.29;3360400;2026-09-04 09:15:00.156000+00:00
VNM;2025-08-26;54.19;55.59;54.11;55.21;2990300;2026-09-04 09:15:00.156000+00:00
VNM;2025-08-27;55.21;56.6;55.03;55.96;4849200;2026-09-04 09:15:00.156000+00:00
VNM;2025-08-28;56.42;56.88;56.14;56.42;3661100;2026-09-04 09:15:00.156000+00:00
VNM;2025-08-29;56.69;56.69;55.77;55.77;4166400;2026-09-04 09:15:00.156000+00:00
VNM;2025-09-03;55.77;56.88;55.77;56.88;4767300;2026-09-04 09:15:00.156000+00:00
VNM;2025-09-04;57.07;57.81;56.88;57.16;4228100;2026-09-04 09:15:00.156000+00:00
VNM;2025-09-05;57.25;57.34;56.32;56.32;5355900;2026-09-04 09:15:00.156000+00:00
VNM;2025-09-08;56.32;57.25;56.04;56.04;6958800;2026-09-04 09:15:00.156000+00:00
VNM;2025-09-09;56.04;56.42;55.59;55.77;3516800;2026-09-04 09:15:00.156000+00:00
VNM;2025-09-10;55.96;56.04;55.21;55.31;3120100;2026-09-04 09:15:00.156000+00:00
VNM;2025-09-11;55.31;56.6;54.94;56.6;4998900;2026-09-04 09:15:00.156000+00:00
VNM;2025-09-12;56.69;58.73;56.42;58.45;13670300;2026-09-04 09:15:00.156000+00:00
VNM;2025-09-15;58.64;58.73;58.09;58.36;3527500;2026-09-04 09:15:00.156000+00:00
VNM;2025-09-16;58.73;60.49;58.45;59.84;12673100;2026-09-04 09:15:00.156000+00:00
VNM;2025-09-17;59.94;61.22;59.94;60.21;9865800;2026-09-04 09:15:00.156000+00:00
VNM;2025-09-18;60.21;60.39;58.73;58.82;5050800;2026-09-04 09:15:00.156000+00:00
VNM;2025-09-19;59.01;59.1;57.34;57.34;5300500;2026-09-04 09:15:00.156000+00:00
VNM;2025-09-22;57.44;58.09;56.79;56.79;5285200;2026-09-04 09:15:00.156000+00:00
VNM;2025-09-23;56.88;57.81;56.88;56.97;3425100;2026-09-04 09:15:00.156000+00:00
VNM;2025-09-24;57.25;57.34;56.42;57.34;3214500;2026-09-04 09:15:00.156000+00:00
VNM;2025-09-25;57.62;57.71;56.88;56.88;2752800;2026-09-04 09:15:00.156000+00:00
VNM;2025-09-26;56.88;57.16;56.51;56.51;2489900;2026-09-04 09:15:00.156000+00:00
VNM;2025-09-29;56.51;56.6;55.68;55.77;5130400;2026-09-04 09:15:00.156000+00:00
VNM;2025-09-30;55.86;56.24;55.49;55.49;3030200;2026-09-04 09:15:00.156000+00:00
VNM;2025-10-01;56.14;57.81;55.68;57.44;4526400;2026-09-04 09:15:00.156000+00:00
VNM;2025-10-02;57.81;57.89;56.6;56.6;3398700;2026-09-04 09:15:00.156000+00:00
VNM;2025-10-03;56.69;57.62;56.6;56.69;3998500;2026-09-04 09:15:00.156000+00:00
VNM;2025-10-06;57.99;57.99;57.16;57.71;4051900;2026-09-04 09:15:00.156000+00:00
VNM;2025-10-07;57.99;57.99;56.79;56.79;3715300;2026-09-04 09:15:00.156000+00:00
VNM;2025-10-08;57.62;58.73;57.07;58.64;5919700;2026-09-04 09:15:00.156000+00:00
VNM;2025-10-09;58.64;58.73;57.89;58.17;3297300;2026-09-04 09:15:00.156000+00:00
VNM;2025-10-10;58.64;58.64;57.71;57.71;4972200;2026-09-04 09:15:00.156000+00:00
VNM;2025-10-13;57.52;59.29;57.16;59.19;6305000;2026-09-04 09:15:00.156000+00:00
VNM;2025-10-14;59.56;59.56;58.54;58.73;5359800;2026-09-04 09:15:00.156000+00:00
VNM;2025-10-15;59.01;59.56;58.82;58.82;4645400;2026-09-04 09:15:00.156000+00:00
VNM;2025-10-16;58.87;59.26;58.29;59.26;5158400;2026-09-04 09:15:00.156000+00:00
VNM;2025-10-17;59.06;59.26;56.93;56.93;6041500;2026-09-04 09:15:00.156000+00:00
VNM;2025-10-20;57.03;57.52;53.25;53.25;8737700;2026-09-04 09:15:00.156000+00:00
VNM;2025-10-21;54.32;56.16;54.32;54.71;7068100;2026-09-04 09:15:00.156000+00:00
VNM;2025-10-22;55.29;55.48;53.93;54.51;3846700;2026-09-04 09:15:00.156000+00:00
VNM;2025-10-23;54.71;55.29;54.51;54.8;2327300;2026-09-04 09:15:00.156000+00:00
VNM;2025-10-24;55.09;56.26;54.32;56.26;3959900;2026-09-04 09:15:00.156000+00:00
VNM;2025-10-27;56.55;56.55;55.19;55.19;2998800;2026-09-04 09:15:00.156000+00:00
VNM;2025-10-28;55.38;55.58;55.0;55.58;2079100;2026-09-04 09:15:00.156000+00:00
VNM;2025-10-29;55.68;56.06;55.29;55.68;1973000;2026-09-04 09:15:00.156000+00:00
VNM;2025-10-30;55.97;56.06;55.19;55.29;1905200;2026-09-04 09:15:00.156000+00:00
VNM;2025-10-31;55.58;55.87;55.29;55.77;2641500;2026-09-04 09:15:00.156000+00:00
VNM;2025-11-03;55.87;56.45;55.48;55.48;2642700;2026-09-04 09:15:00.156000+00:00
VNM;2025-11-04;55.77;56.06;54.51;55.48;4175200;2026-09-04 09:15:00.156000+00:00
VNM;2025-11-05;55.48;56.64;55.29;56.16;3831600;2026-09-04 09:15:00.156000+00:00
VNM;2025-11-06;56.16;56.64;55.77;56.16;2241200;2026-09-04 09:15:00.156000+00:00
VNM;2025-11-07;55.77;56.55;55.68;55.77;3251100;2026-09-04 09:15:00.156000+00:00
VNM;2025-11-10;55.87;56.06;55.19;55.19;2675800;2026-09-04 09:15:00.156000+00:00
VNM;2025-11-11;55.19;57.13;55.19;57.03;5152700;2026-09-04 09:15:00.156000+00:00
VNM;2025-11-12;56.93;58.1;56.64;57.9;5161900;2026-09-04 09:15:00.156000+00:00
VNM;2025-11-13;57.9;60.03;57.81;59.84;9741800;2026-09-04 09:15:00.156000+00:00
VNM;2025-11-14;59.74;61.29;59.65;60.81;10146900;2026-09-04 09:15:00.156000+00:00
VNM;2025-11-17;60.9;61.29;59.84;60.13;4198400;2026-09-04 09:15:00.156000+00:00
VNM;2025-11-18;60.03;60.32;58.58;58.77;5559900;2026-09-04 09:15:00.156000+00:00
VNM;2025-11-19;58.77;59.94;58.58;58.97;4458500;2026-09-04 09:15:00.156000+00:00
VNM;2025-11-20;59.45;59.65;58.58;58.77;2656100;2026-09-04 09:15:00.156000+00:00
VNM;2025-11-21;58.39;58.77;57.81;58.0;4191100;2026-09-04 09:15:00.156000+00:00
VNM;2025-11-24;58.19;61.39;58.19;61.0;9900300;2026-09-04 09:15:00.156000+00:00
VNM;2025-11-25;61.0;61.19;59.94;59.94;4907900;2026-09-04 09:15:00.156000+00:00
VNM;2025-11-26;60.32;61.19;60.32;60.81;3651000;2026-09-04 09:15:00.156000+00:00
VNM;2025-11-27;61.0;61.39;60.03;60.03;3962300;2026-09-04 09:15:00.156000+00:00
VNM;2025-11-28;60.23;62.45;60.23;61.97;11898300;2026-09-04 09:15:00.156000+00:00
VNM;2025-12-01;62.26;63.81;62.26;62.84;9107300;2026-09-04 09:15:00.156000+00:00
VNM;2025-12-02;62.74;63.52;62.45;62.94;6764300;2026-09-04 09:15:00.156000+00:00
VNM;2025-12-03;63.03;63.13;61.97;62.55;5383600;2026-09-04 09:15:00.156000+00:00
VNM;2025-12-04;62.94;63.03;61.39;61.39;5918000;2026-09-04 09:15:00.156000+00:00
VNM;2025-12-05;61.58;62.45;61.39;61.39;3598900;2026-09-04 09:15:00.156000+00:00
VNM;2025-12-08;61.29;62.45;61.19;61.48;3322000;2026-09-04 09:15:00.156000+00:00
VNM;2025-12-09;61.48;62.07;60.52;60.52;5389200;2026-09-04 09:15:00.156000+00:00
VNM;2025-12-10;60.42;62.45;60.32;61.1;3470500;2026-09-04 09:15:00.156000+00:00
VNM;2025-12-11;61.0;61.48;59.55;59.55;4852300;2026-09-04 09:15:00.156000+00:00
VNM;2025-12-12;59.74;60.03;58.29;58.29;4396400;2026-09-04 09:15:00.156000+00:00
VNM;2025-12-15;58.39;60.61;58.39;60.03;4242600;2026-09-04 09:15:00.156000+00:00
VNM;2025-12-16;60.03;62.36;59.74;62.16;6863300;2026-09-04 09:15:00.156000+00:00
VNM;2025-12-17;62.07;62.07;60.9;60.9;2090400;2026-09-04 09:15:00.156000+00:00
VNM;2025-12-18;61.58;61.97;60.9;61.87;3065000;2026-09-04 09:15:00.156000+00:00
VNM;2025-12-19;61.68;61.97;61.0;61.97;2685700;2026-09-04 09:15:00.156000+00:00
VNM;2025-12-22;61.87;61.87;61.1;61.19;2650700;2026-09-04 09:15:00.156000+00:00
VNM;2025-12-23;61.48;62.07;60.32;60.61;4394700;2026-09-04 09:15:00.156000+00:00
VNM;2025-12-24;60.81;60.9;59.55;59.55;4870200;2026-09-04 09:15:00.156000+00:00
VNM;2025-12-25;59.65;60.32;59.35;59.35;2059600;2026-09-04 09:15:00.156000+00:00
VNM;2025-12-26;59.65;60.32;59.26;59.55;2399200;2026-09-04 09:15:00.156000+00:00
VNM;2025-12-29;59.55;60.23;59.45;60.13;1943000;2026-09-04 09:15:00.156000+00:00
VNM;2025-12-30;60.13;60.32;59.74;59.84;1581000;2026-09-04 09:15:00.156000+00:00
VNM;2025-12-31;59.94;60.03;59.26;59.26;1879600;2026-09-04 09:15:00.156000+00:00
VNM;2026-01-05;59.35;59.55;58.1;58.39;2814700;2026-09-04 09:15:00.156000+00:00
VNM;2026-01-06;58.58;58.97;58.39;58.87;2963300;2026-09-04 09:15:00.156000+00:00
VNM;2026-01-07;58.87;59.55;58.58;58.97;3228100;2026-09-04 09:15:00.156000+00:00
VNM;2026-01-08;59.16;61.39;59.16;60.23;5636400;2026-09-04 09:15:00.156000+00:00
VNM;2026-01-09;60.42;60.52;59.06;59.06;4184100;2026-09-04 09:15:00.156000+00:00
VNM;2026-01-12;59.16;60.71;59.16;60.71;4146300;2026-09-04 09:15:00.156000+00:00
VNM;2026-01-13;60.9;62.84;60.81;61.29;6761300;2026-09-04 09:15:00.156000+00:00
VNM;2026-01-14;61.58;65.55;61.39;65.55;24838300;2026-09-04 09:15:00.156000+00:00
VNM;2026-01-15;67.78;70.1;67.29;68.75;19260600;2026-09-04 09:15:00.156000+00:00
VNM;2026-01-16;68.84;70.68;66.91;67.39;13372500;2026-09-04 09:15:00.156000+00:00
VNM;2026-01-19;67.59;68.75;66.13;68.36;10385300;2026-09-04 09:15:00.156000+00:00
VNM;2026-01-20;69.23;73.1;68.84;71.07;21521900;2026-09-04 09:15:00.156000+00:00
VNM;2026-01-21;70.68;70.68;67.78;68.07;11234100;2026-09-04 09:15:00.156000+00:00
VNM;2026-01-22;68.84;70.49;67.78;68.65;8055200;2026-09-04 09:15:00.156000+00:00
VNM;2026-01-23;67.2;67.88;65.07;65.07;16050400;2026-09-04 09:15:00.156000+00:00
VNM;2026-01-26;65.26;67.1;65.26;66.71;8864800;2026-09-04 09:15:00.156000+00:00
VNM;2026-01-27;66.23;66.42;64.0;65.55;8357800;2026-09-04 09:15:00.156000+00:00
VNM;2026-01-28;65.55;67.29;65.07;65.55;9816800;2026-09-04 09:15:00.156000+00:00
VNM;2026-01-29;66.33;68.84;65.75;68.84;10036800;2026-09-04 09:15:00.156000+00:00
VNM;2026-01-30;69.23;70.2;68.26;68.36;7844800;2026-09-04 09:15:00.156000+00:00
VNM;2026-02-02;68.65;70.3;68.07;70.3;10777700;2026-09-04 09:15:00.156000+00:00
VNM;2026-02-03;70.59;71.26;69.04;69.33;7261000;2026-09-04 09:15:00.156000+00:00
VNM;2026-02-04;69.52;70.3;68.55;69.72;7672500;2026-09-04 09:15:00.156000+00:00
VNM;2026-02-05;69.62;69.91;66.91;66.91;8057000;2026-09-04 09:15:00.156000+00:00
VNM;2026-02-06;66.13;68.46;66.04;66.91;6695900;2026-09-04 09:15:00.156000+00:00
VNM;2026-02-09;67.2;68.17;67.1;67.39;2573300;2026-09-04 09:15:00.156000+00:00
VNM;2026-02-10;67.39;68.26;65.94;66.23;5090400;2026-09-04 09:15:00.156000+00:00
VNM;2026-02-11;66.23;67.68;66.23;66.91;2672900;2026-09-04 09:15:00.156000+00:00
VNM;2026-02-12;67.1;67.59;66.81;66.81;1951100;2026-09-04 09:15:00.156000+00:00
VNM;2026-02-13;66.81;67.59;66.42;67.29;3341400;2026-09-04 09:15:00.156000+00:00
VNM;2026-02-23;67.78;69.04;67.59;68.36;4211800;2026-09-04 09:15:00.156000+00:00
VNM;2026-02-24;68.36;69.04;67.97;67.97;3552500;2026-09-04 09:15:00.156000+00:00
VNM;2026-02-25;68.17;71.07;68.17;70.01;9804200;2026-09-04 09:15:00.156000+00:00
VNM;2026-02-26;68.94;69.13;67.39;68.36;14298200;2026-09-04 09:15:00.156000+00:00
VNM;2026-02-27;67.97;68.36;65.84;66.04;13371400;2026-09-04 09:15:00.156000+00:00
VNM;2026-03-02;64.78;67.59;64.39;64.49;12468700;2026-09-04 09:15:00.156000+00:00
VNM;2026-03-03;64.49;65.16;61.39;61.39;17815700;2026-09-04 09:15:00.156000+00:00
VNM;2026-03-04;61.39;62.84;60.03;62.84;13382500;2026-09-04 09:15:00.156000+00:00
VNM;2026-03-05;62.94;63.13;61.0;61.19;8165700;2026-09-04 09:15:00.156000+00:00
VNM;2026-03-06;61.0;61.0;60.23;60.42;6471800;2026-09-04 09:15:00.156000+00:00
VNM;2026-03-09;57.13;57.22;56.26;56.26;18046300;2026-09-04 09:15:00.156000+00:00
VNM;2026-03-10;58.1;60.13;57.61;60.13;10762100;2026-09-04 09:15:00.156000+00:00
VNM;2026-03-11;59.74;61.68;59.65;61.0;7507500;2026-09-04 09:15:00.156000+00:00
VNM;2026-03-12;60.03;60.71;59.35;59.65;6298800;2026-09-04 09:15:00.156000+00:00
VNM;2026-03-13;60.03;61.19;59.65;61.1;5388500;2026-09-04 09:15:00.156000+00:00
VNM;2026-03-16;60.61;60.9;59.74;59.84;2965000;2026-09-04 09:15:00.156000+00:00
VNM;2026-03-17;60.71;61.0;59.55;59.55;3816100;2026-09-04 09:15:00.156000+00:00
VNM;2026-03-18;59.84;60.71;59.65;59.74;2596400;2026-09-04 09:15:00.156000+00:00
VNM;2026-03-19;59.45;60.03;58.87;59.06;6400100;2026-09-04 09:15:00.156000+00:00
VNM;2026-03-20;59.06;59.55;58.1;58.1;5734800;2026-09-04 09:15:00.156000+00:00
VNM;2026-03-23;57.32;59.06;57.32;58.87;5908000;2026-09-04 09:15:00.156000+00:00
VNM;2026-03-24;59.84;59.84;58.97;59.26;2689900;2026-09-04 09:15:00.156000+00:00
VNM;2026-03-25;59.55;60.23;59.45;60.13;3445600;2026-09-04 09:15:00.156000+00:00
VNM;2026-03-26;60.13;60.13;59.06;59.06;2044000;2026-09-04 09:15:00.156000+00:00
VNM;2026-03-27;59.06;59.94;58.97;59.55;2137400;2026-09-04 09:15:00.156000+00:00
VNM;2026-03-30;58.68;59.55;58.29;58.68;4075600;2026-09-04 09:15:00.156000+00:00
VNM;2026-03-31;59.06;59.55;58.58;58.58;5323200;2026-09-04 09:15:00.156000+00:00
VNM;2026-04-01;59.35;60.23;59.06;59.35;5446200;2026-09-04 09:15:00.156000+00:00
VNM;2026-04-02;59.55;59.74;58.87;58.87;2855300;2026-09-04 09:15:00.156000+00:00
VNM;2026-04-03;59.06;59.74;58.1;58.1;3788600;2026-09-04 09:15:00.156000+00:00
VNM;2026-04-06;58.1;59.06;58.1;58.97;2587400;2026-09-04 09:15:00.156000+00:00
VNM;2026-04-07;58.97;59.26;58.39;59.06;1825200;2026-09-04 09:15:00.156000+00:00
VNM;2026-04-08;60.23;60.71;59.74;60.61;5568500;2026-09-04 09:15:00.156000+00:00
VNM;2026-04-09;59.84;60.13;59.45;59.84;2921000;2026-09-04 09:15:00.156000+00:00
VNM;2026-04-10;60.61;61.97;60.52;60.81;6158400;2026-09-04 09:15:00.156000+00:00
VNM;2026-04-13;60.42;60.81;60.23;60.81;3418300;2026-09-04 09:15:00.156000+00:00
VNM;2026-04-14;61.39;61.48;60.03;60.03;4247700;2026-09-04 09:15:00.156000+00:00
VNM;2026-04-15;60.13;60.61;59.26;59.35;4403200;2026-09-04 09:15:00.156000+00:00
VNM;2026-04-16;59.55;59.74;59.16;59.16;2272100;2026-09-04 09:15:00.156000+00:00
VNM;2026-04-17;59.35;60.71;59.35;59.35;3115500;2026-09-04 09:15:00.156000+00:00
VNM;2026-04-20;59.45;60.42;59.35;59.55;3251900;2026-09-04 09:15:00.156000+00:00
VNM;2026-04-21;59.94;60.71;59.55;59.65;5306600;2026-09-04 09:15:00.156000+00:00
VNM;2026-04-22;59.65;60.32;59.55;59.84;3939900;2026-09-04 09:15:00.156000+00:00
VNM;2026-04-23;60.03;60.52;59.06;60.03;4234100;2026-09-04 09:15:00.156000+00:00
VNM;2026-04-24;60.13;60.13;58.58;59.45;5855700;2026-09-04 09:15:00.156000+00:00
VNM;2026-04-28;59.26;59.35;58.58;59.26;3220800;2026-09-04 09:15:00.156000+00:00
VNM;2026-04-29;58.39;59.35;58.39;58.97;2407200;2026-09-04 09:15:00.156000+00:00
VNM;2026-05-04;59.16;59.65;58.77;58.97;1873800;2026-09-04 09:15:00.156000+00:00
VNM;2026-05-05;59.16;59.26;58.48;59.16;2751900;2026-09-04 09:15:00.156000+00:00
VNM;2026-05-06;59.26;59.74;58.77;59.55;2590900;2026-09-04 09:15:00.156000+00:00
VNM;2026-05-07;59.65;59.84;59.16;59.55;4751300;2026-09-04 09:15:00.156000+00:00
VNM;2026-05-08;59.84;59.84;58.97;58.97;2787000;2026-09-04 09:15:00.156000+00:00
VNM;2026-05-11;59.16;59.16;58.58;58.68;3875800;2026-09-04 09:15:00.156000+00:00
VNM;2026-05-12;58.68;58.77;58.0;58.19;4102800;2026-09-04 09:15:00.156000+00:00
VNM;2026-05-13;58.19;58.19;56.84;57.42;8534300;2026-09-04 09:15:00.156000+00:00
VNM;2026-05-14;57.42;58.19;57.42;58.19;3058300;2026-09-04 09:15:00.156000+00:00
VNM;2026-05-15;58.19;58.39;57.9;57.9;2010300;2026-09-04 09:15:00.156000+00:00
VNM;2026-05-18;57.61;58.77;57.61;58.58;4850600;2026-09-04 09:15:00.156000+00:00
VNM;2026-05-19;58.58;58.77;57.81;57.9;2739700;2026-09-04 09:15:00.156000+00:00
VNM;2026-05-20;57.9;58.0;56.74;57.22;5727600;2026-09-04 09:15:00.156000+00:00
VNM;2026-05-21;57.61;57.71;56.93;57.13;3271300;2026-09-04 09:15:00.156000+00:00
VNM;2026-05-22;57.22;57.81;56.84;57.61;6005000;2026-09-04 09:15:00.156000+00:00
VNM;2026-05-25;57.61;57.9;57.22;57.22;1587500;2026-09-04 09:15:00.156000+00:00
VNM;2026-05-26;57.22;57.52;57.13;57.22;1880800;2026-09-04 09:15:00.156000+00:00
VNM;2026-05-27;57.22;57.32;56.84;56.93;2976500;2026-09-04 09:15:00.156000+00:00
VNM;2026-05-28;57.13;57.9;57.13;57.13;3798600;2026-09-04 09:15:00.156000+00:00
VNM;2026-05-29;57.13;57.42;57.03;57.32;1960700;2026-09-04 09:15:00.156000+00:00
VNM;2026-06-01;57.32;57.42;56.93;57.22;2259500;2026-09-04 09:15:00.156000+00:00
VNM;2026-06-02;57.22;57.32;56.74;56.74;2961900;2026-09-04 09:15:00.156000+00:00
VNM;2026-06-03;56.74;56.93;56.26;56.45;3814300;2026-09-04 09:15:00.156000+00:00
VNM;2026-06-04;56.74;56.93;56.35;56.74;2126500;2026-09-04 09:15:00.156000+00:00
VNM;2026-06-05;56.93;57.03;56.45;56.55;1866100;2026-09-04 09:15:00.156000+00:00
VNM;2026-06-08;56.35;56.93;55.97;56.16;3179800;2026-09-04 09:15:00.156000+00:00
VNM;2026-06-09;56.26;56.64;56.16;56.45;1228000;2026-09-04 09:15:00.156000+00:00
VNM;2026-06-10;56.55;57.03;56.35;57.03;2353200;2026-09-04 09:15:00.156000+00:00
VNM;2026-06-11;56.93;57.71;56.64;57.32;1804500;2026-09-04 09:15:00.156000+00:00
VNM;2026-06-12;57.42;57.9;57.13;57.13;3489300;2026-09-04 09:15:00.156000+00:00
VNM;2026-06-15;57.42;57.9;57.42;57.81;2021700;2026-09-04 09:15:00.156000+00:00
VNM;2026-06-16;57.9;57.9;57.22;57.22;2029500;2026-09-04 09:15:00.156000+00:00
VNM;2026-06-17;57.22;57.81;57.13;57.13;2838900;2026-09-04 09:15:00.156000+00:00
VNM;2026-06-18;57.61;57.81;57.22;57.32;2482800;2026-09-04 09:15:00.156000+00:00
VNM;2026-06-19;57.32;57.52;57.03;57.13;3349900;2026-09-04 09:15:00.156000+00:00
VNM;2026-06-22;57.61;57.71;56.74;56.74;2997800;2026-09-04 09:15:00.156000+00:00
VNM;2026-06-23;56.84;57.13;56.55;56.55;2295600;2026-09-04 09:15:00.156000+00:00
VNM;2026-06-24;56.74;56.84;56.26;56.45;1532100;2026-09-04 09:15:00.156000+00:00
VNM;2026-06-25;56.64;56.74;56.35;56.45;1803300;2026-09-04 09:15:00.156000+00:00
VNM;2026-06-26;56.8;56.8;55.9;56.3;3173400;2026-09-04 09:15:00.156000+00:00
VNM;2026-06-29;56.5;56.5;56.0;56.1;1470900;2026-09-04 09:15:00.156000+00:00
VNM;2026-06-30;56.1;56.2;54.7;54.8;9320000;2026-09-04 09:15:00.156000+00:00
VNM;2026-07-01;55.0;55.5;54.8;55.2;2357300;2026-09-04 09:15:00.156000+00:00
VNM;2026-07-02;55.3;56.0;55.3;55.5;3669400;2026-09-04 09:15:00.156000+00:00
VNM;2026-07-03;55.5;55.7;54.7;54.9;4133600;2026-09-04 09:15:00.156000+00:00
VNM;2026-07-06;55.0;55.4;54.6;55.3;3211000;2026-09-04 09:15:00.156000+00:00
VNM;2026-07-07;55.2;55.3;54.9;55.1;1611400;2026-09-04 09:15:00.156000+00:00
VNM;2026-07-08;55.0;55.7;55.0;55.7;3705000;2026-09-04 09:15:00.156000+00:00
VNM;2026-07-09;55.6;55.9;55.4;55.7;2469400;2026-09-04 09:15:00.156000+00:00
VNM;2026-07-10;55.9;56.7;55.8;56.6;5573700;2026-09-04 09:15:00.156000+00:00
VNM;2026-07-13;56.6;56.6;55.3;55.4;1951400;2026-09-04 09:15:00.156000+00:00
VNM;2026-07-14;55.5;56.0;55.2;56.0;1755100;2026-09-04 09:15:00.156000+00:00
VNM;2026-07-15;56.0;56.4;55.5;56.2;2491200;2026-09-04 09:15:00.156000+00:00
VNM;2026-07-16;56.1;56.3;55.3;56.2;1991100;2026-09-04 09:15:00.156000+00:00
VNM;2026-07-17;56.3;59.4;56.2;59.0;12982500;2026-09-04 09:15:00.156000+00:00
VNM;2026-07-20;58.8;58.8;57.7;58.5;4583900;2026-09-04 09:15:00.156000+00:00
VNM;2026-07-21;58.1;58.8;58.1;58.4;3543700;2026-09-04 09:15:00.156000+00:00
VNM;2026-07-22;58.7;60.1;58.4;59.1;10506300;2026-09-04 09:15:00.156000+00:00
VNM;2026-07-23;59.1;59.1;56.9;57.8;4827500;2026-09-04 09:15:00.156000+00:00
VNM;2026-07-24;58.5;59.5;58.3;58.9;4176800;2026-09-04 09:15:00.156000+00:00
VNM;2026-07-27;59.2;59.8;57.9;57.9;3671400;2026-09-04 09:15:00.156000+00:00
VNM;2026-07-28;57.7;59.6;57.7;59.6;5256600;2026-09-04 09:15:00.156000+00:00
VNM;2026-07-29;59.9;61.0;59.4;60.0;6199800;2026-09-04 09:15:00.156000+00:00
VNM;2026-07-30;60.3;61.4;59.8;61.2;6944300;2026-09-04 09:15:00.156000+00:00
VNM;2026-07-31;61.2;61.3;60.1;60.9;4479800;2026-09-04 09:15:00.156000+00:00
VNM;2026-08-03;60.9;61.0;60.0;60.3;6377600;2026-09-04 09:15:00.156000+00:00
VNM;2026-08-04;60.4;60.4;59.0;59.5;5531900;2026-09-04 09:15:00.156000+00:00
VNM;2026-08-05;59.4;60.1;58.6;58.6;5288700;2026-09-04 08:48:50.145000+00:00
VNM;2026-08-06;58.7;59.6;58.6;59.0;3231300;2026-09-04 08:48:50.145000+00:00
VNM;2026-08-07;59.0;63.1;59.0;62.0;13239500;2026-09-04 08:48:50.145000+00:00
VNM;2026-08-10;61.6;62.7;61.6;62.1;3480200;2026-09-04 08:48:50.145000+00:00
VNM;2026-08-11;62.5;63.3;61.8;62.0;4475100;2026-09-04 08:48:50.145000+00:00
VNM;2026-08-12;61.9;62.5;61.4;61.8;2755600;2026-09-04 08:48:50.145000+00:00
VNM;2026-08-13;61.8;63.0;61.5;61.6;4257000;2026-09-04 08:48:50.145000+00:00
VNM;2026-08-14;61.6;62.6;61.0;61.6;3663300;2026-09-04 08:48:50.145000+00:00
VNM;2026-08-17;61.7;63.0;61.7;62.2;2965800;2026-09-04 08:48:50.145000+00:00
VNM;2026-08-18;62.2;62.6;61.8;62.1;1844100;2026-09-04 08:48:50.145000+00:00
VNM;2026-08-19;61.9;63.2;61.6;63.1;4664900;2026-09-04 08:48:50.145000+00:00
VNM;2026-08-20;63.1;64.3;62.7;64.0;6309900;2026-09-04 08:48:50.145000+00:00
VNM;2026-08-21;64.1;64.1;63.4;63.8;3581800;2026-09-04 08:48:50.145000+00:00
VNM;2026-08-24;64.0;64.4;63.2;63.2;3332500;2026-09-04 08:48:50.145000+00:00
VNM;2026-08-25;63.1;63.8;62.5;62.6;3343900;2026-09-04 08:48:50.145000+00:00
VNM;2026-08-26;62.7;63.5;62.4;62.8;2402700;2026-09-04 08:48:50.145000+00:00
VNM;2026-08-27;62.7;63.2;62.3;62.5;2651300;2026-09-04 08:48:50.145000+00:00
VNM;2026-08-28;62.9;63.0;62.3;62.3;2385900;2026-09-04 08:48:50.145000+00:00
VNM;2026-09-03;62.2;62.3;61.2;61.2;3947400;2026-09-04 08:48:50.145000+00:00
VNM;2026-09-04;61.4;62.1;61.2;61.9;1906600;2026-09-05 02:07:55.987000+00:00
